display_level,sector,sector_name,subsector,subsector_name,statefips,countyfips,metrofips,geo_area,Year,naics,naics_title,group_by_sort,sort,asian,black,hawaiian,hispanic,white,aian,diversity,two_or_more
0,0,Tech Total,,,0,000,00000,United States,2019,000000,,0,0,946140.3803725101,435888.0284631871,8392.294458158081,522166.24874672,3500917.4598061997,14733.853051278895,14.821511050182995,90774.57651305
0,0,Tech Total,,,0,000,00000,United States,2020,000000,,0,0,956805.7336459571,435556.643134446,8509.94252177605,530072.9652657891,3479120.9218440303,14801.0425602678,15.039258388494,96809.294450514
0,0,Tech Total,,,0,000,00000,United States,2021,000000,,0,0,986230.9719079371,455448.25286184606,8874.870703538161,551554.8611175191,3549365.50094957,15036.287756447999,15.302480065160998,104516.6767593665
0,0,Tech Total,,,0,000,00000,United States,2022,000000,,0,0,1062513.8110333632,499744.928105587,9698.309773553889,610896.5881756298,3720865.6826844295,16249.654367082401,15.761767183377,117334.60366960811
0,0,Tech Total,,,0,000,00000,United States,2023,000000,,0,0,1083483.1013084932,497554.66220573895,9888.8566489118,623708.1340548999,3693778.07387727,16677.486794864602,15.984262930979,119403.82934600498
0,0,Tech Total,,,00,000,14020,Bloomington MSA,2019,000000,,0,0,74.197537263337,35.194088250273005,0.0,25.740045316866,1264.8822899317609,1.34341775981,1.4978649432437,11.532535052706
0,0,Tech Total,,,00,000,14020,Bloomington MSA,2020,000000,,0,0,72.657171766749,29.475945961177004,0.0,28.625019130424,1174.7493268101218,0.0,1.4951494536624004,13.76258523445
0,0,Tech Total,,,00,000,14020,Bloomington MSA,2021,000000,,0,0,68.59152554697401,33.29897195309799,0.0,33.190437736473,1097.8943743573993,2.9942027616019997,1.5993948972759,14.151361384922001
0,0,Tech Total,,,00,000,14020,Bloomington MSA,2022,000000,,0,0,69.34199328337101,41.16399827775,0.0,29.170045104708002,1055.57024814484,2.455325928726,1.6989296574692998,16.226447528965
0,0,Tech Total,,,00,000,14020,Bloomington MSA,2023,000000,,0,0,80.757654040106,40.54550662370101,0.0,25.012420974298003,1034.022551195053,1.482994451128,1.6519469260175998,11.954604256045
0,0,Tech Total,,,00,000,16980,Chicago-Naperville-Elgin MSA,2019,000000,,0,0,29089.714667423945,12715.04276732797,131.00863142401204,16494.53291094581,95575.12671134413,200.967400231081,15.012596939034005,1807.04150596008
0,0,Tech Total,,,00,000,16980,Chicago-Naperville-Elgin MSA,2020,000000,,0,0,28093.96855500112,12123.04575951994,126.301264003681,15969.908124104397,93304.90114597228,198.85607183603696,15.343523369647004,1809.0297810012157
0,0,Tech Total,,,00,000,16980,Chicago-Naperville-Elgin MSA,2021,000000,,0,0,27815.834138929677,11511.880675593002,126.35018082909698,15697.737564820542,91101.98766398734,203.02800758821698,15.496193488996,1796.5521200659698
0,0,Tech Total,,,00,000,16980,Chicago-Naperville-Elgin MSA,2022,000000,,0,0,28141.048424819684,12366.15371948647,133.966929159925,16754.551295879697,91514.61435135681,214.29004339174395,15.509574945000999,1951.21288845899
0,0,Tech Total,,,00,000,16980,Chicago-Naperville-Elgin MSA,2023,000000,,0,0,27406.333230714143,11466.123942925427,140.06721190271497,16691.32540349064,88563.53736031312,221.422192283212,16.014124428215,1967.9236117642101
0,0,Tech Total,,,00,000,17140,Cincinnati MSA,2019,000000,,0,0,2785.9411861481703,1924.1589701607866,15.675170631219999,625.7658996077031,22079.14106281932,38.074110900251,5.896763522373201,296.75963398775207
0,0,Tech Total,,,00,000,17140,Cincinnati MSA,2020,000000,,0,0,2693.287535479692,1961.4232007677972,15.176299063242,689.7025444829069,22148.682344546094,40.053517166338004,4.773711150235301,320.34819282815204
0,0,Tech Total,,,00,000,17140,Cincinnati MSA,2021,000000,,0,0,2599.900649481364,1996.439080293891,16.707952894139,667.286941086638,22549.647725017556,41.188234372701004,4.5805951559986005,332.09658343941305
0,0,Tech Total,,,00,000,17140,Cincinnati MSA,2022,000000,,0,0,2576.8369288161966,2007.851595612205,18.818284388256,716.061486107199,22728.369235854956,41.400043996141996,4.9396278934618,351.5346745067261
0,0,Tech Total,,,00,000,17140,Cincinnati MSA,2023,000000,,0,0,2498.0351251886987,1890.525119704647,17.699840781501,744.0858479668411,22319.984563792223,37.282951531615,4.4829847531219,350.37380784655204
0,0,Tech Total,,,00,000,18020,Columbus MSA,2019,000000,,0,0,265.91918666031,22.148782910733,0.0,30.5263183836824,536.4674694024061,1.76232692939,3.2317691585667006,3.364898744872
0,0,Tech Total,,,00,000,18020,Columbus MSA,2020,000000,,0,0,280.97000932782,21.118210881055,0.0,30.210456121251003,509.338659665009,1.85899386485,2.4260887082836,1.99898098964
0,0,Tech Total,,,00,000,18020,Columbus MSA,2021,000000,,0,0,207.082264554461,16.499354985671,0.0,31.013444067307,468.32713760454095,1.512396881359,2.2459709113024,2.872532852662
0,0,Tech Total,,,00,000,18020,Columbus MSA,2022,000000,,0,0,177.0527143208,16.39145388262,0.0,34.739882815870004,431.08123782918096,1.38660567992,1.3964523523663,3.235313046724
0,0,Tech Total,,,00,000,18020,Columbus MSA,2023,000000,,0,0,189.540624199747,18.190841930858,0.835956264764,42.744804667627996,449.67439486347695,3.377390892937,2.1812834345709002,2.112849072106
0,0,Tech Total,,,00,000,21140,Elkhart-Goshen MSA,2019,000000,,0,0,38.18675697906,41.218074646168,0.0,78.07296152525,1020.926646967219,0.0,1.8514657560333996,13.895451901120001
0,0,Tech Total,,,00,000,21140,Elkhart-Goshen MSA,2020,000000,,0,0,37.762150987376,32.842690799135,0.0,62.825699930907994,958.4594649575249,0.0,1.6229823503878,10.284130692295001
0,0,Tech Total,,,00,000,21140,Elkhart-Goshen MSA,2021,000000,,0,0,39.073178305922,36.483246136393,0.0,58.546838439252,958.0793517626871,0.0,1.9373744145187999,11.066237048426999
0,0,Tech Total,,,00,000,21140,Elkhart-Goshen MSA,2022,000000,,0,0,39.692816025697,51.506590205612014,0.0,66.719026337539,1029.9064748336282,0.0,3.0281468252885992,14.70660709185
0,0,Tech Total,,,00,000,21140,Elkhart-Goshen MSA,2023,000000,,0,0,38.548636409720004,50.01454355017199,0.0,70.907481505501,1048.3828596625467,0.0,2.0361394770533003,13.427637040154002
0,0,Tech Total,,,00,000,21780,Evansville MSA,2019,000000,,0,0,41.283438635949,111.68978349261998,0.0,42.196967046986,1847.164913845126,0.576283294034,1.9872971144099003,15.74878540466
0,0,Tech Total,,,00,000,21780,Evansville MSA,2020,000000,,0,0,43.47012563254699,139.4203682674,1.371822920861,46.310544141365995,2070.4151533332,0.632677262301,2.1176909655678005,24.297696358909004
0,0,Tech Total,,,00,000,21780,Evansville MSA,2021,000000,,0,0,43.00289626855799,111.28346312204499,0.703471626986,39.54852755142199,1943.302855649127,2.7371980346569997,2.0806845382884,21.866378457052
0,0,Tech Total,,,00,000,21780,Evansville MSA,2022,000000,,0,0,42.531920873251,107.52232366321999,1.520834967144,42.35741875224001,1881.44770641124,4.895155029360001,1.8502683004857,18.052790461795
0,0,Tech Total,,,00,000,21780,Evansville MSA,2023,000000,,0,0,42.561854857754,102.86114404224301,2.230396449591,52.07880669288999,1793.442358808043,5.0760438748359995,2.5793096486673,19.572144614158002
0,0,Tech Total,,,00,000,23060,Fort Wayne MSA,2019,000000,,0,0,174.723077507229,410.466554361733,3.7196383203020003,210.55737479266006,5136.14265842974,9.151014697527001,3.6453023421892,78.630372671361
0,0,Tech Total,,,00,000,23060,Fort Wayne MSA,2020,000000,,0,0,161.10473420517602,369.12177488877586,2.532207550952,209.86979256002104,4994.855044490331,10.479339325061998,3.3177736842077006,61.634034669646994
0,0,Tech Total,,,00,000,23060,Fort Wayne MSA,2021,000000,,0,0,168.05503566485797,352.83375400616,2.75451010462,219.10297885781998,5164.859531835737,13.650399078991,3.4556500714010996,57.723093911416996
0,0,Tech Total,,,00,000,23060,Fort Wayne MSA,2022,000000,,0,0,185.476801957954,357.0369365007361,1.820855152658,230.85951227035997,5209.080404691283,13.440687441348999,3.0627717874035993,72.62644810796901
0,0,Tech Total,,,00,000,23060,Fort Wayne MSA,2023,000000,,0,0,181.02697512215005,361.853190039227,1.21031330056,250.08534706732098,4866.144107979265,16.333057973942,4.5525205231095,91.664406365372
0,0,Tech Total,,,00,000,26900,Indianapolis-Carmel-Greenwood MSA,2019,000000,,0,0,2992.329202889159,2573.8763420346027,21.278106729708004,1031.481322757847,24919.853661006324,50.231755634855006,7.0555979104341,375.84931081628395
0,0,Tech Total,,,00,000,26900,Indianapolis-Carmel-Greenwood MSA,2020,000000,,0,0,2932.7080765268306,2507.629804596689,24.968301891538005,1085.63215065466,24800.02514718866,46.81272974371699,6.037537607084399,404.054924112973
0,0,Tech Total,,,00,000,26900,Indianapolis-Carmel-Greenwood MSA,2021,000000,,0,0,2888.7841694485114,2572.430718887556,24.252213925939998,1222.51485271212,25765.468254911375,53.966175097081006,6.256463744720202,443.479208666531
0,0,Tech Total,,,00,000,26900,Indianapolis-Carmel-Greenwood MSA,2022,000000,,0,0,2771.651157376247,2668.7696679457144,23.077829479329,1358.375997531278,26534.028022921808,58.869888366126,7.924892716563801,461.84785020731204
0,0,Tech Total,,,00,000,26900,Indianapolis-Carmel-Greenwood MSA,2023,000000,,0,0,2736.09959691832,2692.1276362138233,23.794999555498002,1415.89235185531,26409.444951509322,56.24410873616299,6.4772697064269,471.566746112683
0,0,Tech Total,,,00,000,29020,Kokomo MSA,2019,000000,,0,0,11.86824655084,9.682884054131,0.0,5.146274972585,203.03619050191497,0.0,0.6864095748374,2.26627568541
0,0,Tech Total,,,00,000,29020,Kokomo MSA,2020,000000,,0,0,17.157554604078,9.037055542273,0.0,5.031070875619999,187.259577022447,0.0,0.808683926777,2.2802764179799997
0,0,Tech Total,,,00,000,29020,Kokomo MSA,2021,000000,,0,0,19.284458494531,10.25327644565,0.0,6.680393909739999,199.53943397334402,0.0,1.1040983812457,2.32254048775
0,0,Tech Total,,,00,000,29020,Kokomo MSA,2022,000000,,0,0,13.588332041969998,7.20545036004,0.0,6.99088281641,196.36921097070982,0.0,1.1383017084059999,4.363304224024
0,0,Tech Total,,,00,000,29020,Kokomo MSA,2023,000000,,0,0,17.909952188090003,13.022851423332,0.0,6.376542707645,231.948024997553,0.0,1.3286711868113,4.592972563584
0,0,Tech Total,,,00,000,29200,Lafayette-West Lafayette MSA,2019,000000,,0,0,89.26617857561,37.482394562084,1.372921202054,29.569857737872002,1037.201512586342,0.0,2.2456717139559,15.474090985281
0,0,Tech Total,,,00,000,29200,Lafayette-West Lafayette MSA,2020,000000,,0,0,91.61697226978099,32.739321465847,1.2863652522879998,34.383112889662,1128.5156361713302,0.0,2.1792703342254,17.330407714082
0,0,Tech Total,,,00,000,29200,Lafayette-West Lafayette MSA,2021,000000,,0,0,126.304961385166,42.568215430818,2.256464764034,56.946816870423,1215.0011344392258,0.790906661697,2.6174612670881,21.755182795587995
0,0,Tech Total,,,00,000,29200,Lafayette-West Lafayette MSA,2022,000000,,0,0,124.301006691475,60.98969162434001,2.59849450128,75.243627186207,1370.9554425969282,2.6449000696610003,3.7121434256379,17.753498430084
0,0,Tech Total,,,00,000,29200,Lafayette-West Lafayette MSA,2023,000000,,0,0,141.03557414002,70.84683264919998,1.2221742230269999,79.041225613991,1351.333833037431,2.3698406497519997,3.7468714446805,24.728840598944
0,0,Tech Total,,,00,000,31140,Louisville/Jefferson County MSA,2019,000000,,0,0,1444.0243385098659,1697.3246253533553,13.53142970007,482.4038945163759,14501.1196212624,31.258132718086998,5.9000288672061005,233.64759991129702
0,0,Tech Total,,,00,000,31140,Louisville/Jefferson County MSA,2020,000000,,0,0,1357.5883686366271,1586.3221780507831,17.89721395411,495.342901720816,14301.291181027518,30.97599357112,5.1351311590217,232.315428270697
0,0,Tech Total,,,00,000,31140,Louisville/Jefferson County MSA,2021,000000,,0,0,1398.8144637314128,1547.117386158304,18.578265300012998,538.975871302806,14428.955387961709,30.422602817335,5.1484503580624,243.90389775145005
0,0,Tech Total,,,00,000,31140,Louisville/Jefferson County MSA,2022,000000,,0,0,1416.047759235761,1639.4768350991546,20.742298165667,670.71613310213,15173.730137707405,31.896818294573,6.0659830775211,267.236891796989
0,0,Tech Total,,,00,000,31140,Louisville/Jefferson County MSA,2023,000000,,0,0,1419.032382022745,1449.857669166593,20.185289576093,676.485564651421,14675.830997590034,30.849631564154002,4.8815567994307,274.984073983842
0,0,Tech Total,,,00,000,33140,Michigan City-La Porte MSA,2019,000000,,0,0,5.6944862254710005,28.722877177444,0.0,27.264485319155,497.6710940732209,1.33228579277,1.930207427577,4.86362682931
0,0,Tech Total,,,00,000,33140,Michigan City-La Porte MSA,2020,000000,,0,0,4.49581880726,24.913163246484,0.0,19.945886313856,483.695157939639,1.24743939337,0.9078065305142999,8.461501128061
0,0,Tech Total,,,00,000,33140,Michigan City-La Porte MSA,2021,000000,,0,0,9.021416565134999,21.081505014905,0.0,22.972665213103998,472.30717792700807,2.81415639304,1.058555044995,7.812426066754
0,0,Tech Total,,,00,000,33140,Michigan City-La Porte MSA,2022,000000,,0,0,10.651514337552,25.320694502977,0.0,27.151783090429003,491.533756167814,3.14929856885,1.283792602371,7.88866112107
0,0,Tech Total,,,00,000,33140,Michigan City-La Porte MSA,2023,000000,,0,0,9.283868836521,20.355633597082,0.0,21.47779359446,437.25709889174396,1.86846995608,1.3003004037136001,6.814373878325
0,0,Tech Total,,,00,000,34620,Muncie MSA,2019,000000,,0,0,20.094760980343,52.128656210978,0.0,18.387943028169,1017.6339039915119,0.0,1.1859395843165998,6.848799366110001
0,0,Tech Total,,,00,000,34620,Muncie MSA,2020,000000,,0,0,21.662821368872002,52.950134007448,0.0,23.316800553409998,1045.41438632124,0.60367976296,1.4399681577080998,8.36306180703
0,0,Tech Total,,,00,000,34620,Muncie MSA,2021,000000,,0,0,18.615633947313,59.155147648627,0.0,21.964005406147,1013.3034063033999,0.0,1.4241500183301001,8.625236669801
0,0,Tech Total,,,00,000,34620,Muncie MSA,2022,000000,,0,0,15.635069117450001,60.752641040333,0.0,24.240917216872,975.29940993509,0.0,1.395880657594,11.992998347103
0,0,Tech Total,,,00,000,34620,Muncie MSA,2023,000000,,0,0,16.858298998042,49.92589563135,0.0,22.303299962353996,902.83786248645,0.0,1.3382764145671,9.101860011946
0,0,Tech Total,,,00,000,43780,South Bend-Mishawaka MSA,2019,000000,,0,0,72.425164205181,267.866544620708,1.1839201860189998,127.320811600019,1833.8580590439492,6.872192601379,3.455671047815,40.99895111002499
0,0,Tech Total,,,00,000,43780,South Bend-Mishawaka MSA,2020,000000,,0,0,78.077775050319,234.02147447394603,0.0,125.112903114419,1761.997596492626,5.8037596490459995,4.058838397765999,37.061424965252996
0,0,Tech Total,,,00,000,43780,South Bend-Mishawaka MSA,2021,000000,,0,0,86.098674238163,279.30012936618203,0.665120865119,144.681901587337,1842.603844090931,3.979017812917,4.622267661871399,38.786697511082
0,0,Tech Total,,,00,000,43780,South Bend-Mishawaka MSA,2022,000000,,0,0,94.39971097092402,364.37522227683803,0.757898182143,215.24583545272202,2153.0545603740497,2.614637470401,5.7980988042459,52.518207862322996
0,0,Tech Total,,,00,000,43780,South Bend-Mishawaka MSA,2023,000000,,0,0,90.79349024382599,316.51974950583303,4.776279647602999,245.98161771887902,2178.1939833095835,1.46726319913,4.9560173936497005,46.996467331367
0,0,Tech Total,,,00,000,45460,Terre Haute MSA,2019,000000,,0,0,12.425378457548,32.261465853573,0.0,10.724325666030001,741.6874606194899,0.559977805398,0.3479291113546,9.179463775425
0,0,Tech Total,,,00,000,45460,Terre Haute MSA,2020,000000,,0,0,16.000987335438,19.88206995869,0.0,6.62341700544,646.2507851513828,0.0,0.48489642644270003,6.7085539299259995
0,0,Tech Total,,,00,000,45460,Terre Haute MSA,2021,000000,,0,0,17.397970337908,19.388075301295004,0.0,9.11272211908,620.200632322191,0.0,0.5626811690852,5.0263604309600005
0,0,Tech Total,,,00,000,45460,Terre Haute MSA,2022,000000,,0,0,13.227663684974997,18.714597171528,0.0,5.762732471341,623.5791916441779,0.0,0.9766121701902,4.697608113265
0,0,Tech Total,,,00,000,45460,Terre Haute MSA,2023,000000,,0,0,11.049192819253,28.792955817483996,0.0,11.231531468597,624.3765734628199,0.0,1.0866190172818997,6.609728207416
0,0,Tech Total,,,18,000,00000,Indiana,2019,000000,,0,0,4743.693932085702,4594.454878302937,33.611185068695,2212.89295548076,55101.13086148782,93.602377929404,6.191638225208401,744.0682384675471
0,0,Tech Total,,,18,000,00000,Indiana,2020,000000,,0,0,4625.992400910671,4368.314912004001,33.88859788368,2298.563698156427,54700.24197336164,88.253345267534,5.9929001331629985,817.1744891708349
0,0,Tech Total,,,18,000,00000,Indiana,2021,000000,,0,0,4530.198912504582,4535.67472269022,34.908672076216,2592.2996978877786,56883.30903342114,110.859151769974,6.223339055672799,904.9296538256559
0,0,Tech Total,,,18,000,00000,Indiana,2022,000000,,0,0,4649.7615319803,4890.908314813883,35.260027849925,3011.1406594975692,59826.17535948424,109.87014384372699,7.190018126197699,1010.1771981442449
0,0,Tech Total,,,18,000,00000,Indiana,2023,000000,,0,0,4621.159804520836,5052.684407731771,43.024954990004,3333.8721966787457,59468.69205482615,106.116425688541,6.218849419244101,1098.7810394741277
1,1,IT/Tech Services,,,0,000,00000,United States,2019,000000,,1,1,521784.14308857,190923.03836121998,3896.9691026939,209176.30022033,1595049.0089832,6189.480585601301,2.488460185729,43104.699069417
1,1,IT/Tech Services,,,0,000,00000,United States,2020,000000,,1,1,517537.27727773,193704.29094112,3952.6436654132995,215627.89901116997,1594433.0501605999,6161.367253341799,2.507196461791,47017.79266967199
1,1,IT/Tech Services,,,0,000,00000,United States,2021,000000,,1,1,530486.81805696,209926.28511993994,4192.5973819354995,227628.81920477003,1651198.6324943,6449.9846798785,2.5389960504689997,51726.528076004004
1,1,IT/Tech Services,,,0,000,00000,United States,2022,000000,,1,1,560012.2034391799,235742.67302813998,4547.562096435199,255368.51423282,1740688.2681126,6981.644422197701,2.601512821164,58107.513401325006
1,1,IT/Tech Services,,,0,000,00000,United States,2023,000000,,1,1,566185.1554038,234459.84675122003,4681.1187794798,260751.51577646998,1722288.6699682998,7217.1225779894,2.631907404404,58210.31786182501
1,1,IT/Tech Services,,,00,000,14020,Bloomington MSA,2019,000000,,1,1,47.57972281904699,11.60807502169,0.0,11.125756728059999,471.44632209229997,0.0,0.6217869098214001,4.63865123672
1,1,IT/Tech Services,,,00,000,14020,Bloomington MSA,2020,000000,,1,1,53.853619302292,8.904569854536,0.0,14.468099416472002,476.6205565354401,0.0,0.576167456556,5.52009609985
1,1,IT/Tech Services,,,00,000,14020,Bloomington MSA,2021,000000,,1,1,58.12853735765599,10.540258394141,0.0,13.716766545507001,446.605149498074,2.9942027616019997,0.6829419568544001,4.22437715925
1,1,IT/Tech Services,,,00,000,14020,Bloomington MSA,2022,000000,,1,1,56.697459830789,12.3321879349,0.0,12.02144412981,383.79318557899,2.455325928726,0.834786048073,7.0882410375400005
1,1,IT/Tech Services,,,00,000,14020,Bloomington MSA,2023,000000,,1,1,65.193660296776,14.172593017159999,0.0,10.844819352572,389.6160125636499,1.482994451128,0.8329992279740001,5.31348273354
1,1,IT/Tech Services,,,00,000,16980,Chicago-Naperville-Elgin MSA,2019,000000,,1,1,20102.2901274398,4788.904972223299,79.32817353163699,6303.976311017099,47454.620305177006,121.198027414996,2.6477594212419997,952.2316896410999
1,1,IT/Tech Services,,,00,000,16980,Chicago-Naperville-Elgin MSA,2020,000000,,1,1,19187.638791973903,4767.7660107086995,78.699167969152,6473.9006482649,46163.517170372994,114.66429375311299,2.6784094650849997,952.3540404811001
1,1,IT/Tech Services,,,00,000,16980,Chicago-Naperville-Elgin MSA,2021,000000,,1,1,18970.176565393696,5033.282228308,76.81034127091799,6666.8179453339,45404.517977352,115.96284427525,2.7479476985440003,952.5848396080002
1,1,IT/Tech Services,,,00,000,16980,Chicago-Naperville-Elgin MSA,2022,000000,,1,1,19091.3715872593,5685.1658237518,78.15116943714301,7162.214376909501,45636.729277558,117.788325292367,2.813789302432,1014.92706536125
1,1,IT/Tech Services,,,00,000,16980,Chicago-Naperville-Elgin MSA,2023,000000,,1,1,18315.3079938093,5186.0542778722,80.91835261483502,7024.689803287902,43859.102272339005,122.97203322085801,2.848927996009,1000.66175072082
1,1,IT/Tech Services,,,00,000,17140,Cincinnati MSA,2019,000000,,1,1,2257.2665675347803,856.98456706254,10.346443745951,394.78149100726006,10664.451017041802,21.473979326490003,1.497536045911,148.17879447450602
1,1,IT/Tech Services,,,00,000,17140,Cincinnati MSA,2020,000000,,1,1,2146.41898475534,837.7602930563099,10.481616539749,436.01468604609,10625.9392559076,20.829698040512,1.4340781375590002,161.731822137302
1,1,IT/Tech Services,,,00,000,17140,Cincinnati MSA,2021,000000,,1,1,2062.1760748588,893.2853098025209,10.915441019225,392.1387463185959,11286.584026360102,24.81414299419,1.2577315799817999,177.09056561058998
1,1,IT/Tech Services,,,00,000,17140,Cincinnati MSA,2022,000000,,1,1,2015.2067007552002,928.37959700141,11.750217738090003,419.65861402293996,11640.907207085398,24.532477476007,1.2732123580298997,185.86876606368997
1,1,IT/Tech Services,,,00,000,17140,Cincinnati MSA,2023,000000,,1,1,1931.1612543634,857.9900715163999,11.952431346731,428.02143304882196,11251.4489076311,21.337010390103,1.3179507252679998,184.03895903028
1,1,IT/Tech Services,,,00,000,18020,Columbus MSA,2019,000000,,1,1,263.07175475403,11.081204886650001,0.0,23.69882677593,330.043043455556,1.76232692939,1.433961865478,2.651584554645
1,1,IT/Tech Services,,,00,000,18020,Columbus MSA,2020,000000,,1,1,278.164615071514,10.3215129061,0.0,24.37449001746,315.557912203328,1.85899386485,1.519767038162,1.99898098964
1,1,IT/Tech Services,,,00,000,18020,Columbus MSA,2021,000000,,1,1,203.904224658354,9.24258033973,0.0,26.05283088668,276.914316443997,0.919453288602,1.420623551577,1.68133646324
1,1,IT/Tech Services,,,00,000,18020,Columbus MSA,2022,000000,,1,1,177.0527143208,8.700251946809999,0.0,32.4042088948,280.004626039684,1.38660567992,0.940279106567,0.512467794061
1,1,IT/Tech Services,,,00,000,18020,Columbus MSA,2023,000000,,1,1,187.61160567965297,10.430519484021001,0.835956264764,38.584342087277996,289.53618291293,2.726951349841,1.6418159161000998,1.248345568934
1,1,IT/Tech Services,,,00,000,21140,Elkhart-Goshen MSA,2019,000000,,1,1,15.39459773454,10.20746318822,0.0,8.934874531670001,212.15212245262896,0.0,0.462786216684,3.64514865885
1,1,IT/Tech Services,,,00,000,21140,Elkhart-Goshen MSA,2020,000000,,1,1,16.242039635726,7.67296985368,0.0,8.63680204003,199.61202524268,0.0,0.47553372441999997,2.166791878007
1,1,IT/Tech Services,,,00,000,21140,Elkhart-Goshen MSA,2021,000000,,1,1,14.68565162462,6.8961812734,0.0,7.5822950039400006,197.729840828466,0.0,0.473729629043,3.24924231869
1,1,IT/Tech Services,,,00,000,21140,Elkhart-Goshen MSA,2022,000000,,1,1,11.99258767029,5.6369880207100005,0.0,7.10332455578,194.51426360239702,0.0,0.43714272381,3.05611101083
1,1,IT/Tech Services,,,00,000,21140,Elkhart-Goshen MSA,2023,000000,,1,1,12.407351640729999,7.39312158631,0.0,13.250617508500001,243.43684591954502,0.0,0.43502254666099993,3.81524324101
1,1,IT/Tech Services,,,00,000,21780,Evansville MSA,2019,000000,,1,1,35.84834698569,30.664455424899998,0.0,18.388699871291998,955.5658265960001,0.576283294034,0.5664024254708,10.839111610371999
1,1,IT/Tech Services,,,00,000,21780,Evansville MSA,2020,000000,,1,1,33.095615994369,29.158926548550003,0.0,17.25747871341,988.6974945883001,0.632677262301,0.4743329662129,10.81459165239
1,1,IT/Tech Services,,,00,000,21780,Evansville MSA,2021,000000,,1,1,32.670847965873996,28.05968908581,0.0,15.59679944224,976.2636106980301,2.7371980346569997,0.41975615865689997,9.435136042278
1,1,IT/Tech Services,,,00,000,21780,Evansville MSA,2022,000000,,1,1,35.39091288915,29.842955283249996,0.83450078526,22.47899769271,949.21701523954,3.303263324057,0.4844172728255,9.914560514126999
1,1,IT/Tech Services,,,00,000,21780,Evansville MSA,2023,000000,,1,1,40.33410045152,28.31131475022,1.02884803732,22.6605944095,934.08614645915,2.561777917846,0.5055377273724,10.455022192688
1,1,IT/Tech Services,,,00,000,23060,Fort Wayne MSA,2019,000000,,1,1,77.76345749035,54.167209183669996,1.583528396266,46.34731042640999,1225.2007841385998,1.301617013185,0.86012493864,25.293275396560002
1,1,IT/Tech Services,,,00,000,23060,Fort Wayne MSA,2020,000000,,1,1,71.178942447756,57.817376306477,0.0,52.02038911495001,1267.6951251418,1.3206833080120002,0.778226389477,21.69972528841
1,1,IT/Tech Services,,,00,000,23060,Fort Wayne MSA,2021,000000,,1,1,73.947085653596,70.60782464625099,0.0,54.93622578285999,1350.3635556450001,2.600492069491,0.8085247789859998,23.470254333219998
1,1,IT/Tech Services,,,00,000,23060,Fort Wayne MSA,2022,000000,,1,1,88.569878416645,82.34191569975,0.0,58.25851281212,1421.734649993349,1.1951145886969998,0.8394467452849,23.89786695655
1,1,IT/Tech Services,,,00,000,23060,Fort Wayne MSA,2023,000000,,1,1,93.82788154952001,93.778543398865,0.0,63.30795479086,1499.38994703787,2.67075315613,0.8697757207047001,21.05283613574
1,1,IT/Tech Services,,,00,000,26900,Indianapolis-Carmel-Greenwood MSA,2019,000000,,1,1,2568.7750871380995,1402.03660318645,17.869353874269,609.9861326475801,15140.868090822201,35.645450843113004,1.517858504989,238.09145601850003
1,1,IT/Tech Services,,,00,000,26900,Indianapolis-Carmel-Greenwood MSA,2020,000000,,1,1,2529.9883937799996,1390.0699713434099,19.361179408625002,655.86568355953,15580.4561515657,34.931221004442996,1.468726195219,260.89435691746996
1,1,IT/Tech Services,,,00,000,26900,Indianapolis-Carmel-Greenwood MSA,2021,000000,,1,1,2474.4595976993114,1522.2755061913801,20.4365843122,760.6313282706201,16579.4214127103,41.406212278158,1.5190277328650001,287.68719236567
1,1,IT/Tech Services,,,00,000,26900,Indianapolis-Carmel-Greenwood MSA,2022,000000,,1,1,2374.6851106487998,1718.8886172057,19.85266997247,889.18786984688,17605.3204485972,43.876960537066,1.547649991685,309.47556092497604
1,1,IT/Tech Services,,,00,000,26900,Indianapolis-Carmel-Greenwood MSA,2023,000000,,1,1,2331.92559085356,1724.8322385487504,20.87221013249,928.12023679869,17229.3895485369,38.30600238857,1.5756595055390001,309.10986774888903
1,1,IT/Tech Services,,,00,000,29020,Kokomo MSA,2019,000000,,1,1,5.93221159688,0.0,0.0,0.804362506125,41.004127242324,0.0,0.2461646412017,0.0
1,1,IT/Tech Services,,,00,000,29020,Kokomo MSA,2020,000000,,1,1,11.2562406022,0.0,0.0,0.50281753971,39.825870196228,0.0,0.318267312343,0.0
1,1,IT/Tech Services,,,00,000,29020,Kokomo MSA,2021,000000,,1,1,13.25466639746,1.16090168934,0.0,2.06639992867,50.6365324723,0.0,0.6161236199510001,0.0
1,1,IT/Tech Services,,,00,000,29020,Kokomo MSA,2022,000000,,1,1,10.61954956552,0.0,0.0,2.73110867581,56.695886641499996,0.0,0.45493425604,0.0
1,1,IT/Tech Services,,,00,000,29020,Kokomo MSA,2023,000000,,1,1,14.49162590977,3.3600936244410002,0.0,2.522960066395,67.12785957774,0.0,0.65768414073,0.992771241055
1,1,IT/Tech Services,,,00,000,29200,Lafayette-West Lafayette MSA,2019,000000,,1,1,66.139656019999,12.285433433452999,1.372921202054,12.776017793910999,439.55599742000993,0.0,1.1919872503570998,6.7526940279289995
1,1,IT/Tech Services,,,00,000,29200,Lafayette-West Lafayette MSA,2020,000000,,1,1,69.94414847108399,9.208445875887,1.2863652522879998,16.37514793031,498.6057578552101,0.0,0.9419323213785,6.522065834979999
1,1,IT/Tech Services,,,00,000,29200,Lafayette-West Lafayette MSA,2021,000000,,1,1,98.049284443171,13.802382132005,2.256464764034,27.396345926636002,543.89586435532,0.790906661697,1.0147856736235,8.465089909305
1,1,IT/Tech Services,,,00,000,29200,Lafayette-West Lafayette MSA,2022,000000,,1,1,94.03907359555,29.017832265913004,2.59849450128,34.324909060313,597.85579246686,2.081650860747,1.133310466471,9.640534849244
1,1,IT/Tech Services,,,00,000,29200,Lafayette-West Lafayette MSA,2023,000000,,1,1,102.952875669544,32.46666478897,0.674963982108,30.635355915050003,529.22138995247,0.890125730763,0.9220346640399999,10.588450387830001
1,1,IT/Tech Services,,,00,000,31140,Louisville/Jefferson County MSA,2019,000000,,1,1,1310.2058037867,687.06083505894,8.27526502848,265.1603748299,7286.9316655258,16.65830436903,1.5024985903979997,116.74510291949
1,1,IT/Tech Services,,,00,000,31140,Louisville/Jefferson County MSA,2020,000000,,1,1,1211.8590650270003,664.3214113596621,10.97060030283,280.65196372326,7324.4736687268605,20.813761420600002,1.4455508658652,112.12473060274002
1,1,IT/Tech Services,,,00,000,31140,Louisville/Jefferson County MSA,2021,000000,,1,1,1243.6659426998,653.6360875026539,11.376969193253,324.79894506805,7405.302969648299,14.94313392567,1.4720240424581998,123.4840272957
1,1,IT/Tech Services,,,00,000,31140,Louisville/Jefferson County MSA,2022,000000,,1,1,1236.2162551359297,782.90384941789,11.002067190793,418.2700429577,7895.667228544,19.634530639162,1.6278175605379999,128.93938725761998
1,1,IT/Tech Services,,,00,000,31140,Louisville/Jefferson County MSA,2023,000000,,1,1,1231.743669180193,690.555597629573,12.488373025968,411.17154984013996,7539.105490393479,17.943195052493,1.606495864292,133.65275587783
1,1,IT/Tech Services,,,00,000,33140,Michigan City-La Porte MSA,2019,000000,,1,1,0.945038958436,2.557717842324,0.0,0.693717254886,34.70501584041,0.0,0.289568003118,0.0
1,1,IT/Tech Services,,,00,000,33140,Michigan City-La Porte MSA,2020,000000,,1,1,1.61648491351,3.7787063688240004,0.0,0.75671636301,35.80515094847,0.0,0.373799574357,0.729710674261
1,1,IT/Tech Services,,,00,000,33140,Michigan City-La Porte MSA,2021,000000,,1,1,3.9969848252549998,3.7970102546160005,0.0,1.9817815985,48.32258895388,0.0,0.657826231028,0.0
1,1,IT/Tech Services,,,00,000,33140,Michigan City-La Porte MSA,2022,000000,,1,1,6.0346786119210005,6.444689038261,0.0,3.04626524679,79.28871367218,0.0,0.7349068820767,0.0
1,1,IT/Tech Services,,,00,000,33140,Michigan City-La Porte MSA,2023,000000,,1,1,4.647907214616,5.06201500289,0.0,2.99247554882,73.042950660276,0.0,0.6500605953185999,0.522731702275
1,1,IT/Tech Services,,,00,000,34620,Muncie MSA,2019,000000,,1,1,16.14475273604,29.158892712769998,0.0,10.438714779929,825.716296369812,0.0,0.197913707123,3.91841888919
1,1,IT/Tech Services,,,00,000,34620,Muncie MSA,2020,000000,,1,1,16.380976051370002,31.44689659752,0.0,14.239812377189999,858.56812222673,0.60367976296,0.21484272717609998,4.24772085355
1,1,IT/Tech Services,,,00,000,34620,Muncie MSA,2021,000000,,1,1,15.08498434354,39.29489951793,0.0,14.422361335529999,835.9285017884599,0.0,0.33689320087350005,5.92645955837
1,1,IT/Tech Services,,,00,000,34620,Muncie MSA,2022,000000,,1,1,13.559918038713,38.986970699859995,0.0,17.53362874341,783.7111291216,0.0,0.37944798685709996,9.395550573655001
1,1,IT/Tech Services,,,00,000,34620,Muncie MSA,2023,000000,,1,1,13.862367111247,33.6452472139,0.0,16.013750347292,707.373156886442,0.0,0.35820527574009997,7.088775429883
1,1,IT/Tech Services,,,00,000,43780,South Bend-Mishawaka MSA,2019,000000,,1,1,41.437359819330005,167.33718445733,0.640657629758,52.984222035174,920.42855023827,1.965582730026,1.060480878203,20.280395113805
1,1,IT/Tech Services,,,00,000,43780,South Bend-Mishawaka MSA,2020,000000,,1,1,44.67290633755,130.5464100346,0.0,55.312017621891,889.17295060861,1.534296896925,1.046355686173,14.391675045162998
1,1,IT/Tech Services,,,00,000,43780,South Bend-Mishawaka MSA,2021,000000,,1,1,43.54022935866,167.34445155301,0.665120865119,70.63476160436,925.0639624659,1.68277292092,1.2431462211119,16.042320175527
1,1,IT/Tech Services,,,00,000,43780,South Bend-Mishawaka MSA,2022,000000,,1,1,57.789943592860006,223.37425914816998,0.757898182143,133.11527313494,1239.6950955521702,1.751736144195,1.1899600828589998,29.466518476082
1,1,IT/Tech Services,,,00,000,43780,South Bend-Mishawaka MSA,2023,000000,,1,1,49.412620682004,172.929047015868,4.776279647602999,168.794376026723,1255.91062622032,1.46726319913,1.2005536642673,26.2408709996
1,1,IT/Tech Services,,,00,000,45460,Terre Haute MSA,2019,000000,,1,1,1.76836759508,3.957789705233,0.0,1.33415070578,150.55565781608,0.0,0.109399998147,2.43944439002
1,1,IT/Tech Services,,,00,000,45460,Terre Haute MSA,2020,000000,,1,1,4.430762645844,2.40630346067,0.0,1.59247915436,156.0820755378,0.0,0.1203643799449,2.50970647297
1,1,IT/Tech Services,,,00,000,45460,Terre Haute MSA,2021,000000,,1,1,8.053363785047999,4.190885521005,0.0,2.58161063729,148.83055243017003,0.0,0.2665486251182,2.23733830325
1,1,IT/Tech Services,,,00,000,45460,Terre Haute MSA,2022,000000,,1,1,6.209021417681,2.496399802983,0.0,0.0,74.660597000008,0.0,0.41074988257569994,0.0
1,1,IT/Tech Services,,,00,000,45460,Terre Haute MSA,2023,000000,,1,1,1.88612347195,6.3959576277,0.0,1.609011395355,78.17359284526,0.0,0.41595663577099995,1.359978774864
1,1,IT/Tech Services,,,18,000,00000,Indiana,2019,000000,,1,1,3935.859351029192,2274.570614016,23.233725347860002,1038.3865998732501,27196.037335881003,48.765252581414,1.351780549048,398.436818539157
1,1,IT/Tech Services,,,18,000,00000,Indiana,2020,000000,,1,1,3863.6487814312304,2190.85383845388,22.341432261525,1114.41485470188,28001.898741215,46.552252056551,1.2676498092768,465.59298629923506
1,1,IT/Tech Services,,,18,000,00000,Indiana,2021,000000,,1,1,3739.724705466511,2496.2659377987,25.42572887524,1357.9678262552397,29693.808356509,60.67835398862401,1.3097991885787001,552.05708485231
1,1,IT/Tech Services,,,18,000,00000,Indiana,2022,000000,,1,1,3850.8032450261,2822.3086890181,26.660554400962997,1644.49463853416,32441.449108942,68.65457546824999,1.3855092036180001,592.944874410836
1,1,IT/Tech Services,,,18,000,00000,Indiana,2023,000000,,1,1,3769.2249246139904,2956.2630580614004,31.47529680326,1933.0814924613298,32373.637780200002,58.51413803347,1.425335795267,611.8974815726401
1,2,"Telecommunications, Internet Services and Data Hosting",,,0,000,00000,United States,2019,000000,,1,1,112733.90128030699,165560.287732958,2059.2903928922997,157593.88982815002,928720.99617363,4629.39046494,3.1601399821899996,23517.539589775002
1,2,"Telecommunications, Internet Services and Data Hosting",,,0,000,00000,United States,2020,000000,,1,1,115827.516396658,160092.167894187,2006.1462170819,153704.47756139998,898598.29004886,4607.627474545,3.191013160566,24042.259949852003
1,2,"Telecommunications, Internet Services and Data Hosting",,,0,000,00000,United States,2021,000000,,1,1,121852.896421879,157193.057427049,2005.9250387268999,153976.79082315,889820.8030916201,4419.692066699499,3.2335829329340005,25358.334090803
1,2,"Telecommunications, Internet Services and Data Hosting",,,0,000,00000,United States,2022,000000,,1,1,142224.66927691002,164066.23011244298,2165.8741291358,166773.50374138,917702.91638416,4656.376829627099,3.305615704891,27490.406401739994
1,2,"Telecommunications, Internet Services and Data Hosting",,,0,000,00000,United States,2023,000000,,1,1,150523.09939865,159204.10208317998,2120.7821901031,168236.69497165,902036.07284502,4715.5153714756,3.346012480017,28233.679176136
1,2,"Telecommunications, Internet Services and Data Hosting",,,00,000,14020,Bloomington MSA,2019,000000,,1,1,15.272048943450002,20.441649033663,0.0,13.556738156546,683.35663136809,1.34341775981,0.4841108176332,6.2729687502500004
1,2,"Telecommunications, Internet Services and Data Hosting",,,00,000,14020,Bloomington MSA,2020,000000,,1,1,11.660088100053,15.245078379520999,0.0,11.012117050138,580.6478291184999,0.0,0.44259568769519997,5.82232329275
1,2,"Telecommunications, Internet Services and Data Hosting",,,00,000,14020,Bloomington MSA,2021,000000,,1,1,5.522898300848,14.648127460967,0.0,15.823286608975998,499.31702108336896,0.0,0.422459058192,4.9430075675800005
1,2,"Telecommunications, Internet Services and Data Hosting",,,00,000,14020,Bloomington MSA,2022,000000,,1,1,7.124178044242,15.217646943990001,0.0,13.467126985027999,467.15288692419995,0.0,0.42121357925430003,2.9970087298249997
1,2,"Telecommunications, Internet Services and Data Hosting",,,00,000,14020,Bloomington MSA,2023,000000,,1,1,5.5369361229,14.789971584911001,0.0,9.593738381964002,429.7666757736,0.0,0.3959459448971,4.013693394215
1,2,"Telecommunications, Internet Services and Data Hosting",,,00,000,16980,Chicago-Naperville-Elgin MSA,2019,000000,,1,1,4129.677909642244,6372.989389595699,27.902742061496,5277.7894958911,28808.252717457,51.23667787584,3.343351105176,546.7528650941799
1,2,"Telecommunications, Internet Services and Data Hosting",,,00,000,16980,Chicago-Naperville-Elgin MSA,2020,000000,,1,1,3959.986241779,5815.6307894815,25.069236590207,4741.7292386808,27629.157730144,48.92443132925,3.308009298551,523.96175993416
1,2,"Telecommunications, Internet Services and Data Hosting",,,00,000,16980,Chicago-Naperville-Elgin MSA,2021,000000,,1,1,3910.7129508329,4902.837236420801,26.139992886861002,4207.5698640206,26095.596850539005,51.465496323686,3.324985447634,492.90908317299
1,2,"Telecommunications, Internet Services and Data Hosting",,,00,000,16980,Chicago-Naperville-Elgin MSA,2022,000000,,1,1,3982.4840262119797,4874.4555502527,30.667549319068,4432.331624279901,25537.834319332997,56.43223233292,3.437618842545,509.65728738442004
1,2,"Telecommunications, Internet Services and Data Hosting",,,00,000,16980,Chicago-Naperville-Elgin MSA,2023,000000,,1,1,3883.99733444276,4384.0636222022,30.508949329188,4206.3028139073,24140.417552943,52.842439390302005,3.4762965338729996,524.3334930859301
1,2,"Telecommunications, Internet Services and Data Hosting",,,00,000,17140,Cincinnati MSA,2019,000000,,1,1,146.095215573682,745.5198860588201,5.328726885269,137.579695145063,6330.17972021509,10.591026515130999,1.1864041519185002,97.49007526742
1,2,"Telecommunications, Internet Services and Data Hosting",,,00,000,17140,Cincinnati MSA,2020,000000,,1,1,171.039060169274,796.84421188068,4.124795539487,150.990749932802,6386.831830740329,12.075460180225999,1.2598621175239,101.44311863125
1,2,"Telecommunications, Internet Services and Data Hosting",,,00,000,17140,Cincinnati MSA,2021,000000,,1,1,144.238740157284,789.8721630037401,4.981962788144,153.369218740128,5995.480460878431,9.893413269201002,1.2085289067814,96.013306410514
1,2,"Telecommunications, Internet Services and Data Hosting",,,00,000,17140,Cincinnati MSA,2022,000000,,1,1,155.580827460327,731.53819022096,6.20073366383,139.85663598018002,5605.43470134751,11.513485255974999,1.1518513233145,93.430230628826
1,2,"Telecommunications, Internet Services and Data Hosting",,,00,000,17140,Cincinnati MSA,2023,000000,,1,1,159.689938561844,685.6071515364499,5.74740943477,141.65138999029,5443.38819946442,8.660507216660001,1.1510880826025,93.43161372167
1,2,"Telecommunications, Internet Services and Data Hosting",,,00,000,18020,Columbus MSA,2019,000000,,1,1,0.861132914393,11.067578024083002,0.0,3.9206361057179997,158.89502232543,0.0,0.47308529692779994,0.713314190227
1,2,"Telecommunications, Internet Services and Data Hosting",,,00,000,18020,Columbus MSA,2020,000000,,1,1,0.0,9.978600101117,0.0,2.899037978963,153.21974025451,0.0,0.3896083509657,0.0
1,2,"Telecommunications, Internet Services and Data Hosting",,,00,000,18020,Columbus MSA,2021,000000,,1,1,0.0,7.256774645941,0.0,3.408161222603,151.201302125616,0.0,0.4629582959824,1.1911963894220001
1,2,"Telecommunications, Internet Services and Data Hosting",,,00,000,18020,Columbus MSA,2022,000000,,1,1,0.0,6.922923126886,0.0,2.3356739210699997,109.81296782449999,0.0,0.41394637701930004,2.722845252663
1,2,"Telecommunications, Internet Services and Data Hosting",,,00,000,18020,Columbus MSA,2023,000000,,1,1,0.0,6.700316072897,0.0,4.16046258035,119.19940889060999,0.0,0.3368102511931,0.864503503172
1,2,"Telecommunications, Internet Services and Data Hosting",,,00,000,21140,Elkhart-Goshen MSA,2019,000000,,1,1,2.15911775348,5.152722804344,0.0,5.8662022161900005,234.64159808979403,0.0,0.23529988462399998,2.979404646354
1,2,"Telecommunications, Internet Services and Data Hosting",,,00,000,21140,Elkhart-Goshen MSA,2020,000000,,1,1,1.609055246919,6.783653973308,0.0,6.621905515501,248.16487632145999,0.0,0.2852632019735,1.08067390298
1,2,"Telecommunications, Internet Services and Data Hosting",,,00,000,21140,Elkhart-Goshen MSA,2021,000000,,1,1,1.64739340924,13.39992926957,0.0,7.754665227542,244.34637068764,0.0,0.4805457852688001,2.191508471
1,2,"Telecommunications, Internet Services and Data Hosting",,,00,000,21140,Elkhart-Goshen MSA,2022,000000,,1,1,2.304668282753,23.403764724529996,0.0,13.757473720219998,288.35074234539,0.0,0.7563948593626,5.909129667968001
1,2,"Telecommunications, Internet Services and Data Hosting",,,00,000,21140,Elkhart-Goshen MSA,2023,000000,,1,1,3.700521500136,22.454052467747,0.0,19.266265552425,308.1641017801,0.0,0.8855435487801999,4.902221395365999
1,2,"Telecommunications, Internet Services and Data Hosting",,,00,000,21780,Evansville MSA,2019,000000,,1,1,4.230809441849,63.52513617192999,0.0,14.920076132227999,613.40221653219,0.0,1.153874706167,4.909673794288
1,2,"Telecommunications, Internet Services and Data Hosting",,,00,000,21780,Evansville MSA,2020,000000,,1,1,6.286211531017999,100.50855200014001,1.371822920861,23.421980886376,852.86612729823,0.0,1.4588613123560001,13.483104706519
1,2,"Telecommunications, Internet Services and Data Hosting",,,00,000,21780,Evansville MSA,2021,000000,,1,1,6.068971442894,79.852865444845,0.703471626986,20.278923237712,711.5126757507501,0.0,1.543650681286,12.431242414773997
1,2,"Telecommunications, Internet Services and Data Hosting",,,00,000,21780,Evansville MSA,2022,000000,,1,1,4.419710485111,77.67936837996999,0.686334181884,17.36140132,684.8191446906201,1.591891705303,1.2164192693940001,8.138229947668
1,2,"Telecommunications, Internet Services and Data Hosting",,,00,000,21780,Evansville MSA,2023,000000,,1,1,2.227754406234,73.95652554798801,1.2015484122709998,21.28621470566,663.0204356383819,2.51426595699,2.0242604607285,9.11712242147
1,2,"Telecommunications, Internet Services and Data Hosting",,,00,000,23060,Fort Wayne MSA,2019,000000,,1,1,16.494819210889,173.073019779386,1.41174748449,48.71471237518,1250.96872276009,0.710385967484,0.9710689548736999,22.768217935876002
1,2,"Telecommunications, Internet Services and Data Hosting",,,00,000,23060,Fort Wayne MSA,2020,000000,,1,1,13.102286468279999,142.939296523569,0.995238601462,55.20089067818,1185.1148611812698,1.1011497149,0.9297549864879,19.017206817062
1,2,"Telecommunications, Internet Services and Data Hosting",,,00,000,23060,Fort Wayne MSA,2021,000000,,1,1,17.180217594651,126.561029303639,1.39342257809,43.421065752139995,1134.6528506896202,1.80703501244,1.1005101166845,15.681372287287
1,2,"Telecommunications, Internet Services and Data Hosting",,,00,000,23060,Fort Wayne MSA,2022,000000,,1,1,16.185658000805,119.43634019916001,1.2076539756,40.45656604927001,1053.04399664481,1.55809176715,0.9804691738091,19.616728998969997
1,2,"Telecommunications, Internet Services and Data Hosting",,,00,000,23060,Fort Wayne MSA,2023,000000,,1,1,15.047497167335,99.370908187119,1.21031330056,49.497163537515,1001.58534412908,2.315835419582,1.1786904365453,25.490235201431
1,2,"Telecommunications, Internet Services and Data Hosting",,,00,000,26900,Indianapolis-Carmel-Greenwood MSA,2019,000000,,1,1,137.8487068848,778.53531418254,1.72880250578,249.03816323875003,5643.0773503128,8.074441128867,1.559147349633,97.51538250860301
1,2,"Telecommunications, Internet Services and Data Hosting",,,00,000,26900,Indianapolis-Carmel-Greenwood MSA,2020,000000,,1,1,142.72513053493,745.7666132846299,3.7516570359680004,258.52661593561004,5249.39530438084,5.931553649731001,1.5912065541570004,97.87033783300001
1,2,"Telecommunications, Internet Services and Data Hosting",,,00,000,26900,Indianapolis-Carmel-Greenwood MSA,2021,000000,,1,1,143.39813705096003,709.187407361052,2.08915624037,267.04856507841004,5114.36786214788,6.918494668133,1.8850715587279998,103.07533122827999
1,2,"Telecommunications, Internet Services and Data Hosting",,,00,000,26900,Indianapolis-Carmel-Greenwood MSA,2022,000000,,1,1,133.629044643775,693.54766760057,1.9695165400390002,281.90118719441,4986.942146578171,8.64210436776,1.647823953445,102.03457460899901
1,2,"Telecommunications, Internet Services and Data Hosting",,,00,000,26900,Indianapolis-Carmel-Greenwood MSA,2023,000000,,1,1,147.59842538502,683.7723519974,1.490697227688,297.08842120349004,4930.87866697674,8.42225331131,1.662543944651,104.39128848664001
1,2,"Telecommunications, Internet Services and Data Hosting",,,00,000,29020,Kokomo MSA,2019,000000,,1,1,5.93603495396,9.682884054131,0.0,4.34191246646,112.57226305259199,0.0,0.44024493363569994,2.26627568541
1,2,"Telecommunications, Internet Services and Data Hosting",,,00,000,29020,Kokomo MSA,2020,000000,,1,1,5.901314001878,9.037055542273,0.0,4.52825333591,99.33022337992,0.0,0.490416614434,2.2802764179799997
1,2,"Telecommunications, Internet Services and Data Hosting",,,00,000,29020,Kokomo MSA,2021,000000,,1,1,6.029792097071,9.09237475631,0.0,4.613993981069999,99.004842416802,0.0,0.48797476129469997,2.32254048775
1,2,"Telecommunications, Internet Services and Data Hosting",,,00,000,29020,Kokomo MSA,2022,000000,,1,1,2.96878247645,7.20545036004,0.0,4.2597741406,93.498029255588,0.0,0.6833674523659999,4.363304224024
1,2,"Telecommunications, Internet Services and Data Hosting",,,00,000,29020,Kokomo MSA,2023,000000,,1,1,3.41832627832,9.14464537797,0.0,3.85358264125,104.76531443837199,0.0,0.659805024445,3.600201322529
1,2,"Telecommunications, Internet Services and Data Hosting",,,00,000,29200,Lafayette-West Lafayette MSA,2019,000000,,1,1,10.9903545256,14.55366256383,0.0,8.92811831767,334.41828876186,0.0,0.34070049418220005,5.51047834844
1,2,"Telecommunications, Internet Services and Data Hosting",,,00,000,29200,Lafayette-West Lafayette MSA,2020,000000,,1,1,7.353850222167001,14.383338427310001,0.0,10.228304504528,347.793094826213,0.0,0.5188905697155001,5.837951221876
1,2,"Telecommunications, Internet Services and Data Hosting",,,00,000,29200,Lafayette-West Lafayette MSA,2021,000000,,1,1,13.386898357044998,18.752133028205,0.0,14.281784664520998,353.14600638730803,0.0,0.9306158892949,8.067189971193
1,2,"Telecommunications, Internet Services and Data Hosting",,,00,000,29200,Lafayette-West Lafayette MSA,2022,000000,,1,1,12.388653155887999,20.940428795494004,0.0,14.463307853431,358.56898929690004,0.0,0.9171833830169001,4.27174359725
1,2,"Telecommunications, Internet Services and Data Hosting",,,00,000,29200,Lafayette-West Lafayette MSA,2023,000000,,1,1,13.497737446766,17.673380179259997,0.0,13.874897789859999,353.50552583848,1.479714918989,0.9319202657348999,7.636073922084999
1,2,"Telecommunications, Internet Services and Data Hosting",,,00,000,31140,Louisville/Jefferson County MSA,2019,000000,,1,1,62.58161481520601,924.28236282891,3.61803628717,169.35383456909,5192.21258351275,11.371903692886999,1.8523757383261,100.08979904773702
1,2,"Telecommunications, Internet Services and Data Hosting",,,00,000,31140,Louisville/Jefferson County MSA,2020,000000,,1,1,72.844057936743,841.0992992291401,4.89060098385,160.518582419963,4900.04540245976,6.7589307218000005,1.4711573395383997,103.62069429709399
1,2,"Telecommunications, Internet Services and Data Hosting",,,00,000,31140,Louisville/Jefferson County MSA,2021,000000,,1,1,78.35960191870998,809.1706014086001,4.99196425113,158.88702769314997,4817.36374552454,11.223748178200001,1.3257853997872,104.30220281337398
1,2,"Telecommunications, Internet Services and Data Hosting",,,00,000,31140,Louisville/Jefferson County MSA,2022,000000,,1,1,89.995025064108,743.73537766018,6.87310636731,181.7661413093,4774.96344839618,8.912629857071,1.4973553217383,111.65498301242
1,2,"Telecommunications, Internet Services and Data Hosting",,,00,000,31140,Louisville/Jefferson County MSA,2023,000000,,1,1,88.961436425652,647.71671875746,4.5361447342000005,206.0842035544,4489.154996928024,8.996477581127,1.2569465334491998,112.22990376196199
1,2,"Telecommunications, Internet Services and Data Hosting",,,00,000,33140,Michigan City-La Porte MSA,2019,000000,,1,1,0.0,10.815964731120001,0.0,7.090335186868999,121.78411554633,0.0,0.5263503840079999,0.86623456795
1,2,"Telecommunications, Internet Services and Data Hosting",,,00,000,33140,Michigan City-La Porte MSA,2020,000000,,1,1,0.0,9.26788773006,0.0,5.813126678946,127.46934492351701,0.0,0.4338857727283,1.60268484611
1,2,"Telecommunications, Internet Services and Data Hosting",,,00,000,33140,Michigan City-La Porte MSA,2021,000000,,1,1,2.6589834007,5.447126555889,0.0,4.3053300151039995,116.42712063935,0.0,0.28306219998300003,0.750172861294
1,2,"Telecommunications, Internet Services and Data Hosting",,,00,000,33140,Michigan City-La Porte MSA,2022,000000,,1,1,2.783546291141,4.621247153916,0.0,3.761391913239,71.21839303533,0.0,0.4247140516043,0.0
1,2,"Telecommunications, Internet Services and Data Hosting",,,00,000,33140,Michigan City-La Porte MSA,2023,000000,,1,1,1.924796257275,5.426570317832001,0.0,4.90664278814,76.254293126212,0.0,0.544368020137,0.77937627697
1,2,"Telecommunications, Internet Services and Data Hosting",,,00,000,34620,Muncie MSA,2019,000000,,1,1,2.030767657203,22.135545974110002,0.0,6.1480855208200005,138.89913569200002,0.0,0.9089159631379999,2.93038047692
1,2,"Telecommunications, Internet Services and Data Hosting",,,00,000,34620,Muncie MSA,2020,000000,,1,1,3.232894698662,18.940453488367996,0.0,6.51885285755,130.07909453331,0.0,1.112985895701,4.1153409534800005
1,2,"Telecommunications, Internet Services and Data Hosting",,,00,000,34620,Muncie MSA,2021,000000,,1,1,2.584280703107,16.970729770077,0.0,4.3185958644769995,109.64132487254001,0.0,0.9928765782432999,2.698777111431
1,2,"Telecommunications, Internet Services and Data Hosting",,,00,000,34620,Muncie MSA,2022,000000,,1,1,1.1214635984610002,19.205482168642998,0.0,3.6711809960320005,113.91775916278999,0.0,0.93866083659,2.5974477734479997
1,2,"Telecommunications, Internet Services and Data Hosting",,,00,000,34620,Muncie MSA,2023,000000,,1,1,0.923009639555,13.30061057441,0.0,3.417116558242,91.472768895008,0.0,0.909256429813,2.013084582063
1,2,"Telecommunications, Internet Services and Data Hosting",,,00,000,43780,South Bend-Mishawaka MSA,2019,000000,,1,1,20.556474689697,54.557722236938,0.0,40.881586556951,597.709753746136,2.175646946353,1.2026163471525,11.91132761171
1,2,"Telecommunications, Internet Services and Data Hosting",,,00,000,43780,South Bend-Mishawaka MSA,2020,000000,,1,1,26.171919126476,48.287926125387,0.0,38.009825638972,573.941188008135,2.552722096911,1.125602298531,13.468726965044
1,2,"Telecommunications, Internet Services and Data Hosting",,,00,000,43780,South Bend-Mishawaka MSA,2021,000000,,1,1,30.225578342594,60.60415720436,0.0,41.545225934364,631.089329676603,1.703769663656,1.190958819692,14.964116758044
1,2,"Telecommunications, Internet Services and Data Hosting",,,00,000,43780,South Bend-Mishawaka MSA,2022,000000,,1,1,27.718911878709,65.374908316608,0.0,43.31860158412,599.26183115889,0.0,1.2030705560866,13.769380649392
1,2,"Telecommunications, Internet Services and Data Hosting",,,00,000,43780,South Bend-Mishawaka MSA,2023,000000,,1,1,24.39264385126,69.332265183682,0.0,44.608898851725996,595.72465126611,0.0,1.212735102513,12.081466222517001
1,2,"Telecommunications, Internet Services and Data Hosting",,,00,000,45460,Terre Haute MSA,2019,000000,,1,1,1.705921079848,9.19015219744,0.0,2.57780781888,283.17956738814,0.559977805398,0.1227391000766,1.718153556535
1,2,"Telecommunications, Internet Services and Data Hosting",,,00,000,45460,Terre Haute MSA,2020,000000,,1,1,2.5936848984539997,10.98964046801,0.0,2.15804205067,279.71648249783306,0.0,0.268548118093,0.536741156806
1,2,"Telecommunications, Internet Services and Data Hosting",,,00,000,45460,Terre Haute MSA,2021,000000,,1,1,0.0,8.731163418140001,0.0,3.73157876332,269.458077942301,0.0,0.19722486662389999,0.0
1,2,"Telecommunications, Internet Services and Data Hosting",,,00,000,45460,Terre Haute MSA,2022,000000,,1,1,0.0,10.194973957041,0.0,4.320956538831,375.29774552913,0.0,0.30668653270479995,2.317425869735
1,2,"Telecommunications, Internet Services and Data Hosting",,,00,000,45460,Terre Haute MSA,2023,000000,,1,1,0.0,13.983722166654001,0.0,4.428987174792001,370.30600483575995,0.0,0.23707115135319998,2.003717310242
1,2,"Telecommunications, Internet Services and Data Hosting",,,18,000,00000,Indiana,2019,000000,,1,1,283.20083437991,1493.7926512348704,4.05109586491,583.12868522465,14786.986268863002,17.704661478440002,1.4061899676504,217.801202890873
1,2,"Telecommunications, Internet Services and Data Hosting",,,18,000,00000,Indiana,2020,000000,,1,1,264.19630348153,1425.48253803433,6.11871855829,615.91881124938,14290.347862092998,14.59906906366,1.422631076311,218.46283663725998
1,2,"Telecommunications, Internet Services and Data Hosting",,,18,000,00000,Indiana,2021,000000,,1,1,277.84194025052,1353.13289432261,4.186050445446,635.12879940408,14218.449621976,15.83926421654,1.4465543672734003,214.67296398535402
1,2,"Telecommunications, Internet Services and Data Hosting",,,18,000,00000,Indiana,2022,000000,,1,1,277.39103973940996,1410.08578914956,3.86350469752,659.43198000795,13956.843227927,15.586292163067,1.5240369272540002,261.73831409594
1,2,"Telecommunications, Internet Services and Data Hosting",,,18,000,00000,Indiana,2023,000000,,1,1,310.19566065874,1357.26875509934,3.9025589405299996,703.67840220978,13702.386495534998,19.648917230848,1.623398486153,304.39993852333
1,3,Software,,,0,000,00000,United States,2019,000000,,1,1,89960.9192268,21692.8353838,761.772435808,31713.6849257,304278.69505,883.112865457,0.335120683097,8353.98021141
1,3,Software,,,0,000,00000,United States,2020,000000,,1,1,99873.1445418,24261.1389221,848.620598243,36083.395266,330410.05364,990.185457152,0.342028361912,9698.04514232
1,3,Software,,,0,000,00000,United States,2021,000000,,1,1,108102.5044,29389.1047802,915.196921516,42051.9101372,362248.714763,1073.65233067,0.346893532698,10873.8357332
1,3,Software,,,0,000,00000,United States,2022,000000,,1,1,120673.464799,36417.8569912,1040.93644139,50547.1546248,410201.606914,1318.76587472,0.35278016677,13590.4442784
1,3,Software,,,0,000,00000,United States,2023,000000,,1,1,122868.753113,37585.1249623,1104.85860669,52561.2375512,420636.982271,1328.90215239,0.353050603727,14099.4335687
1,3,Software,,,00,000,14020,Bloomington MSA,2019,000000,,1,1,10.1856724086,1.93874031346,0.0,0.0,38.502656881,0.0,0.248699102416,0.620915065736
1,3,Software,,,00,000,14020,Bloomington MSA,2020,000000,,1,1,6.56778730093,1.2755291719,0.0,0.502009870424,29.1642613774,0.0,0.234514174666,0.589434380338
1,3,Software,,,00,000,14020,Bloomington MSA,2021,000000,,1,1,4.94008988847,1.05093658858,0.0,0.0,22.9995498754,0.0,0.206654272899,0.0
1,3,Software,,,00,000,14020,Bloomington MSA,2022,000000,,1,1,5.52035540834,1.54865605621,0.0,0.0,39.8425008349,0.0,0.177091204787,1.5051543672
1,3,Software,,,00,000,14020,Bloomington MSA,2023,000000,,1,1,8.75845260297,1.17969816805,0.0,0.882366224252,39.5070038856,0.0,0.222813038315,0.50581245242
1,3,Software,,,00,000,16980,Chicago-Naperville-Elgin MSA,2019,000000,,1,1,726.807255372,254.161935964,4.78694391473,377.404352761,4633.77779144,10.4838781809,0.238444249642,77.1984223571
1,3,Software,,,00,000,16980,Chicago-Naperville-Elgin MSA,2020,000000,,1,1,930.541820053,331.036043893,5.37298626539,501.63761766,5610.86321622,14.0465560689,0.252842996722,116.119138253
1,3,Software,,,00,000,16980,Chicago-Naperville-Elgin MSA,2021,000000,,1,1,1011.3171086,376.367833987,5.27496277692,593.120979719,5977.0857499,13.5292615731,0.263276915335,136.373823006
1,3,Software,,,00,000,16980,Chicago-Naperville-Elgin MSA,2022,000000,,1,1,1257.39158474,555.816410163,7.84403649617,767.73181291,6962.13478064,15.7037286002,0.285553577395,178.17384159
1,3,Software,,,00,000,16980,Chicago-Naperville-Elgin MSA,2023,000000,,1,1,1295.62950417,583.09916509,8.62395483214,798.737869575,6872.89670635,14.2063104391,0.295111116766,177.132916617
1,3,Software,,,00,000,17140,Cincinnati MSA,2019,000000,,1,1,279.811714607,69.1035496871,0.0,35.5803242467,1831.48767712,2.90994994293,0.181252566975,18.0453117679
1,3,Software,,,00,000,17140,Cincinnati MSA,2020,000000,,1,1,288.566279671,63.4668408808,0.569886984006,38.2987259712,1858.98229971,4.02908001487,0.182503727541,20.0817199415
1,3,Software,,,00,000,17140,Cincinnati MSA,2021,000000,,1,1,296.968925336,73.8584858524,0.81054908677,49.2045329848,1986.25607285,3.61458314611,0.182536182199,19.0654288265
1,3,Software,,,00,000,17140,Cincinnati MSA,2022,000000,,1,1,304.987601568,99.0390445647,0.867332986336,67.7019845827,2268.59230372,3.54660548661,0.180647638529,24.0278846046
1,3,Software,,,00,000,17140,Cincinnati MSA,2023,000000,,1,1,312.798422357,120.975657677,0.0,77.3396667943,2339.84077193,3.43641329162,0.187845621046,26.6386265724
1,3,Software,,,00,000,18020,Columbus MSA,2019,000000,,1,1,1.28294865508,0.0,0.0,0.0,7.59263784432,0.0,0.144548042563,0.0
1,3,Software,,,00,000,18020,Columbus MSA,2020,000000,,1,1,2.22188122027,0.0,0.0,0.560278290018,12.6563382974,0.0,0.180209211087,0.0
1,3,Software,,,00,000,18020,Columbus MSA,2021,000000,,1,1,1.53937157606,0.0,0.0,0.545067319484,12.232055179,0.0,0.145597021497,0.0
1,3,Software,,,00,000,18020,Columbus MSA,2022,000000,,1,1,0.0,0.0,0.0,0.0,8.31897322603,0.0,0.0,0.0
1,3,Software,,,00,000,18020,Columbus MSA,2023,000000,,1,1,0.701792811104,0.0,0.0,0.0,14.4411157335,0.0,0.0463446509657,0.0
1,3,Software,,,00,000,21140,Elkhart-Goshen MSA,2019,000000,,1,1,1.33486159881,0.0,0.0,0.0,25.1651384012,0.0,0.0503721358043,0.0
1,3,Software,,,00,000,21140,Elkhart-Goshen MSA,2020,000000,,1,1,1.28725343565,0.0,0.0,0.0,20.7680819258,0.0,0.0970399162693,0.944664638541
1,3,Software,,,00,000,21140,Elkhart-Goshen MSA,2021,000000,,1,1,1.84396580441,0.0,0.0,0.0,21.3873486685,0.0,0.106344891189,0.701127089428
1,3,Software,,,00,000,21140,Elkhart-Goshen MSA,2022,000000,,1,1,1.72640813322,0.0,0.0,0.0,21.8085243625,0.0,0.0961456444223,0.593428703097
1,3,Software,,,00,000,21140,Elkhart-Goshen MSA,2023,000000,,1,1,1.80749178611,0.522792681195,0.0,0.934956516464,21.0672406143,0.0,0.157310375427,0.667518401898
1,3,Software,,,00,000,21780,Evansville MSA,2019,000000,,1,1,1.20428220841,1.85413239439,0.0,0.883999840606,18.3441843586,0.0,0.176896191224,0.0
1,3,Software,,,00,000,21780,Evansville MSA,2020,000000,,1,1,2.03815031466,0.0,0.0,0.0,18.0618013149,0.0,0.101400757187,0.0
1,3,Software,,,00,000,21780,Evansville MSA,2021,000000,,1,1,1.20230145191,0.0,0.0,0.0,17.3354044774,0.0,0.0648570786748,0.0
1,3,Software,,,00,000,21780,Evansville MSA,2022,000000,,1,1,1.63345086545,0.0,0.0,0.0,20.3310786101,0.0,0.0743676693493,0.0
1,3,Software,,,00,000,21780,Evansville MSA,2023,000000,,1,1,0.0,0.0,0.0,0.0,16.0833333333,0.0,0.0,0.0
1,3,Software,,,00,000,23060,Fort Wayne MSA,2019,000000,,1,1,2.85335651591,0.869929708084,0.0,1.80921449991,23.8291959172,0.0,0.188425784502,0.0
1,3,Software,,,00,000,23060,Fort Wayne MSA,2020,000000,,1,1,2.28999563106,1.36354419362,0.0,1.21815956789,31.515941357,0.0,0.133883354134,0.0
1,3,Software,,,00,000,23060,Fort Wayne MSA,2021,000000,,1,1,2.35271330707,2.04158288694,0.0,1.22751168309,32.1076812661,0.0,0.14900302137,0.0
1,3,Software,,,00,000,23060,Fort Wayne MSA,2022,000000,,1,1,2.24463062885,1.97840888446,0.0,1.58355958842,30.3341246263,0.0,0.173607164103,0.565940837124
1,3,Software,,,00,000,23060,Fort Wayne MSA,2023,000000,,1,1,4.49328534654,2.20383101938,0.0,2.01664089232,45.5169533451,0.0,0.174294602632,0.894220746521
1,3,Software,,,00,000,26900,Indianapolis-Carmel-Greenwood MSA,2019,000000,,1,1,125.956903395,59.7975053417,0.588927615912,42.7310022057,1194.31549962,2.5120216408,0.172593768582,17.5432754358
1,3,Software,,,00,000,26900,Indianapolis-Carmel-Greenwood MSA,2020,000000,,1,1,101.119594245,52.1195101466,0.0,36.727325254,1062.79955907,2.81044248639,0.163938242738,15.62100109
1,3,Software,,,00,000,26900,Indianapolis-Carmel-Greenwood MSA,2021,000000,,1,1,100.632487382,63.1042970239,1.72647337337,46.0558835534,1117.90334629,3.19943684584,0.172074860779,17.6249678313
1,3,Software,,,00,000,26900,Indianapolis-Carmel-Greenwood MSA,2022,000000,,1,1,92.9604425311,54.0956158602,1.25564296682,51.698861542,1046.40415771,2.96086333767,0.175235338604,19.3550087756
1,3,Software,,,00,000,26900,Indianapolis-Carmel-Greenwood MSA,2023,000000,,1,1,85.495952406,43.3610516421,1.43209219532,50.9690394324,1017.77125258,2.65377355509,0.165473408944,17.8960145606
1,3,Software,,,00,000,29020,Kokomo MSA,2019,000000,,1,1,0.0,0.0,0.0,0.0,1.54316258997,0.0,0.0,0.0
1,3,Software,,,00,000,29020,Kokomo MSA,2020,000000,,1,1,0.0,0.0,0.0,0.0,1.27013778326,0.0,0.0,0.0
1,3,Software,,,00,000,29020,Kokomo MSA,2021,000000,,1,1,0.0,0.0,0.0,0.0,0.56471620451,0.0,0.0,0.0
1,3,Software,,,00,000,29020,Kokomo MSA,2022,000000,,1,1,0.0,0.0,0.0,0.0,0.950601095235,0.0,0.0,0.0
1,3,Software,,,00,000,29020,Kokomo MSA,2023,000000,,1,1,0.0,0.0,0.0,0.0,2.59890145483,0.0,0.0,0.0
1,3,Software,,,00,000,29200,Lafayette-West Lafayette MSA,2019,000000,,1,1,6.38460351336,2.93178012858,0.0,2.43323532651,16.1670476982,0.0,0.420881873497,0.0
1,3,Software,,,00,000,29200,Lafayette-West Lafayette MSA,2020,000000,,1,1,6.78941665589,1.43140896637,0.0,1.62051003319,20.8253310112,0.0,0.320913119199,0.0
1,3,Software,,,00,000,29200,Lafayette-West Lafayette MSA,2021,000000,,1,1,5.89694584103,0.684084858228,0.0,1.39305802876,26.775911272,0.0,0.229470179224,0.0
1,3,Software,,,00,000,29200,Lafayette-West Lafayette MSA,2022,000000,,1,1,6.30754828995,0.0,0.0,3.9434404315,43.918959128,0.0,0.197137487124,0.53301613706
1,3,Software,,,00,000,29200,Lafayette-West Lafayette MSA,2023,000000,,1,1,7.85917946197,2.03634458028,0.0,4.11826828943,48.7471383436,0.0,0.23646951616,1.08345979158
1,3,Software,,,00,000,31140,Louisville/Jefferson County MSA,2019,000000,,1,1,10.4676293845,12.8203348768,0.0,7.16058501319,245.679434385,0.0,0.122010412451,3.69245825584
1,3,Software,,,00,000,31140,Louisville/Jefferson County MSA,2020,000000,,1,1,9.04405174322,18.3799694276,0.0,11.57093428,295.649620319,0.0,0.126408565499,3.78550566512
1,3,Software,,,00,000,31140,Louisville/Jefferson County MSA,2021,000000,,1,1,22.0196144957,23.7426660147,0.0,14.1581325274,415.313344092,0.0,0.132074533483,3.27892640585
1,3,Software,,,00,000,31140,Louisville/Jefferson County MSA,2022,000000,,1,1,35.067496231,46.0381582704,0.0,24.259646773,613.643333335,0.0,0.159501363868,11.0857485996
1,3,Software,,,00,000,31140,Louisville/Jefferson County MSA,2023,000000,,1,1,46.3551037882,47.7032705336,0.0,23.7900293405,700.12903398,0.0,0.153053450967,8.67335251634
1,3,Software,,,00,000,33140,Michigan City-La Porte MSA,2019,000000,,1,1,0.0,0.0,0.0,0.0,0.0,0.0,0.0,0.0
1,3,Software,,,00,000,33140,Michigan City-La Porte MSA,2020,000000,,1,1,0.0,0.0,0.0,0.0,0.0,0.0,0.0,0.0
1,3,Software,,,00,000,33140,Michigan City-La Porte MSA,2021,000000,,1,1,0.0,0.0,0.0,0.0,0.0,0.0,0.0,0.0
1,3,Software,,,00,000,33140,Michigan City-La Porte MSA,2022,000000,,1,1,0.0,0.0,0.0,0.0,3.16766915066,0.0,0.0,0.0
1,3,Software,,,00,000,33140,Michigan City-La Porte MSA,2023,000000,,1,1,0.0,0.0,0.0,0.0,3.30019184848,0.0,0.0,0.0
1,3,Software,,,00,000,34620,Muncie MSA,2019,000000,,1,1,1.9192405871,0.834217524098,0.0,1.80114272742,53.0184719297,0.0,0.0791099140556,0.0
1,3,Software,,,00,000,34620,Muncie MSA,2020,000000,,1,1,2.04895061884,2.56278392156,0.0,2.55813531867,56.7671695612,0.0,0.112139534831,0.0
1,3,Software,,,00,000,34620,Muncie MSA,2021,000000,,1,1,0.946368900666,2.88951836062,0.0,3.22304820614,67.7335796424,0.0,0.0943802392133,0.0
1,3,Software,,,00,000,34620,Muncie MSA,2022,000000,,1,1,0.953687480276,2.56018817183,0.0,3.03610747743,77.6705216507,0.0,0.0777718341469,0.0
1,3,Software,,,00,000,34620,Muncie MSA,2023,000000,,1,1,2.07292224724,2.98003784304,0.0,2.87243305682,103.991936705,0.0,0.070814709014,0.0
1,3,Software,,,00,000,43780,South Bend-Mishawaka MSA,2019,000000,,1,1,0.0,0.0,0.0,0.726561178659,9.0390321225,0.0,0.0744001061945,0.0
1,3,Software,,,00,000,43780,South Bend-Mishawaka MSA,2020,000000,,1,1,0.0,0.55443005985,0.0,0.72494492059,11.3210532616,0.0,0.101534245969,0.0
1,3,Software,,,00,000,43780,South Bend-Mishawaka MSA,2021,000000,,1,1,0.0,0.0,0.0,0.624012179646,9.45932115369,0.0,0.0618855054195,0.0
1,3,Software,,,00,000,43780,South Bend-Mishawaka MSA,2022,000000,,1,1,0.0,0.0,0.0,1.29208323834,15.3891975737,0.0,0.0774570761623,0.0
1,3,Software,,,00,000,43780,South Bend-Mishawaka MSA,2023,000000,,1,1,0.739926680958,0.0,0.0,0.0,17.7328986594,0.0,0.0677066552164,0.54790323034
1,3,Software,,,00,000,45460,Terre Haute MSA,2019,000000,,1,1,0.0,0.0,0.0,0.0,3.27173866127,0.0,0.0,0.0
1,3,Software,,,00,000,45460,Terre Haute MSA,2020,000000,,1,1,0.0,0.0,0.0,0.0,3.26915314375,0.0,0.0,0.0
1,3,Software,,,00,000,45460,Terre Haute MSA,2021,000000,,1,1,0.0,0.0,0.0,0.0,6.95601551172,0.0,0.0,0.0
1,3,Software,,,00,000,45460,Terre Haute MSA,2022,000000,,1,1,0.911971309724,0.525438376704,0.0,0.0,6.79843373004,0.0,0.174530963466,0.0
1,3,Software,,,00,000,45460,Terre Haute MSA,2023,000000,,1,1,0.709366068593,0.0,0.0,0.0,16.0774230358,0.0,0.0422574003987,0.0
1,3,Software,,,18,000,00000,Indiana,2019,000000,,1,1,163.43521829,76.3744636588,0.588927615912,56.847492019,1789.32942492,2.5120216408,0.151473893727,19.6624498712
1,3,Software,,,18,000,00000,Indiana,2020,000000,,1,1,148.603194362,70.9786097212,0.0,60.5838178368,1747.1850281,2.81044248639,0.148406973546,21.5055766939
1,3,Software,,,18,000,00000,Indiana,2021,000000,,1,1,158.015892023,86.0897497373,1.72647337337,67.7751324778,2020.19270196,14.4013343352,0.147538069617,21.6320540504
1,3,Software,,,18,000,00000,Indiana,2022,000000,,1,1,150.354474086,84.345298938,1.25564296682,136.437475521,2220.33533484,3.62672810097,0.15386249535,27.728392094
1,3,Software,,,18,000,00000,Indiana,2023,000000,,1,1,172.978018917,113.020241597,3.93911718937,112.907184269,2247.78151394,3.3159531151,0.16325294005,32.3912986021
1,4,"Manufacturing: Computer, Peripheral and Communications Equipment",,,0,000,00000,United States,2019,000000,,1,1,221661.41677683298,57711.866985209,1674.26252676388,123682.37377254001,672868.75959937,3031.8691352805995,8.837790199166998,15798.357642447998
1,4,"Manufacturing: Computer, Peripheral and Communications Equipment",,,0,000,00000,United States,2020,000000,,1,1,223567.79542976903,57499.04537703901,1702.53204103785,124657.19342721901,655679.52799457,3041.862375229,8.999020404225,16051.196688670003
1,4,"Manufacturing: Computer, Peripheral and Communications Equipment",,,0,000,00000,United States,2021,000000,,1,1,225788.75302909798,58939.805534657,1761.15136135976,127897.340952399,646097.35060065,3092.9586792,9.18300754906,16557.978859359497
1,4,"Manufacturing: Computer, Peripheral and Communications Equipment",,,0,000,00000,United States,2022,000000,,1,1,239603.47351827304,63518.167973804004,1943.93710659289,138207.41557663004,652272.89127367,3292.8672405376,9.501858490552001,18146.2395881431
1,4,"Manufacturing: Computer, Peripheral and Communications Equipment",,,0,000,00000,United States,2023,000000,,1,1,243906.09339304303,66305.588409039,1982.0970726389003,142158.68575558,648816.34879295,3415.946693009599,9.653292442830999,18860.398739344
1,4,"Manufacturing: Computer, Peripheral and Communications Equipment",,,00,000,14020,Bloomington MSA,2019,000000,,1,1,1.16009309224,1.20562388146,0.0,1.05755043226,71.576679590371,0.0,0.1432681133731,0.0
1,4,"Manufacturing: Computer, Peripheral and Communications Equipment",,,00,000,14020,Bloomington MSA,2020,000000,,1,1,0.575677063474,4.05076855522,0.0,2.64279279339,88.316679778782,0.0,0.2418721347452,1.8307314615119998
1,4,"Manufacturing: Computer, Peripheral and Communications Equipment",,,00,000,14020,Bloomington MSA,2021,000000,,1,1,0.0,7.05964950941,0.0,3.65038458199,128.972653900556,0.0,0.2873396093305,4.983976658092
1,4,"Manufacturing: Computer, Peripheral and Communications Equipment",,,00,000,14020,Bloomington MSA,2022,000000,,1,1,0.0,12.06550734265,0.0,3.68147398987,164.78167480675,0.0,0.265838825355,4.6360433944
1,4,"Manufacturing: Computer, Peripheral and Communications Equipment",,,00,000,14020,Bloomington MSA,2023,000000,,1,1,1.26860501746,10.403243853580001,0.0,3.69149701551,175.13285897220302,0.0,0.2001887148315,2.12161567587
1,4,"Manufacturing: Computer, Peripheral and Communications Equipment",,,00,000,16980,Chicago-Naperville-Elgin MSA,2019,000000,,1,1,4130.939374969899,1298.98646954497,18.990771916149,4535.362751276609,14678.47589727014,18.048816759345,8.783042162974002,230.85852886770002
1,4,"Manufacturing: Computer, Peripheral and Communications Equipment",,,00,000,16980,Chicago-Naperville-Elgin MSA,2020,000000,,1,1,4015.8017011952206,1208.61291543674,17.159873178932003,4252.6406194987,13901.3630292353,21.220790684774002,9.104261609289,216.59484233295606
1,4,"Manufacturing: Computer, Peripheral and Communications Equipment",,,00,000,16980,Chicago-Naperville-Elgin MSA,2021,000000,,1,1,3923.627514103082,1199.3933768772,18.124883894398,4230.22877574704,13624.78708619634,22.070405416181003,9.159983427483,214.68437427898
1,4,"Manufacturing: Computer, Peripheral and Communications Equipment",,,00,000,16980,Chicago-Naperville-Elgin MSA,2022,000000,,1,1,3809.8012266084097,1250.7159353189702,17.304173907544,4392.273481780299,13377.915973825797,24.365757166257,8.972613222629,248.45469412332
1,4,"Manufacturing: Computer, Peripheral and Communications Equipment",,,00,000,16980,Chicago-Naperville-Elgin MSA,2023,000000,,1,1,3911.3983982920795,1312.90687776103,20.015955126551994,4661.594916720441,13691.120828681118,31.401409232952002,9.393788781567,265.79545134046
1,4,"Manufacturing: Computer, Peripheral and Communications Equipment",,,00,000,17140,Cincinnati MSA,2019,000000,,1,1,102.76768843270801,252.550967352326,0.0,57.82438920868,3253.02264844243,3.0991551157,3.0315707575687,33.045452477926
1,4,"Manufacturing: Computer, Peripheral and Communications Equipment",,,00,000,17140,Cincinnati MSA,2020,000000,,1,1,87.263210884078,263.351854950007,0.0,64.398382532815,3276.9289581881603,3.11927893073,1.8972671676114004,37.091532118100005
1,4,"Manufacturing: Computer, Peripheral and Communications Equipment",,,00,000,17140,Cincinnati MSA,2021,000000,,1,1,96.51690912928001,239.42312163523002,0.0,72.57444304311402,3281.32716492903,2.8660949632,1.9317984870363998,39.927282591809
1,4,"Manufacturing: Computer, Peripheral and Communications Equipment",,,00,000,17140,Cincinnati MSA,2022,000000,,1,1,101.06179903267,248.89476382513502,0.0,88.844251521379,3213.435023702041,1.80747577755,2.3339165735883998,48.20779320961
1,4,"Manufacturing: Computer, Peripheral and Communications Equipment",,,00,000,17140,Cincinnati MSA,2023,000000,,1,1,94.385509906455,225.95223897479698,0.0,97.07335813342901,3285.306684766702,3.849020633232,1.8261003242054,46.264608522202
1,4,"Manufacturing: Computer, Peripheral and Communications Equipment",,,00,000,18020,Columbus MSA,2019,000000,,1,1,0.703350336807,0.0,0.0,2.9068555020344,39.9367657771,0.0,1.1801739535979001,0.0
1,4,"Manufacturing: Computer, Peripheral and Communications Equipment",,,00,000,18020,Columbus MSA,2020,000000,,1,1,0.583513036036,0.818097873838,0.0,2.37664983481,27.904668909771,0.0,0.3365041080689,0.0
1,4,"Manufacturing: Computer, Peripheral and Communications Equipment",,,00,000,18020,Columbus MSA,2021,000000,,1,1,1.638668320047,0.0,0.0,1.00738463854,27.979463855928003,0.592943592757,0.21679204224600002,0.0
1,4,"Manufacturing: Computer, Peripheral and Communications Equipment",,,00,000,18020,Columbus MSA,2022,000000,,1,1,0.0,0.768278808924,0.0,0.0,32.944670738967,0.0,0.04222686878,0.0
1,4,"Manufacturing: Computer, Peripheral and Communications Equipment",,,00,000,18020,Columbus MSA,2023,000000,,1,1,1.22722570899,1.06000637394,0.0,0.0,26.497687326437,0.650439543096,0.156312616312,0.0
1,4,"Manufacturing: Computer, Peripheral and Communications Equipment",,,00,000,21140,Elkhart-Goshen MSA,2019,000000,,1,1,19.29817989223,25.857888653604,0.0,63.27188477739,548.9677880235961,0.0,1.1030075189211,7.270898595916
1,4,"Manufacturing: Computer, Peripheral and Communications Equipment",,,00,000,21140,Elkhart-Goshen MSA,2020,000000,,1,1,18.623802669081,18.386066972147,0.0,47.566992375377,489.914481467585,0.0,0.765145507725,6.092000272767
1,4,"Manufacturing: Computer, Peripheral and Communications Equipment",,,00,000,21140,Elkhart-Goshen MSA,2021,000000,,1,1,20.896167467652003,16.187135593423,0.0,43.209878207770004,494.615791578081,0.0,0.8767541090180001,4.924359169309
1,4,"Manufacturing: Computer, Peripheral and Communications Equipment",,,00,000,21140,Elkhart-Goshen MSA,2022,000000,,1,1,23.669151939434,22.465837460372,0.0,45.858228061539,525.2329445233411,0.0,1.7384635976937,5.147937709955
1,4,"Manufacturing: Computer, Peripheral and Communications Equipment",,,00,000,21140,Elkhart-Goshen MSA,2023,000000,,1,1,20.633271482744004,19.64457681492,0.0,37.455641928111994,475.714671348602,0.0,0.5582630061850999,4.04265400188
1,4,"Manufacturing: Computer, Peripheral and Communications Equipment",,,00,000,21780,Evansville MSA,2019,000000,,1,1,0.0,15.6460595014,0.0,8.00419120286,259.85268635833603,0.0,0.0901237915481,0.0
1,4,"Manufacturing: Computer, Peripheral and Communications Equipment",,,00,000,21780,Evansville MSA,2020,000000,,1,1,2.0501477925,9.75288971871,0.0,5.63108454158,210.78973013176997,0.0,0.0830959298119,0.0
1,4,"Manufacturing: Computer, Peripheral and Communications Equipment",,,00,000,21780,Evansville MSA,2021,000000,,1,1,3.06077540788,3.37090859139,0.0,3.67280487147,238.19116472294695,0.0,0.0524206196707,0.0
1,4,"Manufacturing: Computer, Peripheral and Communications Equipment",,,00,000,21780,Evansville MSA,2022,000000,,1,1,1.08784663354,0.0,0.0,2.51701973953,227.08046787098002,0.0,0.0750640889169,0.0
1,4,"Manufacturing: Computer, Peripheral and Communications Equipment",,,00,000,21780,Evansville MSA,2023,000000,,1,1,0.0,0.593303744035,0.0,8.13199757773,180.252443377211,0.0,0.0495114605664,0.0
1,4,"Manufacturing: Computer, Peripheral and Communications Equipment",,,00,000,23060,Fort Wayne MSA,2019,000000,,1,1,77.61144429008,182.356395690593,0.724362439546,113.68613749116003,2636.143955613848,7.1390117168580005,1.6256826641735,30.568879338925
1,4,"Manufacturing: Computer, Peripheral and Communications Equipment",,,00,000,23060,Fort Wayne MSA,2020,000000,,1,1,74.53350965807999,167.00155786511,1.53696894949,101.430353199001,2510.5291168102603,8.05750630215,1.4759089541088,20.917102564175
1,4,"Manufacturing: Computer, Peripheral and Communications Equipment",,,00,000,23060,Fort Wayne MSA,2021,000000,,1,1,74.57501910954099,153.62331716933,1.36108752653,119.51817563973,2647.735444235017,9.24287199706,1.3976121543606,18.57146729091
1,4,"Manufacturing: Computer, Peripheral and Communications Equipment",,,00,000,23060,Fort Wayne MSA,2022,000000,,1,1,78.476634911654,153.28027171736602,0.613201177058,130.56087382055,2703.967633426824,10.687481085502,1.0692487042066001,28.545911315325
1,4,"Manufacturing: Computer, Peripheral and Communications Equipment",,,00,000,23060,Fort Wayne MSA,2023,000000,,1,1,67.658311058755,166.499907433863,0.0,135.26358784662597,2319.651863467216,11.34646939823,2.3297597632274996,44.22711428168
1,4,"Manufacturing: Computer, Peripheral and Communications Equipment",,,00,000,26900,Indianapolis-Carmel-Greenwood MSA,2019,000000,,1,1,159.74850547125996,333.50691932391294,1.091022733747,129.72602466581702,2941.592720251324,3.9998420220749997,3.805998287230101,22.699196853381
1,4,"Manufacturing: Computer, Peripheral and Communications Equipment",,,00,000,26900,Indianapolis-Carmel-Greenwood MSA,2020,000000,,1,1,158.874957966901,319.67370982205006,1.8554654469450003,134.51252590552,2907.374132172114,3.1395126031530003,2.8136666149704004,29.669228272503
1,4,"Manufacturing: Computer, Peripheral and Communications Equipment",,,00,000,26900,Indianapolis-Carmel-Greenwood MSA,2021,000000,,1,1,170.29394731624,277.863508311224,0.0,148.77907580968997,2953.7756337631995,2.44203130495,2.6802895923482,35.091717241281
1,4,"Manufacturing: Computer, Peripheral and Communications Equipment",,,00,000,26900,Indianapolis-Carmel-Greenwood MSA,2022,000000,,1,1,170.37655955257202,202.237767279244,0.0,135.588078947988,2895.3612700364383,3.38996012363,4.5541834328298005,30.982705897737
1,4,"Manufacturing: Computer, Peripheral and Communications Equipment",,,00,000,26900,Indianapolis-Carmel-Greenwood MSA,2023,000000,,1,1,171.07962827374,240.16199402557405,0.0,139.71465442073003,3231.4054834156805,6.862079481193,3.0735928472929004,40.169575316553995
1,4,"Manufacturing: Computer, Peripheral and Communications Equipment",,,00,000,29020,Kokomo MSA,2019,000000,,1,1,0.0,0.0,0.0,0.0,47.916637617029,0.0,0.0,0.0
1,4,"Manufacturing: Computer, Peripheral and Communications Equipment",,,00,000,29020,Kokomo MSA,2020,000000,,1,1,0.0,0.0,0.0,0.0,46.833345663039005,0.0,0.0,0.0
1,4,"Manufacturing: Computer, Peripheral and Communications Equipment",,,00,000,29020,Kokomo MSA,2021,000000,,1,1,0.0,0.0,0.0,0.0,49.333342879732,0.0,0.0,0.0
1,4,"Manufacturing: Computer, Peripheral and Communications Equipment",,,00,000,29020,Kokomo MSA,2022,000000,,1,1,0.0,0.0,0.0,0.0,45.2246939783868,0.0,0.0,0.0
1,4,"Manufacturing: Computer, Peripheral and Communications Equipment",,,00,000,29020,Kokomo MSA,2023,000000,,1,1,0.0,0.518112420921,0.0,0.0,57.455949526611,0.0,0.0111820216363,0.0
1,4,"Manufacturing: Computer, Peripheral and Communications Equipment",,,00,000,29200,Lafayette-West Lafayette MSA,2019,000000,,1,1,5.751564516650999,7.7115184362210005,0.0,5.432486299781,247.060178706272,0.0,0.2921020959196,3.210918608912
1,4,"Manufacturing: Computer, Peripheral and Communications Equipment",,,00,000,29200,Lafayette-West Lafayette MSA,2020,000000,,1,1,7.529556920639999,7.71612819628,0.0,6.159150421634001,261.291452478707,0.0,0.3975343239324,4.970390657226
1,4,"Manufacturing: Computer, Peripheral and Communications Equipment",,,00,000,29200,Lafayette-West Lafayette MSA,2021,000000,,1,1,8.97183274392,9.32961541238,0.0,13.875628250506,291.18335242459796,0.0,0.44258952494570003,5.22290291509
1,4,"Manufacturing: Computer, Peripheral and Communications Equipment",,,00,000,29200,Lafayette-West Lafayette MSA,2022,000000,,1,1,11.565731650087,11.031430562933,0.0,22.511969840962998,370.61170170516806,0.563249208914,1.4645120890260002,3.3082038465299997
1,4,"Manufacturing: Computer, Peripheral and Communications Equipment",,,00,000,29200,Lafayette-West Lafayette MSA,2023,000000,,1,1,16.72578156174,18.67044310069,0.547210240919,30.412703619650998,419.85977890288103,0.0,1.6564469987455999,5.420856497449
1,4,"Manufacturing: Computer, Peripheral and Communications Equipment",,,00,000,31140,Louisville/Jefferson County MSA,2019,000000,,1,1,60.76929052346,73.161092588705,1.63812838442,40.72910010419599,1776.2959378388505,3.22792465617,2.423144126031,13.12023968823
1,4,"Manufacturing: Computer, Peripheral and Communications Equipment",,,00,000,31140,Louisville/Jefferson County MSA,2020,000000,,1,1,63.841193929664,62.52149803438101,2.03601266743,42.601421297593,1781.1224895218982,3.40330142872,2.0920143881191002,12.784497705743
1,4,"Manufacturing: Computer, Peripheral and Communications Equipment",,,00,000,31140,Louisville/Jefferson County MSA,2021,000000,,1,1,54.769304617203005,60.56803123235,2.20933185563,41.131766014205986,1790.975328696871,4.255720713465,2.2185663823340005,12.838741236526001
1,4,"Manufacturing: Computer, Peripheral and Communications Equipment",,,00,000,31140,Louisville/Jefferson County MSA,2022,000000,,1,1,54.768982804723,66.799449750685,2.867124607564,46.42030206212999,1889.456127432225,3.34965779834,2.7813088313767995,15.556772927349
1,4,"Manufacturing: Computer, Peripheral and Communications Equipment",,,00,000,31140,Louisville/Jefferson County MSA,2023,000000,,1,1,51.97217262870001,63.88208224596001,3.160771815925,35.439781916381,1947.441476288531,3.909958930534,1.8650609507224998,20.42806182771
1,4,"Manufacturing: Computer, Peripheral and Communications Equipment",,,00,000,33140,Michigan City-La Porte MSA,2019,000000,,1,1,4.749447267035,15.349194604,0.0,19.4804328774,341.181962686481,1.33228579277,1.114289040451,3.99739226136
1,4,"Manufacturing: Computer, Peripheral and Communications Equipment",,,00,000,33140,Michigan City-La Porte MSA,2020,000000,,1,1,2.87933389375,11.8665691476,0.0,13.3760432719,320.420662067652,1.24743939337,0.100121183429,6.12910560769
1,4,"Manufacturing: Computer, Peripheral and Communications Equipment",,,00,000,33140,Michigan City-La Porte MSA,2021,000000,,1,1,2.36544833918,11.8373682044,0.0,16.6855535995,307.557468333778,2.81415639304,0.117666613984,7.06225320546
1,4,"Manufacturing: Computer, Peripheral and Communications Equipment",,,00,000,33140,Michigan City-La Porte MSA,2022,000000,,1,1,1.83328943449,14.2547583108,0.0,20.3441259304,337.858980309644,3.14929856885,0.12417166869,7.88866112107
1,4,"Manufacturing: Computer, Peripheral and Communications Equipment",,,00,000,33140,Michigan City-La Porte MSA,2023,000000,,1,1,2.71116536463,9.86704827636,0.0,13.5786752575,284.659663256776,1.86846995608,0.105871788258,5.51226589908
1,4,"Manufacturing: Computer, Peripheral and Communications Equipment",,,00,000,34620,Muncie MSA,2019,000000,,1,1,0.0,0.0,0.0,0.0,0.0,0.0,0.0,0.0
1,4,"Manufacturing: Computer, Peripheral and Communications Equipment",,,00,000,34620,Muncie MSA,2020,000000,,1,1,0.0,0.0,0.0,0.0,0.0,0.0,0.0,0.0
1,4,"Manufacturing: Computer, Peripheral and Communications Equipment",,,00,000,34620,Muncie MSA,2021,000000,,1,1,0.0,0.0,0.0,0.0,0.0,0.0,0.0,0.0
1,4,"Manufacturing: Computer, Peripheral and Communications Equipment",,,00,000,34620,Muncie MSA,2022,000000,,1,1,0.0,0.0,0.0,0.0,0.0,0.0,0.0,0.0
1,4,"Manufacturing: Computer, Peripheral and Communications Equipment",,,00,000,34620,Muncie MSA,2023,000000,,1,1,0.0,0.0,0.0,0.0,0.0,0.0,0.0,0.0
1,4,"Manufacturing: Computer, Peripheral and Communications Equipment",,,00,000,43780,South Bend-Mishawaka MSA,2019,000000,,1,1,10.431329696153998,45.971637926439996,0.543262556261,32.728441829235,306.68072293704296,2.730962925,1.118173716265,8.80722838451
1,4,"Manufacturing: Computer, Peripheral and Communications Equipment",,,00,000,43780,South Bend-Mishawaka MSA,2020,000000,,1,1,7.2329495862929996,54.632708254109005,0.0,31.066114932966002,287.562404614281,1.71674065521,1.785346167093,9.201022955046
1,4,"Manufacturing: Computer, Peripheral and Communications Equipment",,,00,000,43780,South Bend-Mishawaka MSA,2021,000000,,1,1,12.332866536909,51.351520608811995,0.0,31.877901868966998,276.991230794738,0.592475228341,2.1262771156479996,7.780260577511
1,4,"Manufacturing: Computer, Peripheral and Communications Equipment",,,00,000,43780,South Bend-Mishawaka MSA,2022,000000,,1,1,8.890855499355,75.62605481206,0.0,37.519877495322,298.70843608929,0.862901326206,3.3276110891380006,9.282308736849
1,4,"Manufacturing: Computer, Peripheral and Communications Equipment",,,00,000,43780,South Bend-Mishawaka MSA,2023,000000,,1,1,16.248299029604,74.25843730628299,0.0,32.578342840430004,308.82580716375304,0.0,2.475021971653,8.12622687891
1,4,"Manufacturing: Computer, Peripheral and Communications Equipment",,,00,000,45460,Terre Haute MSA,2019,000000,,1,1,8.95108978262,19.1135239509,0.0,6.81236714137,304.680496754,0.0,0.115790013131,5.02186582887
1,4,"Manufacturing: Computer, Peripheral and Communications Equipment",,,00,000,45460,Terre Haute MSA,2020,000000,,1,1,8.97653979114,6.48612603001,0.0,2.87289580041,207.183073972,0.0,0.0959839284048,3.66210630015
1,4,"Manufacturing: Computer, Peripheral and Communications Equipment",,,00,000,45460,Terre Haute MSA,2021,000000,,1,1,9.34460655286,6.46602636215,0.0,2.79953271847,194.955986438,0.0,0.0989076773431,2.78902212771
1,4,"Manufacturing: Computer, Peripheral and Communications Equipment",,,00,000,45460,Terre Haute MSA,2022,000000,,1,1,6.10667095757,5.4977850348,0.0,1.44177593251,166.822415385,0.0,0.0846447914437,2.38018224353
1,4,"Manufacturing: Computer, Peripheral and Communications Equipment",,,00,000,45460,Terre Haute MSA,2023,000000,,1,1,8.45370327871,8.413276023129999,0.0,5.19353289845,159.819552746,0.0,0.391333829759,3.24603212231
1,4,"Manufacturing: Computer, Peripheral and Communications Equipment",,,18,000,00000,Indiana,2019,000000,,1,1,361.19852838659995,749.7171493932668,5.737436240013,534.53017836386,11328.77783182383,24.62044222875,3.2821938147830005,108.16776716631702
1,4,"Manufacturing: Computer, Peripheral and Communications Equipment",,,18,000,00000,Indiana,2020,000000,,1,1,349.54412163590996,680.999925794591,5.428447063865,507.64621436836705,10660.81034195364,24.291581660932998,3.1542122740291996,111.61308954043999
1,4,"Manufacturing: Computer, Peripheral and Communications Equipment",,,18,000,00000,Indiana,2021,000000,,1,1,354.61637476455,600.1861408316091,3.57041938216,531.427939750658,10950.858352976149,19.940199229610002,3.3194474302037,116.567550937592
1,4,"Manufacturing: Computer, Peripheral and Communications Equipment",,,18,000,00000,Indiana,2022,000000,,1,1,371.21277312879096,574.168537708224,3.480325784622,570.7765654344599,11207.547687775239,22.00254811144,4.126609499975699,127.765617543469
1,4,"Manufacturing: Computer, Peripheral and Communications Equipment",,,18,000,00000,Indiana,2023,000000,,1,1,368.76120033110607,626.13235297403,3.707982056844,584.205117738636,11144.886265151152,24.637417309123002,3.0068621977741,150.09232077605802
2,1,IT/Tech Services,,,0,000,00000,United States,2019,423430,Computer and Computer Peripheral Equipment and Software Merchant Wholesalers ,2,2,24323.0579179,17821.042165,298.500487886,27522.0817286,149580.737707,509.926316222,0.33028271015,3293.729435
2,1,IT/Tech Services,,,0,000,00000,United States,2019,541511,Custom Computer Programming Services ,2,2,223537.392533,64611.1106975,1605.53628059,75321.0821029,596956.575058,2294.41774252,0.39158511163,16840.8268767
2,1,IT/Tech Services,,,0,000,00000,United States,2019,541512,Computer Systems Design Services ,2,2,225680.131483,81920.9574069,1530.72213131,74095.638303,641985.222156,2454.75000106,0.385863295608,17678.3746011
2,1,IT/Tech Services,,,0,000,00000,United States,2019,541513,Computer Facilities Management Services ,2,2,14322.5657509,6766.23316926,109.804924352,5872.64693483,47448.8700048,149.574900429,0.374974107119,1245.3512682
2,1,IT/Tech Services,,,0,000,00000,United States,2019,541519,Other Computer Related Services,2,2,24618.5138284,8012.86346601,160.09061262,8521.87288612,73228.402213,360.720574693,0.373989053045,2073.76913403
2,1,IT/Tech Services,,,0,000,00000,United States,2019,611420,Computer Training ,2,2,1332.77294177,1870.69415782,22.8822012789,1894.68978228,12665.4568523,31.7150147553,0.30175272886,320.716870617
2,1,IT/Tech Services,,,0,000,00000,United States,2019,811210,Electronic and Precision Equipment Repair and Maintenance ,2,2,7969.7086336,9920.13729873,169.432464657,15948.2884826,73183.7449921,388.376035922,0.330013179317,1651.93088377
2,1,IT/Tech Services,,,0,000,00000,United States,2020,423430,Computer and Computer Peripheral Equipment and Software Merchant Wholesalers ,2,2,25452.1121722,18241.9695453,318.275903579,28686.9721478,149906.102519,560.83185783,0.338545255877,3464.66389734
2,1,IT/Tech Services,,,0,000,00000,United States,2020,541511,Custom Computer Programming Services ,2,2,221897.825602,65640.1996227,1615.31183914,77635.2090794,599071.288045,2299.90651195,0.392726465132,18333.5833909
2,1,IT/Tech Services,,,0,000,00000,United States,2020,541512,Computer Systems Design Services ,2,2,222730.668149,83652.1569527,1568.22630541,77191.451101,642436.951748,2454.47828028,0.387929589238,19578.8905183
2,1,IT/Tech Services,,,0,000,00000,United States,2020,541513,Computer Facilities Management Services ,2,2,14176.9330493,6685.12834944,107.96526427,5941.34770799,45974.5606389,148.564092595,0.381538236577,1302.45001538
2,1,IT/Tech Services,,,0,000,00000,United States,2020,541519,Other Computer Related Services,2,2,24474.9291118,8142.20519123,160.180756119,8847.98340834,73294.2996442,324.590117389,0.376385440873,2287.22371681
2,1,IT/Tech Services,,,0,000,00000,United States,2020,611420,Computer Training ,2,2,1434.35932539,1856.54355689,25.8296896443,1963.61397054,13025.2035627,31.7692820548,0.302678847987,341.597099232
2,1,IT/Tech Services,,,0,000,00000,United States,2020,811210,Electronic and Precision Equipment Repair and Maintenance ,2,2,7370.44986804,9486.08772286,156.853907251,15361.3215961,70724.6440028,341.227111243,0.327392626107,1709.38403171
2,1,IT/Tech Services,,,0,000,00000,United States,2021,423430,Computer and Computer Peripheral Equipment and Software Merchant Wholesalers ,2,2,24666.9363328,17545.6666402,317.130745648,27067.0365628,145656.462399,549.428631482,0.33647583318,3716.79205962
2,1,IT/Tech Services,,,0,000,00000,United States,2021,541511,Custom Computer Programming Services ,2,2,228962.604294,72858.3876688,1713.0070874,83623.1025738,626727.730623,2393.39690822,0.395278349103,20112.1988935
2,1,IT/Tech Services,,,0,000,00000,United States,2021,541512,Computer Systems Design Services ,2,2,226887.592417,91165.2284216,1684.45347694,82607.2643187,666559.794316,2569.24860666,0.390136709177,21492.3410472
2,1,IT/Tech Services,,,0,000,00000,United States,2021,541513,Computer Facilities Management Services ,2,2,14578.4772124,6859.42596064,114.718960028,6289.00298892,46605.9223193,154.676932272,0.386841952391,1407.41539391
2,1,IT/Tech Services,,,0,000,00000,United States,2021,541519,Other Computer Related Services,2,2,25807.2016922,9305.30118026,172.74197218,9751.42843779,79317.6705564,379.275338872,0.377199425627,2622.83137841
2,1,IT/Tech Services,,,0,000,00000,United States,2021,611420,Computer Training ,2,2,1711.56802665,2062.85590184,28.3098329375,2294.66986476,14135.990329,36.2138313925,0.317503181248,442.562498474
2,1,IT/Tech Services,,,0,000,00000,United States,2021,811210,Electronic and Precision Equipment Repair and Maintenance ,2,2,7872.43808191,10129.4193466,162.235306802,15996.314458,72195.0619516,367.74443098,0.335560599743,1932.38680489
2,1,IT/Tech Services,,,0,000,00000,United States,2022,423430,Computer and Computer Peripheral Equipment and Software Merchant Wholesalers ,2,2,27259.5194516,19235.1074112,346.942894163,30049.8127359,151670.146279,569.048739874,0.350234668367,4292.38135533
2,1,IT/Tech Services,,,0,000,00000,United States,2022,541511,Custom Computer Programming Services ,2,2,244033.424186,83645.3213789,1872.93884511,95792.5960234,669875.989834,2628.84083502,0.402311725527,22929.091255799998
2,1,IT/Tech Services,,,0,000,00000,United States,2022,541512,Computer Systems Design Services ,2,2,235577.674413,101735.861219,1799.74307632,91803.1685338,696730.568393,2789.76845531,0.396419967123,23893.264026
2,1,IT/Tech Services,,,0,000,00000,United States,2022,541513,Computer Facilities Management Services ,2,2,15094.9879756,7087.43911605,122.601706675,6902.81418585,48410.2117085,168.550240211,0.38978190654,1546.03404867
2,1,IT/Tech Services,,,0,000,00000,United States,2022,541519,Other Computer Related Services,2,2,28083.330946,11204.940016,192.118653975,11252.0284397,87612.3359735,413.013616324,0.382145343677,3043.11558302
2,1,IT/Tech Services,,,0,000,00000,United States,2022,611420,Computer Training ,2,2,1826.28620368,2319.59931109,26.7750787392,2689.88198387,14722.1350455,38.2279989647,0.334058654469,484.349235175
2,1,IT/Tech Services,,,0,000,00000,United States,2022,811210,Electronic and Precision Equipment Repair and Maintenance ,2,2,8136.9802633,10514.4045759,186.441841453,16878.2123303,71666.8808791,374.194536494,0.346560555461,1919.27789733
2,1,IT/Tech Services,,,0,000,00000,United States,2023,423430,Computer and Computer Peripheral Equipment and Software Merchant Wholesalers ,2,2,28521.5388263,19469.6822161,395.689897515,31660.9449311,151077.758232,620.686792021,0.359951842488,4294.93515698
2,1,IT/Tech Services,,,0,000,00000,United States,2023,541511,Custom Computer Programming Services ,2,2,248971.059601,82480.6801033,1948.6107673,98175.620893,663742.275055,2711.81752204,0.408045108878,23241.6495119
2,1,IT/Tech Services,,,0,000,00000,United States,2023,541512,Computer Systems Design Services ,2,2,238438.54227,101639.07944,1864.44109096,93732.87213,690469.489737,2839.60763161,0.401101078936,23914.1704718
2,1,IT/Tech Services,,,0,000,00000,United States,2023,541513,Computer Facilities Management Services ,2,2,15579.6527322,7062.3569415,118.223256833,7220.81120894,48706.1739242,179.951644177,0.39465588877,1593.13876901
2,1,IT/Tech Services,,,0,000,00000,United States,2023,541519,Other Computer Related Services,2,2,24420.8224186,11061.9070661,154.754358565,10249.0560166,82800.5465027,404.120161997,0.372246875566,2808.64913496
2,1,IT/Tech Services,,,0,000,00000,United States,2023,611420,Computer Training ,2,2,1879.64225991,2381.88006482,26.0003859258,2847.20745103,14411.1017343,41.0829810714,0.347141063172,486.922090445
2,1,IT/Tech Services,,,0,000,00000,United States,2023,811210,Electronic and Precision Equipment Repair and Maintenance ,2,2,8373.89729579,10364.2609194,173.399022381,16865.0031458,71081.3247831,419.855845073,0.348765546594,1870.85272673
2,1,IT/Tech Services,,,00,000,14020,Bloomington MSA,2019,423430,Computer and Computer Peripheral Equipment and Software Merchant Wholesalers ,2,2,0.882180037062,0.0,0.0,0.0,27.4887770861,0.0,0.0310944757074,0.0
2,1,IT/Tech Services,,,00,000,14020,Bloomington MSA,2019,541511,Custom Computer Programming Services ,2,2,35.5729667642,7.09459604184,0.0,6.85157198804,316.930509692,0.0,0.143472333544,3.56818693229
2,1,IT/Tech Services,,,00,000,14020,Bloomington MSA,2019,541512,Computer Systems Design Services ,2,2,10.4452410315,2.12839516573,0.0,2.05548738942,93.0906402596,0.0,0.144310644052,1.07046430443
2,1,IT/Tech Services,,,00,000,14020,Bloomington MSA,2019,541513,Computer Facilities Management Services ,2,2,0.0,0.0,0.0,0.0,0.0,0.0,0.0,0.0
2,1,IT/Tech Services,,,00,000,14020,Bloomington MSA,2019,541519,Other Computer Related Services,2,2,0.679334986285,0.0,0.0,0.0,6.05665911442,0.0,0.100851481775,0.0
2,1,IT/Tech Services,,,00,000,14020,Bloomington MSA,2019,611420,Computer Training ,2,2,0.0,0.0,0.0,0.0,9.69906046278,0.0,0.0,0.0
2,1,IT/Tech Services,,,00,000,14020,Bloomington MSA,2019,811210,Electronic and Precision Equipment Repair and Maintenance ,2,2,0.0,2.38508381412,0.0,2.2186973506,18.1806754774,0.0,0.202057974743,0.0
2,1,IT/Tech Services,,,00,000,14020,Bloomington MSA,2020,423430,Computer and Computer Peripheral Equipment and Software Merchant Wholesalers ,2,2,0.824195966592,0.718963541095,0.0,0.0,28.7479225956,0.0,0.0509443506318,0.0
2,1,IT/Tech Services,,,00,000,14020,Bloomington MSA,2020,541511,Custom Computer Programming Services ,2,2,41.0909866302,5.661263219,0.0,9.35829220545,320.851016199,0.0,0.158364663541,4.26176056402
2,1,IT/Tech Services,,,00,000,14020,Bloomington MSA,2020,541512,Computer Systems Design Services ,2,2,11.9384367055,1.67155535351,0.0,2.59238578246,93.9663778761,0.0,0.156700791351,1.25833553583
2,1,IT/Tech Services,,,00,000,14020,Bloomington MSA,2020,541513,Computer Facilities Management Services ,2,2,0.0,0.0,0.0,0.0,2.4383294425,0.0,0.0,0.0
2,1,IT/Tech Services,,,00,000,14020,Bloomington MSA,2020,541519,Other Computer Related Services,2,2,0.0,0.0,0.0,0.0,2.88924075564,0.0,0.0,0.0
2,1,IT/Tech Services,,,00,000,14020,Bloomington MSA,2020,611420,Computer Training ,2,2,0.0,0.0,0.0,0.909245617102,13.4069873925,0.0,0.0635115128742,0.0
2,1,IT/Tech Services,,,00,000,14020,Bloomington MSA,2020,811210,Electronic and Precision Equipment Repair and Maintenance ,2,2,0.0,0.852787740931,0.0,1.60817581146,14.3206822741,0.0,0.146646138158,0.0
2,1,IT/Tech Services,,,00,000,14020,Bloomington MSA,2021,423430,Computer and Computer Peripheral Equipment and Software Merchant Wholesalers ,2,2,0.896674739236,0.939138230699,0.0,0.595165221327,23.8335301266,0.0,0.0925575366514,0.0
2,1,IT/Tech Services,,,00,000,14020,Bloomington MSA,2021,541511,Custom Computer Programming Services ,2,2,42.532954943,6.64812353999,0.0,9.09273145889,287.995901912,2.24619565642,0.181096899553,3.16904978777
2,1,IT/Tech Services,,,00,000,14020,Bloomington MSA,2021,541512,Computer Systems Design Services ,2,2,13.9658060396,2.21389602897,0.0,2.62718601088,108.432383361,0.748007105182,0.159716416215,1.05532737148
2,1,IT/Tech Services,,,00,000,14020,Bloomington MSA,2021,541513,Computer Facilities Management Services ,2,2,0.73310163582,0.0,0.0,0.0,4.89146595382,0.0,0.13033919926,0.0
2,1,IT/Tech Services,,,00,000,14020,Bloomington MSA,2021,541519,Other Computer Related Services,2,2,0.0,0.0,0.0,0.0,0.744556606854,0.0,0.0,0.0
2,1,IT/Tech Services,,,00,000,14020,Bloomington MSA,2021,611420,Computer Training ,2,2,0.0,0.0,0.0,0.0,4.8933007015,0.0,0.0,0.0
2,1,IT/Tech Services,,,00,000,14020,Bloomington MSA,2021,811210,Electronic and Precision Equipment Repair and Maintenance ,2,2,0.0,0.739100594482,0.0,1.40168385441,15.8140108363,0.0,0.119231905175,0.0
2,1,IT/Tech Services,,,00,000,14020,Bloomington MSA,2022,423430,Computer and Computer Peripheral Equipment and Software Merchant Wholesalers ,2,2,0.759049616194,1.40567090657,0.0,1.34611902894,23.4103010449,0.0,0.130411991242,0.0
2,1,IT/Tech Services,,,00,000,14020,Bloomington MSA,2022,541511,Custom Computer Programming Services ,2,2,35.28281444,6.19652343246,0.0,5.51142786582,217.66236798,1.56381295289,0.196021248184,4.51454652844
2,1,IT/Tech Services,,,00,000,14020,Bloomington MSA,2022,541512,Computer Systems Design Services ,2,2,20.114353727,3.53257148491,0.0,2.73653304091,117.108783686,0.891512975836,0.203110940308,2.5736945091
2,1,IT/Tech Services,,,00,000,14020,Bloomington MSA,2022,541513,Computer Facilities Management Services ,2,2,0.541242047595,0.0,0.0,0.0,2.98131152368,0.0,0.153650480154,0.0
2,1,IT/Tech Services,,,00,000,14020,Bloomington MSA,2022,541519,Other Computer Related Services,2,2,0.0,0.0,0.0,0.0,0.0,0.0,0.0,0.0
2,1,IT/Tech Services,,,00,000,14020,Bloomington MSA,2022,611420,Computer Training ,2,2,0.0,0.0,0.0,0.0,2.34364942391,0.0,0.0,0.0
2,1,IT/Tech Services,,,00,000,14020,Bloomington MSA,2022,811210,Electronic and Precision Equipment Repair and Maintenance ,2,2,0.0,1.19742211096,0.0,2.42736419414,20.2867719205,0.0,0.151591388185,0.0
2,1,IT/Tech Services,,,00,000,14020,Bloomington MSA,2023,423430,Computer and Computer Peripheral Equipment and Software Merchant Wholesalers ,2,2,0.918587587043,1.07488886621,0.0,1.82713549725,25.0086613383,0.0,0.132525433861,0.0
2,1,IT/Tech Services,,,00,000,14020,Bloomington MSA,2023,541511,Custom Computer Programming Services ,2,2,40.2646103605,7.60502443833,0.0,5.07209397544,221.575612923,0.937056973552,0.205286154868,3.3574205524
2,1,IT/Tech Services,,,00,000,14020,Bloomington MSA,2023,541512,Computer Systems Design Services ,2,2,23.4585093929,4.43075285276,0.0,2.95504571134,124.305810509,0.545937477576,0.211518297453,1.95606218114
2,1,IT/Tech Services,,,00,000,14020,Bloomington MSA,2023,541513,Computer Facilities Management Services ,2,2,0.551952956333,0.0,0.0,0.0,2.87775635195,0.0,0.160932868276,0.0
2,1,IT/Tech Services,,,00,000,14020,Bloomington MSA,2023,541519,Other Computer Related Services,2,2,0.0,0.0,0.0,0.0,0.0,0.0,0.0,0.0
2,1,IT/Tech Services,,,00,000,14020,Bloomington MSA,2023,611420,Computer Training ,2,2,0.0,0.0,0.0,0.0,1.1780581425,0.0,0.0,0.0
2,1,IT/Tech Services,,,00,000,14020,Bloomington MSA,2023,811210,Electronic and Precision Equipment Repair and Maintenance ,2,2,0.0,1.06192685986,0.0,0.990544168542,14.6701132989,0.0,0.122736473516,0.0
2,1,IT/Tech Services,,,00,000,16980,Chicago-Naperville-Elgin MSA,2019,423430,Computer and Computer Peripheral Equipment and Software Merchant Wholesalers ,2,2,893.284574074,654.305547261,5.724451399,1275.44746399,6416.0577066,14.5571726424,0.314359031096,98.3744401976
2,1,IT/Tech Services,,,00,000,16980,Chicago-Naperville-Elgin MSA,2019,541511,Custom Computer Programming Services ,2,2,8620.28941193,1785.30997341,33.2473466568,2019.72140584,18091.1651205,47.9996794455,0.416072447285,384.132939903
2,1,IT/Tech Services,,,00,000,16980,Chicago-Naperville-Elgin MSA,2019,541512,Computer Systems Design Services ,2,2,8956.41502667,1726.34801151,34.4005624555,1992.38093174,17704.9001151,48.5252878307,0.425789181816,370.479303954
2,1,IT/Tech Services,,,00,000,16980,Chicago-Naperville-Elgin MSA,2019,541513,Computer Facilities Management Services ,2,2,219.939912599,64.2772760333,0.0,53.835387225,533.884112308,1.33787250729,0.395699212665,10.1995692606
2,1,IT/Tech Services,,,00,000,16980,Chicago-Naperville-Elgin MSA,2019,541519,Other Computer Related Services,2,2,1042.87708491,226.481135558,3.42864112691,248.809136729,2302.15901573,5.09542403149,0.40594415184,46.4737807818
2,1,IT/Tech Services,,,00,000,16980,Chicago-Naperville-Elgin MSA,2019,611420,Computer Training ,2,2,39.7551409558,63.814993948,0.859287317247,76.1061870701,449.388119839,0.540456321386,0.295226652348,7.1707667441
2,1,IT/Tech Services,,,00,000,16980,Chicago-Naperville-Elgin MSA,2019,811210,Electronic and Precision Equipment Repair and Maintenance ,2,2,329.728976301,268.368034503,1.66788457618,637.675798423,1957.0661151,3.1421346362299998,0.394668744192,35.4008888
2,1,IT/Tech Services,,,00,000,16980,Chicago-Naperville-Elgin MSA,2020,423430,Computer and Computer Peripheral Equipment and Software Merchant Wholesalers ,2,2,912.273784776,626.844445875,5.51253739271,1286.63238873,6121.43811569,12.6916539382,0.324434701294,95.8157049739
2,1,IT/Tech Services,,,00,000,16980,Chicago-Naperville-Elgin MSA,2020,541511,Custom Computer Programming Services ,2,2,8274.64396738,1812.69546165,33.1895642176,2119.28018989,18090.4105635,46.4772499665,0.4120984795,394.460982532
2,1,IT/Tech Services,,,00,000,16980,Chicago-Naperville-Elgin MSA,2020,541512,Computer Systems Design Services ,2,2,8429.61189158,1668.26863151,33.6969156196,1993.3547471,16894.1970595,44.8066709639,0.425838825621,360.201091596
2,1,IT/Tech Services,,,00,000,16980,Chicago-Naperville-Elgin MSA,2020,541513,Computer Facilities Management Services ,2,2,219.790164266,71.4843082624,0.0,58.5228601266,563.517395972,0.726867541532,0.390628497082,10.7102067529
2,1,IT/Tech Services,,,00,000,16980,Chicago-Naperville-Elgin MSA,2020,541519,Other Computer Related Services,2,2,992.719264431,228.998029999,3.54790912602,257.851531671,2271.94867068,4.94499800549,0.403179317497,46.7421723409
2,1,IT/Tech Services,,,00,000,16980,Chicago-Naperville-Elgin MSA,2020,611420,Computer Training ,2,2,27.7936282799,46.5891506203,0.826583556732,53.6064851173,317.203999961,0.685085815031,0.299887427564,6.3707753992
2,1,IT/Tech Services,,,00,000,16980,Chicago-Naperville-Elgin MSA,2020,811210,Electronic and Precision Equipment Repair and Maintenance ,2,2,330.806091261,312.885982792,1.92565805649,704.65244563,1904.80136507,4.33176752246,0.422342216527,38.0531068862
2,1,IT/Tech Services,,,00,000,16980,Chicago-Naperville-Elgin MSA,2021,423430,Computer and Computer Peripheral Equipment and Software Merchant Wholesalers ,2,2,940.717718331,626.030165437,5.00676688765,1303.2907858,5951.57517102,11.9736946421,0.333915694703,96.573699432
2,1,IT/Tech Services,,,00,000,16980,Chicago-Naperville-Elgin MSA,2021,541511,Custom Computer Programming Services ,2,2,8445.90132372,1986.13730759,34.2478559818,2258.99410648,18220.3537811,48.450280868,0.41971686575,404.990564031
2,1,IT/Tech Services,,,00,000,16980,Chicago-Naperville-Elgin MSA,2021,541512,Computer Systems Design Services ,2,2,7883.76858757,1722.39917363,31.4518540645,1986.49867368,16032.5278696,44.1103331752,0.428397697006,347.639719474
2,1,IT/Tech Services,,,00,000,16980,Chicago-Naperville-Elgin MSA,2021,541513,Computer Facilities Management Services ,2,2,281.07179779,89.6380310847,0.558275931098,77.7134180813,678.778368194,1.59900829586,0.405684412128,12.7588273748
2,1,IT/Tech Services,,,00,000,16980,Chicago-Naperville-Elgin MSA,2021,541519,Other Computer Related Services,2,2,1022.05439359,249.865856105,3.85237919557,279.966815228,2321.61133505,5.40379443515,0.409711298336,50.255373064
2,1,IT/Tech Services,,,00,000,16980,Chicago-Naperville-Elgin MSA,2021,611420,Computer Training ,2,2,39.4519019467,54.3456332323,0.0,53.0871312096,322.155292068,0.0,0.321631288868,5.8570802501
2,1,IT/Tech Services,,,00,000,16980,Chicago-Naperville-Elgin MSA,2021,811210,Electronic and Precision Equipment Repair and Maintenance ,2,2,357.210842446,304.866061229,1.6932092103,707.267014855,1877.51616032,4.42573285894,0.428890441753,34.5095759821
2,1,IT/Tech Services,,,00,000,16980,Chicago-Naperville-Elgin MSA,2022,423430,Computer and Computer Peripheral Equipment and Software Merchant Wholesalers ,2,2,996.340009089,686.236017605,6.68668240511,1372.94595459,5786.54204709,11.5007940114,0.354124078417,98.9647374037
2,1,IT/Tech Services,,,00,000,16980,Chicago-Naperville-Elgin MSA,2022,541511,Custom Computer Programming Services ,2,2,8557.00296666,2312.23369776,34.3553030843,2492.43832049,18599.8270862,50.7991119007,0.427425464687,437.895199473
2,1,IT/Tech Services,,,00,000,16980,Chicago-Naperville-Elgin MSA,2022,541512,Computer Systems Design Services ,2,2,7884.43527825,1965.01210081,31.1900564663,2161.77526539,16148.4272098,45.2102244176,0.435535355963,372.344350544
2,1,IT/Tech Services,,,00,000,16980,Chicago-Naperville-Elgin MSA,2022,541513,Computer Facilities Management Services ,2,2,293.203932933,88.7788538062,0.610212340683,84.480491689,699.75692293,0.922357069447,0.408006317957,14.2816734417
2,1,IT/Tech Services,,,00,000,16980,Chicago-Naperville-Elgin MSA,2022,541519,Other Computer Related Services,2,2,997.847826913,284.384071091,3.729573769,300.596099846,2296.00183797,5.41799493018,0.417224095287,51.7905567173
2,1,IT/Tech Services,,,00,000,16980,Chicago-Naperville-Elgin MSA,2022,611420,Computer Training ,2,2,40.2373290803,58.9721411536,0.0,58.5140360755,315.017216448,0.0,0.343228511674,6.90436240145
2,1,IT/Tech Services,,,00,000,16980,Chicago-Naperville-Elgin MSA,2022,811210,Electronic and Precision Equipment Repair and Maintenance ,2,2,322.304244334,289.548941526,1.57934137175,691.464208829,1791.15695712,3.93784296304,0.428245478447,32.7461853801
2,1,IT/Tech Services,,,00,000,16980,Chicago-Naperville-Elgin MSA,2023,423430,Computer and Computer Peripheral Equipment and Software Merchant Wholesalers ,2,2,1014.47059487,675.871632443,5.82500285715,1378.19479158,5536.80090058,11.2638974935,0.364940139245,96.1227890239
2,1,IT/Tech Services,,,00,000,16980,Chicago-Naperville-Elgin MSA,2023,541511,Custom Computer Programming Services ,2,2,8017.48645813,2070.56456377,35.8048710894,2378.16645764,17599.3462292,53.1969090015,0.424507997093,426.825981927
2,1,IT/Tech Services,,,00,000,16980,Chicago-Naperville-Elgin MSA,2023,541512,Computer Systems Design Services ,2,2,7623.64096525,1760.30494632,33.5819644992,2086.31213058,15543.9779205,47.0397854726,0.434017532751,368.851536257
2,1,IT/Tech Services,,,00,000,16980,Chicago-Naperville-Elgin MSA,2023,541513,Computer Facilities Management Services ,2,2,280.37617527,73.9998364265,0.575095213655,76.5496213054,621.758644352,1.50612061712,0.417735468313,13.0629774083
2,1,IT/Tech Services,,,00,000,16980,Chicago-Naperville-Elgin MSA,2023,541519,Other Computer Related Services,2,2,893.539627944,242.759991511,3.44763749962,268.17358701,2085.5519994,5.04752557347,0.411822042228,47.2636439516
2,1,IT/Tech Services,,,00,000,16980,Chicago-Naperville-Elgin MSA,2023,611420,Computer Training ,2,2,46.0689689933,74.9694414177,0.0,77.4166312035,343.344591407,0.749215623298,0.377235623829,8.77458047962
2,1,IT/Tech Services,,,00,000,16980,Chicago-Naperville-Elgin MSA,2023,811210,Electronic and Precision Equipment Repair and Maintenance ,2,2,439.725203352,287.583865984,1.68378145581,759.876583969,2128.3219869,4.16857943937,0.41866919255,39.7602416734
2,1,IT/Tech Services,,,00,000,17140,Cincinnati MSA,2019,423430,Computer and Computer Peripheral Equipment and Software Merchant Wholesalers ,2,2,33.8414145509,56.1010536773,0.0,19.3523272486,802.082637143,0.0,0.127894290583,8.3306124974
2,1,IT/Tech Services,,,00,000,17140,Cincinnati MSA,2019,541511,Custom Computer Programming Services ,2,2,1007.56381381,316.519107434,4.06903078288,137.289050096,3995.17939245,10.640722762,0.277178980012,55.9431033143
2,1,IT/Tech Services,,,00,000,17140,Cincinnati MSA,2019,541512,Computer Systems Design Services ,2,2,1040.96219631,346.41663351,3.94667002893,151.527129245,4347.1550468,9.68818367713,0.270780742513,61.6868139712
2,1,IT/Tech Services,,,00,000,17140,Cincinnati MSA,2019,541513,Computer Facilities Management Services ,2,2,26.2950292675,9.21839056075,0.0,3.11505967097,147.213365878,0.0,0.211818836948,0.934206600476
2,1,IT/Tech Services,,,00,000,17140,Cincinnati MSA,2019,541519,Other Computer Related Services,2,2,106.035111728,50.6936601944,0.529177409341,15.2333463157,681.14399697,1.14507288736,0.210230851984,7.67925156408
2,1,IT/Tech Services,,,00,000,17140,Cincinnati MSA,2019,611420,Computer Training ,2,2,2.05098455088,3.08228459929,0.0,1.43308371709,37.7443726008,0.0,0.168456458676,1.08000962285
2,1,IT/Tech Services,,,00,000,17140,Cincinnati MSA,2019,811210,Electronic and Precision Equipment Repair and Maintenance ,2,2,40.5180173175,74.9534370868,1.8015655248,66.8314947139,653.9322052,0.0,0.231175885195,12.5247969042
2,1,IT/Tech Services,,,00,000,17140,Cincinnati MSA,2020,423430,Computer and Computer Peripheral Equipment and Software Merchant Wholesalers ,2,2,32.994987806,53.542314413,0.0,19.2997874309,765.088508349,0.0,0.130160476101,8.64872269795
2,1,IT/Tech Services,,,00,000,17140,Cincinnati MSA,2020,541511,Custom Computer Programming Services ,2,2,1050.4094271,330.606513138,5.25446951837,157.935891635,4228.59796387,11.1398243745,0.276935560919,64.2178933354
2,1,IT/Tech Services,,,00,000,17140,Cincinnati MSA,2020,541512,Computer Systems Design Services ,2,2,896.512001706,319.627455636,3.95426581362,178.299486926,4061.60433403,8.84328844346,0.265752028101,62.811265206
2,1,IT/Tech Services,,,00,000,17140,Cincinnati MSA,2020,541513,Computer Facilities Management Services ,2,2,22.9634548175,15.3800439669,0.0,8.10635652434,212.00753494,0.0,0.188278914548,2.72534694944
2,1,IT/Tech Services,,,00,000,17140,Cincinnati MSA,2020,541519,Other Computer Related Services,2,2,105.012056886,56.2714989,0.579499222573,23.25184603,725.089105601,0.846585222552,0.213525104274,10.8975968732
2,1,IT/Tech Services,,,00,000,17140,Cincinnati MSA,2020,611420,Computer Training ,2,2,1.50384704474,2.43049396551,0.0,1.19532178795,31.6341859556,0.0,0.152102921582,0.545144001112
2,1,IT/Tech Services,,,00,000,17140,Cincinnati MSA,2020,811210,Electronic and Precision Equipment Repair and Maintenance ,2,2,37.0232093951,59.9019730369,0.693381985186,47.9259957119,601.917623162,0.0,0.207323132034,11.8858530742
2,1,IT/Tech Services,,,00,000,17140,Cincinnati MSA,2021,423430,Computer and Computer Peripheral Equipment and Software Merchant Wholesalers ,2,2,35.4690592985,54.6225109189,0.0,20.5337006417,782.048480183,0.0,0.13266722598,8.99686905672
2,1,IT/Tech Services,,,00,000,17140,Cincinnati MSA,2021,541511,Custom Computer Programming Services ,2,2,1048.27129823,384.497327844,5.82074488047,163.57499526,4726.60561627,12.8221703121,0.263536813411,76.3873230827
2,1,IT/Tech Services,,,00,000,17140,Cincinnati MSA,2021,541512,Computer Systems Design Services ,2,2,819.179382302,329.203409042,3.90932911347,145.719035387,4167.45019035,10.8992667398,0.248483069826,69.0236931557
2,1,IT/Tech Services,,,00,000,17140,Cincinnati MSA,2021,541513,Computer Facilities Management Services ,2,2,22.7649336366,15.0416823898,0.0,5.78654464527,243.022864103,0.0,0.160938314255,3.02044442844
2,1,IT/Tech Services,,,00,000,17140,Cincinnati MSA,2021,541519,Other Computer Related Services,2,2,109.061449401,56.5026087668,0.599851147802,20.5433230028,745.600296365,1.09270594229,0.211103698933,11.7180215455
2,1,IT/Tech Services,,,00,000,17140,Cincinnati MSA,2021,611420,Computer Training ,2,2,0.0,0.592702619021,0.0,0.921637181826,20.0130854211,0.0,0.0703446782528,0.0
2,1,IT/Tech Services,,,00,000,17140,Cincinnati MSA,2021,811210,Electronic and Precision Equipment Repair and Maintenance ,2,2,27.4299519907,52.825068222,0.585515877483,35.0595102,601.843493668,0.0,0.170657779324,7.94421434153
2,1,IT/Tech Services,,,00,000,17140,Cincinnati MSA,2022,423430,Computer and Computer Peripheral Equipment and Software Merchant Wholesalers ,2,2,34.7941946641,55.3822634178,0.0,21.3090113133,775.148812299,0.0,0.135157489976,9.65469961102
2,1,IT/Tech Services,,,00,000,17140,Cincinnati MSA,2022,541511,Custom Computer Programming Services ,2,2,995.842220269,397.678565846,5.82152361051,174.789787605,4791.76948887,11.7007135016,0.257825635971,78.7908622198
2,1,IT/Tech Services,,,00,000,17140,Cincinnati MSA,2022,541512,Computer Systems Design Services ,2,2,819.121543154,351.419885849,4.69509533341,159.009628951,4425.00051208,11.2601265108,0.242783036405,73.2615398228
2,1,IT/Tech Services,,,00,000,17140,Cincinnati MSA,2022,541513,Computer Facilities Management Services ,2,2,25.677810374,16.6599985648,0.0,7.61819013926,287.28568395,0.0,0.157649772511,3.81085613527
2,1,IT/Tech Services,,,00,000,17140,Cincinnati MSA,2022,541519,Other Computer Related Services,2,2,115.018244688,59.4589533345,0.590584267042,24.2794742884,808.517701272,0.81924640298,0.209496598204,14.1041853157
2,1,IT/Tech Services,,,00,000,17140,Cincinnati MSA,2022,611420,Computer Training ,2,2,0.0,2.04357817671,0.0,1.06729037338,28.8766932684,0.0,0.0972524435509,0.0
2,1,IT/Tech Services,,,00,000,17140,Cincinnati MSA,2022,811210,Electronic and Precision Equipment Repair and Maintenance ,2,2,24.7526876061,45.7363518126,0.643014527128,31.5852313526,524.308315346,0.752391060627,0.173047381412,6.2466229591
2,1,IT/Tech Services,,,00,000,17140,Cincinnati MSA,2023,423430,Computer and Computer Peripheral Equipment and Software Merchant Wholesalers ,2,2,34.1322121374,52.7281985222,0.0,22.0229383855,729.544842689,0.0,0.13985514943,9.73690767366
2,1,IT/Tech Services,,,00,000,17140,Cincinnati MSA,2023,541511,Custom Computer Programming Services ,2,2,958.110964567,370.940187578,6.65155744316,180.210544242,4722.70919889,10.7983075342,0.253825720206,79.8099929077
2,1,IT/Tech Services,,,00,000,17140,Cincinnati MSA,2023,541512,Computer Systems Design Services ,2,2,772.676196247,305.902506728,4.51655415829,157.06490053,4126.75458535,9.99992642618,0.242085558052,67.9671759876
2,1,IT/Tech Services,,,00,000,17140,Cincinnati MSA,2023,541513,Computer Facilities Management Services ,2,2,28.2505929719,20.0456002686,0.0,10.8236345076,356.670110115,0.538776429723,0.152746452307,4.64339150229
2,1,IT/Tech Services,,,00,000,17140,Cincinnati MSA,2023,541519,Other Computer Related Services,2,2,113.962310613,54.6731096685,0.784319745281,24.8440153153,780.086783562,0.0,0.210222441386,13.3792022787
2,1,IT/Tech Services,,,00,000,17140,Cincinnati MSA,2023,611420,Computer Training ,2,2,0.0,3.4506445753,0.0,0.692735815922,26.6038628781,0.0,0.134756158623,0.0
2,1,IT/Tech Services,,,00,000,17140,Cincinnati MSA,2023,811210,Electronic and Precision Equipment Repair and Maintenance ,2,2,24.0289778271,50.2498241758,0.0,32.3626642525,509.079524147,0.0,0.184459245264,8.50228868033
2,1,IT/Tech Services,,,00,000,18020,Columbus MSA,2019,423430,Computer and Computer Peripheral Equipment and Software Merchant Wholesalers ,2,2,0.0,0.0,0.0,0.0,0.374403227256,0.0,0.0,0.0
2,1,IT/Tech Services,,,00,000,18020,Columbus MSA,2019,541511,Custom Computer Programming Services ,2,2,201.358792983,8.63490058866,0.0,18.8637640828,239.727855526,1.76232692939,0.492546943444,2.06621655912
2,1,IT/Tech Services,,,00,000,18020,Columbus MSA,2019,541512,Computer Systems Design Services ,2,2,56.7666393086,2.44630429799,0.0,4.83506269313,68.2492382575,0.0,0.486394518091,0.585367995525
2,1,IT/Tech Services,,,00,000,18020,Columbus MSA,2019,541513,Computer Facilities Management Services ,2,2,4.94632246243,0.0,0.0,0.0,5.9242284394,0.0,0.455020403943,0.0
2,1,IT/Tech Services,,,00,000,18020,Columbus MSA,2019,541519,Other Computer Related Services,2,2,0.0,0.0,0.0,0.0,0.0,0.0,0.0,0.0
2,1,IT/Tech Services,,,00,000,18020,Columbus MSA,2019,611420,Computer Training ,2,2,0.0,0.0,0.0,0.0,0.0,0.0,0.0,0.0
2,1,IT/Tech Services,,,00,000,18020,Columbus MSA,2019,811210,Electronic and Precision Equipment Repair and Maintenance ,2,2,0.0,0.0,0.0,0.0,15.7673180054,0.0,0.0,0.0
2,1,IT/Tech Services,,,00,000,18020,Columbus MSA,2020,423430,Computer and Computer Peripheral Equipment and Software Merchant Wholesalers ,2,2,0.0,0.0,0.0,0.0,0.996951053005,0.0,0.0,0.0
2,1,IT/Tech Services,,,00,000,18020,Columbus MSA,2020,541511,Custom Computer Programming Services ,2,2,227.096286797,8.44508708094,0.0,20.2143065584,241.0379595,1.85899386485,0.518551518903,1.99898098964
2,1,IT/Tech Services,,,00,000,18020,Columbus MSA,2020,541512,Computer Systems Design Services ,2,2,50.264559079,1.87642582516,0.0,4.16018345906,53.7800840109,0.0,0.511451015945,0.0
2,1,IT/Tech Services,,,00,000,18020,Columbus MSA,2020,541513,Computer Facilities Management Services ,2,2,0.0,0.0,0.0,0.0,0.353102631258,0.0,0.0,0.0
2,1,IT/Tech Services,,,00,000,18020,Columbus MSA,2020,541519,Other Computer Related Services,2,2,0.803769195514,0.0,0.0,0.0,0.837364839465,0.0,0.489764503314,0.0
2,1,IT/Tech Services,,,00,000,18020,Columbus MSA,2020,611420,Computer Training ,2,2,0.0,0.0,0.0,0.0,0.0,0.0,0.0,0.0
2,1,IT/Tech Services,,,00,000,18020,Columbus MSA,2020,811210,Electronic and Precision Equipment Repair and Maintenance ,2,2,0.0,0.0,0.0,0.0,18.5524501687,0.0,0.0,0.0
2,1,IT/Tech Services,,,00,000,18020,Columbus MSA,2021,423430,Computer and Computer Peripheral Equipment and Software Merchant Wholesalers ,2,2,0.0,0.0,0.0,0.0,0.478532076789,0.0,0.0,0.0
2,1,IT/Tech Services,,,00,000,18020,Columbus MSA,2021,541511,Custom Computer Programming Services ,2,2,160.257119086,7.2838660176,0.0,20.8458616681,199.836641079,0.919453288602,0.488679049558,1.68133646324
2,1,IT/Tech Services,,,00,000,18020,Columbus MSA,2021,541512,Computer Systems Design Services ,2,2,42.9157140836,1.95871432213,0.0,5.20696921858,53.8684331492,0.0,0.481784311255,0.0
2,1,IT/Tech Services,,,00,000,18020,Columbus MSA,2021,541513,Computer Facilities Management Services ,2,2,0.731391488754,0.0,0.0,0.0,0.893344558015,0.0,0.450160190764,0.0
2,1,IT/Tech Services,,,00,000,18020,Columbus MSA,2021,541519,Other Computer Related Services,2,2,0.0,0.0,0.0,0.0,0.455170542693,0.0,0.0,0.0
2,1,IT/Tech Services,,,00,000,18020,Columbus MSA,2021,611420,Computer Training ,2,2,0.0,0.0,0.0,0.0,0.0,0.0,0.0,0.0
2,1,IT/Tech Services,,,00,000,18020,Columbus MSA,2021,811210,Electronic and Precision Equipment Repair and Maintenance ,2,2,0.0,0.0,0.0,0.0,21.3821950383,0.0,0.0,0.0
2,1,IT/Tech Services,,,00,000,18020,Columbus MSA,2022,423430,Computer and Computer Peripheral Equipment and Software Merchant Wholesalers ,2,2,0.0,0.0,0.0,0.0,3.42390634158,0.0,0.0,0.0
2,1,IT/Tech Services,,,00,000,18020,Columbus MSA,2022,541511,Custom Computer Programming Services ,2,2,131.865776069,6.47279059923,0.0,24.3564311027,183.399991607,1.38660567992,0.47297953849,0.512467794061
2,1,IT/Tech Services,,,00,000,18020,Columbus MSA,2022,541512,Computer Systems Design Services ,2,2,45.1869382518,2.22746134758,0.0,8.0477777921,63.2243808258,0.0,0.467299568077,0.0
2,1,IT/Tech Services,,,00,000,18020,Columbus MSA,2022,541513,Computer Facilities Management Services ,2,2,0.0,0.0,0.0,0.0,0.1554752552,0.0,0.0,0.0
2,1,IT/Tech Services,,,00,000,18020,Columbus MSA,2022,541519,Other Computer Related Services,2,2,0.0,0.0,0.0,0.0,0.960413405704,0.0,0.0,0.0
2,1,IT/Tech Services,,,00,000,18020,Columbus MSA,2022,611420,Computer Training ,2,2,0.0,0.0,0.0,0.0,0.0,0.0,0.0,0.0
2,1,IT/Tech Services,,,00,000,18020,Columbus MSA,2022,811210,Electronic and Precision Equipment Repair and Maintenance ,2,2,0.0,0.0,0.0,0.0,28.8404586044,0.0,0.0,0.0
2,1,IT/Tech Services,,,00,000,18020,Columbus MSA,2023,423430,Computer and Computer Peripheral Equipment and Software Merchant Wholesalers ,2,2,0.668091924763,0.968319866321,0.0,0.0,7.27894854755,0.0,0.227014313534,0.501306328031
2,1,IT/Tech Services,,,00,000,18020,Columbus MSA,2023,541511,Custom Computer Programming Services ,2,2,143.207147559,7.28291742969,0.835956264764,30.141233262,194.81005216,2.09889479382,0.486156396545,0.747039240903
2,1,IT/Tech Services,,,00,000,18020,Columbus MSA,2023,541512,Computer Systems Design Services ,2,2,42.7011523267,2.17928218801,0.0,7.73641961553,58.7263821411,0.628056556021,0.475522871459,0.0
2,1,IT/Tech Services,,,00,000,18020,Columbus MSA,2023,541513,Computer Facilities Management Services ,2,2,0.0,0.0,0.0,0.0,0.0,0.0,0.0,0.0
2,1,IT/Tech Services,,,00,000,18020,Columbus MSA,2023,541519,Other Computer Related Services,2,2,1.03521386919,0.0,0.0,0.0,1.38394748728,0.0,0.427922621376,0.0
2,1,IT/Tech Services,,,00,000,18020,Columbus MSA,2023,611420,Computer Training ,2,2,0.0,0.0,0.0,0.0,0.0,0.0,0.0,0.0
2,1,IT/Tech Services,,,00,000,18020,Columbus MSA,2023,811210,Electronic and Precision Equipment Repair and Maintenance ,2,2,0.0,0.0,0.0,0.706689209748,27.336852577,0.0,0.0251997131861,0.0
2,1,IT/Tech Services,,,00,000,21140,Elkhart-Goshen MSA,2019,423430,Computer and Computer Peripheral Equipment and Software Merchant Wholesalers ,2,2,0.0,0.0,0.0,0.0,1.17015392436,0.0,0.0,0.0
2,1,IT/Tech Services,,,00,000,21140,Elkhart-Goshen MSA,2019,541511,Custom Computer Programming Services ,2,2,8.91573517568,4.59763278063,0.0,4.83980925453,114.277897586,0.0,0.152894432407,2.27288754017
2,1,IT/Tech Services,,,00,000,21140,Elkhart-Goshen MSA,2019,541512,Computer Systems Design Services ,2,2,5.38289577015,2.77583144406,0.0,2.9220460513,69.0376184917,0.0,0.152815494105,1.37226111868
2,1,IT/Tech Services,,,00,000,21140,Elkhart-Goshen MSA,2019,541513,Computer Facilities Management Services ,2,2,0.0,0.0,0.0,0.0,0.0,0.0,0.0,0.0
2,1,IT/Tech Services,,,00,000,21140,Elkhart-Goshen MSA,2019,541519,Other Computer Related Services,2,2,0.0,0.0,0.0,0.0,0.282134777769,0.0,0.0,0.0
2,1,IT/Tech Services,,,00,000,21140,Elkhart-Goshen MSA,2019,611420,Computer Training ,2,2,0.0,0.0,0.0,0.0,0.0,0.0,0.0,0.0
2,1,IT/Tech Services,,,00,000,21140,Elkhart-Goshen MSA,2019,811210,Electronic and Precision Equipment Repair and Maintenance ,2,2,1.09596678871,2.83399896353,0.0,1.17301922584,27.3843176728,0.0,0.157076290172,0.0
2,1,IT/Tech Services,,,00,000,21140,Elkhart-Goshen MSA,2020,423430,Computer and Computer Peripheral Equipment and Software Merchant Wholesalers ,2,2,0.0,0.0,0.0,0.0,1.43170800959,0.0,0.0,0.0
2,1,IT/Tech Services,,,00,000,21140,Elkhart-Goshen MSA,2020,541511,Custom Computer Programming Services ,2,2,8.95143663872,2.85018403759,0.0,4.03759245877,98.1838274979,0.0,0.148375156197,1.26695849324
2,1,IT/Tech Services,,,00,000,21140,Elkhart-Goshen MSA,2020,541512,Computer Systems Design Services ,2,2,6.35758911764,2.02428948023,0.0,2.867623926,69.7665977323,0.0,0.148314685173,0.899833384767
2,1,IT/Tech Services,,,00,000,21140,Elkhart-Goshen MSA,2020,541513,Computer Facilities Management Services ,2,2,0.0,0.0,0.0,0.0,0.0,0.0,0.0,0.0
2,1,IT/Tech Services,,,00,000,21140,Elkhart-Goshen MSA,2020,541519,Other Computer Related Services,2,2,0.0,0.0,0.0,0.0,5.14625752229,0.0,0.0,0.0
2,1,IT/Tech Services,,,00,000,21140,Elkhart-Goshen MSA,2020,611420,Computer Training ,2,2,0.0,0.0,0.0,0.0,0.0,0.0,0.0,0.0
2,1,IT/Tech Services,,,00,000,21140,Elkhart-Goshen MSA,2020,811210,Electronic and Precision Equipment Repair and Maintenance ,2,2,0.933013879366,2.79849633586,0.0,1.73158565526,25.0836344806,0.0,0.17884388305,0.0
2,1,IT/Tech Services,,,00,000,21140,Elkhart-Goshen MSA,2021,423430,Computer and Computer Peripheral Equipment and Software Merchant Wholesalers ,2,2,0.0,0.0,0.0,0.0,0.844513275576,0.0,0.0,0.0
2,1,IT/Tech Services,,,00,000,21140,Elkhart-Goshen MSA,2021,541511,Custom Computer Programming Services ,2,2,7.70290336208,1.90857562404,0.0,3.17090952053,94.6317872204,0.0,0.133715412322,1.8245069951
2,1,IT/Tech Services,,,00,000,21140,Elkhart-Goshen MSA,2021,541512,Computer Systems Design Services ,2,2,6.01510355601,1.49038349353,0.0,2.47612468133,73.8692764115,0.0,0.133758588807,1.42473532359
2,1,IT/Tech Services,,,00,000,21140,Elkhart-Goshen MSA,2021,541513,Computer Facilities Management Services ,2,2,0.0,0.0,0.0,0.0,0.0,0.0,0.0,0.0
2,1,IT/Tech Services,,,00,000,21140,Elkhart-Goshen MSA,2021,541519,Other Computer Related Services,2,2,0.0,0.0,0.0,0.0,3.75431628929,0.0,0.0,0.0
2,1,IT/Tech Services,,,00,000,21140,Elkhart-Goshen MSA,2021,611420,Computer Training ,2,2,0.0,0.0,0.0,0.0,0.0,0.0,0.0,0.0
2,1,IT/Tech Services,,,00,000,21140,Elkhart-Goshen MSA,2021,811210,Electronic and Precision Equipment Repair and Maintenance ,2,2,0.96764470653,3.49722215583,0.0,1.93526080208,24.6299476317,0.0,0.206255627914,0.0
2,1,IT/Tech Services,,,00,000,21140,Elkhart-Goshen MSA,2022,423430,Computer and Computer Peripheral Equipment and Software Merchant Wholesalers ,2,2,0.0,0.0,0.0,0.0,0.681368955087,0.0,0.0,0.0
2,1,IT/Tech Services,,,00,000,21140,Elkhart-Goshen MSA,2022,541511,Custom Computer Programming Services ,2,2,4.52629948884,1.36594471632,0.0,2.38994635786,69.2288399471,0.0,0.121835382758,1.32252596416
2,1,IT/Tech Services,,,00,000,21140,Elkhart-Goshen MSA,2022,541512,Computer Systems Design Services ,2,2,5.9331350183,1.79049893836,0.0,3.13277423702,90.6878319204,0.0,0.121904128217,1.73358504667
2,1,IT/Tech Services,,,00,000,21140,Elkhart-Goshen MSA,2022,541513,Computer Facilities Management Services ,2,2,0.0,0.0,0.0,0.0,6.97065050629,0.0,0.0,0.0
2,1,IT/Tech Services,,,00,000,21140,Elkhart-Goshen MSA,2022,541519,Other Computer Related Services,2,2,0.0,0.0,0.0,0.0,3.61428660262,0.0,0.0,0.0
2,1,IT/Tech Services,,,00,000,21140,Elkhart-Goshen MSA,2022,611420,Computer Training ,2,2,0.0,0.0,0.0,0.0,0.0,0.0,0.0,0.0
2,1,IT/Tech Services,,,00,000,21140,Elkhart-Goshen MSA,2022,811210,Electronic and Precision Equipment Repair and Maintenance ,2,2,1.53315316315,2.48054436603,0.0,1.5806039609,23.3312856709,0.0,0.193403212835,0.0
2,1,IT/Tech Services,,,00,000,21140,Elkhart-Goshen MSA,2023,423430,Computer and Computer Peripheral Equipment and Software Merchant Wholesalers ,2,2,0.0,0.0,0.0,0.0,1.59696520642,0.0,0.0,0.0
2,1,IT/Tech Services,,,00,000,21140,Elkhart-Goshen MSA,2023,541511,Custom Computer Programming Services ,2,2,4.08079140736,1.79529544344,0.0,3.84846499913,79.3703420855,0.0,0.122716054245,1.37791417821
2,1,IT/Tech Services,,,00,000,21140,Elkhart-Goshen MSA,2023,541512,Computer Systems Design Services ,2,2,7.21832437296,3.1756156006,0.0,8.14600893172,140.065333416,0.0,0.130259176672,2.4373290628
2,1,IT/Tech Services,,,00,000,21140,Elkhart-Goshen MSA,2023,541513,Computer Facilities Management Services ,2,2,0.0,0.0,0.0,0.0,0.206367774356,0.0,0.0,0.0
2,1,IT/Tech Services,,,00,000,21140,Elkhart-Goshen MSA,2023,541519,Other Computer Related Services,2,2,0.0,0.0,0.0,0.0,0.691318064369,0.0,0.0,0.0
2,1,IT/Tech Services,,,00,000,21140,Elkhart-Goshen MSA,2023,611420,Computer Training ,2,2,0.0,0.0,0.0,0.0,0.0,0.0,0.0,0.0
2,1,IT/Tech Services,,,00,000,21140,Elkhart-Goshen MSA,2023,811210,Electronic and Precision Equipment Repair and Maintenance ,2,2,1.10823586041,2.42221054227,0.0,1.25614357765,21.5065193729,0.0,0.182047315744,0.0
2,1,IT/Tech Services,,,00,000,21780,Evansville MSA,2019,423430,Computer and Computer Peripheral Equipment and Software Merchant Wholesalers ,2,2,3.88016521618,4.63152568568,0.0,6.50626895608,255.267239105,0.0,0.0731575588127,5.13080246447
2,1,IT/Tech Services,,,00,000,21780,Evansville MSA,2019,541511,Custom Computer Programming Services ,2,2,5.22161328368,1.98284114442,0.0,1.19527064129,77.6606794262,0.0,0.102894288296,0.507631370152
2,1,IT/Tech Services,,,00,000,21780,Evansville MSA,2019,541512,Computer Systems Design Services ,2,2,15.0273032772,9.18692569566,0.0,5.53794367171,310.925390254,0.576283294034,0.095110208511,2.35196434746
2,1,IT/Tech Services,,,00,000,21780,Evansville MSA,2019,541513,Computer Facilities Management Services ,2,2,8.10531929749,5.40629689519,0.0,3.25895393845,181.520118859,0.0,0.0909210912816,1.38407754351
2,1,IT/Tech Services,,,00,000,21780,Evansville MSA,2019,541519,Other Computer Related Services,2,2,1.47426983117,1.08715464465,0.0,0.655344495422,36.7716553177,0.0,0.0804425037605,0.0
2,1,IT/Tech Services,,,00,000,21780,Evansville MSA,2019,611420,Computer Training ,2,2,0.0,0.0,0.0,0.0,0.0,0.0,0.0,0.0
2,1,IT/Tech Services,,,00,000,21780,Evansville MSA,2019,811210,Electronic and Precision Equipment Repair and Maintenance ,2,2,2.13967607997,8.3697113593,0.0,1.23491816834,93.4207436341,0.0,0.123876774809,1.46463588478
2,1,IT/Tech Services,,,00,000,21780,Evansville MSA,2020,423430,Computer and Computer Peripheral Equipment and Software Merchant Wholesalers ,2,2,5.71960750247,6.90161141733,0.0,6.89414076098,272.065242646,0.0,0.0757584663452,2.78535369142
2,1,IT/Tech Services,,,00,000,21780,Evansville MSA,2020,541511,Custom Computer Programming Services ,2,2,6.50549492054,2.44548977135,0.0,1.82017359492,117.312269434,0.0,0.0947130977854,1.50230819013
2,1,IT/Tech Services,,,00,000,21780,Evansville MSA,2020,541512,Computer Systems Design Services ,2,2,13.8637307632,7.72256901461,0.0,5.7478940906,327.651373979,0.632677262301,0.0861863764395,2.93558417363
2,1,IT/Tech Services,,,00,000,21780,Evansville MSA,2020,541513,Computer Facilities Management Services ,2,2,5.44900142289,3.75557851457,0.0,2.79527026691,156.564333449,0.0,0.078988873096,1.42761001285
2,1,IT/Tech Services,,,00,000,21780,Evansville MSA,2020,541519,Other Computer Related Services,2,2,0.619555578336,0.0,0.0,0.0,17.9357834375,0.0,0.0333896124348,0.0
2,1,IT/Tech Services,,,00,000,21780,Evansville MSA,2020,611420,Computer Training ,2,2,0.0,0.0,0.0,0.0,0.0,0.0,0.0,0.0
2,1,IT/Tech Services,,,00,000,21780,Evansville MSA,2020,811210,Electronic and Precision Equipment Repair and Maintenance ,2,2,0.938225806933,8.33367783069,0.0,0.0,97.1684916428,0.0,0.105296540112,2.16373558436
2,1,IT/Tech Services,,,00,000,21780,Evansville MSA,2021,423430,Computer and Computer Peripheral Equipment and Software Merchant Wholesalers ,2,2,5.44550837013,6.4102800281,0.0,4.72348161551,239.249339746,0.0,0.0732041079299,2.31813192639
2,1,IT/Tech Services,,,00,000,21780,Evansville MSA,2021,541511,Custom Computer Programming Services ,2,2,6.92038058909,2.91285597604,0.0,2.09506611261,136.174650792,0.527402117485,0.0896483361494,0.954311744548
2,1,IT/Tech Services,,,00,000,21780,Evansville MSA,2021,541512,Computer Systems Design Services ,2,2,14.2801416794,8.42602688814,0.0,6.06040379013,343.965261445,1.52561762729,0.0876688408623,2.76054033752
2,1,IT/Tech Services,,,00,000,21780,Evansville MSA,2021,541513,Computer Facilities Management Services ,2,2,5.14098685783,3.77873496196,0.0,2.71784792399,147.710442464,0.684178289882,0.0840808848432,1.2379915737
2,1,IT/Tech Services,,,00,000,21780,Evansville MSA,2021,541519,Other Computer Related Services,2,2,0.0,0.0,0.0,0.0,6.24418678603,0.0,0.0,0.0
2,1,IT/Tech Services,,,00,000,21780,Evansville MSA,2021,611420,Computer Training ,2,2,0.0,0.0,0.0,0.0,0.0,0.0,0.0,0.0
2,1,IT/Tech Services,,,00,000,21780,Evansville MSA,2021,811210,Electronic and Precision Equipment Repair and Maintenance ,2,2,0.883830469424,6.53179123157,0.0,0.0,102.919729465,0.0,0.0851539888721,2.16416046012
2,1,IT/Tech Services,,,00,000,21780,Evansville MSA,2022,423430,Computer and Computer Peripheral Equipment and Software Merchant Wholesalers ,2,2,5.92324212975,7.64904483089,0.83450078526,4.4825300167,250.138569404,0.0,0.0829842629426,3.74667852043
2,1,IT/Tech Services,,,00,000,21780,Evansville MSA,2022,541511,Custom Computer Programming Services ,2,2,9.57671171906,3.76248781201,0.0,4.85238593417,141.820166451,0.643708403555,0.121684658252,0.812932306326
2,1,IT/Tech Services,,,00,000,21780,Evansville MSA,2022,541512,Computer Systems Design Services ,2,2,15.1386158386,9.7992283017,0.0,10.3247116084,351.027018741,2.08908755288,0.102271600638,2.63828583424
2,1,IT/Tech Services,,,00,000,21780,Evansville MSA,2022,541513,Computer Facilities Management Services ,2,2,3.35125305828,2.67587634912,0.0,2.81937013344,93.5862328399,0.570467367622,0.0977347519685,0.720437002661
2,1,IT/Tech Services,,,00,000,21780,Evansville MSA,2022,541519,Other Computer Related Services,2,2,0.0,0.0,0.0,0.0,4.69993566864,0.0,0.0,0.0
2,1,IT/Tech Services,,,00,000,21780,Evansville MSA,2022,611420,Computer Training ,2,2,0.0,0.0,0.0,0.0,0.0,0.0,0.0,0.0
2,1,IT/Tech Services,,,00,000,21780,Evansville MSA,2022,811210,Electronic and Precision Equipment Repair and Maintenance ,2,2,1.40109014346,5.95631798953,0.0,0.0,107.945092135,0.0,0.0797419990244,1.99622685047
2,1,IT/Tech Services,,,00,000,21780,Evansville MSA,2023,423430,Computer and Computer Peripheral Equipment and Software Merchant Wholesalers ,2,2,6.04641210126,7.41477071537,1.02884803732,5.85767314964,241.885443648,0.0,0.085789139392,2.3507181397
2,1,IT/Tech Services,,,00,000,21780,Evansville MSA,2023,541511,Custom Computer Programming Services ,2,2,12.4678986463,4.53450616367,0.0,5.15457835202,146.950837986,0.630832472266,0.13952648226,1.04038252252
2,1,IT/Tech Services,,,00,000,21780,Evansville MSA,2023,541512,Computer Systems Design Services ,2,2,15.5054757462,9.45809782632,0.0,9.43378866298,324.11043706,1.93094544558,0.108664280838,3.18455688608
2,1,IT/Tech Services,,,00,000,21780,Evansville MSA,2023,541513,Computer Facilities Management Services ,2,2,4.74325194308,2.34472630982,0.0,2.21455424486,85.3243375569,0.0,0.105768103365,0.789473153378
2,1,IT/Tech Services,,,00,000,21780,Evansville MSA,2023,541519,Other Computer Related Services,2,2,0.0,0.0,0.0,0.0,4.88924332925,0.0,0.0,0.0
2,1,IT/Tech Services,,,00,000,21780,Evansville MSA,2023,611420,Computer Training ,2,2,0.0,0.0,0.0,0.0,0.0,0.0,0.0,0.0
2,1,IT/Tech Services,,,00,000,21780,Evansville MSA,2023,811210,Electronic and Precision Equipment Repair and Maintenance ,2,2,1.57106201468,4.55921373504,0.0,0.0,130.925846879,0.0,0.0657897215174,3.08989149101
2,1,IT/Tech Services,,,00,000,23060,Fort Wayne MSA,2019,423430,Computer and Computer Peripheral Equipment and Software Merchant Wholesalers ,2,2,3.51855575921,12.5520544377,0.0,10.2951046765,237.404908302,0.639492691323,0.112160102978,2.98596432565
2,1,IT/Tech Services,,,00,000,23060,Fort Wayne MSA,2019,541511,Custom Computer Programming Services ,2,2,34.0500429216,18.8784845724,0.945334058908,15.1180687634,426.471881366,0.662124321862,0.156373833241,9.39641283939
2,1,IT/Tech Services,,,00,000,23060,Fort Wayne MSA,2019,541512,Computer Systems Design Services ,2,2,24.9304847588,12.4072795194,0.638194337358,10.2061972545,294.560309868,0.0,0.15619552465,6.34351149107
2,1,IT/Tech Services,,,00,000,23060,Fort Wayne MSA,2019,541513,Computer Facilities Management Services ,2,2,4.47675207793,2.48718502677,0.0,1.82665318727,57.3181285746,0.0,0.149334660497,1.27163144613
2,1,IT/Tech Services,,,00,000,23060,Fort Wayne MSA,2019,541519,Other Computer Related Services,2,2,6.17802651981,2.87785802922,0.0,1.72272088997,61.818181793,0.0,0.162310604157,1.19927858876
2,1,IT/Tech Services,,,00,000,23060,Fort Wayne MSA,2019,611420,Computer Training ,2,2,0.0,0.0,0.0,0.0,0.0,0.0,0.0,0.0
2,1,IT/Tech Services,,,00,000,23060,Fort Wayne MSA,2019,811210,Electronic and Precision Equipment Repair and Maintenance ,2,2,4.609595453,4.96434759818,0.0,7.17856565477,147.627374235,0.0,0.123750213117,4.09647670556
2,1,IT/Tech Services,,,00,000,23060,Fort Wayne MSA,2020,423430,Computer and Computer Peripheral Equipment and Software Merchant Wholesalers ,2,2,3.79150812368,12.0087790483,0.0,12.6802499123,248.464203481,0.0,0.110382206861,2.34846309746
2,1,IT/Tech Services,,,00,000,23060,Fort Wayne MSA,2020,541511,Custom Computer Programming Services ,2,2,33.4113219829,20.1173550416,0.0,16.2034705303,441.600113023,0.780052822693,0.152420176263,8.90069405395
2,1,IT/Tech Services,,,00,000,23060,Fort Wayne MSA,2020,541512,Computer Systems Design Services ,2,2,23.980326101,13.9427165739,0.0,10.7500451127,305.688603945,0.540630485319,0.153383949245,6.1687957611
2,1,IT/Tech Services,,,00,000,23060,Fort Wayne MSA,2020,541513,Computer Facilities Management Services ,2,2,0.880368367626,0.560724471347,0.0,0.0,12.0507794488,0.0,0.106811924115,0.0
2,1,IT/Tech Services,,,00,000,23060,Fort Wayne MSA,2020,541519,Other Computer Related Services,2,2,9.11541787255,4.67723635883,0.0,3.12839013645,108.299827636,0.0,0.149190000246,2.06938982594
2,1,IT/Tech Services,,,00,000,23060,Fort Wayne MSA,2020,611420,Computer Training ,2,2,0.0,0.0,0.0,0.0,0.0,0.0,0.0,0.0
2,1,IT/Tech Services,,,00,000,23060,Fort Wayne MSA,2020,811210,Electronic and Precision Equipment Repair and Maintenance ,2,2,0.0,6.5105648125,0.0,9.2582334232,151.591597608,0.0,0.106038132747,2.21238254996
2,1,IT/Tech Services,,,00,000,23060,Fort Wayne MSA,2021,423430,Computer and Computer Peripheral Equipment and Software Merchant Wholesalers ,2,2,4.60655203112,16.4035132474,0.0,16.270480124,300.584186939,0.690963772085,0.119160663293,2.69176458998
2,1,IT/Tech Services,,,00,000,23060,Fort Wayne MSA,2021,541511,Custom Computer Programming Services ,2,2,38.1282571651,27.1852064619,0.0,16.5037928703,497.836137236,1.22136442161,0.156459109372,9.29952120348
2,1,IT/Tech Services,,,00,000,23060,Fort Wayne MSA,2021,541512,Computer Systems Design Services ,2,2,23.2168008857,14.9486614398,0.0,9.60160419096,286.642356545,0.688163875796,0.157769778131,5.23970932934
2,1,IT/Tech Services,,,00,000,23060,Fort Wayne MSA,2021,541513,Computer Facilities Management Services ,2,2,0.862329213646,0.646435893471,0.0,0.0,11.9167999473,0.0,0.112380007918,0.0
2,1,IT/Tech Services,,,00,000,23060,Fort Wayne MSA,2021,541519,Other Computer Related Services,2,2,7.13314635803,5.34728705261,0.0,2.60566483033,99.3433625727,0.0,0.145828436482,1.87429690405
2,1,IT/Tech Services,,,00,000,23060,Fort Wayne MSA,2021,611420,Computer Training ,2,2,0.0,0.0,0.0,0.0,0.0,0.0,0.0,0.0
2,1,IT/Tech Services,,,00,000,23060,Fort Wayne MSA,2021,811210,Electronic and Precision Equipment Repair and Maintenance ,2,2,0.0,6.07672055107,0.0,9.95468376727,154.040712405,0.0,0.11692678379,4.36496230637
2,1,IT/Tech Services,,,00,000,23060,Fort Wayne MSA,2022,423430,Computer and Computer Peripheral Equipment and Software Merchant Wholesalers ,2,2,6.41806226563,17.2029761306,0.0,18.5338235586,320.857497897,0.0,0.124480057294,3.46415569756
2,1,IT/Tech Services,,,00,000,23060,Fort Wayne MSA,2022,541511,Custom Computer Programming Services ,2,2,37.918650828,26.8503412204,0.0,15.8500852055,469.468752942,0.687604940135,0.158636105505,7.20994552217
2,1,IT/Tech Services,,,00,000,23060,Fort Wayne MSA,2022,541512,Computer Systems Design Services ,2,2,28.9860794683,19.8177855352,0.0,11.2646744146,348.803841087,0.507509648562,0.158903692967,5.32153960003
2,1,IT/Tech Services,,,00,000,23060,Fort Wayne MSA,2022,541513,Computer Facilities Management Services ,2,2,0.592907915405,0.0,0.0,0.0,7.61169590333,0.0,0.0722652706339,0.0
2,1,IT/Tech Services,,,00,000,23060,Fort Wayne MSA,2022,541519,Other Computer Related Services,2,2,9.61837684543,7.25934457105,0.0,3.59639510672,126.772162639,0.0,0.150295471825,1.94930404997
2,1,IT/Tech Services,,,00,000,23060,Fort Wayne MSA,2022,611420,Computer Training ,2,2,0.0,0.0,0.0,0.0,0.933746672019,0.0,0.0,0.0
2,1,IT/Tech Services,,,00,000,23060,Fort Wayne MSA,2022,811210,Electronic and Precision Equipment Repair and Maintenance ,2,2,5.03580109388,11.2114682425,0.0,9.0135345267,147.286952853,0.0,0.17486614706,5.95292208682
2,1,IT/Tech Services,,,00,000,23060,Fort Wayne MSA,2023,423430,Computer and Computer Peripheral Equipment and Software Merchant Wholesalers ,2,2,7.1883881761,20.2276599007,0.0,17.4682195019,316.115258726,0.52024432199,0.137552318084,5.01290764982
2,1,IT/Tech Services,,,00,000,23060,Fort Wayne MSA,2023,541511,Custom Computer Programming Services ,2,2,35.5705091189,27.4390024696,0.0,17.0033102577,443.468715057,1.04307873335,0.162120355017,4.75034373526
2,1,IT/Tech Services,,,00,000,23060,Fort Wayne MSA,2023,541512,Computer Systems Design Services ,2,2,36.6310719031,28.4627981647,0.0,18.0523070698,463.736887414,1.10743010079,0.161467527449,5.04340992997
2,1,IT/Tech Services,,,00,000,23060,Fort Wayne MSA,2023,541513,Computer Facilities Management Services ,2,2,0.0,0.0,0.0,0.0,6.6488123786,0.0,0.0,0.0
2,1,IT/Tech Services,,,00,000,23060,Fort Wayne MSA,2023,541519,Other Computer Related Services,2,2,8.97366212039,7.42950227076,0.0,3.85774913887,120.094672042,0.0,0.152305066072,1.31645614427
2,1,IT/Tech Services,,,00,000,23060,Fort Wayne MSA,2023,611420,Computer Training ,2,2,0.0,0.617851990425,0.0,0.0,5.65369013227,0.0,0.0985167568577,0.0
2,1,IT/Tech Services,,,00,000,23060,Fort Wayne MSA,2023,811210,Electronic and Precision Equipment Repair and Maintenance ,2,2,5.46425023103,9.60172860268,0.0,6.92636882259,143.671911288,0.0,0.157813697225,4.92971867642
2,1,IT/Tech Services,,,00,000,26900,Indianapolis-Carmel-Greenwood MSA,2019,423430,Computer and Computer Peripheral Equipment and Software Merchant Wholesalers ,2,2,47.2545935388,122.847662747,1.20542841236,62.6061342022,1135.31056606,1.27357781829,0.178158047538,10.9240523169
2,1,IT/Tech Services,,,00,000,26900,Indianapolis-Carmel-Greenwood MSA,2019,541511,Custom Computer Programming Services ,2,2,1185.80501326,535.542895785,7.21093189051,238.709157067,6154.41616515,15.8627638971,0.253076823165,102.144055941
2,1,IT/Tech Services,,,00,000,26900,Indianapolis-Carmel-Greenwood MSA,2019,541512,Computer Systems Design Services ,2,2,1222.44613734,569.039452697,8.92301304232,248.629771347,6684.87514844,16.8856037709,0.245251504846,106.290607696
2,1,IT/Tech Services,,,00,000,26900,Indianapolis-Carmel-Greenwood MSA,2019,541513,Computer Facilities Management Services ,2,2,30.648979617,12.8233826312,0.0,4.43812735038,153.528310406,0.0,0.246691309006,2.36650881698
2,1,IT/Tech Services,,,00,000,26900,Indianapolis-Carmel-Greenwood MSA,2019,541519,Other Computer Related Services,2,2,60.6705635586,24.4545726771,0.0,11.3995596792,334.045658576,0.732085961787,0.233303171084,4.39214700042
2,1,IT/Tech Services,,,00,000,26900,Indianapolis-Carmel-Greenwood MSA,2019,611420,Computer Training ,2,2,0.0,3.20845998315,0.0,0.0,24.6595134882,0.0,0.115130724753,0.0
2,1,IT/Tech Services,,,00,000,26900,Indianapolis-Carmel-Greenwood MSA,2019,811210,Electronic and Precision Equipment Repair and Maintenance ,2,2,21.9497998237,134.120176666,0.529980529079,44.2033830018,654.032728702,0.891419395036,0.246246924597,11.9740842472
2,1,IT/Tech Services,,,00,000,26900,Indianapolis-Carmel-Greenwood MSA,2020,423430,Computer and Computer Peripheral Equipment and Software Merchant Wholesalers ,2,2,63.6528479633,125.246780296,1.02516077694,68.2583712469,1116.35328851,0.677113373372,0.196071778893,13.40952532
2,1,IT/Tech Services,,,00,000,26900,Indianapolis-Carmel-Greenwood MSA,2020,541511,Custom Computer Programming Services ,2,2,1174.54184201,549.16547789,8.15226073064,260.570217022,6519.38791592,16.1823138177,0.245750916263,115.547650014
2,1,IT/Tech Services,,,00,000,26900,Indianapolis-Carmel-Greenwood MSA,2020,541512,Computer Systems Design Services ,2,2,1170.86338761,565.789311106,9.48125288097,259.814579203,6735.67096034,15.5923109754,0.240753512136,114.308933249
2,1,IT/Tech Services,,,00,000,26900,Indianapolis-Carmel-Greenwood MSA,2020,541513,Computer Facilities Management Services ,2,2,46.1892291693,19.938796396,0.0,8.79678822933,249.157080718,0.568164598231,0.242206244077,4.14267475735
2,1,IT/Tech Services,,,00,000,26900,Indianapolis-Carmel-Greenwood MSA,2020,541519,Other Computer Related Services,2,2,56.0802488194,24.6380586965,0.0,10.1902804615,339.869853047,0.64543498359,0.22200469482,5.42947102889
2,1,IT/Tech Services,,,00,000,26900,Indianapolis-Carmel-Greenwood MSA,2020,611420,Computer Training ,2,2,0.0,3.47727687291,0.0,0.0,36.2476915287,0.0,0.087533785748,0.0
2,1,IT/Tech Services,,,00,000,26900,Indianapolis-Carmel-Greenwood MSA,2020,811210,Electronic and Precision Equipment Repair and Maintenance ,2,2,18.660838208,101.814270086,0.702505020075,48.2354473968,583.769361502,1.26588325615,0.234405263282,8.05610254823
2,1,IT/Tech Services,,,00,000,26900,Indianapolis-Carmel-Greenwood MSA,2021,423430,Computer and Computer Peripheral Equipment and Software Merchant Wholesalers ,2,2,70.1172836184,151.52494389,1.80130044074,88.8962982302,1241.18986891,2.33303591713,0.211105775242,17.4658977983
2,1,IT/Tech Services,,,00,000,26900,Indianapolis-Carmel-Greenwood MSA,2021,541511,Custom Computer Programming Services ,2,2,1076.73417982,567.661572035,8.11754339036,281.065878413,6522.18756371,16.362211413,0.240682387345,117.409150964
2,1,IT/Tech Services,,,00,000,26900,Indianapolis-Carmel-Greenwood MSA,2021,541512,Computer Systems Design Services ,2,2,1212.19082064,652.339259769,10.5177404811,316.839047662,7554.43736102,18.3281699258,0.236644223375,131.699462043
2,1,IT/Tech Services,,,00,000,26900,Indianapolis-Carmel-Greenwood MSA,2021,541513,Computer Facilities Management Services ,2,2,40.9530413534,20.035676331,0.0,8.71426062317,243.740782808,0.609286868814,0.23304765778,3.75129185587
2,1,IT/Tech Services,,,00,000,26900,Indianapolis-Carmel-Greenwood MSA,2021,541519,Other Computer Related Services,2,2,54.220848325,27.8342983264,0.0,11.6225726562,343.91482254699997,0.764997697154,0.226626688803,6.33691468916
2,1,IT/Tech Services,,,00,000,26900,Indianapolis-Carmel-Greenwood MSA,2021,611420,Computer Training ,2,2,0.627459239211,9.13160398658,0.0,1.75848230785,76.3317393083,0.0,0.141343013725,1.04737648891
2,1,IT/Tech Services,,,00,000,26900,Indianapolis-Carmel-Greenwood MSA,2021,811210,Electronic and Precision Equipment Repair and Maintenance ,2,2,19.6159647033,93.7481518534,0.0,51.7347883782,597.619274407,3.00851045626,0.229577986595,9.97709852643
2,1,IT/Tech Services,,,00,000,26900,Indianapolis-Carmel-Greenwood MSA,2022,423430,Computer and Computer Peripheral Equipment and Software Merchant Wholesalers ,2,2,81.8326684294,169.437435443,1.14885979676,95.9943688302,1376.07087631,2.79959758586,0.213219433336,21.7056000705
2,1,IT/Tech Services,,,00,000,26900,Indianapolis-Carmel-Greenwood MSA,2022,541511,Custom Computer Programming Services ,2,2,1034.26650335,659.197357474,8.47387792081,337.112303686,7016.40064302,17.5327438985,0.237296160925,126.394210513
2,1,IT/Tech Services,,,00,000,26900,Indianapolis-Carmel-Greenwood MSA,2022,541512,Computer Systems Design Services ,2,2,1135.83021021,723.648955911,10.2299322549,372.309104677,7856.08790458,19.1360107015,0.234066541225,139.638312424
2,1,IT/Tech Services,,,00,000,26900,Indianapolis-Carmel-Greenwood MSA,2022,541513,Computer Facilities Management Services ,2,2,43.407463449,27.5374090915,0.0,12.8861690501,298.414470885,0.670397399079,0.229530090335,4.39898346719
2,1,IT/Tech Services,,,00,000,26900,Indianapolis-Carmel-Greenwood MSA,2022,541519,Other Computer Related Services,2,2,51.8109102721,32.4293050961,0.0,16.161461814,370.439121971,0.773302240597,0.225032857554,6.39212839504
2,1,IT/Tech Services,,,00,000,26900,Indianapolis-Carmel-Greenwood MSA,2022,611420,Computer Training ,2,2,1.5960599154,12.3102272267,0.0,4.09354142938,90.5961302552,0.0,0.17316197814,0.973422188636
2,1,IT/Tech Services,,,00,000,26900,Indianapolis-Carmel-Greenwood MSA,2022,811210,Electronic and Precision Equipment Repair and Maintenance ,2,2,25.9412950229,94.3279269634,0.0,50.6309203602,597.311301576,2.96490871153,0.23534293017,9.97290386661
2,1,IT/Tech Services,,,00,000,26900,Indianapolis-Carmel-Greenwood MSA,2023,423430,Computer and Computer Peripheral Equipment and Software Merchant Wholesalers ,2,2,84.4595147003,178.986988201,1.3649224295,107.66311661,1397.8569961,2.55122750344,0.2221395916,24.171025861
2,1,IT/Tech Services,,,00,000,26900,Indianapolis-Carmel-Greenwood MSA,2023,541511,Custom Computer Programming Services ,2,2,974.098741109,632.604794332,8.29792159409,330.587681919,6616.72435495,15.1473750622,0.23936260268,121.45977083
2,1,IT/Tech Services,,,00,000,26900,Indianapolis-Carmel-Greenwood MSA,2023,541512,Computer Systems Design Services ,2,2,1128.26414443,730.439244063,11.2093661089,387.836373873,7752.9093949,17.4107808019,0.237592934485,140.920131491
2,1,IT/Tech Services,,,00,000,26900,Indianapolis-Carmel-Greenwood MSA,2023,541513,Computer Facilities Management Services ,2,2,46.8928264459,29.8728033299,0.0,14.1004452219,317.4116434,0.644909547859,0.23318175225,5.01071849136
2,1,IT/Tech Services,,,00,000,26900,Indianapolis-Carmel-Greenwood MSA,2023,541519,Other Computer Related Services,2,2,67.203651141,45.0774510915,0.0,21.0704963704,504.216707695,0.702817772801,0.220299832266,8.40913657374
2,1,IT/Tech Services,,,00,000,26900,Indianapolis-Carmel-Greenwood MSA,2023,611420,Computer Training ,2,2,1.08713422876,7.57038950635,0.0,2.81388607089,62.4322580999,0.0,0.161515502294,0.554784540969
2,1,IT/Tech Services,,,00,000,26900,Indianapolis-Carmel-Greenwood MSA,2023,811210,Electronic and Precision Equipment Repair and Maintenance ,2,2,29.9195787986,100.280568025,0.0,64.0482367335,577.838193392,1.84889170037,0.261567289964,8.58429996082
2,1,IT/Tech Services,,,00,000,29020,Kokomo MSA,2019,423430,Computer and Computer Peripheral Equipment and Software Merchant Wholesalers ,2,2,0.0,0.0,0.0,0.0,0.0,0.0,0.0,0.0
2,1,IT/Tech Services,,,00,000,29020,Kokomo MSA,2019,541511,Custom Computer Programming Services ,2,2,5.93221159688,0.0,0.0,0.0,24.8568031145,0.0,0.19267299238,0.0
2,1,IT/Tech Services,,,00,000,29020,Kokomo MSA,2019,541512,Computer Systems Design Services ,2,2,0.0,0.0,0.0,0.0,1.40308861597,0.0,0.0,0.0
2,1,IT/Tech Services,,,00,000,29020,Kokomo MSA,2019,541513,Computer Facilities Management Services ,2,2,0.0,0.0,0.0,0.0,0.0,0.0,0.0,0.0
2,1,IT/Tech Services,,,00,000,29020,Kokomo MSA,2019,541519,Other Computer Related Services,2,2,0.0,0.0,0.0,0.0,0.511437566954,0.0,0.0,0.0
2,1,IT/Tech Services,,,00,000,29020,Kokomo MSA,2019,611420,Computer Training ,2,2,0.0,0.0,0.0,0.0,0.0,0.0,0.0,0.0
2,1,IT/Tech Services,,,00,000,29020,Kokomo MSA,2019,811210,Electronic and Precision Equipment Repair and Maintenance ,2,2,0.0,0.0,0.0,0.804362506125,14.2327979449,0.0,0.0534916488217,0.0
2,1,IT/Tech Services,,,00,000,29020,Kokomo MSA,2020,423430,Computer and Computer Peripheral Equipment and Software Merchant Wholesalers ,2,2,0.0,0.0,0.0,0.0,0.0,0.0,0.0,0.0
2,1,IT/Tech Services,,,00,000,29020,Kokomo MSA,2020,541511,Custom Computer Programming Services ,2,2,11.2562406022,0.0,0.0,0.50281753971,25.1880541938,0.0,0.318267312343,0.0
2,1,IT/Tech Services,,,00,000,29020,Kokomo MSA,2020,541512,Computer Systems Design Services ,2,2,0.0,0.0,0.0,0.0,1.28403785724,0.0,0.0,0.0
2,1,IT/Tech Services,,,00,000,29020,Kokomo MSA,2020,541513,Computer Facilities Management Services ,2,2,0.0,0.0,0.0,0.0,0.0,0.0,0.0,0.0
2,1,IT/Tech Services,,,00,000,29020,Kokomo MSA,2020,541519,Other Computer Related Services,2,2,0.0,0.0,0.0,0.0,0.231481256988,0.0,0.0,0.0
2,1,IT/Tech Services,,,00,000,29020,Kokomo MSA,2020,611420,Computer Training ,2,2,0.0,0.0,0.0,0.0,0.0,0.0,0.0,0.0
2,1,IT/Tech Services,,,00,000,29020,Kokomo MSA,2020,811210,Electronic and Precision Equipment Repair and Maintenance ,2,2,0.0,0.0,0.0,0.0,13.1222968882,0.0,0.0,0.0
2,1,IT/Tech Services,,,00,000,29020,Kokomo MSA,2021,423430,Computer and Computer Peripheral Equipment and Software Merchant Wholesalers ,2,2,0.0,0.0,0.0,0.0,0.0,0.0,0.0,0.0
2,1,IT/Tech Services,,,00,000,29020,Kokomo MSA,2021,541511,Custom Computer Programming Services ,2,2,9.27749798923,1.16090168934,0.0,2.06639992867,24.3229572347,0.0,0.339548228824,0.0
2,1,IT/Tech Services,,,00,000,29020,Kokomo MSA,2021,541512,Computer Systems Design Services ,2,2,3.97716840823,0.0,0.0,0.0,10.4028832371,0.0,0.276575391127,0.0
2,1,IT/Tech Services,,,00,000,29020,Kokomo MSA,2021,541513,Computer Facilities Management Services ,2,2,0.0,0.0,0.0,0.0,0.0,0.0,0.0,0.0
2,1,IT/Tech Services,,,00,000,29020,Kokomo MSA,2021,541519,Other Computer Related Services,2,2,0.0,0.0,0.0,0.0,0.0,0.0,0.0,0.0
2,1,IT/Tech Services,,,00,000,29020,Kokomo MSA,2021,611420,Computer Training ,2,2,0.0,0.0,0.0,0.0,0.0,0.0,0.0,0.0
2,1,IT/Tech Services,,,00,000,29020,Kokomo MSA,2021,811210,Electronic and Precision Equipment Repair and Maintenance ,2,2,0.0,0.0,0.0,0.0,15.9106920005,0.0,0.0,0.0
2,1,IT/Tech Services,,,00,000,29020,Kokomo MSA,2022,423430,Computer and Computer Peripheral Equipment and Software Merchant Wholesalers ,2,2,0.0,0.0,0.0,0.0,0.0,0.0,0.0,0.0
2,1,IT/Tech Services,,,00,000,29020,Kokomo MSA,2022,541511,Custom Computer Programming Services ,2,2,7.98107432399,0.0,0.0,2.73110867581,31.615653325,0.0,0.25307655505,0.0
2,1,IT/Tech Services,,,00,000,29020,Kokomo MSA,2022,541512,Computer Systems Design Services ,2,2,2.63847524153,0.0,0.0,0.0,10.4324912294,0.0,0.20185770099,0.0
2,1,IT/Tech Services,,,00,000,29020,Kokomo MSA,2022,541513,Computer Facilities Management Services ,2,2,0.0,0.0,0.0,0.0,0.0,0.0,0.0,0.0
2,1,IT/Tech Services,,,00,000,29020,Kokomo MSA,2022,541519,Other Computer Related Services,2,2,0.0,0.0,0.0,0.0,0.0,0.0,0.0,0.0
2,1,IT/Tech Services,,,00,000,29020,Kokomo MSA,2022,611420,Computer Training ,2,2,0.0,0.0,0.0,0.0,0.0,0.0,0.0,0.0
2,1,IT/Tech Services,,,00,000,29020,Kokomo MSA,2022,811210,Electronic and Precision Equipment Repair and Maintenance ,2,2,0.0,0.0,0.0,0.0,14.6477420871,0.0,0.0,0.0
2,1,IT/Tech Services,,,00,000,29020,Kokomo MSA,2023,423430,Computer and Computer Peripheral Equipment and Software Merchant Wholesalers ,2,2,0.0,0.0,0.0,0.0,8.01373113143,0.0,0.0,0.0
2,1,IT/Tech Services,,,00,000,29020,Kokomo MSA,2023,541511,Custom Computer Programming Services ,2,2,11.3104335452,2.62248804113,0.0,1.96912150133,33.2920191483,0.0,0.336638380194,0.992771241055
2,1,IT/Tech Services,,,00,000,29020,Kokomo MSA,2023,541512,Computer Systems Design Services ,2,2,3.18119236457,0.737605583311,0.0,0.553838565065,9.45882455191,0.0,0.321045760536,0.0
2,1,IT/Tech Services,,,00,000,29020,Kokomo MSA,2023,541513,Computer Facilities Management Services ,2,2,0.0,0.0,0.0,0.0,0.0,0.0,0.0,0.0
2,1,IT/Tech Services,,,00,000,29020,Kokomo MSA,2023,541519,Other Computer Related Services,2,2,0.0,0.0,0.0,0.0,0.0,0.0,0.0,0.0
2,1,IT/Tech Services,,,00,000,29020,Kokomo MSA,2023,611420,Computer Training ,2,2,0.0,0.0,0.0,0.0,0.0,0.0,0.0,0.0
2,1,IT/Tech Services,,,00,000,29020,Kokomo MSA,2023,811210,Electronic and Precision Equipment Repair and Maintenance ,2,2,0.0,0.0,0.0,0.0,16.3632847461,0.0,0.0,0.0
2,1,IT/Tech Services,,,00,000,29200,Lafayette-West Lafayette MSA,2019,423430,Computer and Computer Peripheral Equipment and Software Merchant Wholesalers ,2,2,1.26974758124,1.06844408819,0.0,1.63774063001,55.8032279259,0.0,0.0807636393121,0.926910935881
2,1,IT/Tech Services,,,00,000,29200,Lafayette-West Lafayette MSA,2019,541511,Custom Computer Programming Services ,2,2,33.8991002048,2.74369863996,0.751770029321,3.87364331646,156.848094478,0.0,0.219458736407,2.83155066306
2,1,IT/Tech Services,,,00,000,29200,Lafayette-West Lafayette MSA,2019,541512,Computer Systems Design Services ,2,2,28.0091850241,2.26698532978,0.621151172733,3.20060390136,129.978291665,0.0,0.218954574958,2.33957320246
2,1,IT/Tech Services,,,00,000,29200,Lafayette-West Lafayette MSA,2019,541513,Computer Facilities Management Services ,2,2,0.603943159459,0.0,0.0,0.0,2.74335671149,0.0,0.180426965836,0.0
2,1,IT/Tech Services,,,00,000,29200,Lafayette-West Lafayette MSA,2019,541519,Other Computer Related Services,2,2,2.3576800504,0.0,0.0,0.0,10.9200164915,0.0,0.177566947924,0.0
2,1,IT/Tech Services,,,00,000,29200,Lafayette-West Lafayette MSA,2019,611420,Computer Training ,2,2,0.0,0.855178025973,0.0,0.509117487181,5.27082631612,0.0,0.205617251387,0.0
2,1,IT/Tech Services,,,00,000,29200,Lafayette-West Lafayette MSA,2019,811210,Electronic and Precision Equipment Repair and Maintenance ,2,2,0.0,5.35112734955,0.0,3.5549124589,77.992183832,0.0,0.109199134533,0.654659226528
2,1,IT/Tech Services,,,00,000,29200,Lafayette-West Lafayette MSA,2020,423430,Computer and Computer Peripheral Equipment and Software Merchant Wholesalers ,2,2,0.0,0.957514708747,0.0,2.1721391287,54.8245639469,0.0,0.0747928351515,1.30230986682
2,1,IT/Tech Services,,,00,000,29200,Lafayette-West Lafayette MSA,2020,541511,Custom Computer Programming Services ,2,2,33.9594802549,2.85768395732,0.660143807141,6.06165333777,182.009612979,0.0,0.202507186472,2.67870231339
2,1,IT/Tech Services,,,00,000,29200,Lafayette-West Lafayette MSA,2020,541512,Computer Systems Design Services ,2,2,32.2144274802,2.71083809038,0.626221445147,5.75016726976,173.975161089,0.0,0.201281502458,2.54105365477
2,1,IT/Tech Services,,,00,000,29200,Lafayette-West Lafayette MSA,2020,541513,Computer Facilities Management Services ,2,2,1.53310898755,0.0,0.0,0.0,8.20484797927,0.0,0.157436410201,0.0
2,1,IT/Tech Services,,,00,000,29200,Lafayette-West Lafayette MSA,2020,541519,Other Computer Related Services,2,2,1.65228565486,0.0,0.0,0.0,8.86632025427,0.0,0.157082190276,0.0
2,1,IT/Tech Services,,,00,000,29200,Lafayette-West Lafayette MSA,2020,611420,Computer Training ,2,2,0.584846093574,0.0,0.0,0.0,7.22980862407,0.0,0.0748396589108,0.0
2,1,IT/Tech Services,,,00,000,29200,Lafayette-West Lafayette MSA,2020,811210,Electronic and Precision Equipment Repair and Maintenance ,2,2,0.0,2.68240911944,0.0,2.39118819408,63.4954429827,0.0,0.0739925379092,0.0
2,1,IT/Tech Services,,,00,000,29200,Lafayette-West Lafayette MSA,2021,423430,Computer and Computer Peripheral Equipment and Software Merchant Wholesalers ,2,2,0.686826164041,0.961429356985,0.0,1.35529389264,39.8068503759,0.0,0.0858987940775,0.737130963035
2,1,IT/Tech Services,,,00,000,29200,Lafayette-West Lafayette MSA,2021,541511,Custom Computer Programming Services ,2,2,34.7390230736,4.91268231509,0.863276638044,8.96377102727,176.295688768,0.0,0.229244440981,2.956556878
2,1,IT/Tech Services,,,00,000,29200,Lafayette-West Lafayette MSA,2021,541512,Computer Systems Design Services ,2,2,56.6748923411,7.92827045993,1.39318812599,15.0048283235,284.299427191,0.790906661697,0.233411011021,4.77140206827
2,1,IT/Tech Services,,,00,000,29200,Lafayette-West Lafayette MSA,2021,541513,Computer Facilities Management Services ,2,2,3.42735658605,0.0,0.0,0.814278472611,17.3584676079,0.0,0.196371060089,0.0
2,1,IT/Tech Services,,,00,000,29200,Lafayette-West Lafayette MSA,2021,541519,Other Computer Related Services,2,2,2.52118627838,0.0,0.0,0.598988655072,12.8236441647,0.0,0.195698089287,0.0
2,1,IT/Tech Services,,,00,000,29200,Lafayette-West Lafayette MSA,2021,611420,Computer Training ,2,2,0.0,0.0,0.0,0.659185555543,8.22923551007,0.0,0.074162278168,0.0
2,1,IT/Tech Services,,,00,000,29200,Lafayette-West Lafayette MSA,2021,811210,Electronic and Precision Equipment Repair and Maintenance ,2,2,0.0,0.0,0.0,0.0,5.08255073775,0.0,0.0,0.0
2,1,IT/Tech Services,,,00,000,29200,Lafayette-West Lafayette MSA,2022,423430,Computer and Computer Peripheral Equipment and Software Merchant Wholesalers ,2,2,0.553780354714,3.05200201795,0.0,1.88195715568,45.5496284463,0.0,0.119512213648,0.694898108214
2,1,IT/Tech Services,,,00,000,29200,Lafayette-West Lafayette MSA,2022,541511,Custom Computer Programming Services ,2,2,34.7240151688,8.84662526446,1.01484082337,10.6357767809,193.242962756,0.812987779057,0.235501613191,3.49371428393
2,1,IT/Tech Services,,,00,000,29200,Lafayette-West Lafayette MSA,2022,541512,Computer Systems Design Services ,2,2,54.7904312462,13.805111417,1.58365367791,16.5970727908,301.131347198,1.26866308169,0.236923905154,5.4519224571
2,1,IT/Tech Services,,,00,000,29200,Lafayette-West Lafayette MSA,2022,541513,Computer Facilities Management Services ,2,2,3.24455497358,0.826614141873,0.0,0.914109099953,18.0148343031,0.0,0.216750166391,0.0
2,1,IT/Tech Services,,,00,000,29200,Lafayette-West Lafayette MSA,2022,541519,Other Computer Related Services,2,2,0.726291852256,0.0,0.0,0.0,3.96999296951,0.0,0.154652428424,0.0
2,1,IT/Tech Services,,,00,000,29200,Lafayette-West Lafayette MSA,2022,611420,Computer Training ,2,2,0.0,0.0,0.0,0.0,2.82070899615,0.0,0.0,0.0
2,1,IT/Tech Services,,,00,000,29200,Lafayette-West Lafayette MSA,2022,811210,Electronic and Precision Equipment Repair and Maintenance ,2,2,0.0,2.48747942463,0.0,4.29599323298,33.1263177978,0.0,0.169970139663,0.0
2,1,IT/Tech Services,,,00,000,29200,Lafayette-West Lafayette MSA,2023,423430,Computer and Computer Peripheral Equipment and Software Merchant Wholesalers ,2,2,0.580389579644,4.69072005357,0.0,2.21926255823,44.3669415783,0.0,0.159997368834,0.9603083807
2,1,IT/Tech Services,,,00,000,29200,Lafayette-West Lafayette MSA,2023,541511,Custom Computer Programming Services ,2,2,33.4981358563,9.1469386324,0.0,9.19497299437,156.621758221,0.0,0.260472509057,3.32444989718
2,1,IT/Tech Services,,,00,000,29200,Lafayette-West Lafayette MSA,2023,541512,Computer Systems Design Services ,2,2,64.1686191899,17.3440679422,0.674963982108,18.0131758568,294.636904212,0.890125730763,0.267129893344,6.30369210995
2,1,IT/Tech Services,,,00,000,29200,Lafayette-West Lafayette MSA,2023,541513,Computer Facilities Management Services ,2,2,0.0,0.0,0.0,0.0,0.34515749574,0.0,0.0,0.0
2,1,IT/Tech Services,,,00,000,29200,Lafayette-West Lafayette MSA,2023,541519,Other Computer Related Services,2,2,4.7057310437,1.2849381608,0.0,1.20794450565,23.5076247001,0.0,0.234434892805,0.0
2,1,IT/Tech Services,,,00,000,29200,Lafayette-West Lafayette MSA,2023,611420,Computer Training ,2,2,0.0,0.0,0.0,0.0,2.43324397859,0.0,0.0,0.0
2,1,IT/Tech Services,,,00,000,29200,Lafayette-West Lafayette MSA,2023,811210,Electronic and Precision Equipment Repair and Maintenance ,2,2,0.0,0.0,0.0,0.0,7.30975976674,0.0,0.0,0.0
2,1,IT/Tech Services,,,00,000,31140,Louisville/Jefferson County MSA,2019,423430,Computer and Computer Peripheral Equipment and Software Merchant Wholesalers ,2,2,35.1908541706,62.9361084685,1.0591023536,32.3980657389,897.78849877,1.71913933012,0.136250372494,8.31649275253
2,1,IT/Tech Services,,,00,000,31140,Louisville/Jefferson County MSA,2019,541511,Custom Computer Programming Services ,2,2,596.8341832,233.982330866,3.7042961628,80.1699164426,2500.90480692,5.83592617712,0.277663102823,40.8100741942
2,1,IT/Tech Services,,,00,000,31140,Louisville/Jefferson County MSA,2019,541512,Computer Systems Design Services ,2,2,579.765205466,247.878493363,3.51186651208,84.2273528816,2582.94954836,5.62553212938,0.272226763552,45.1551302142
2,1,IT/Tech Services,,,00,000,31140,Louisville/Jefferson County MSA,2019,541513,Computer Facilities Management Services ,2,2,25.486221251,10.0603955932,0.0,2.30574501107,105.835717882,0.0,0.271760820437,1.6429060874
2,1,IT/Tech Services,,,00,000,31140,Louisville/Jefferson County MSA,2019,541519,Other Computer Related Services,2,2,33.0258308902,12.8406073092,0.0,2.92439502983,154.567373485,0.0,0.247634683542,2.08371106666
2,1,IT/Tech Services,,,00,000,31140,Louisville/Jefferson County MSA,2019,611420,Computer Training ,2,2,0.0,1.56417656404,0.0,0.0,13.1502444088,0.0,0.106302284468,0.0
2,1,IT/Tech Services,,,00,000,31140,Louisville/Jefferson County MSA,2019,811210,Electronic and Precision Equipment Repair and Maintenance ,2,2,39.9035088089,117.798722895,0.0,63.1348997259,1031.7354757,3.47770673241,0.190660563082,18.7367886045
2,1,IT/Tech Services,,,00,000,31140,Louisville/Jefferson County MSA,2020,423430,Computer and Computer Peripheral Equipment and Software Merchant Wholesalers ,2,2,35.9174615509,60.5491871557,1.06060242242,33.243699507,854.432797519,1.42021693058,0.141957367077,9.16897658689
2,1,IT/Tech Services,,,00,000,31140,Louisville/Jefferson County MSA,2020,541511,Custom Computer Programming Services ,2,2,538.2180289,218.824763969,4.95816175035,84.5940503831,2504.21772733,7.00770006844,0.262228535422,36.4796287472
2,1,IT/Tech Services,,,00,000,31140,Louisville/Jefferson County MSA,2020,541512,Computer Systems Design Services ,2,2,540.715824048,246.433760796,4.95183613006,95.0965442058,2665.26727173,6.8247615495,0.259900182542,41.9367669842
2,1,IT/Tech Services,,,00,000,31140,Louisville/Jefferson County MSA,2020,541513,Computer Facilities Management Services ,2,2,24.5240285215,10.1347663864,0.0,2.64945940914,113.539071082,0.0,0.255124956968,1.57967849154
2,1,IT/Tech Services,,,00,000,31140,Louisville/Jefferson County MSA,2020,541519,Other Computer Related Services,2,2,43.3375515688,16.6870546858,0.0,4.73836113372,197.440282803,0.0,0.255022133619,2.82513751381
2,1,IT/Tech Services,,,00,000,31140,Louisville/Jefferson County MSA,2020,611420,Computer Training ,2,2,0.0,0.912163534762,0.0,0.0,9.96059178286,0.0,0.0838944230892,0.0
2,1,IT/Tech Services,,,00,000,31140,Louisville/Jefferson County MSA,2020,811210,Electronic and Precision Equipment Repair and Maintenance ,2,2,29.1461704378,110.779714832,0.0,60.3298490845,979.61592648,5.56108287208,0.187423267148,20.1345422791
2,1,IT/Tech Services,,,00,000,31140,Louisville/Jefferson County MSA,2021,423430,Computer and Computer Peripheral Equipment and Software Merchant Wholesalers ,2,2,41.1344057773,71.8109531853,1.46697072918,36.4986630948,927.506871921,1.75938817335,0.15063281534,11.8202820753
2,1,IT/Tech Services,,,00,000,31140,Louisville/Jefferson County MSA,2021,541511,Custom Computer Programming Services ,2,2,499.887185001,182.980167249,4.35994356343,77.5770577421,2326.29970724,4.20546133891,0.257022102206,35.7388093778
2,1,IT/Tech Services,,,00,000,31140,Louisville/Jefferson County MSA,2021,541512,Computer Systems Design Services ,2,2,565.719107973,235.236658875,5.04761368753,97.0597606937,2784.40074054,4.86876582409,0.255243319075,46.339071447
2,1,IT/Tech Services,,,00,000,31140,Louisville/Jefferson County MSA,2021,541513,Computer Facilities Management Services ,2,2,26.4696634321,10.0530909261,0.0,3.08536321671,126.218324379,0.0,0.247340488587,1.87000307208
2,1,IT/Tech Services,,,00,000,31140,Louisville/Jefferson County MSA,2021,541519,Other Computer Related Services,2,2,55.8387128891,19.0098951881,0.502441213113,6.94834693174,246.815364704,0.0,0.258682225925,3.82662175172
2,1,IT/Tech Services,,,00,000,31140,Louisville/Jefferson County MSA,2021,611420,Computer Training ,2,2,0.0,0.842787786154,0.0,0.0,13.9424231043,0.0,0.0570020808222,0.0
2,1,IT/Tech Services,,,00,000,31140,Louisville/Jefferson County MSA,2021,811210,Electronic and Precision Equipment Repair and Maintenance ,2,2,54.6168676273,133.702534293,0.0,103.629753389,980.11953776,4.10951858932,0.246101010503,23.8892395718
2,1,IT/Tech Services,,,00,000,31140,Louisville/Jefferson County MSA,2022,423430,Computer and Computer Peripheral Equipment and Software Merchant Wholesalers ,2,2,42.1653480377,87.9198736831,1.34860225252,43.1963338126,1014.37231734,1.86662784926,0.157922595333,13.7378746227
2,1,IT/Tech Services,,,00,000,31140,Louisville/Jefferson County MSA,2022,541511,Custom Computer Programming Services ,2,2,476.08004536,209.138759654,3.84743233932,93.5306676974,2447.6140484,5.00192244574,0.252175159729,37.7648544386
2,1,IT/Tech Services,,,00,000,31140,Louisville/Jefferson County MSA,2022,541512,Computer Systems Design Services ,2,2,565.890062129,267.322902838,4.64284331299,115.061535934,2991.29129189,7.59239207798,0.252010793314,47.3092065015
2,1,IT/Tech Services,,,00,000,31140,Louisville/Jefferson County MSA,2022,541513,Computer Facilities Management Services ,2,2,24.1853143605,11.3117062248,0.0,3.54424756926,126.912762114,0.0,0.243856248033,1.88807883298
2,1,IT/Tech Services,,,00,000,31140,Louisville/Jefferson County MSA,2022,541519,Other Computer Related Services,2,2,60.6060783931,25.4292378945,0.50454047213,9.44641598744,292.127751729,0.655936762432,0.25741256679,4.62176432064
2,1,IT/Tech Services,,,00,000,31140,Louisville/Jefferson County MSA,2022,611420,Computer Training ,2,2,1.50153348723,1.38260455349,0.0,0.0,14.454108641,0.0,0.166345426597,0.0
2,1,IT/Tech Services,,,00,000,31140,Louisville/Jefferson County MSA,2022,811210,Electronic and Precision Equipment Repair and Maintenance ,2,2,65.7878733684,180.39876457,0.658648813833,153.490841957,1008.89494843,4.51765150375,0.298094770742,23.6176085412
2,1,IT/Tech Services,,,00,000,31140,Louisville/Jefferson County MSA,2023,423430,Computer and Computer Peripheral Equipment and Software Merchant Wholesalers ,2,2,44.0336751273,82.8331195682,1.36823272717,40.243304522,1004.52457081,1.66178602967,0.15507432625,14.2263604743
2,1,IT/Tech Services,,,00,000,31140,Louisville/Jefferson County MSA,2023,541511,Custom Computer Programming Services ,2,2,441.160912735,172.628805459,4.12722208487,80.9364467937,2162.7099396,4.32645210855,0.255163012515,37.7119165433
2,1,IT/Tech Services,,,00,000,31140,Louisville/Jefferson County MSA,2023,541512,Computer Systems Design Services ,2,2,586.272572065,246.10666797,5.50419197334,113.847333659,2995.50350616,6.54441267865,0.252137715558,51.6425922147
2,1,IT/Tech Services,,,00,000,31140,Louisville/Jefferson County MSA,2023,541513,Computer Facilities Management Services ,2,2,26.7229362722,11.4082132532,0.0,3.60894156988,153.612185272,0.0,0.22189992088,2.06729650532
2,1,IT/Tech Services,,,00,000,31140,Louisville/Jefferson County MSA,2023,541519,Other Computer Related Services,2,2,61.2874370961,22.7570516692,0.589759436174,8.94954575056,288.499525337,0.618228412163,0.255265584514,4.68423619431
2,1,IT/Tech Services,,,00,000,31140,Louisville/Jefferson County MSA,2023,611420,Computer Training ,2,2,0.618896025393,0.854303904973,0.0,0.0,7.97649455648,0.0,0.155899212659,0.0
2,1,IT/Tech Services,,,00,000,31140,Louisville/Jefferson County MSA,2023,811210,Electronic and Precision Equipment Repair and Maintenance ,2,2,71.6472398592,153.967435805,0.898966804414,163.585977545,926.279268658,4.79231582346,0.311056091916,23.3203539459
2,1,IT/Tech Services,,,00,000,33140,Michigan City-La Porte MSA,2019,423430,Computer and Computer Peripheral Equipment and Software Merchant Wholesalers ,2,2,0.0,0.0,0.0,0.0,0.0,0.0,0.0,0.0
2,1,IT/Tech Services,,,00,000,33140,Michigan City-La Porte MSA,2019,541511,Custom Computer Programming Services ,2,2,0.0,0.0,0.0,0.0,3.60257459423,0.0,0.0,0.0
2,1,IT/Tech Services,,,00,000,33140,Michigan City-La Porte MSA,2019,541512,Computer Systems Design Services ,2,2,0.945038958436,1.96435254902,0.0,0.693717254886,16.2366456885,0.0,0.18161055225,0.0
2,1,IT/Tech Services,,,00,000,33140,Michigan City-La Porte MSA,2019,541513,Computer Facilities Management Services ,2,2,0.0,0.0,0.0,0.0,0.0,0.0,0.0,0.0
2,1,IT/Tech Services,,,00,000,33140,Michigan City-La Porte MSA,2019,541519,Other Computer Related Services,2,2,0.0,0.593365293304,0.0,0.0,4.90292318454,0.0,0.107957450868,0.0
2,1,IT/Tech Services,,,00,000,33140,Michigan City-La Porte MSA,2019,611420,Computer Training ,2,2,0.0,0.0,0.0,0.0,0.0,0.0,0.0,0.0
2,1,IT/Tech Services,,,00,000,33140,Michigan City-La Porte MSA,2019,811210,Electronic and Precision Equipment Repair and Maintenance ,2,2,0.0,0.0,0.0,0.0,9.96287237314,0.0,0.0,0.0
2,1,IT/Tech Services,,,00,000,33140,Michigan City-La Porte MSA,2020,423430,Computer and Computer Peripheral Equipment and Software Merchant Wholesalers ,2,2,0.0,0.0,0.0,0.0,0.0,0.0,0.0,0.0
2,1,IT/Tech Services,,,00,000,33140,Michigan City-La Porte MSA,2020,541511,Custom Computer Programming Services ,2,2,0.0,0.0,0.0,0.0,1.2380281633,0.0,0.0,0.0
2,1,IT/Tech Services,,,00,000,33140,Michigan City-La Porte MSA,2020,541512,Computer Systems Design Services ,2,2,1.61648491351,3.008175886,0.0,0.75671636301,19.5687273537,0.0,0.237972422755,0.729710674261
2,1,IT/Tech Services,,,00,000,33140,Michigan City-La Porte MSA,2020,541513,Computer Facilities Management Services ,2,2,0.0,0.0,0.0,0.0,0.0,0.0,0.0,0.0
2,1,IT/Tech Services,,,00,000,33140,Michigan City-La Porte MSA,2020,541519,Other Computer Related Services,2,2,0.0,0.770530482824,0.0,0.0,4.90234473937,0.0,0.135827151602,0.0
2,1,IT/Tech Services,,,00,000,33140,Michigan City-La Porte MSA,2020,611420,Computer Training ,2,2,0.0,0.0,0.0,0.0,0.0,0.0,0.0,0.0
2,1,IT/Tech Services,,,00,000,33140,Michigan City-La Porte MSA,2020,811210,Electronic and Precision Equipment Repair and Maintenance ,2,2,0.0,0.0,0.0,0.0,10.0960506921,0.0,0.0,0.0
2,1,IT/Tech Services,,,00,000,33140,Michigan City-La Porte MSA,2021,423430,Computer and Computer Peripheral Equipment and Software Merchant Wholesalers ,2,2,0.598732503522,0.855524537128,0.0,1.13157613881,11.070999457,0.0,0.189343550462,0.0
2,1,IT/Tech Services,,,00,000,33140,Michigan City-La Porte MSA,2021,541511,Custom Computer Programming Services ,2,2,0.0,0.0,0.0,0.0,3.79366866545,0.0,0.0,0.0
2,1,IT/Tech Services,,,00,000,33140,Michigan City-La Porte MSA,2021,541512,Computer Systems Design Services ,2,2,2.79516125773,2.23376779789,0.0,0.0,19.7868795105,0.0,0.202650219606,0.0
2,1,IT/Tech Services,,,00,000,33140,Michigan City-La Porte MSA,2021,541513,Computer Facilities Management Services ,2,2,0.0,0.0,0.0,0.0,0.0,0.0,0.0,0.0
2,1,IT/Tech Services,,,00,000,33140,Michigan City-La Porte MSA,2021,541519,Other Computer Related Services,2,2,0.603091064003,0.0,0.0,0.0,4.27700419767,0.0,0.123581822006,0.0
2,1,IT/Tech Services,,,00,000,33140,Michigan City-La Porte MSA,2021,611420,Computer Training ,2,2,0.0,0.0,0.0,0.0,0.0,0.0,0.0,0.0
2,1,IT/Tech Services,,,00,000,33140,Michigan City-La Porte MSA,2021,811210,Electronic and Precision Equipment Repair and Maintenance ,2,2,0.0,0.707717919598,0.0,0.85020545969,9.39403712326,0.0,0.142250638954,0.0
2,1,IT/Tech Services,,,00,000,33140,Michigan City-La Porte MSA,2022,423430,Computer and Computer Peripheral Equipment and Software Merchant Wholesalers ,2,2,0.797000793165,0.810127917453,0.0,1.82276866045,13.6498820349,0.0,0.200816257023,0.0
2,1,IT/Tech Services,,,00,000,33140,Michigan City-La Porte MSA,2022,541511,Custom Computer Programming Services ,2,2,1.08276710833,0.989882496558,0.0,0.0,7.32113024736,0.0,0.220640640667,0.0
2,1,IT/Tech Services,,,00,000,33140,Michigan City-La Porte MSA,2022,541512,Computer Systems Design Services ,2,2,3.60037312152,3.29151699074,0.0,0.0,24.3239793757,0.0,0.22078161606,0.0
2,1,IT/Tech Services,,,00,000,33140,Michigan City-La Porte MSA,2022,541513,Computer Facilities Management Services ,2,2,0.0,0.0,0.0,0.0,0.0,0.0,0.0,0.0
2,1,IT/Tech Services,,,00,000,33140,Michigan City-La Porte MSA,2022,541519,Other Computer Related Services,2,2,0.0,0.0,0.0,0.0,3.33565547492,0.0,0.0,0.0
2,1,IT/Tech Services,,,00,000,33140,Michigan City-La Porte MSA,2022,611420,Computer Training ,2,2,0.0,0.0,0.0,0.0,0.0,0.0,0.0,0.0
2,1,IT/Tech Services,,,00,000,33140,Michigan City-La Porte MSA,2022,811210,Electronic and Precision Equipment Repair and Maintenance ,2,2,0.554537588906,1.35316163351,0.0,1.22349658634,30.6580665393,0.0,0.0926683683267,0.0
2,1,IT/Tech Services,,,00,000,33140,Michigan City-La Porte MSA,2023,423430,Computer and Computer Peripheral Equipment and Software Merchant Wholesalers ,2,2,0.0,0.0,0.0,1.34328966832,8.10964332007,0.0,0.1870573469,0.522731702275
2,1,IT/Tech Services,,,00,000,33140,Michigan City-La Porte MSA,2023,541511,Custom Computer Programming Services ,2,2,1.30124305292,1.67352174627,0.0,0.0,12.0176748291,0.0,0.198417660698,0.0
2,1,IT/Tech Services,,,00,000,33140,Michigan City-La Porte MSA,2023,541512,Computer Systems Design Services ,2,2,2.63471527627,3.38849325662,0.0,1.6491858805,24.313044097,0.0,0.239871478107,0.0
2,1,IT/Tech Services,,,00,000,33140,Michigan City-La Porte MSA,2023,541513,Computer Facilities Management Services ,2,2,0.0,0.0,0.0,0.0,0.0,0.0,0.0,0.0
2,1,IT/Tech Services,,,00,000,33140,Michigan City-La Porte MSA,2023,541519,Other Computer Related Services,2,2,0.0,0.0,0.0,0.0,0.507151698506,0.0,0.0,0.0
2,1,IT/Tech Services,,,00,000,33140,Michigan City-La Porte MSA,2023,611420,Computer Training ,2,2,0.0,0.0,0.0,0.0,0.0,0.0,0.0,0.0
2,1,IT/Tech Services,,,00,000,33140,Michigan City-La Porte MSA,2023,811210,Electronic and Precision Equipment Repair and Maintenance ,2,2,0.711948885426,0.0,0.0,0.0,28.0954367156,0.0,0.0247141096136,0.0
2,1,IT/Tech Services,,,00,000,34620,Muncie MSA,2019,423430,Computer and Computer Peripheral Equipment and Software Merchant Wholesalers ,2,2,0.0,0.0,0.0,0.0,0.772636161192,0.0,0.0,0.0
2,1,IT/Tech Services,,,00,000,34620,Muncie MSA,2019,541511,Custom Computer Programming Services ,2,2,9.18083283198,16.4023599123,0.0,6.03926890338,455.344492239,0.0,0.0695267379502,2.40174783822
2,1,IT/Tech Services,,,00,000,34620,Muncie MSA,2019,541512,Computer Systems Design Services ,2,2,1.19480048004,2.39866589597,0.0,0.585729811519,66.7640095102,0.0,0.0589090406394,0.0
2,1,IT/Tech Services,,,00,000,34620,Muncie MSA,2019,541513,Computer Facilities Management Services ,2,2,5.76911942402,10.3578669045,0.0,3.81371606503,287.379891821,0.0,0.0694779285334,1.51667105097
2,1,IT/Tech Services,,,00,000,34620,Muncie MSA,2019,541519,Other Computer Related Services,2,2,0.0,0.0,0.0,0.0,0.0,0.0,0.0,0.0
2,1,IT/Tech Services,,,00,000,34620,Muncie MSA,2019,611420,Computer Training ,2,2,0.0,0.0,0.0,0.0,10.0246633555,0.0,0.0,0.0
2,1,IT/Tech Services,,,00,000,34620,Muncie MSA,2019,811210,Electronic and Precision Equipment Repair and Maintenance ,2,2,0.0,0.0,0.0,0.0,5.43060328292,0.0,0.0,0.0
2,1,IT/Tech Services,,,00,000,34620,Muncie MSA,2020,423430,Computer and Computer Peripheral Equipment and Software Merchant Wholesalers ,2,2,0.0,0.0,0.0,0.0,4.75842718666,0.0,0.0,0.0
2,1,IT/Tech Services,,,00,000,34620,Muncie MSA,2020,541511,Custom Computer Programming Services ,2,2,8.17644256828,15.5214004459,0.0,7.19884028856,412.32139107,0.60367976296,0.0758375293753,2.33506804218
2,1,IT/Tech Services,,,00,000,34620,Muncie MSA,2020,541512,Computer Systems Design Services ,2,2,1.53461445001,3.21192649842,0.0,1.14440639214,85.5053569789,0.0,0.0644549840874,0.0
2,1,IT/Tech Services,,,00,000,34620,Muncie MSA,2020,541513,Computer Facilities Management Services ,2,2,6.66991903308,12.7135696532,0.0,5.89656569649,337.56422427,0.0,0.0745502137134,1.91265281137
2,1,IT/Tech Services,,,00,000,34620,Muncie MSA,2020,541519,Other Computer Related Services,2,2,0.0,0.0,0.0,0.0,0.0,0.0,0.0,0.0
2,1,IT/Tech Services,,,00,000,34620,Muncie MSA,2020,611420,Computer Training ,2,2,0.0,0.0,0.0,0.0,15.1104495259,0.0,0.0,0.0
2,1,IT/Tech Services,,,00,000,34620,Muncie MSA,2020,811210,Electronic and Precision Equipment Repair and Maintenance ,2,2,0.0,0.0,0.0,0.0,3.30827319527,0.0,0.0,0.0
2,1,IT/Tech Services,,,00,000,34620,Muncie MSA,2021,423430,Computer and Computer Peripheral Equipment and Software Merchant Wholesalers ,2,2,0.0,0.0,0.0,0.0,1.33841395638,0.0,0.0,0.0
2,1,IT/Tech Services,,,00,000,34620,Muncie MSA,2021,541511,Custom Computer Programming Services ,2,2,6.0806042122,15.4698738773,0.0,5.95526611701,314.015465261,0.0,0.0867777573651,2.33316748564
2,1,IT/Tech Services,,,00,000,34620,Muncie MSA,2021,541512,Computer Systems Design Services ,2,2,1.45685751771,4.09084451016,0.0,1.24304701883,83.1562491947,0.0,0.0817955497633,0.616981461882
2,1,IT/Tech Services,,,00,000,34620,Muncie MSA,2021,541513,Computer Facilities Management Services ,2,2,5.91044197369,15.1372715033,0.0,5.82722786255,306.973823984,0.0,0.0867455811683,2.28300437179
2,1,IT/Tech Services,,,00,000,34620,Muncie MSA,2021,541519,Other Computer Related Services,2,2,1.63708063994,4.59690962717,0.0,1.39682033714,93.7192419098,0.0,0.0815743125768,0.693306239058
2,1,IT/Tech Services,,,00,000,34620,Muncie MSA,2021,611420,Computer Training ,2,2,0.0,0.0,0.0,0.0,33.8981151544,0.0,0.0,0.0
2,1,IT/Tech Services,,,00,000,34620,Muncie MSA,2021,811210,Electronic and Precision Equipment Repair and Maintenance ,2,2,0.0,0.0,0.0,0.0,2.82719232818,0.0,0.0,0.0
2,1,IT/Tech Services,,,00,000,34620,Muncie MSA,2022,423430,Computer and Computer Peripheral Equipment and Software Merchant Wholesalers ,2,2,0.0,0.0,0.0,0.0,2.6365107679,0.0,0.0,0.0
2,1,IT/Tech Services,,,00,000,34620,Muncie MSA,2022,541511,Custom Computer Programming Services ,2,2,4.42088711827,13.237947247,0.0,6.05556584353,255.157117783,0.0,0.0953856368886,3.19024024226
2,1,IT/Tech Services,,,00,000,34620,Muncie MSA,2022,541512,Computer Systems Design Services ,2,2,1.57415333259,4.71366000037,0.0,1.96622581218,90.7973156943,0.0,0.093724383349,1.13595465679
2,1,IT/Tech Services,,,00,000,34620,Muncie MSA,2022,541513,Computer Facilities Management Services ,2,2,6.64868816706,18.2919169685,0.0,8.36745346845,351.479500318,0.0,0.0969082111454,4.40820684145
2,1,IT/Tech Services,,,00,000,34620,Muncie MSA,2022,541519,Other Computer Related Services,2,2,0.916189420793,2.74344648399,0.0,1.14438361925,53.0297761009,0.0,0.0934297554741,0.661148833155
2,1,IT/Tech Services,,,00,000,34620,Muncie MSA,2022,611420,Computer Training ,2,2,0.0,0.0,0.0,0.0,26.9699145496,0.0,0.0,0.0
2,1,IT/Tech Services,,,00,000,34620,Muncie MSA,2022,811210,Electronic and Precision Equipment Repair and Maintenance ,2,2,0.0,0.0,0.0,0.0,3.6409939079,0.0,0.0,0.0
2,1,IT/Tech Services,,,00,000,34620,Muncie MSA,2023,423430,Computer and Computer Peripheral Equipment and Software Merchant Wholesalers ,2,2,0.0,0.0,0.0,0.0,0.334848939402,0.0,0.0,0.0
2,1,IT/Tech Services,,,00,000,34620,Muncie MSA,2023,541511,Custom Computer Programming Services ,2,2,4.21329471092,10.6455689378,0.0,4.82060750604,219.631642816,0.0,0.0912226737616,2.36705787036
2,1,IT/Tech Services,,,00,000,34620,Muncie MSA,2023,541512,Computer Systems Design Services ,2,2,1.24215481323,3.13850456781,0.0,1.42120151263,64.7473932496,0.0,0.0912277343309,0.697851094833
2,1,IT/Tech Services,,,00,000,34620,Muncie MSA,2023,541513,Computer Facilities Management Services ,2,2,7.70864443696,18.0968739222,0.0,8.97301767866,371.476789534,0.0,0.094575604261,4.02386646469
2,1,IT/Tech Services,,,00,000,34620,Muncie MSA,2023,541519,Other Computer Related Services,2,2,0.698273150137,1.76429978609,0.0,0.798923649962,36.9149776774,0.0,0.0811792633866,0.0
2,1,IT/Tech Services,,,00,000,34620,Muncie MSA,2023,611420,Computer Training ,2,2,0.0,0.0,0.0,0.0,8.28430286727,0.0,0.0,0.0
2,1,IT/Tech Services,,,00,000,34620,Muncie MSA,2023,811210,Electronic and Precision Equipment Repair and Maintenance ,2,2,0.0,0.0,0.0,0.0,5.98320180277,0.0,0.0,0.0
2,1,IT/Tech Services,,,00,000,43780,South Bend-Mishawaka MSA,2019,423430,Computer and Computer Peripheral Equipment and Software Merchant Wholesalers ,2,2,2.45359291168,16.0352832022,0.0,7.72551164477,142.485299753,0.666477046606,0.170049438687,2.31309730952
2,1,IT/Tech Services,,,00,000,43780,South Bend-Mishawaka MSA,2019,541511,Custom Computer Programming Services ,2,2,6.20067732903,3.98321197111,0.0,2.7298850655,113.151672811,0.0,0.112899162175,1.48676333467
2,1,IT/Tech Services,,,00,000,43780,South Bend-Mishawaka MSA,2019,541512,Computer Systems Design Services ,2,2,17.5967153137,10.8358759905,0.0,8.23021508592,297.598348734,1.29910568342,0.123692241772,4.04457087362
2,1,IT/Tech Services,,,00,000,43780,South Bend-Mishawaka MSA,2019,541513,Computer Facilities Management Services ,2,2,2.24244180059,1.44050731084,0.0,0.987248337054,39.3920286922,0.0,0.116768798594,0.537680010158
2,1,IT/Tech Services,,,00,000,43780,South Bend-Mishawaka MSA,2019,541519,Other Computer Related Services,2,2,4.07704355572,2.61902496068,0.0,1.79494266893,71.9556511845,0.0,0.116287022913,0.977570441237
2,1,IT/Tech Services,,,00,000,43780,South Bend-Mishawaka MSA,2019,611420,Computer Training ,2,2,0.0,0.0,0.0,0.0,2.06028514757,0.0,0.0,0.0
2,1,IT/Tech Services,,,00,000,43780,South Bend-Mishawaka MSA,2019,811210,Electronic and Precision Equipment Repair and Maintenance ,2,2,8.86688890861,132.423281022,0.640657629758,31.516419233,253.785263916,0.0,0.420784214062,10.9207131446
2,1,IT/Tech Services,,,00,000,43780,South Bend-Mishawaka MSA,2020,423430,Computer and Computer Peripheral Equipment and Software Merchant Wholesalers ,2,2,2.68375730143,16.3087073974,0.0,7.84609131169,131.035664522,0.63423647321,0.185127592061,2.29667425838
2,1,IT/Tech Services,,,00,000,43780,South Bend-Mishawaka MSA,2020,541511,Custom Computer Programming Services ,2,2,7.1301911842,4.86658665945,0.0,2.45649413188,120.438767225,0.0,0.116539640013,1.4341308008
2,1,IT/Tech Services,,,00,000,43780,South Bend-Mishawaka MSA,2020,541512,Computer Systems Design Services ,2,2,18.5392210138,12.2453737455,0.0,6.18106505715,299.217373981,0.900060423715,0.121735585119,3.60858007564
2,1,IT/Tech Services,,,00,000,43780,South Bend-Mishawaka MSA,2020,541513,Computer Facilities Management Services ,2,2,2.29131919555,1.56389964049,0.0,0.789405502981,37.8384051823,0.0,0.109328934197,0.0
2,1,IT/Tech Services,,,00,000,43780,South Bend-Mishawaka MSA,2020,541519,Other Computer Related Services,2,2,4.77346863702,3.25804711096,0.0,1.64455586009,80.0627110211,0.0,0.117269159576,0.960111478383
2,1,IT/Tech Services,,,00,000,43780,South Bend-Mishawaka MSA,2020,611420,Computer Training ,2,2,0.0,0.0,0.0,0.0,1.20011893921,0.0,0.0,0.0
2,1,IT/Tech Services,,,00,000,43780,South Bend-Mishawaka MSA,2020,811210,Electronic and Precision Equipment Repair and Maintenance ,2,2,9.25494900555,92.3037954808,0.0,36.3944057581,219.379909738,0.0,0.396354775207,6.09217843196
2,1,IT/Tech Services,,,00,000,43780,South Bend-Mishawaka MSA,2021,423430,Computer and Computer Peripheral Equipment and Software Merchant Wholesalers ,2,2,2.60016902182,15.907451265,0.0,6.86855306336,121.472625619,0.0,0.185588032848,2.3049837826
2,1,IT/Tech Services,,,00,000,43780,South Bend-Mishawaka MSA,2021,541511,Custom Computer Programming Services ,2,2,6.81766360899,7.75053953381,0.0,4.0691288112,134.599216799,0.0,0.129709886356,1.42362110179
2,1,IT/Tech Services,,,00,000,43780,South Bend-Mishawaka MSA,2021,541512,Computer Systems Design Services ,2,2,14.2672435086,15.6424666777,0.665120865119,8.21248786083,272.063074016,0.0,0.132793741153,2.87321231627
2,1,IT/Tech Services,,,00,000,43780,South Bend-Mishawaka MSA,2021,541513,Computer Facilities Management Services ,2,2,3.63904129585,4.1369793299,0.0,2.17196515278,70.8669216802,0.0,0.131264418275,0.759881430965
2,1,IT/Tech Services,,,00,000,43780,South Bend-Mishawaka MSA,2021,541519,Other Computer Related Services,2,2,3.6003339089,4.09297552597,0.0,2.14886261319,70.9690930816,0.0,0.129886867148,0.751798800902
2,1,IT/Tech Services,,,00,000,43780,South Bend-Mishawaka MSA,2021,611420,Computer Training ,2,2,0.0,1.07878229563,0.0,0.0,9.7159694271,0.0,0.0999358135639,0.0
2,1,IT/Tech Services,,,00,000,43780,South Bend-Mishawaka MSA,2021,811210,Electronic and Precision Equipment Repair and Maintenance ,2,2,12.6157780145,118.735256925,0.0,47.163764103,245.377061843,1.68277292092,0.433967461768,7.928822743
2,1,IT/Tech Services,,,00,000,43780,South Bend-Mishawaka MSA,2022,423430,Computer and Computer Peripheral Equipment and Software Merchant Wholesalers ,2,2,1.84195268976,18.6660766788,0.0,7.51035730485,124.485371893,0.628798032275,0.196593832537,1.81443899876
2,1,IT/Tech Services,,,00,000,43780,South Bend-Mishawaka MSA,2022,541511,Custom Computer Programming Services ,2,2,7.75140799084,9.64302554764,0.0,6.63468985649,151.021924661,0.0,0.147641103192,2.13009620917
2,1,IT/Tech Services,,,00,000,43780,South Bend-Mishawaka MSA,2022,541512,Computer Systems Design Services ,2,2,18.8326594974,22.6523065697,0.0,16.1485577601,356.575781579,0.0,0.149416388087,5.00378144958
2,1,IT/Tech Services,,,00,000,43780,South Bend-Mishawaka MSA,2022,541513,Computer Facilities Management Services ,2,2,4.79230045021,5.96179116463,0.0,4.10189054992,92.7549557729,0.0,0.148473594441,1.31692990928
2,1,IT/Tech Services,,,00,000,43780,South Bend-Mishawaka MSA,2022,541519,Other Computer Related Services,2,2,3.34500813395,4.1613083624,0.0,2.86310455628,66.3940400103,0.0,0.145317260818,0.919212245592
2,1,IT/Tech Services,,,00,000,43780,South Bend-Mishawaka MSA,2022,611420,Computer Training ,2,2,0.0,0.0,0.0,0.0,3.84339978397,0.0,0.0,0.0
2,1,IT/Tech Services,,,00,000,43780,South Bend-Mishawaka MSA,2022,811210,Electronic and Precision Equipment Repair and Maintenance ,2,2,21.2266148307,162.289750825,0.757898182143,95.8566731073,444.619621852,1.12293811192,0.402517903784,18.2820596637
2,1,IT/Tech Services,,,00,000,43780,South Bend-Mishawaka MSA,2023,423430,Computer and Computer Peripheral Equipment and Software Merchant Wholesalers ,2,2,1.23990762942,13.8342787019,0.0,6.53361328541,99.573125359,0.0,0.190675789761,1.85150640262
2,1,IT/Tech Services,,,00,000,43780,South Bend-Mishawaka MSA,2023,541511,Custom Computer Programming Services ,2,2,8.8430648408,14.396263026,0.0,9.11903705808,235.298748413,0.0,0.131784657368,3.35715795986
2,1,IT/Tech Services,,,00,000,43780,South Bend-Mishawaka MSA,2023,541512,Computer Systems Design Services ,2,2,13.1870721702,20.4405296397,0.659324265203,13.6299484202,334.850428037,0.0,0.135945592719,4.76665969911
2,1,IT/Tech Services,,,00,000,43780,South Bend-Mishawaka MSA,2023,541513,Computer Facilities Management Services ,2,2,5.78829895332,9.42318932465,0.0,5.96893877958,151.991032976,0.0,0.133306873369,2.19745464441
2,1,IT/Tech Services,,,00,000,43780,South Bend-Mishawaka MSA,2023,541519,Other Computer Related Services,2,2,0.557801926564,0.908085985548,0.0,0.575209673453,16.5818703683,0.0,0.109601089935,0.0
2,1,IT/Tech Services,,,00,000,43780,South Bend-Mishawaka MSA,2023,611420,Computer Training ,2,2,0.0,0.71624218707,0.0,0.0,7.35022269102,0.0,0.0887925749253,0.0
2,1,IT/Tech Services,,,00,000,43780,South Bend-Mishawaka MSA,2023,811210,Electronic and Precision Equipment Repair and Maintenance ,2,2,19.7964751617,113.210458151,4.1169553824,132.96762881,410.265198376,1.46726319913,0.41044708619,14.0680922936
2,1,IT/Tech Services,,,00,000,45460,Terre Haute MSA,2019,423430,Computer and Computer Peripheral Equipment and Software Merchant Wholesalers ,2,2,0.0,0.0,0.0,0.0,0.0,0.0,0.0,0.0
2,1,IT/Tech Services,,,00,000,45460,Terre Haute MSA,2019,541511,Custom Computer Programming Services ,2,2,1.76836759508,3.32280510004,0.0,1.33415070578,103.140283402,0.0,0.079146142933,2.43944439002
2,1,IT/Tech Services,,,00,000,45460,Terre Haute MSA,2019,541512,Computer Systems Design Services ,2,2,0.0,0.634984605193,0.0,0.0,20.3535671249,0.0,0.030253855214,0.0
2,1,IT/Tech Services,,,00,000,45460,Terre Haute MSA,2019,541513,Computer Facilities Management Services ,2,2,0.0,0.0,0.0,0.0,6.27761217134,0.0,0.0,0.0
2,1,IT/Tech Services,,,00,000,45460,Terre Haute MSA,2019,541519,Other Computer Related Services,2,2,0.0,0.0,0.0,0.0,2.72369619684,0.0,0.0,0.0
2,1,IT/Tech Services,,,00,000,45460,Terre Haute MSA,2019,611420,Computer Training ,2,2,0.0,0.0,0.0,0.0,0.0,0.0,0.0,0.0
2,1,IT/Tech Services,,,00,000,45460,Terre Haute MSA,2019,811210,Electronic and Precision Equipment Repair and Maintenance ,2,2,0.0,0.0,0.0,0.0,18.060498921,0.0,0.0,0.0
2,1,IT/Tech Services,,,00,000,45460,Terre Haute MSA,2020,423430,Computer and Computer Peripheral Equipment and Software Merchant Wholesalers ,2,2,0.0,0.0,0.0,0.0,4.22516373917,0.0,0.0,0.0
2,1,IT/Tech Services,,,00,000,45460,Terre Haute MSA,2020,541511,Custom Computer Programming Services ,2,2,3.8776267235,2.40630346067,0.0,1.59247915436,108.542541072,0.0,0.0873306407692,2.50970647297
2,1,IT/Tech Services,,,00,000,45460,Terre Haute MSA,2020,541512,Computer Systems Design Services ,2,2,0.553135922344,0.0,0.0,0.0,16.191439053,0.0,0.0330337391757,0.0
2,1,IT/Tech Services,,,00,000,45460,Terre Haute MSA,2020,541513,Computer Facilities Management Services ,2,2,0.0,0.0,0.0,0.0,5.70304960796,0.0,0.0,0.0
2,1,IT/Tech Services,,,00,000,45460,Terre Haute MSA,2020,541519,Other Computer Related Services,2,2,0.0,0.0,0.0,0.0,2.54118720057,0.0,0.0,0.0
2,1,IT/Tech Services,,,00,000,45460,Terre Haute MSA,2020,611420,Computer Training ,2,2,0.0,0.0,0.0,0.0,0.0,0.0,0.0,0.0
2,1,IT/Tech Services,,,00,000,45460,Terre Haute MSA,2020,811210,Electronic and Precision Equipment Repair and Maintenance ,2,2,0.0,0.0,0.0,0.0,18.8786948651,0.0,0.0,0.0
2,1,IT/Tech Services,,,00,000,45460,Terre Haute MSA,2021,423430,Computer and Computer Peripheral Equipment and Software Merchant Wholesalers ,2,2,0.0,0.0,0.0,0.0,2.75183663375,0.0,0.0,0.0
2,1,IT/Tech Services,,,00,000,45460,Terre Haute MSA,2021,541511,Custom Computer Programming Services ,2,2,7.12401565118,3.67243661501,0.0,1.28771385421,104.854050588,0.0,0.120171493409,2.23733830325
2,1,IT/Tech Services,,,00,000,45460,Terre Haute MSA,2021,541512,Computer Systems Design Services ,2,2,0.929348133868,0.518448905995,0.0,0.0,16.5068206312,0.0,0.0806364728221,0.0
2,1,IT/Tech Services,,,00,000,45460,Terre Haute MSA,2021,541513,Computer Facilities Management Services ,2,2,0.0,0.0,0.0,0.0,4.93441222801,0.0,0.0,0.0
2,1,IT/Tech Services,,,00,000,45460,Terre Haute MSA,2021,541519,Other Computer Related Services,2,2,0.0,0.0,0.0,0.0,1.39549440491,0.0,0.0,0.0
2,1,IT/Tech Services,,,00,000,45460,Terre Haute MSA,2021,611420,Computer Training ,2,2,0.0,0.0,0.0,0.0,0.0,0.0,0.0,0.0
2,1,IT/Tech Services,,,00,000,45460,Terre Haute MSA,2021,811210,Electronic and Precision Equipment Repair and Maintenance ,2,2,0.0,0.0,0.0,1.29389678308,18.3879379443,0.0,0.0657406588871,0.0
2,1,IT/Tech Services,,,00,000,45460,Terre Haute MSA,2022,423430,Computer and Computer Peripheral Equipment and Software Merchant Wholesalers ,2,2,0.0,0.0,0.0,0.0,2.81533513322,0.0,0.0,0.0
2,1,IT/Tech Services,,,00,000,45460,Terre Haute MSA,2022,541511,Custom Computer Programming Services ,2,2,3.60170090918,1.31169044443,0.0,0.0,31.2781384975,0.0,0.135760808505,0.0
2,1,IT/Tech Services,,,00,000,45460,Terre Haute MSA,2022,541512,Computer Systems Design Services ,2,2,1.87835541086,0.684071472285,0.0,0.0,16.6421912431,0.0,0.133427640493,0.0
2,1,IT/Tech Services,,,00,000,45460,Terre Haute MSA,2022,541513,Computer Facilities Management Services ,2,2,0.728965097641,0.0,0.0,0.0,5.66771390451,0.0,0.113959930989,0.0
2,1,IT/Tech Services,,,00,000,45460,Terre Haute MSA,2022,541519,Other Computer Related Services,2,2,0.0,0.0,0.0,0.0,0.619789723378,0.0,0.0,0.0
2,1,IT/Tech Services,,,00,000,45460,Terre Haute MSA,2022,611420,Computer Training ,2,2,0.0,0.0,0.0,0.0,0.0,0.0,0.0,0.0
2,1,IT/Tech Services,,,00,000,45460,Terre Haute MSA,2022,811210,Electronic and Precision Equipment Repair and Maintenance ,2,2,0.0,0.500637886268,0.0,0.0,17.6374284983,0.0,0.0276015025887,0.0
2,1,IT/Tech Services,,,00,000,45460,Terre Haute MSA,2023,423430,Computer and Computer Peripheral Equipment and Software Merchant Wholesalers ,2,2,0.0,0.0,0.0,0.0,2.76039188798,0.0,0.0,0.0
2,1,IT/Tech Services,,,00,000,45460,Terre Haute MSA,2023,541511,Custom Computer Programming Services ,2,2,1.3362119723,2.77556971395,0.0,1.01536946151,27.2924818631,0.0,0.179860421795,0.858216989814
2,1,IT/Tech Services,,,00,000,45460,Terre Haute MSA,2023,541512,Computer Systems Design Services ,2,2,0.54991149965,1.62275372165,0.0,0.593641933845,18.1833660806,0.0,0.1523473342,0.50176178505
2,1,IT/Tech Services,,,00,000,45460,Terre Haute MSA,2023,541513,Computer Facilities Management Services ,2,2,0.0,0.0,0.0,0.0,5.66042091778,0.0,0.0,0.0
2,1,IT/Tech Services,,,00,000,45460,Terre Haute MSA,2023,541519,Other Computer Related Services,2,2,0.0,0.0,0.0,0.0,2.4218986768,0.0,0.0,0.0
2,1,IT/Tech Services,,,00,000,45460,Terre Haute MSA,2023,611420,Computer Training ,2,2,0.0,0.0,0.0,0.0,0.0,0.0,0.0,0.0
2,1,IT/Tech Services,,,00,000,45460,Terre Haute MSA,2023,811210,Electronic and Precision Equipment Repair and Maintenance ,2,2,0.0,1.9976341921,0.0,0.0,21.855033419,0.0,0.083748879776,0.0
2,1,IT/Tech Services,,,18,000,00000,Indiana,2019,423430,Computer and Computer Peripheral Equipment and Software Merchant Wholesalers ,2,2,67.9674308104,203.520579013,1.20542841236,109.928479937,2384.51100444,2.57954755622,0.147259769671,26.5799054354
2,1,IT/Tech Services,,,18,000,00000,Indiana,2019,541511,Custom Computer Programming Services ,2,2,1795.85533525,749.79066461,9.64654874666,364.920611551,10027.2956145,19.946746902,0.235663016195,151.490476037
2,1,IT/Tech Services,,,18,000,00000,Indiana,2019,541512,Computer Systems Design Services ,2,2,1781.50326024,848.149158562,11.21111003,392.434940744,11011.4373334,24.0003637811,0.22639424005,165.177156389
2,1,IT/Tech Services,,,18,000,00000,Indiana,2019,541513,Computer Facilities Management Services ,2,2,85.7008059531,59.2365140881,0.0,22.0901659809,892.153970339,0.615088985271,0.165344532755,9.09236193328
2,1,IT/Tech Services,,,18,000,00000,Indiana,2019,541519,Other Computer Related Services,2,2,120.295617754,61.5442318937,0.0,27.1610962305,830.292463528,0.732085961787,0.20904881479,9.71370352846
2,1,IT/Tech Services,,,18,000,00000,Indiana,2019,611420,Computer Training ,2,2,0.925212291192,10.9406315272,0.0,4.44074038685,105.848058514,0.0,0.138266875606,0.676957363817
2,1,IT/Tech Services,,,18,000,00000,Indiana,2019,811210,Electronic and Precision Equipment Repair and Maintenance ,2,2,83.6116887305,341.388834322,1.17063815884,117.410565043,1944.49889116,0.891419395036,0.229803299981,35.7062578522
2,1,IT/Tech Services,,,18,000,00000,Indiana,2020,423430,Computer and Computer Peripheral Equipment and Software Merchant Wholesalers ,2,2,87.2144672327,193.154315973,1.02516077694,142.039354732,2410.10382906,1.31134984658,0.158317714135,28.5880821547
2,1,IT/Tech Services,,,18,000,00000,Indiana,2020,541511,Custom Computer Programming Services ,2,2,1827.48645988,769.136877452,9.55235568471,395.338261273,10574.238754,21.0296299931,0.232988970844,189.510624976
2,1,IT/Tech Services,,,18,000,00000,Indiana,2020,541512,Computer Systems Design Services ,2,2,1702.61926549,842.338553285,11.0614107798,399.44690372,11185.3428131,21.7317893789,0.221121291244,198.286806911
2,1,IT/Tech Services,,,18,000,00000,Indiana,2020,541513,Computer Facilities Management Services ,2,2,93.952356193,68.1555218615,0.0,26.7912179155,988.763878621,0.568164598231,0.167879752057,10.0152483557
2,1,IT/Tech Services,,,18,000,00000,Indiana,2020,541519,Other Computer Related Services,2,2,111.646210629,61.4553547261,0.0,25.5851717963,865.838755371,0.64543498359,0.197793467556,14.1505693324
2,1,IT/Tech Services,,,18,000,00000,Indiana,2020,611420,Computer Training ,2,2,1.62879902893,5.77152676428,0.0,4.35553476008,112.374461093,0.0,0.0996894473238,0.687121355935
2,1,IT/Tech Services,,,18,000,00000,Indiana,2020,811210,Electronic and Precision Equipment Repair and Maintenance ,2,2,39.1012229776,250.841688392,0.702505020075,120.858410505,1865.23624997,1.26588325615,0.189859166117,24.3545332135
2,1,IT/Tech Services,,,18,000,00000,Indiana,2021,423430,Computer and Computer Peripheral Equipment and Software Merchant Wholesalers ,2,2,104.261338995,241.435798801,1.80130044074,151.708051631,2686.01736829,3.02399968921,0.167705317998,38.9953606587
2,1,IT/Tech Services,,,18,000,00000,Indiana,2021,541511,Custom Computer Programming Services ,2,2,1688.19930058,861.965131658,10.0193714526,466.820953698,10921.7620088,24.0612416057,0.230126685844,213.612550627
2,1,IT/Tech Services,,,18,000,00000,Indiana,2021,541512,Computer Systems Design Services ,2,2,1688.99779169,963.751847682,13.6050569819,489.585206985,12050.3887498,24.8852312594,0.220459248727,227.104016383
2,1,IT/Tech Services,,,18,000,00000,Indiana,2021,541513,Computer Facilities Management Services ,2,2,92.3763749112,79.4687367378,0.0,32.7092113615,1029.43283355,2.06255528573,0.174586241887,11.1221742931
2,1,IT/Tech Services,,,18,000,00000,Indiana,2021,541519,Other Computer Related Services,2,2,104.712138717,68.9924762997,0.0,32.1072689029,940.555823799,0.764997697154,0.192678026813,17.8991592398
2,1,IT/Tech Services,,,18,000,00000,Indiana,2021,611420,Computer Training ,2,2,0.627459239211,11.0465942682,0.0,3.75660351984,151.63332683,0.0,0.0980185603297,1.04737648891
2,1,IT/Tech Services,,,18,000,00000,Indiana,2021,811210,Electronic and Precision Equipment Repair and Maintenance ,2,2,60.5503013341,269.605352352,0.0,181.280530157,1914.01824544,5.88032845143,0.22622510698,42.2764471618
2,1,IT/Tech Services,,,18,000,00000,Indiana,2022,423430,Computer and Computer Peripheral Equipment and Software Merchant Wholesalers ,2,2,146.604776851,326.110131318,1.98336058202,198.152399588,2973.79452269,4.12081032837,0.195512083099,45.7401365435
2,1,IT/Tech Services,,,18,000,00000,Indiana,2022,541511,Custom Computer Programming Services ,2,2,1691.98312764,926.864840947,10.8566743144,564.078639845,11917.668959,27.5696484196,0.224482740957,228.358809665
2,1,IT/Tech Services,,,18,000,00000,Indiana,2022,541512,Computer Systems Design Services ,2,2,1693.58296873,1008.46333066,13.0626213224,589.10656334,13081.6057718,29.5035958573,0.214611504497,240.897956122
2,1,IT/Tech Services,,,18,000,00000,Indiana,2022,541513,Computer Facilities Management Services ,2,2,91.1685512747,75.9618711109,0.0,40.0473070644,1098.14359828,1.2408647667,0.168294884151,13.7899098925
2,1,IT/Tech Services,,,18,000,00000,Indiana,2022,541519,Other Computer Related Services,2,2,115.316048162,74.5604542354,0.0,43.0712370478,1086.02270106,1.34300421128,0.189728776081,20.0065234642
2,1,IT/Tech Services,,,18,000,00000,Indiana,2022,611420,Computer Training ,2,2,1.5960599154,14.5942788008,0.0,7.28832808696,164.330930952,0.0,0.12952483226,0.973422188636
2,1,IT/Tech Services,,,18,000,00000,Indiana,2022,811210,Electronic and Precision Equipment Repair and Maintenance ,2,2,110.551712453,395.753781946,0.757898182143,202.750163562,2119.88262516,4.876651885,0.263354382573,43.178116535
2,1,IT/Tech Services,,,18,000,00000,Indiana,2023,423430,Computer and Computer Peripheral Equipment and Software Merchant Wholesalers ,2,2,128.684357573,304.210486039,2.90524506176,194.467169663,2981.97068224,3.7946229836,0.186371136859,48.9931223877
2,1,IT/Tech Services,,,18,000,00000,Indiana,2023,541511,Custom Computer Programming Services ,2,2,1653.8032536,1046.76154352,10.6646329591,670.546323747,11828.6879168,23.1451550121,0.235432855626,237.482240523
2,1,IT/Tech Services,,,18,000,00000,Indiana,2023,541512,Computer Systems Design Services ,2,2,1673.37978679,1123.25608673,13.7884634,694.969796463,13054.939405,25.9615293803,0.224642104065,251.012546497
2,1,IT/Tech Services,,,18,000,00000,Indiana,2023,541513,Computer Facilities Management Services ,2,2,83.329146212,80.5124580293,0.0,44.8586261117,1141.73708818,0.644909547859,0.164326173553,15.1650469287
2,1,IT/Tech Services,,,18,000,00000,Indiana,2023,541519,Other Computer Related Services,2,2,130.687906036,105.968363066,0.0,59.999808799,1180.41592214,0.702817772801,0.2125392554,21.2407588167
2,1,IT/Tech Services,,,18,000,00000,Indiana,2023,611420,Computer Training ,2,2,2.88730803849,13.0044752791,0.0,7.09171997163,136.69101491,0.0,0.151460257951,1.41518465904
2,1,IT/Tech Services,,,18,000,00000,Indiana,2023,811210,Electronic and Precision Equipment Repair and Maintenance ,2,2,96.4531663645,282.549645398,4.1169553824,261.148047706,2049.19575093,4.26510333681,0.250564011813,36.5885817605
2,2,"Telecommunications, Internet Services and Data Hosting",,,0,000,00000,United States,2019,513110,Newspaper Publishers ,2,2,6828.18567141,9538.81765991,132.02923229,9846.24069092,112440.533801,462.151932165,0.203729219547,1960.95707611
2,2,"Telecommunications, Internet Services and Data Hosting",,,0,000,00000,United States,2019,513120,Periodical Publishers ,2,2,6758.54507059,6431.57675705,87.3151707686,7320.76347957,66567.0528705,160.015553018,0.249559759935,1378.73351813
2,2,"Telecommunications, Internet Services and Data Hosting",,,0,000,00000,United States,2019,513130,Book Publishers ,2,2,4240.84789114,3602.62129186,52.6629088004,4439.2088503,45316.6504663,89.172557915,0.22671560751,861.661729413
2,2,"Telecommunications, Internet Services and Data Hosting",,,0,000,00000,United States,2019,513199,All Other Publishers ,2,2,4659.77129944,3362.2281045,59.7501587402,4593.77774008,34074.2812697,82.4280265676,0.285340177269,846.78520397
2,2,"Telecommunications, Internet Services and Data Hosting",,,0,000,00000,United States,2019,517111,Wired Telecommunications Carriers ,2,2,29791.9185171,83491.0595616,865.740819476,70260.3878674,324593.825909,2127.03481919,0.375628093064,8742.59932575
2,2,"Telecommunications, Internet Services and Data Hosting",,,0,000,00000,United States,2019,517112,Wireless Telecommunications Carriers (except Satellite),2,2,7248.8485051,16659.7210426,192.597604885,16303.5935802,62166.5356401,447.757949239,0.407668970416,1933.29923552
2,2,"Telecommunications, Internet Services and Data Hosting",,,0,000,00000,United States,2019,517121,Telecommunications Resellers,2,2,2863.78695628,8036.47948791,51.6900587388,6876.29926632,31244.5473039,201.439665164,0.375222873059,734.866040761
2,2,"Telecommunications, Internet Services and Data Hosting",,,0,000,00000,United States,2019,517410,Satellite Telecommunications,2,2,561.266856637,704.468570298,12.3845126891,1353.92771831,5626.31435573,44.3451018334,0.333401789575,137.631108846
2,2,"Telecommunications, Internet Services and Data Hosting",,,0,000,00000,United States,2019,517810,All Other Telecommunications ,2,2,4599.30293331,2536.40261123,39.6633608082,3509.83865075,19943.2950964,106.23161825,0.361842995473,516.658340965
2,2,"Telecommunications, Internet Services and Data Hosting",,,0,000,00000,United States,2019,518210,"Computing Infrastructure Providers, Data Processing, Web Hosting, and Related Services",2,2,45181.4275793,31196.912646,565.456565696,33089.8519843,226747.959461,908.813241598,0.341030496342,6404.34801031
2,2,"Telecommunications, Internet Services and Data Hosting",,,0,000,00000,United States,2020,513110,Newspaper Publishers ,2,2,6477.67302532,8134.94608616,117.818488664,8775.2094973,97925.2473962,385.804825553,0.207602339096,1764.24018592
2,2,"Telecommunications, Internet Services and Data Hosting",,,0,000,00000,United States,2020,513120,Periodical Publishers ,2,2,6386.74607799,5668.75535239,78.9574425751,6547.68654745,59816.7798801,141.191230421,0.2516617875,1292.69844628
2,2,"Telecommunications, Internet Services and Data Hosting",,,0,000,00000,United States,2020,513130,Book Publishers ,2,2,4209.26762753,3354.35502184,57.03141897,4333.23547318,42242.4744725,90.7211504032,0.234263383377,878.716699416
2,2,"Telecommunications, Internet Services and Data Hosting",,,0,000,00000,United States,2020,513199,All Other Publishers ,2,2,5079.35620388,3451.3344289,67.5984869386,4819.73705629,35109.9982232,74.7544936102,0.291318517606,939.926956645
2,2,"Telecommunications, Internet Services and Data Hosting",,,0,000,00000,United States,2020,517111,Wired Telecommunications Carriers ,2,2,29258.483949,80068.4534116,813.121462905,66994.1315912,310961.812964,2077.05302906,0.376504726041,8566.59079034
2,2,"Telecommunications, Internet Services and Data Hosting",,,0,000,00000,United States,2020,517112,Wireless Telecommunications Carriers (except Satellite),2,2,6781.28289183,15359.7879715,173.957954662,15376.9081414,59239.1000114,436.690567124,0.40332806465,1914.80361834
2,2,"Telecommunications, Internet Services and Data Hosting",,,0,000,00000,United States,2020,517121,Telecommunications Resellers,2,2,2800.10671503,7634.69928187,50.4766282553,6760.43949203,30478.4361659,197.649769769,0.374620097155,814.065977099
2,2,"Telecommunications, Internet Services and Data Hosting",,,0,000,00000,United States,2020,517410,Satellite Telecommunications,2,2,686.426374098,649.327378337,16.1545455439,1345.07794727,5584.38515756,48.7442487475,0.341808964577,154.328616156
2,2,"Telecommunications, Internet Services and Data Hosting",,,0,000,00000,United States,2020,517810,All Other Telecommunications ,2,2,5136.27894118,2762.25089959,41.01774883,3554.48880038,21539.321336,92.4476916371,0.36159870366,613.664504336
2,2,"Telecommunications, Internet Services and Data Hosting",,,0,000,00000,United States,2020,518210,"Computing Infrastructure Providers, Data Processing, Web Hosting, and Related Services",2,2,49011.8945908,33008.258062,590.012039738,35197.5630149,235700.734442,1062.57046822,0.348306576904,7103.22415532
2,2,"Telecommunications, Internet Services and Data Hosting",,,0,000,00000,United States,2021,513110,Newspaper Publishers ,2,2,6409.40348354,7451.95448654,108.264143772,8190.00009438,89443.7308366,333.624204436,0.213118639254,1731.65858135
2,2,"Telecommunications, Internet Services and Data Hosting",,,0,000,00000,United States,2021,513120,Periodical Publishers ,2,2,6253.52562595,5351.26630718,73.5328234041,6248.99407516,56290.6590583,132.109619162,0.256062767486,1315.78401619
2,2,"Telecommunications, Internet Services and Data Hosting",,,0,000,00000,United States,2021,513130,Book Publishers ,2,2,4359.19284029,3292.82468115,54.3461007011,4374.7499178,41945.3199837,99.4544579912,0.238103213414,927.920778538
2,2,"Telecommunications, Internet Services and Data Hosting",,,0,000,00000,United States,2021,513199,All Other Publishers ,2,2,5669.8231584,3737.4616313,71.3659920828,5133.96657296,36981.4927945,81.3691813172,0.299299695536,1102.42380275
2,2,"Telecommunications, Internet Services and Data Hosting",,,0,000,00000,United States,2021,517111,Wired Telecommunications Carriers ,2,2,29616.9631442,74905.5264504,815.91678088,65383.6078361,300145.336921,2053.44120215,0.376789000287,8690.31058112
2,2,"Telecommunications, Internet Services and Data Hosting",,,0,000,00000,United States,2021,517112,Wireless Telecommunications Carriers (except Satellite),2,2,6861.71757306,14775.9950566,160.500188565,14588.9805825,57785.0774892,411.88908582,0.40085118664,1861.12406832
2,2,"Telecommunications, Internet Services and Data Hosting",,,0,000,00000,United States,2021,517121,Telecommunications Resellers,2,2,2807.78396273,7060.2436971,51.3307966426,6640.53570143,28645.8675977,190.016137496,0.380157636473,818.98457444
2,2,"Telecommunications, Internet Services and Data Hosting",,,0,000,00000,United States,2021,517410,Satellite Telecommunications,2,2,701.383378009,643.945571599,14.0272930579,1366.89202459,5622.14091862,50.3877676421,0.343006360197,158.598001136
2,2,"Telecommunications, Internet Services and Data Hosting",,,0,000,00000,United States,2021,517810,All Other Telecommunications ,2,2,5044.3590556,3239.70426308,41.2679079654,4042.92275563,22362.41075,104.37286169,0.370199202855,672.079658619
2,2,"Telecommunications, Internet Services and Data Hosting",,,0,000,00000,United States,2021,518210,"Computing Infrastructure Providers, Data Processing, Web Hosting, and Related Services",2,2,54128.7442001,36734.1352821,615.373011656,38006.1412626,250598.766742,963.027548995,0.355995230792,8079.45002834
2,2,"Telecommunications, Internet Services and Data Hosting",,,0,000,00000,United States,2022,513110,Newspaper Publishers ,2,2,5890.43911023,7121.32645022,97.8221184222,7880.38004835,81499.7880206,330.564909798,0.219911372256,1654.71605231
2,2,"Telecommunications, Internet Services and Data Hosting",,,0,000,00000,United States,2022,513120,Periodical Publishers ,2,2,5714.83987637,5244.55433977,64.1892410963,6220.66678193,52667.0856569,125.593529016,0.261281490589,1258.2729909
2,2,"Telecommunications, Internet Services and Data Hosting",,,0,000,00000,United States,2022,513130,Book Publishers ,2,2,4300.03310707,3481.76434822,45.3186116353,4615.72142356,42263.8120945,95.7438630763,0.241790442936,939.204241844
2,2,"Telecommunications, Internet Services and Data Hosting",,,0,000,00000,United States,2022,513199,All Other Publishers ,2,2,5426.35084501,3930.34915434,63.7189686717,5574.48088996,36659.6564203,85.728017388,0.30590522711,1076.2154853
2,2,"Telecommunications, Internet Services and Data Hosting",,,0,000,00000,United States,2022,517111,Wired Telecommunications Carriers ,2,2,31139.4676808,74634.6631789,784.636595953,68093.8627641,295909.97987,2079.85075093,0.385799080838,9137.96416
2,2,"Telecommunications, Internet Services and Data Hosting",,,0,000,00000,United States,2022,517112,Wireless Telecommunications Carriers (except Satellite),2,2,6754.48692483,13742.3554163,149.643593055,14155.3290008,55482.2477778,448.279001655,0.400677617935,1842.62200813
2,2,"Telecommunications, Internet Services and Data Hosting",,,0,000,00000,United States,2022,517121,Telecommunications Resellers,2,2,2835.35359311,6781.8265466,43.8508703115,6374.09286103,27139.6086668,175.33710475,0.384305545151,729.600806036
2,2,"Telecommunications, Internet Services and Data Hosting",,,0,000,00000,United States,2022,517410,Satellite Telecommunications,2,2,828.31063605,723.645021073,16.5698990853,1461.82683358,6004.10870006,45.3989473968,0.349113833055,144.654178879
2,2,"Telecommunications, Internet Services and Data Hosting",,,0,000,00000,United States,2022,517810,All Other Telecommunications ,2,2,6111.32241344,5361.53263812,54.2739913075,4889.09229677,28185.4517352,122.854796957,0.381132524928,819.070508291
2,2,"Telecommunications, Internet Services and Data Hosting",,,0,000,00000,United States,2022,518210,"Computing Infrastructure Providers, Data Processing, Web Hosting, and Related Services",2,2,73224.06509,43044.2130189,845.850239598,47508.0508413,291891.177442,1147.02590866,0.375698570093,9888.08597005
2,2,"Telecommunications, Internet Services and Data Hosting",,,0,000,00000,United States,2023,513110,Newspaper Publishers ,2,2,5639.09126671,6407.4676589,87.4526251919,7470.60834695,74632.2578183,314.11154131,0.223273867301,1534.68969223
2,2,"Telecommunications, Internet Services and Data Hosting",,,0,000,00000,United States,2023,513120,Periodical Publishers ,2,2,5777.37025408,5092.64882917,61.4745242183,6267.02504499,51250.6855344,119.091995489,0.26572343416,1229.22687461
2,2,"Telecommunications, Internet Services and Data Hosting",,,0,000,00000,United States,2023,513130,Book Publishers ,2,2,4323.72219934,3426.45199163,39.0228564749,4631.91758761,41525.0787865,93.605350381,0.244475117258,922.095581286
2,2,"Telecommunications, Internet Services and Data Hosting",,,0,000,00000,United States,2023,513199,All Other Publishers ,2,2,4902.14188763,3411.51185377,52.3561022441,4904.5584017,32888.8905081,76.0270138948,0.302922340922,945.613898989
2,2,"Telecommunications, Internet Services and Data Hosting",,,0,000,00000,United States,2023,517111,Wired Telecommunications Carriers ,2,2,31853.6367229,71763.886636,768.227146297,69186.3691272,290474.080302,2013.80590225,0.388813692681,9202.7361845
2,2,"Telecommunications, Internet Services and Data Hosting",,,0,000,00000,United States,2023,517112,Wireless Telecommunications Carriers (except Satellite),2,2,6753.9542133,12280.2545028,157.8249914,13845.0102617,53031.3979355,436.041282285,0.399660975641,1831.26675379
2,2,"Telecommunications, Internet Services and Data Hosting",,,0,000,00000,United States,2023,517121,Telecommunications Resellers,2,2,2590.85811256,6257.01557059,39.5697507838,6169.56011188,25507.8653882,154.650296283,0.38450426283,723.278579243
2,2,"Telecommunications, Internet Services and Data Hosting",,,0,000,00000,United States,2023,517410,Satellite Telecommunications,2,2,903.91414856,747.88844149,18.5497026961,1540.89662906,5998.88481062,40.1048711568,0.361655367335,147.325821105
2,2,"Telecommunications, Internet Services and Data Hosting",,,0,000,00000,United States,2023,517810,All Other Telecommunications ,2,2,6701.03374947,5327.42087893,56.75559429,4769.68541566,28101.9962174,153.801365776,0.388630917739,854.987793083
2,2,"Telecommunications, Internet Services and Data Hosting",,,0,000,00000,United States,2023,518210,"Computing Infrastructure Providers, Data Processing, Web Hosting, and Related Services",2,2,81077.3768441,44489.5557199,839.548896507,49451.0640449,298624.935544,1314.27575265,0.38635250415,10842.4579973
2,2,"Telecommunications, Internet Services and Data Hosting",,,00,000,14020,Bloomington MSA,2019,513110,Newspaper Publishers ,2,2,1.62749407969,0.95566133777,0.0,0.690385669461,102.587174863,0.0,0.030923096047,0.0
2,2,"Telecommunications, Internet Services and Data Hosting",,,00,000,14020,Bloomington MSA,2019,513120,Periodical Publishers ,2,2,0.0,0.0,0.0,0.0,2.14505479348,0.0,0.0,0.0
2,2,"Telecommunications, Internet Services and Data Hosting",,,00,000,14020,Bloomington MSA,2019,513130,Book Publishers ,2,2,9.25151904736,5.43247387474,0.0,3.92450961927,243.356580443,1.34341775981,0.0853413375019,2.75422890663
2,2,"Telecommunications, Internet Services and Data Hosting",,,00,000,14020,Bloomington MSA,2019,513199,All Other Publishers ,2,2,0.0,0.0,0.0,0.0,2.2327681966,0.0,0.0,0.0
2,2,"Telecommunications, Internet Services and Data Hosting",,,00,000,14020,Bloomington MSA,2019,517111,Wired Telecommunications Carriers ,2,2,1.6230124182,8.0411155528,0.0,5.27965271441,168.64274633,0.0,0.0919109134532,2.12514910579
2,2,"Telecommunications, Internet Services and Data Hosting",,,00,000,14020,Bloomington MSA,2019,517112,Wireless Telecommunications Carriers (except Satellite),2,2,1.06430888412,5.27305313572,0.0,3.05130181388,110.589402243,0.0,0.0888366761609,1.39359073783
2,2,"Telecommunications, Internet Services and Data Hosting",,,00,000,14020,Bloomington MSA,2019,517121,Telecommunications Resellers,2,2,0.0,0.739345132633,0.0,0.0,15.5059572063,0.0,0.0455113187312,0.0
2,2,"Telecommunications, Internet Services and Data Hosting",,,00,000,14020,Bloomington MSA,2019,517410,Satellite Telecommunications,2,2,0.0,0.0,0.0,0.0,4.28029345686,0.0,0.0,0.0
2,2,"Telecommunications, Internet Services and Data Hosting",,,00,000,14020,Bloomington MSA,2019,517810,All Other Telecommunications ,2,2,0.0,0.0,0.0,0.610888339525,6.78017910545,0.0,0.0826522480106,0.0
2,2,"Telecommunications, Internet Services and Data Hosting",,,00,000,14020,Bloomington MSA,2019,518210,"Computing Infrastructure Providers, Data Processing, Web Hosting, and Related Services",2,2,1.70571451408,0.0,0.0,0.0,27.2364747304,0.0,0.0589352277284,0.0
2,2,"Telecommunications, Internet Services and Data Hosting",,,00,000,14020,Bloomington MSA,2020,513110,Newspaper Publishers ,2,2,1.18520418839,0.69415248937,0.0,0.613724604536,92.5628734693,0.0,0.0262275129298,0.0
2,2,"Telecommunications, Internet Services and Data Hosting",,,00,000,14020,Bloomington MSA,2020,513120,Periodical Publishers ,2,2,0.0,0.0,0.0,0.0,1.35760045696,0.0,0.0,0.0
2,2,"Telecommunications, Internet Services and Data Hosting",,,00,000,14020,Bloomington MSA,2020,513130,Book Publishers ,2,2,5.9584798735,3.48977305139,0.0,3.08543096608,176.686961189,0.0,0.0737889128117,1.5425228771
2,2,"Telecommunications, Internet Services and Data Hosting",,,00,000,14020,Bloomington MSA,2020,513199,All Other Publishers ,2,2,0.0,0.0,0.0,0.0,6.22395418953,0.0,0.0,0.0
2,2,"Telecommunications, Internet Services and Data Hosting",,,00,000,14020,Bloomington MSA,2020,517111,Wired Telecommunications Carriers ,2,2,0.986380929442,6.32125189579,0.0,3.98852355177,155.151814334,0.0,0.0820503371487,2.5719882398
2,2,"Telecommunications, Internet Services and Data Hosting",,,00,000,14020,Bloomington MSA,2020,517112,Wireless Telecommunications Carriers (except Satellite),2,2,0.654961533361,4.19734071377,0.0,2.64839822359,103.021527675,0.0,0.0820503371487,1.70781217585
2,2,"Telecommunications, Internet Services and Data Hosting",,,00,000,14020,Bloomington MSA,2020,517121,Telecommunications Resellers,2,2,0.0,0.542560229201,0.0,0.0,13.3168564288,0.0,0.0391474073253,0.0
2,2,"Telecommunications, Internet Services and Data Hosting",,,00,000,14020,Bloomington MSA,2020,517410,Satellite Telecommunications,2,2,0.0,0.0,0.0,0.0,7.08616705261,0.0,0.0,0.0
2,2,"Telecommunications, Internet Services and Data Hosting",,,00,000,14020,Bloomington MSA,2020,517810,All Other Telecommunications ,2,2,0.0,0.0,0.0,0.0,3.3044089573,0.0,0.0,0.0
2,2,"Telecommunications, Internet Services and Data Hosting",,,00,000,14020,Bloomington MSA,2020,518210,"Computing Infrastructure Providers, Data Processing, Web Hosting, and Related Services",2,2,2.87506157536,0.0,0.0,0.676039704162,21.935665366,0.0,0.139331180331,0.0
2,2,"Telecommunications, Internet Services and Data Hosting",,,00,000,14020,Bloomington MSA,2021,513110,Newspaper Publishers ,2,2,0.0,0.500260309057,0.0,0.667776831553,20.381244238,0.0,0.0542030669185,0.0
2,2,"Telecommunications, Internet Services and Data Hosting",,,00,000,14020,Bloomington MSA,2021,513120,Periodical Publishers ,2,2,0.0,0.0,0.0,0.0,0.566536041739,0.0,0.0,0.0
2,2,"Telecommunications, Internet Services and Data Hosting",,,00,000,14020,Bloomington MSA,2021,513130,Book Publishers ,2,2,1.93209494357,3.84756259666,0.0,5.13595245012,156.754616714,0.0,0.0709140964117,1.04895858153
2,2,"Telecommunications, Internet Services and Data Hosting",,,00,000,14020,Bloomington MSA,2021,513199,All Other Publishers ,2,2,0.0,0.0,0.0,0.0,12.5938437074,0.0,0.0,0.0
2,2,"Telecommunications, Internet Services and Data Hosting",,,00,000,14020,Bloomington MSA,2021,517111,Wired Telecommunications Carriers ,2,2,1.49839419755,6.55425420124,0.0,6.08901739595,176.237424489,0.0,0.0861753471509,2.47784779467
2,2,"Telecommunications, Internet Services and Data Hosting",,,00,000,14020,Bloomington MSA,2021,517112,Wireless Telecommunications Carriers (except Satellite),2,2,0.856399514248,3.74605035401,0.0,3.48014664542,100.727595563,0.0,0.0861753471509,1.41620119138
2,2,"Telecommunications, Internet Services and Data Hosting",,,00,000,14020,Bloomington MSA,2021,517121,Telecommunications Resellers,2,2,0.0,0.0,0.0,0.0,5.61520882532,0.0,0.0,0.0
2,2,"Telecommunications, Internet Services and Data Hosting",,,00,000,14020,Bloomington MSA,2021,517410,Satellite Telecommunications,2,2,0.0,0.0,0.0,0.0,6.45976491905,0.0,0.0,0.0
2,2,"Telecommunications, Internet Services and Data Hosting",,,00,000,14020,Bloomington MSA,2021,517810,All Other Telecommunications ,2,2,0.0,0.0,0.0,0.0,8.17501627736,0.0,0.0,0.0
2,2,"Telecommunications, Internet Services and Data Hosting",,,00,000,14020,Bloomington MSA,2021,518210,"Computing Infrastructure Providers, Data Processing, Web Hosting, and Related Services",2,2,1.23600964548,0.0,0.0,0.450393285933,11.8057703085,0.0,0.12499120056,0.0
2,2,"Telecommunications, Internet Services and Data Hosting",,,00,000,14020,Bloomington MSA,2022,513110,Newspaper Publishers ,2,2,0.0,0.0,0.0,0.669318507908,22.0282985893,0.0,0.02948849234,0.0
2,2,"Telecommunications, Internet Services and Data Hosting",,,00,000,14020,Bloomington MSA,2022,513120,Periodical Publishers ,2,2,0.0,0.0,0.0,0.0,3.50756433935,0.0,0.0,0.0
2,2,"Telecommunications, Internet Services and Data Hosting",,,00,000,14020,Bloomington MSA,2022,513130,Book Publishers ,2,2,2.24399300353,2.6633671738,0.0,4.06593020652,133.815998772,0.0,0.0628428815416,0.0
2,2,"Telecommunications, Internet Services and Data Hosting",,,00,000,14020,Bloomington MSA,2022,513199,All Other Publishers ,2,2,0.0,0.0,0.0,0.0,10.6721645151,0.0,0.0,0.0
2,2,"Telecommunications, Internet Services and Data Hosting",,,00,000,14020,Bloomington MSA,2022,517111,Wired Telecommunications Carriers ,2,2,2.53570319654,8.91233701039,0.0,6.81199830955,210.09157947,0.0,0.089289190773,2.33805577318
2,2,"Telecommunications, Internet Services and Data Hosting",,,00,000,14020,Bloomington MSA,2022,517112,Wireless Telecommunications Carriers (except Satellite),2,2,0.714657510612,2.5118352141,0.0,1.91987996105,59.2036817285,0.0,0.0893003274037,0.658952956645
2,2,"Telecommunications, Internet Services and Data Hosting",,,00,000,14020,Bloomington MSA,2022,517121,Telecommunications Resellers,2,2,0.0,0.0,0.0,0.0,0.0,0.0,0.0,0.0
2,2,"Telecommunications, Internet Services and Data Hosting",,,00,000,14020,Bloomington MSA,2022,517410,Satellite Telecommunications,2,2,0.0,0.0,0.0,0.0,9.04565624732,0.0,0.0,0.0
2,2,"Telecommunications, Internet Services and Data Hosting",,,00,000,14020,Bloomington MSA,2022,517810,All Other Telecommunications ,2,2,0.0,0.0,0.0,0.0,3.18416143933,0.0,0.0,0.0
2,2,"Telecommunications, Internet Services and Data Hosting",,,00,000,14020,Bloomington MSA,2022,518210,"Computing Infrastructure Providers, Data Processing, Web Hosting, and Related Services",2,2,1.62982433356,1.1301075457,0.0,0.0,15.6037818233,0.0,0.150292687196,0.0
2,2,"Telecommunications, Internet Services and Data Hosting",,,00,000,14020,Bloomington MSA,2023,513110,Newspaper Publishers ,2,2,0.0,0.0,0.0,0.0,14.299724834,0.0,0.0,0.0
2,2,"Telecommunications, Internet Services and Data Hosting",,,00,000,14020,Bloomington MSA,2023,513120,Periodical Publishers ,2,2,0.0,0.0,0.0,0.0,3.14166779592,0.0,0.0,0.0
2,2,"Telecommunications, Internet Services and Data Hosting",,,00,000,14020,Bloomington MSA,2023,513130,Book Publishers ,2,2,1.19960802708,2.76024410117,0.0,2.48365620307,109.596135942,0.0,0.0555285081376,0.0
2,2,"Telecommunications, Internet Services and Data Hosting",,,00,000,14020,Bloomington MSA,2023,513199,All Other Publishers ,2,2,0.0,0.0,0.0,0.0,6.59991420018,0.0,0.0,0.0
2,2,"Telecommunications, Internet Services and Data Hosting",,,00,000,14020,Bloomington MSA,2023,517111,Wired Telecommunications Carriers ,2,2,2.78876512244,9.54140065306,0.0,6.02144791148,232.266166756,0.0,0.085852131452,3.46164669052
2,2,"Telecommunications, Internet Services and Data Hosting",,,00,000,14020,Bloomington MSA,2023,517112,Wireless Telecommunications Carriers (except Satellite),2,2,0.0,1.52161651667,0.0,0.556888231126,37.0642212234,0.0,0.0662694675955,0.552046703695
2,2,"Telecommunications, Internet Services and Data Hosting",,,00,000,14020,Bloomington MSA,2023,517121,Telecommunications Resellers,2,2,0.0,0.0,0.0,0.0,0.0,0.0,0.0,0.0
2,2,"Telecommunications, Internet Services and Data Hosting",,,00,000,14020,Bloomington MSA,2023,517410,Satellite Telecommunications,2,2,0.0,0.0,0.0,0.0,13.6637789598,0.0,0.0,0.0
2,2,"Telecommunications, Internet Services and Data Hosting",,,00,000,14020,Bloomington MSA,2023,517810,All Other Telecommunications ,2,2,0.0,0.0,0.0,0.0,0.0,0.0,0.0,0.0
2,2,"Telecommunications, Internet Services and Data Hosting",,,00,000,14020,Bloomington MSA,2023,518210,"Computing Infrastructure Providers, Data Processing, Web Hosting, and Related Services",2,2,1.54856297338,0.966710314011,0.0,0.531746036288,13.1350660623,0.0,0.188295837712,0.0
2,2,"Telecommunications, Internet Services and Data Hosting",,,00,000,16980,Chicago-Naperville-Elgin MSA,2019,513110,Newspaper Publishers ,2,2,365.177089317,376.061026362,2.41536011164,386.660156845,2967.54505313,5.07752638251,0.286289469706,54.9750518308
2,2,"Telecommunications, Internet Services and Data Hosting",,,00,000,16980,Chicago-Naperville-Elgin MSA,2019,513120,Periodical Publishers ,2,2,525.70139503,479.274259677,2.92621654468,491.118867394,3962.65511888,6.15143954517,0.2845423213,70.8023617496
2,2,"Telecommunications, Internet Services and Data Hosting",,,00,000,16980,Chicago-Naperville-Elgin MSA,2019,513130,Book Publishers ,2,2,212.392479957,205.580370448,1.90527693646,216.999618811,1955.56926183,3.21052073267,0.255565052654,31.2600667059
2,2,"Telecommunications, Internet Services and Data Hosting",,,00,000,16980,Chicago-Naperville-Elgin MSA,2019,513199,All Other Publishers ,2,2,286.822748791,289.915244155,1.95445310131,288.73896038,2116.06487624,4.10861599372,0.301172541721,40.4170417636
2,2,"Telecommunications, Internet Services and Data Hosting",,,00,000,16980,Chicago-Naperville-Elgin MSA,2019,517111,Wired Telecommunications Carriers ,2,2,954.698481669,3023.77504114,7.97422121999,2163.89710619,7659.37903811,14.8950484118,0.452051339216,153.65966175
2,2,"Telecommunications, Internet Services and Data Hosting",,,00,000,16980,Chicago-Naperville-Elgin MSA,2019,517112,Wireless Telecommunications Carriers (except Satellite),2,2,327.097106303,897.119866524,2.13381436176,705.117002222,2487.28312769,4.15644283397,0.443761926303,48.7087435046
2,2,"Telecommunications, Internet Services and Data Hosting",,,00,000,16980,Chicago-Naperville-Elgin MSA,2019,517121,Telecommunications Resellers,2,2,99.1363468123,290.087790354,0.0,209.015104726,750.010638154,1.16971610868,0.449965218325,14.1498782518
2,2,"Telecommunications, Internet Services and Data Hosting",,,00,000,16980,Chicago-Naperville-Elgin MSA,2019,517410,Satellite Telecommunications,2,2,0.854006270944,21.7882995116,0.0,10.8673334341,144.276043965,0.0,0.213023571857,5.54387893168
2,2,"Telecommunications, Internet Services and Data Hosting",,,00,000,16980,Chicago-Naperville-Elgin MSA,2019,517810,All Other Telecommunications ,2,2,105.861103512,86.3931138661,0.756055573186,114.50834332,608.577922608,1.72881798712,0.345994630125,12.7142849162
2,2,"Telecommunications, Internet Services and Data Hosting",,,00,000,16980,Chicago-Naperville-Elgin MSA,2019,518210,"Computing Infrastructure Providers, Data Processing, Web Hosting, and Related Services",2,2,1251.93715198,702.994377558,7.83734421247,690.867002569,6156.89163685,10.7385498802,0.310985033969,114.52189569
2,2,"Telecommunications, Internet Services and Data Hosting",,,00,000,16980,Chicago-Naperville-Elgin MSA,2020,513110,Newspaper Publishers ,2,2,344.117601547,341.92638406,2.30315606377,347.033207335,2705.9025477,4.6103788184,0.287043184551,49.4313346991
2,2,"Telecommunications, Internet Services and Data Hosting",,,00,000,16980,Chicago-Naperville-Elgin MSA,2020,513120,Periodical Publishers ,2,2,495.680603854,434.468702828,2.78390004369,442.996623918,3595.0830363,5.57271562961,0.286893920018,64.8565495569
2,2,"Telecommunications, Internet Services and Data Hosting",,,00,000,16980,Chicago-Naperville-Elgin MSA,2020,513130,Book Publishers ,2,2,196.947547079,186.655054989,2.14518726525,196.797789883,1787.27899541,3.14690091244,0.255660336848,28.1890213259
2,2,"Telecommunications, Internet Services and Data Hosting",,,00,000,16980,Chicago-Naperville-Elgin MSA,2020,513199,All Other Publishers ,2,2,318.312778495,309.633954333,2.19157299393,302.989529641,2267.27165572,4.38701565609,0.301930219436,43.1289864938
2,2,"Telecommunications, Internet Services and Data Hosting",,,00,000,16980,Chicago-Naperville-Elgin MSA,2020,517111,Wired Telecommunications Carriers ,2,2,921.5242777,2769.05739847,6.57754240203,1890.46340321,7153.9473494,15.9999377752,0.445652042271,147.586950855
2,2,"Telecommunications, Internet Services and Data Hosting",,,00,000,16980,Chicago-Naperville-Elgin MSA,2020,517112,Wireless Telecommunications Carriers (except Satellite),2,2,302.131827585,772.124627579,0.837443432007,549.894679637,2229.63692887,3.79127143175,0.428455502957,42.6564369469
2,2,"Telecommunications, Internet Services and Data Hosting",,,00,000,16980,Chicago-Naperville-Elgin MSA,2020,517121,Telecommunications Resellers,2,2,104.368019366,288.620615492,0.0,199.857714147,759.397665425,1.21025700076,0.44499977833,14.8292639164
2,2,"Telecommunications, Internet Services and Data Hosting",,,00,000,16980,Chicago-Naperville-Elgin MSA,2020,517410,Satellite Telecommunications,2,2,0.0,20.5508088147,0.0,14.0394848358,143.317075642,0.0,0.217086636857,5.14874188016
2,2,"Telecommunications, Internet Services and Data Hosting",,,00,000,16980,Chicago-Naperville-Elgin MSA,2020,517810,All Other Telecommunications ,2,2,100.466395263,73.4405553198,0.0,114.980813277,555.513077497,0.0,0.351413143361,12.096745375
2,2,"Telecommunications, Internet Services and Data Hosting",,,00,000,16980,Chicago-Naperville-Elgin MSA,2020,518210,"Computing Infrastructure Providers, Data Processing, Web Hosting, and Related Services",2,2,1176.43719089,619.152687596,8.23043438953,682.675992797,6431.80939818,10.205954105,0.288874533922,116.037728885
2,2,"Telecommunications, Internet Services and Data Hosting",,,00,000,16980,Chicago-Naperville-Elgin MSA,2021,513110,Newspaper Publishers ,2,2,330.077990222,306.284094863,2.12269091183,325.215971656,2541.51142492,4.37276601951,0.285151503649,45.729841943
2,2,"Telecommunications, Internet Services and Data Hosting",,,00,000,16980,Chicago-Naperville-Elgin MSA,2021,513120,Periodical Publishers ,2,2,452.202814333,387.037835013,3.24332682291,408.610103058,3181.5319856,6.41353877459,0.292677214527,58.9520501971
2,2,"Telecommunications, Internet Services and Data Hosting",,,00,000,16980,Chicago-Naperville-Elgin MSA,2021,513130,Book Publishers ,2,2,201.885832638,171.222394721,2.26614348551,198.289532358,1701.67322863,4.22966605433,0.262464597929,27.6759783279
2,2,"Telecommunications, Internet Services and Data Hosting",,,00,000,16980,Chicago-Naperville-Elgin MSA,2021,513199,All Other Publishers ,2,2,339.330224537,309.844682203,2.26900486971,316.87164178,2364.9188026,4.67417434027,0.301006214157,45.4102494614
2,2,"Telecommunications, Internet Services and Data Hosting",,,00,000,16980,Chicago-Naperville-Elgin MSA,2021,517111,Wired Telecommunications Carriers ,2,2,794.023650095,2143.57574138,5.11046406964,1478.22510164,5955.1301602,13.0309507073,0.43313298677,116.242964188
2,2,"Telecommunications, Internet Services and Data Hosting",,,00,000,16980,Chicago-Naperville-Elgin MSA,2021,517112,Wireless Telecommunications Carriers (except Satellite),2,2,225.263565074,581.452641089,0.836322961561,422.747331177,1749.38951727,5.38770888517,0.419944736954,30.8243779724
2,2,"Telecommunications, Internet Services and Data Hosting",,,00,000,16980,Chicago-Naperville-Elgin MSA,2021,517121,Telecommunications Resellers,2,2,92.8931003313,247.060123547,0.0,166.360126331,656.458991539,0.946369514236,0.441894373492,12.5084406602
2,2,"Telecommunications, Internet Services and Data Hosting",,,00,000,16980,Chicago-Naperville-Elgin MSA,2021,517410,Satellite Telecommunications,2,2,2.3080482156,24.2957566922,0.0,13.980275733,122.121094718,0.0,0.271332894837,4.89000473469
2,2,"Telecommunications, Internet Services and Data Hosting",,,00,000,16980,Chicago-Naperville-Elgin MSA,2021,517810,All Other Telecommunications ,2,2,110.851202667,63.2872164866,0.0,99.5369068496,593.849389612,1.05387287118,0.326331039703,12.9365541293
2,2,"Telecommunications, Internet Services and Data Hosting",,,00,000,16980,Chicago-Naperville-Elgin MSA,2021,518210,"Computing Infrastructure Providers, Data Processing, Web Hosting, and Related Services",2,2,1361.87652272,668.776750426,10.2920397657,777.732873438,7229.01225545,11.3564491571,0.291049885616,137.738621559
2,2,"Telecommunications, Internet Services and Data Hosting",,,00,000,16980,Chicago-Naperville-Elgin MSA,2022,513110,Newspaper Publishers ,2,2,310.334816495,297.547671702,2.03483372147,319.360625394,2345.92148809,3.92761807113,0.294390532262,45.5469983251
2,2,"Telecommunications, Internet Services and Data Hosting",,,00,000,16980,Chicago-Naperville-Elgin MSA,2022,513120,Periodical Publishers ,2,2,410.742548356,378.922714353,3.2742091156,438.020057111,2865.9989838,4.86378584819,0.310889590173,57.1614330955
2,2,"Telecommunications, Internet Services and Data Hosting",,,00,000,16980,Chicago-Naperville-Elgin MSA,2022,513130,Book Publishers ,2,2,191.167068424,180.342392025,1.67323021891,215.938859825,1757.93096882,5.0471216658,0.261095515356,27.0048378188
2,2,"Telecommunications, Internet Services and Data Hosting",,,00,000,16980,Chicago-Naperville-Elgin MSA,2022,513199,All Other Publishers ,2,2,339.075679721,309.740256647,3.82668101889,465.117465967,2295.12722108,4.96347031791,0.337570211502,46.8593891465
2,2,"Telecommunications, Internet Services and Data Hosting",,,00,000,16980,Chicago-Naperville-Elgin MSA,2022,517111,Wired Telecommunications Carriers ,2,2,814.296832303,2091.54261015,6.00691219718,1463.85279278,5738.61109074,16.3356209776,0.440172332967,120.028462026
2,2,"Telecommunications, Internet Services and Data Hosting",,,00,000,16980,Chicago-Naperville-Elgin MSA,2022,517112,Wireless Telecommunications Carriers (except Satellite),2,2,217.272455577,532.066487377,1.10486500696,375.390041517,1440.77771934,4.92512831305,0.446093419849,29.5837281756
2,2,"Telecommunications, Internet Services and Data Hosting",,,00,000,16980,Chicago-Naperville-Elgin MSA,2022,517121,Telecommunications Resellers,2,2,82.7827901307,215.557319944,0.0,147.096085087,564.3451206,1.04295089674,0.447922708051,11.3969491582
2,2,"Telecommunications, Internet Services and Data Hosting",,,00,000,16980,Chicago-Naperville-Elgin MSA,2022,517410,Satellite Telecommunications,2,2,4.28257231528,34.6132687696,0.0,17.6812554538,153.998986128,0.0,0.277487467895,2.56760589912
2,2,"Telecommunications, Internet Services and Data Hosting",,,00,000,16980,Chicago-Naperville-Elgin MSA,2022,517810,All Other Telecommunications ,2,2,102.21003545,58.6022438791,0.564275425858,78.2420764791,534.542878995,0.0,0.320652592948,12.6860929946
2,2,"Telecommunications, Internet Services and Data Hosting",,,00,000,16980,Chicago-Naperville-Elgin MSA,2022,518210,"Computing Infrastructure Providers, Data Processing, Web Hosting, and Related Services",2,2,1510.31922744,775.520585406,12.1825426142,911.632364666,7840.57986174,15.3265362425,0.301344471542,156.821790745
2,2,"Telecommunications, Internet Services and Data Hosting",,,00,000,16980,Chicago-Naperville-Elgin MSA,2023,513110,Newspaper Publishers ,2,2,286.520829799,256.757327823,2.9259524673,281.662208685,2054.44215931,4.09143202597,0.29831005923,41.4490441687
2,2,"Telecommunications, Internet Services and Data Hosting",,,00,000,16980,Chicago-Naperville-Elgin MSA,2023,513120,Periodical Publishers ,2,2,441.962925248,370.961538546,4.26319131201,446.072216498,2883.81858933,4.81389126258,0.315504356313,61.1638095594
2,2,"Telecommunications, Internet Services and Data Hosting",,,00,000,16980,Chicago-Naperville-Elgin MSA,2023,513130,Book Publishers ,2,2,222.549074816,196.756480101,2.50638719669,247.312029384,1810.34842766,4.53381575838,0.279817742297,29.7302848365
2,2,"Telecommunications, Internet Services and Data Hosting",,,00,000,16980,Chicago-Naperville-Elgin MSA,2023,513199,All Other Publishers ,2,2,295.201280242,248.195843596,2.93044487103,301.709404682,1874.48792163,4.10993708515,0.322550654933,40.3438878216
2,2,"Telecommunications, Internet Services and Data Hosting",,,00,000,16980,Chicago-Naperville-Elgin MSA,2023,517111,Wired Telecommunications Carriers ,2,2,732.082833442,1790.09862662,5.2480697843,1376.65372678,5132.42762151,14.5517873337,0.440133057662,116.164819116
2,2,"Telecommunications, Internet Services and Data Hosting",,,00,000,16980,Chicago-Naperville-Elgin MSA,2023,517112,Wireless Telecommunications Carriers (except Satellite),2,2,210.857737054,492.621461817,1.17353853647,371.225966635,1377.16335275,4.24134849063,0.446541755296,31.0043127663
2,2,"Telecommunications, Internet Services and Data Hosting",,,00,000,16980,Chicago-Naperville-Elgin MSA,2023,517121,Telecommunications Resellers,2,2,71.0534364083,177.020361645,0.0,130.122319388,493.418585836,0.890441433592,0.441253358277,10.5759317413
2,2,"Telecommunications, Internet Services and Data Hosting",,,00,000,16980,Chicago-Naperville-Elgin MSA,2023,517410,Satellite Telecommunications,2,2,5.87318699046,27.9286807392,0.0,17.2725115536,134.254836782,0.0,0.289636331683,3.66529867383
2,2,"Telecommunications, Internet Services and Data Hosting",,,00,000,16980,Chicago-Naperville-Elgin MSA,2023,517810,All Other Telecommunications ,2,2,108.681794673,54.179046746,0.599783057688,87.2005211667,512.401977045,0.0,0.338915020514,12.0293282753
2,2,"Telecommunications, Internet Services and Data Hosting",,,00,000,16980,Chicago-Naperville-Elgin MSA,2023,518210,"Computing Infrastructure Providers, Data Processing, Web Hosting, and Related Services",2,2,1509.21423577,769.544254569,10.8615821037,947.071909135,7867.65408109,15.6097860003,0.303634197668,178.206776127
2,2,"Telecommunications, Internet Services and Data Hosting",,,00,000,17140,Cincinnati MSA,2019,513110,Newspaper Publishers ,2,2,11.6062949808,46.0209992763,0.0,10.4000686872,673.884239838,1.28565308522,0.097062195213,3.12683895419
2,2,"Telecommunications, Internet Services and Data Hosting",,,00,000,17140,Cincinnati MSA,2019,513120,Periodical Publishers ,2,2,10.6217935377,29.0290484545,0.0,8.67361551302,425.380440032,0.747616649846,0.109215278921,3.08198990356
2,2,"Telecommunications, Internet Services and Data Hosting",,,00,000,17140,Cincinnati MSA,2019,513130,Book Publishers ,2,2,1.1219944868,6.53661151284,0.0,0.935573807563,79.6080249505,0.0,0.0974372446903,0.0
2,2,"Telecommunications, Internet Services and Data Hosting",,,00,000,17140,Cincinnati MSA,2019,513199,All Other Publishers ,2,2,0.674484055942,4.22758364193,0.0,2.14371528061,77.4215302973,0.0,0.0834143138362,0.0
2,2,"Telecommunications, Internet Services and Data Hosting",,,00,000,17140,Cincinnati MSA,2019,517111,Wired Telecommunications Carriers ,2,2,49.3905061063,401.302425072,4.03348425032,66.5121471201,2998.06469627,6.52829862057,0.162217928891,52.7419160918
2,2,"Telecommunications, Internet Services and Data Hosting",,,00,000,17140,Cincinnati MSA,2019,517112,Wireless Telecommunications Carriers (except Satellite),2,2,2.65580321864,30.1906337397,0.0,6.94702051878,323.382435641,0.0,0.125457159836,6.59722809376
2,2,"Telecommunications, Internet Services and Data Hosting",,,00,000,17140,Cincinnati MSA,2019,517121,Telecommunications Resellers,2,2,12.0046074024,98.8059697303,0.781410293112,13.2837585188,732.519648305,0.960596299045,0.158423158377,12.0572766368
2,2,"Telecommunications, Internet Services and Data Hosting",,,00,000,17140,Cincinnati MSA,2019,517410,Satellite Telecommunications,2,2,0.0,0.0,0.0,0.0,3.25729071329,0.0,0.0,0.0
2,2,"Telecommunications, Internet Services and Data Hosting",,,00,000,17140,Cincinnati MSA,2019,517810,All Other Telecommunications ,2,2,10.5469068442,8.41399697425,0.0,4.37925865209,133.834539065,0.0,0.159391101299,2.03672160271
2,2,"Telecommunications, Internet Services and Data Hosting",,,00,000,17140,Cincinnati MSA,2019,518210,"Computing Infrastructure Providers, Data Processing, Web Hosting, and Related Services",2,2,47.4728249409,120.992617657,0.513832341837,24.3045370469,882.826875103,1.06886186045,0.193785770855,17.8481039846
2,2,"Telecommunications, Internet Services and Data Hosting",,,00,000,17140,Cincinnati MSA,2020,513110,Newspaper Publishers ,2,2,18.0927032573,55.9465809177,0.0,9.64754653936,765.074478414,1.60424239556,0.106176747635,5.59168206723
2,2,"Telecommunications, Internet Services and Data Hosting",,,00,000,17140,Cincinnati MSA,2020,513120,Periodical Publishers ,2,2,10.0169527349,28.7458365667,0.0,6.67482429185,376.557555681,0.808168988148,0.116030771846,3.18157579087
2,2,"Telecommunications, Internet Services and Data Hosting",,,00,000,17140,Cincinnati MSA,2020,513130,Book Publishers ,2,2,0.719311702244,4.48613125201,0.0,0.0,50.7960178695,0.0,0.0929519137123,0.0
2,2,"Telecommunications, Internet Services and Data Hosting",,,00,000,17140,Cincinnati MSA,2020,513199,All Other Publishers ,2,2,0.0,2.37123452039,0.0,0.762509796142,49.2677420253,0.0,0.0598025845316,0.0
2,2,"Telecommunications, Internet Services and Data Hosting",,,00,000,17140,Cincinnati MSA,2020,517111,Wired Telecommunications Carriers ,2,2,53.956635638,397.183363836,1.88084385026,68.2715329419,2834.00410433,6.51448780092,0.169421217958,50.2724673999
2,2,"Telecommunications, Internet Services and Data Hosting",,,00,000,17140,Cincinnati MSA,2020,517112,Wireless Telecommunications Carriers (except Satellite),2,2,4.94391219603,34.9319083762,0.0,8.33086319734,280.286766599,0.0,0.16361609642,6.62391068955
2,2,"Telecommunications, Internet Services and Data Hosting",,,00,000,17140,Cincinnati MSA,2020,517121,Telecommunications Resellers,2,2,14.4952854861,97.9187574467,0.584535185797,14.3536012936,702.064121424,0.763347004758,0.165784146635,11.4060383961
2,2,"Telecommunications, Internet Services and Data Hosting",,,00,000,17140,Cincinnati MSA,2020,517410,Satellite Telecommunications,2,2,0.0,0.0,0.0,0.0,1.08892005253,0.0,0.0,0.0
2,2,"Telecommunications, Internet Services and Data Hosting",,,00,000,17140,Cincinnati MSA,2020,517810,All Other Telecommunications ,2,2,11.0167263277,8.27285311498,0.0,4.98981375091,100.680981035,0.0,0.194296738813,0.0
2,2,"Telecommunications, Internet Services and Data Hosting",,,00,000,17140,Cincinnati MSA,2020,518210,"Computing Infrastructure Providers, Data Processing, Web Hosting, and Related Services",2,2,57.797532827,166.98754585,1.65941650343,37.9600581217,1227.01114331,2.38521399084,0.191781899973,24.3674442876
2,2,"Telecommunications, Internet Services and Data Hosting",,,00,000,17140,Cincinnati MSA,2021,513110,Newspaper Publishers ,2,2,13.8858636443,55.4172489964,0.0,11.5088953529,718.565431688,1.21869548163,0.113438424115,9.91207005741
2,2,"Telecommunications, Internet Services and Data Hosting",,,00,000,17140,Cincinnati MSA,2021,513120,Periodical Publishers ,2,2,4.33566600339,22.0558922093,0.0,4.46188472967,344.24228003,0.533067181181,0.0937362072661,4.21897910531
2,2,"Telecommunications, Internet Services and Data Hosting",,,00,000,17140,Cincinnati MSA,2021,513130,Book Publishers ,2,2,0.588224952239,2.76427374374,0.0,0.528173428397,51.9302663762,0.0,0.0695324649367,0.0
2,2,"Telecommunications, Internet Services and Data Hosting",,,00,000,17140,Cincinnati MSA,2021,513199,All Other Publishers ,2,2,0.549179784735,2.98883793888,0.0,0.670768395181,50.4587649349,0.0,0.0769887444686,0.0
2,2,"Telecommunications, Internet Services and Data Hosting",,,00,000,17140,Cincinnati MSA,2021,517111,Wired Telecommunications Carriers ,2,2,47.4387314772,408.442993143,2.93367483584,67.118787524,2648.1437942,6.50981027261,0.178262953863,42.0292326293
2,2,"Telecommunications, Internet Services and Data Hosting",,,00,000,17140,Cincinnati MSA,2021,517112,Wireless Telecommunications Carriers (except Satellite),2,2,4.23343820744,35.6483894962,0.0,8.20745409524,272.597362608,0.0,0.161854745162,4.55216239255
2,2,"Telecommunications, Internet Services and Data Hosting",,,00,000,17140,Cincinnati MSA,2021,517121,Telecommunications Resellers,2,2,12.4201939297,102.935539406,0.727502659144,13.0660464754,632.952211375,0.76294729303,0.180320144038,9.32997936711
2,2,"Telecommunications, Internet Services and Data Hosting",,,00,000,17140,Cincinnati MSA,2021,517410,Satellite Telecommunications,2,2,0.0,0.0,0.0,0.0,7.93290459103,0.0,0.0,0.0
2,2,"Telecommunications, Internet Services and Data Hosting",,,00,000,17140,Cincinnati MSA,2021,517810,All Other Telecommunications ,2,2,2.30120885758,8.74110766522,0.0,1.16682870324,77.6864528953,0.0,0.142120529851,0.660774421034
2,2,"Telecommunications, Internet Services and Data Hosting",,,00,000,17140,Cincinnati MSA,2021,518210,"Computing Infrastructure Providers, Data Processing, Web Hosting, and Related Services",2,2,58.4862333007,150.877880405,1.32078529316,46.6403800361,1190.97099218,0.86889304075,0.192274693081,25.3101084378
2,2,"Telecommunications, Internet Services and Data Hosting",,,00,000,17140,Cincinnati MSA,2022,513110,Newspaper Publishers ,2,2,12.5723471153,46.2186104126,0.0,11.3529248445,628.462430693,1.87583365422,0.112663557939,7.77506092201
2,2,"Telecommunications, Internet Services and Data Hosting",,,00,000,17140,Cincinnati MSA,2022,513120,Periodical Publishers ,2,2,4.38972064563,22.0485175039,0.0,5.20111334292,309.855784521,0.93494967486,0.103866419106,3.33955304325
2,2,"Telecommunications, Internet Services and Data Hosting",,,00,000,17140,Cincinnati MSA,2022,513130,Book Publishers ,2,2,0.0,2.15464710797,0.0,0.0,42.212838759,0.0,0.0485636511934,0.0
2,2,"Telecommunications, Internet Services and Data Hosting",,,00,000,17140,Cincinnati MSA,2022,513199,All Other Publishers ,2,2,0.557114437168,2.90913788553,0.0,0.0,49.383403351,0.0,0.0655870370111,0.0
2,2,"Telecommunications, Internet Services and Data Hosting",,,00,000,17140,Cincinnati MSA,2022,517111,Wired Telecommunications Carriers ,2,2,41.6053139816,410.194385376,5.07586197105,64.5360994577,2562.59439539,8.04478859322,0.182762364475,43.6275478979
2,2,"Telecommunications, Internet Services and Data Hosting",,,00,000,17140,Cincinnati MSA,2022,517112,Wireless Telecommunications Carriers (except Satellite),2,2,2.46493356025,29.2160140928,0.0,3.24330931928,219.953977083,0.0,0.147020317162,2.98720108734
2,2,"Telecommunications, Internet Services and Data Hosting",,,00,000,17140,Cincinnati MSA,2022,517121,Telecommunications Resellers,2,2,4.77471405133,58.0578745711,0.0,6.11589454576,355.41893349,0.657913333675,0.172666295381,4.57028723683
2,2,"Telecommunications, Internet Services and Data Hosting",,,00,000,17140,Cincinnati MSA,2022,517410,Satellite Telecommunications,2,2,0.0,0.0,0.0,0.0,1.69086824361,0.0,0.0,0.0
2,2,"Telecommunications, Internet Services and Data Hosting",,,00,000,17140,Cincinnati MSA,2022,517810,All Other Telecommunications ,2,2,0.701111896049,7.87777425506,0.0,2.41067421312,80.1076446969,0.0,0.127821675273,0.750577010196
2,2,"Telecommunications, Internet Services and Data Hosting",,,00,000,17140,Cincinnati MSA,2022,518210,"Computing Infrastructure Providers, Data Processing, Web Hosting, and Related Services",2,2,88.515571773,152.861229016,1.12487169278,46.9966202569,1355.75442512,0.0,0.190900005774,30.3800034313
2,2,"Telecommunications, Internet Services and Data Hosting",,,00,000,17140,Cincinnati MSA,2023,513110,Newspaper Publishers ,2,2,9.3530765975,39.4854116762,0.0,10.1397212159,542.784706479,1.79583570446,0.11222299818,7.83882380636
2,2,"Telecommunications, Internet Services and Data Hosting",,,00,000,17140,Cincinnati MSA,2023,513120,Periodical Publishers ,2,2,5.09588913396,22.4382121561,0.0,5.17961951902,303.436607471,1.04890403896,0.110794427528,4.0453761998
2,2,"Telecommunications, Internet Services and Data Hosting",,,00,000,17140,Cincinnati MSA,2023,513130,Book Publishers ,2,2,0.0,4.20141519788,0.0,0.0,61.3360742949,0.0,0.0641070512526,0.0
2,2,"Telecommunications, Internet Services and Data Hosting",,,00,000,17140,Cincinnati MSA,2023,513199,All Other Publishers ,2,2,0.0,3.0289345307,0.0,0.0,56.778724524,0.0,0.0506445926589,0.0
2,2,"Telecommunications, Internet Services and Data Hosting",,,00,000,17140,Cincinnati MSA,2023,517111,Wired Telecommunications Carriers ,2,2,38.9179760866,373.135318075,4.62384496291,65.9456121705,2483.73681408,5.81576747324,0.176246529792,42.9704649029
2,2,"Telecommunications, Internet Services and Data Hosting",,,00,000,17140,Cincinnati MSA,2023,517112,Wireless Telecommunications Carriers (except Satellite),2,2,3.20769015741,31.1608590787,0.0,4.00638785782,249.321513352,0.0,0.144760844637,3.82611583114
2,2,"Telecommunications, Internet Services and Data Hosting",,,00,000,17140,Cincinnati MSA,2023,517121,Telecommunications Resellers,2,2,3.69497182407,37.5565320938,0.0,4.05890798122,271.278472911,0.0,0.151549781023,3.14522196898
2,2,"Telecommunications, Internet Services and Data Hosting",,,00,000,17140,Cincinnati MSA,2023,517410,Satellite Telecommunications,2,2,0.0,0.0,0.0,0.0,2.29312862062,0.0,0.0,0.0
2,2,"Telecommunications, Internet Services and Data Hosting",,,00,000,17140,Cincinnati MSA,2023,517810,All Other Telecommunications ,2,2,0.631323360504,7.82796817007,0.0,1.82424068773,70.7407198319,0.0,0.14216743935,1.44023236889
2,2,"Telecommunications, Internet Services and Data Hosting",,,00,000,17140,Cincinnati MSA,2023,518210,"Computing Infrastructure Providers, Data Processing, Web Hosting, and Related Services",2,2,98.7890114018,166.772500558,1.12356447186,50.4969005581,1401.6814379,0.0,0.198594418181,30.1653786436
2,2,"Telecommunications, Internet Services and Data Hosting",,,00,000,18020,Columbus MSA,2019,513110,Newspaper Publishers ,2,2,0.861132914393,0.0,0.0,0.864816138116,48.6483984607,0.0,0.0342624597183,0.0
2,2,"Telecommunications, Internet Services and Data Hosting",,,00,000,18020,Columbus MSA,2019,513120,Periodical Publishers ,2,2,0.0,0.0,0.0,0.0,0.0,0.0,0.0,0.0
2,2,"Telecommunications, Internet Services and Data Hosting",,,00,000,18020,Columbus MSA,2019,513130,Book Publishers ,2,2,0.0,0.0,0.0,0.0,0.0,0.0,0.0,0.0
2,2,"Telecommunications, Internet Services and Data Hosting",,,00,000,18020,Columbus MSA,2019,513199,All Other Publishers ,2,2,0.0,0.0,0.0,0.0,0.0,0.0,0.0,0.0
2,2,"Telecommunications, Internet Services and Data Hosting",,,00,000,18020,Columbus MSA,2019,517111,Wired Telecommunications Carriers ,2,2,0.0,3.22766789877,0.0,0.957290852687,31.6483923817,0.0,0.116789488538,0.0
2,2,"Telecommunications, Internet Services and Data Hosting",,,00,000,18020,Columbus MSA,2019,517112,Wireless Telecommunications Carriers (except Satellite),2,2,0.0,4.70492193308,0.0,1.39542817613,46.1333755929,0.0,0.128688295196,0.713314190227
2,2,"Telecommunications, Internet Services and Data Hosting",,,00,000,18020,Columbus MSA,2019,517121,Telecommunications Resellers,2,2,0.0,2.37062364416,0.0,0.703100938785,23.244779089,0.0,0.116789488538,0.0
2,2,"Telecommunications, Internet Services and Data Hosting",,,00,000,18020,Columbus MSA,2019,517410,Satellite Telecommunications,2,2,0.0,0.0,0.0,0.0,0.0,0.0,0.0,0.0
2,2,"Telecommunications, Internet Services and Data Hosting",,,00,000,18020,Columbus MSA,2019,517810,All Other Telecommunications ,2,2,0.0,0.764364548073,0.0,0.0,9.22007680113,0.0,0.0765555649375,0.0
2,2,"Telecommunications, Internet Services and Data Hosting",,,00,000,18020,Columbus MSA,2019,518210,"Computing Infrastructure Providers, Data Processing, Web Hosting, and Related Services",2,2,0.0,0.0,0.0,0.0,0.0,0.0,0.0,0.0
2,2,"Telecommunications, Internet Services and Data Hosting",,,00,000,18020,Columbus MSA,2020,513110,Newspaper Publishers ,2,2,0.0,0.0,0.0,0.0,38.0973837918,0.0,0.0,0.0
2,2,"Telecommunications, Internet Services and Data Hosting",,,00,000,18020,Columbus MSA,2020,513120,Periodical Publishers ,2,2,0.0,0.0,0.0,0.0,0.0,0.0,0.0,0.0
2,2,"Telecommunications, Internet Services and Data Hosting",,,00,000,18020,Columbus MSA,2020,513130,Book Publishers ,2,2,0.0,0.0,0.0,0.0,0.0,0.0,0.0,0.0
2,2,"Telecommunications, Internet Services and Data Hosting",,,00,000,18020,Columbus MSA,2020,513199,All Other Publishers ,2,2,0.0,0.0,0.0,0.0,0.0,0.0,0.0,0.0
2,2,"Telecommunications, Internet Services and Data Hosting",,,00,000,18020,Columbus MSA,2020,517111,Wired Telecommunications Carriers ,2,2,0.0,2.89033555589,0.0,0.907836576254,33.4965279433,0.0,0.101842141764,0.0
2,2,"Telecommunications, Internet Services and Data Hosting",,,00,000,18020,Columbus MSA,2020,517112,Wireless Telecommunications Carriers (except Satellite),2,2,0.0,3.80821623004,0.0,1.19613723634,44.1339833722,0.0,0.101842141764,0.0
2,2,"Telecommunications, Internet Services and Data Hosting",,,00,000,18020,Columbus MSA,2020,517121,Telecommunications Resellers,2,2,0.0,2.53129504735,0.0,0.795064166369,29.3355541759,0.0,0.101842141764,0.0
2,2,"Telecommunications, Internet Services and Data Hosting",,,00,000,18020,Columbus MSA,2020,517410,Satellite Telecommunications,2,2,0.0,0.0,0.0,0.0,0.0,0.0,0.0,0.0
2,2,"Telecommunications, Internet Services and Data Hosting",,,00,000,18020,Columbus MSA,2020,517810,All Other Telecommunications ,2,2,0.0,0.748753267837,0.0,0.0,8.15629097131,0.0,0.0840819256737,0.0
2,2,"Telecommunications, Internet Services and Data Hosting",,,00,000,18020,Columbus MSA,2020,518210,"Computing Infrastructure Providers, Data Processing, Web Hosting, and Related Services",2,2,0.0,0.0,0.0,0.0,0.0,0.0,0.0,0.0
2,2,"Telecommunications, Internet Services and Data Hosting",,,00,000,18020,Columbus MSA,2021,513110,Newspaper Publishers ,2,2,0.0,0.0,0.0,0.0,44.5589609526,0.0,0.0,0.0
2,2,"Telecommunications, Internet Services and Data Hosting",,,00,000,18020,Columbus MSA,2021,513120,Periodical Publishers ,2,2,0.0,0.0,0.0,0.0,0.0,0.0,0.0,0.0
2,2,"Telecommunications, Internet Services and Data Hosting",,,00,000,18020,Columbus MSA,2021,513130,Book Publishers ,2,2,0.0,0.0,0.0,0.0,0.0,0.0,0.0,0.0
2,2,"Telecommunications, Internet Services and Data Hosting",,,00,000,18020,Columbus MSA,2021,513199,All Other Publishers ,2,2,0.0,0.0,0.0,0.0,0.141921547226,0.0,0.0,0.0
2,2,"Telecommunications, Internet Services and Data Hosting",,,00,000,18020,Columbus MSA,2021,517111,Wired Telecommunications Carriers ,2,2,0.0,2.73642793763,0.0,1.13970517009,35.5110976091,0.0,0.113685471681,0.678791529759
2,2,"Telecommunications, Internet Services and Data Hosting",,,00,000,18020,Columbus MSA,2021,517112,Wireless Telecommunications Carriers (except Satellite),2,2,0.0,2.06566951985,0.0,0.860338472318,26.8065498597,0.0,0.113685471681,0.512404859663
2,2,"Telecommunications, Internet Services and Data Hosting",,,00,000,18020,Columbus MSA,2021,517121,Telecommunications Resellers,2,2,0.0,1.82047261711,0.0,0.758215491515,23.6245873359,0.0,0.0984109072198,0.0
2,2,"Telecommunications, Internet Services and Data Hosting",,,00,000,18020,Columbus MSA,2021,517410,Satellite Telecommunications,2,2,0.0,0.0,0.0,0.0,0.0,0.0,0.0,0.0
2,2,"Telecommunications, Internet Services and Data Hosting",,,00,000,18020,Columbus MSA,2021,517810,All Other Telecommunications ,2,2,0.0,0.634204571351,0.0,0.0,6.10152703179,0.0,0.0941552616281,0.0
2,2,"Telecommunications, Internet Services and Data Hosting",,,00,000,18020,Columbus MSA,2021,518210,"Computing Infrastructure Providers, Data Processing, Web Hosting, and Related Services",2,2,0.0,0.0,0.0,0.64990208868,14.4566577893,0.0,0.0430211837725,0.0
2,2,"Telecommunications, Internet Services and Data Hosting",,,00,000,18020,Columbus MSA,2022,513110,Newspaper Publishers ,2,2,0.0,0.0,0.0,0.0,14.8607167187,0.0,0.0,0.0
2,2,"Telecommunications, Internet Services and Data Hosting",,,00,000,18020,Columbus MSA,2022,513120,Periodical Publishers ,2,2,0.0,0.0,0.0,0.0,0.0,0.0,0.0,0.0
2,2,"Telecommunications, Internet Services and Data Hosting",,,00,000,18020,Columbus MSA,2022,513130,Book Publishers ,2,2,0.0,0.0,0.0,0.0,0.0,0.0,0.0,0.0
2,2,"Telecommunications, Internet Services and Data Hosting",,,00,000,18020,Columbus MSA,2022,513199,All Other Publishers ,2,2,0.0,0.0,0.0,0.0,0.0,0.0,0.0,0.0
2,2,"Telecommunications, Internet Services and Data Hosting",,,00,000,18020,Columbus MSA,2022,517111,Wired Telecommunications Carriers ,2,2,0.0,2.27539205459,0.0,1.11553556043,31.8226434184,0.0,0.122442733159,1.04918311474
2,2,"Telecommunications, Internet Services and Data Hosting",,,00,000,18020,Columbus MSA,2022,517112,Wireless Telecommunications Carriers (except Satellite),2,2,0.0,2.48875359043,0.0,1.22013836064,34.8025377924,0.0,0.122455352083,1.14756410376
2,2,"Telecommunications, Internet Services and Data Hosting",,,00,000,18020,Columbus MSA,2022,517121,Telecommunications Resellers,2,2,0.0,0.0,0.0,0.0,0.0,0.0,0.0,0.0
2,2,"Telecommunications, Internet Services and Data Hosting",,,00,000,18020,Columbus MSA,2022,517410,Satellite Telecommunications,2,2,0.0,0.0,0.0,0.0,0.0,0.0,0.0,0.0
2,2,"Telecommunications, Internet Services and Data Hosting",,,00,000,18020,Columbus MSA,2022,517810,All Other Telecommunications ,2,2,0.0,0.920332393786,0.0,0.0,11.4566597826,0.0,0.0743583239506,0.0
2,2,"Telecommunications, Internet Services and Data Hosting",,,00,000,18020,Columbus MSA,2022,518210,"Computing Infrastructure Providers, Data Processing, Web Hosting, and Related Services",2,2,0.0,1.23844508808,0.0,0.0,16.8704101124,0.0,0.0946899678267,0.526098034163
2,2,"Telecommunications, Internet Services and Data Hosting",,,00,000,18020,Columbus MSA,2023,513110,Newspaper Publishers ,2,2,0.0,0.0,0.0,0.0,37.6816194877,0.0,0.0,0.0
2,2,"Telecommunications, Internet Services and Data Hosting",,,00,000,18020,Columbus MSA,2023,513120,Periodical Publishers ,2,2,0.0,0.0,0.0,0.0,0.0,0.0,0.0,0.0
2,2,"Telecommunications, Internet Services and Data Hosting",,,00,000,18020,Columbus MSA,2023,513130,Book Publishers ,2,2,0.0,0.0,0.0,0.0,0.0,0.0,0.0,0.0
2,2,"Telecommunications, Internet Services and Data Hosting",,,00,000,18020,Columbus MSA,2023,513199,All Other Publishers ,2,2,0.0,0.0,0.0,0.0,0.0,0.0,0.0,0.0
2,2,"Telecommunications, Internet Services and Data Hosting",,,00,000,18020,Columbus MSA,2023,517111,Wired Telecommunications Carriers ,2,2,0.0,2.28156434992,0.0,1.53407749397,24.5850159285,0.0,0.134350474361,0.0
2,2,"Telecommunications, Internet Services and Data Hosting",,,00,000,18020,Columbus MSA,2023,517112,Wireless Telecommunications Carriers (except Satellite),2,2,0.0,3.90610422601,0.0,2.62638508638,41.9555949251,0.0,0.149880546374,0.864503503172
2,2,"Telecommunications, Internet Services and Data Hosting",,,00,000,18020,Columbus MSA,2023,517121,Telecommunications Resellers,2,2,0.0,0.0,0.0,0.0,0.0,0.0,0.0,0.0
2,2,"Telecommunications, Internet Services and Data Hosting",,,00,000,18020,Columbus MSA,2023,517410,Satellite Telecommunications,2,2,0.0,0.0,0.0,0.0,0.0,0.0,0.0,0.0
2,2,"Telecommunications, Internet Services and Data Hosting",,,00,000,18020,Columbus MSA,2023,517810,All Other Telecommunications ,2,2,0.0,0.0,0.0,0.0,5.73982604628,0.0,0.0,0.0
2,2,"Telecommunications, Internet Services and Data Hosting",,,00,000,18020,Columbus MSA,2023,518210,"Computing Infrastructure Providers, Data Processing, Web Hosting, and Related Services",2,2,0.0,0.512647496967,0.0,0.0,9.23735250303,0.0,0.0525792304581,0.0
2,2,"Telecommunications, Internet Services and Data Hosting",,,00,000,21140,Elkhart-Goshen MSA,2019,513110,Newspaper Publishers ,2,2,0.0,0.693345257073,0.0,1.72678389549,54.7420296114,0.0,0.0533112320584,0.66257885326
2,2,"Telecommunications, Internet Services and Data Hosting",,,00,000,21140,Elkhart-Goshen MSA,2019,513120,Periodical Publishers ,2,2,0.0,0.0,0.0,0.0,6.4851086797,0.0,0.0,0.0
2,2,"Telecommunications, Internet Services and Data Hosting",,,00,000,21140,Elkhart-Goshen MSA,2019,513130,Book Publishers ,2,2,0.0,0.575634161486,0.0,1.43362313308,45.448327499,0.0,0.0533112320584,0.550091053084
2,2,"Telecommunications, Internet Services and Data Hosting",,,00,000,21140,Elkhart-Goshen MSA,2019,513199,All Other Publishers ,2,2,0.0,0.0,0.0,0.0,0.479585605784,0.0,0.0,0.0
2,2,"Telecommunications, Internet Services and Data Hosting",,,00,000,21140,Elkhart-Goshen MSA,2019,517111,Wired Telecommunications Carriers ,2,2,2.15911775348,3.29590464755,0.0,2.70579518762,94.5724476713,0.0,0.0950005007527,1.76673474001
2,2,"Telecommunications, Internet Services and Data Hosting",,,00,000,21140,Elkhart-Goshen MSA,2019,517112,Wireless Telecommunications Carriers (except Satellite),2,2,0.0,0.0,0.0,0.0,11.1280865973,0.0,0.0,0.0
2,2,"Telecommunications, Internet Services and Data Hosting",,,00,000,21140,Elkhart-Goshen MSA,2019,517121,Telecommunications Resellers,2,2,0.0,0.587838738235,0.0,0.0,16.867401899,0.0,0.0336769197545,0.0
2,2,"Telecommunications, Internet Services and Data Hosting",,,00,000,21140,Elkhart-Goshen MSA,2019,517410,Satellite Telecommunications,2,2,0.0,0.0,0.0,0.0,0.0,0.0,0.0,0.0
2,2,"Telecommunications, Internet Services and Data Hosting",,,00,000,21140,Elkhart-Goshen MSA,2019,517810,All Other Telecommunications ,2,2,0.0,0.0,0.0,0.0,0.0,0.0,0.0,0.0
2,2,"Telecommunications, Internet Services and Data Hosting",,,00,000,21140,Elkhart-Goshen MSA,2019,518210,"Computing Infrastructure Providers, Data Processing, Web Hosting, and Related Services",2,2,0.0,0.0,0.0,0.0,4.91861052631,0.0,0.0,0.0
2,2,"Telecommunications, Internet Services and Data Hosting",,,00,000,21140,Elkhart-Goshen MSA,2020,513110,Newspaper Publishers ,2,2,0.0,0.0,0.0,1.54120147907,46.3488666237,0.0,0.032182069062,0.0
2,2,"Telecommunications, Internet Services and Data Hosting",,,00,000,21140,Elkhart-Goshen MSA,2020,513120,Periodical Publishers ,2,2,0.0,0.0,0.0,0.0,7.00840601051,0.0,0.0,0.0
2,2,"Telecommunications, Internet Services and Data Hosting",,,00,000,21140,Elkhart-Goshen MSA,2020,513130,Book Publishers ,2,2,0.569617185839,0.0,0.0,1.89461504087,56.977144796,0.0,0.0414565131251,0.0
2,2,"Telecommunications, Internet Services and Data Hosting",,,00,000,21140,Elkhart-Goshen MSA,2020,513199,All Other Publishers ,2,2,0.0,0.0,0.0,0.0,0.0,0.0,0.0,0.0
2,2,"Telecommunications, Internet Services and Data Hosting",,,00,000,21140,Elkhart-Goshen MSA,2020,517111,Wired Telecommunications Carriers ,2,2,1.03943806108,4.9725102553,0.0,2.65473870502,97.6693057423,0.0,0.0907434686522,1.08067390298
2,2,"Telecommunications, Internet Services and Data Hosting",,,00,000,21140,Elkhart-Goshen MSA,2020,517112,Wireless Telecommunications Carriers (except Satellite),2,2,0.0,0.815887663661,0.0,0.0,16.0255439571,0.0,0.0484452677203,0.0
2,2,"Telecommunications, Internet Services and Data Hosting",,,00,000,21140,Elkhart-Goshen MSA,2020,517121,Telecommunications Resellers,2,2,0.0,0.995256054347,0.0,0.531350290541,19.5486711687,0.0,0.0724358834139,0.0
2,2,"Telecommunications, Internet Services and Data Hosting",,,00,000,21140,Elkhart-Goshen MSA,2020,517410,Satellite Telecommunications,2,2,0.0,0.0,0.0,0.0,0.0,0.0,0.0,0.0
2,2,"Telecommunications, Internet Services and Data Hosting",,,00,000,21140,Elkhart-Goshen MSA,2020,517810,All Other Telecommunications ,2,2,0.0,0.0,0.0,0.0,0.0,0.0,0.0,0.0
2,2,"Telecommunications, Internet Services and Data Hosting",,,00,000,21140,Elkhart-Goshen MSA,2020,518210,"Computing Infrastructure Providers, Data Processing, Web Hosting, and Related Services",2,2,0.0,0.0,0.0,0.0,4.58693802315,0.0,0.0,0.0
2,2,"Telecommunications, Internet Services and Data Hosting",,,00,000,21140,Elkhart-Goshen MSA,2021,513110,Newspaper Publishers ,2,2,0.0,0.0,0.0,0.741838354996,42.6424978284,0.0,0.0170992210612,0.0
2,2,"Telecommunications, Internet Services and Data Hosting",,,00,000,21140,Elkhart-Goshen MSA,2021,513120,Periodical Publishers ,2,2,0.0,0.0,0.0,0.0,9.62382773204,0.0,0.0,0.0
2,2,"Telecommunications, Internet Services and Data Hosting",,,00,000,21140,Elkhart-Goshen MSA,2021,513130,Book Publishers ,2,2,0.50039286005,0.0,0.0,1.0060615289,57.8306261366,0.0,0.0341879113296,0.5406398043
2,2,"Telecommunications, Internet Services and Data Hosting",,,00,000,21140,Elkhart-Goshen MSA,2021,513199,All Other Publishers ,2,2,0.0,0.0,0.0,0.0,0.0,0.0,0.0,0.0
2,2,"Telecommunications, Internet Services and Data Hosting",,,00,000,21140,Elkhart-Goshen MSA,2021,517111,Wired Telecommunications Carriers ,2,2,1.14700054919,9.29225265886,0.0,4.16542357148,86.0777878871,0.0,0.158848978302,1.6508686667
2,2,"Telecommunications, Internet Services and Data Hosting",,,00,000,21140,Elkhart-Goshen MSA,2021,517112,Wireless Telecommunications Carriers (except Satellite),2,2,0.0,2.25429447817,0.0,1.01052906127,20.8824156048,0.0,0.135204837288,0.0
2,2,"Telecommunications, Internet Services and Data Hosting",,,00,000,21140,Elkhart-Goshen MSA,2021,517121,Telecommunications Resellers,2,2,0.0,1.85338213254,0.0,0.830812710896,17.1686070036,0.0,0.135204837288,0.0
2,2,"Telecommunications, Internet Services and Data Hosting",,,00,000,21140,Elkhart-Goshen MSA,2021,517410,Satellite Telecommunications,2,2,0.0,0.0,0.0,0.0,0.0,0.0,0.0,0.0
2,2,"Telecommunications, Internet Services and Data Hosting",,,00,000,21140,Elkhart-Goshen MSA,2021,517810,All Other Telecommunications ,2,2,0.0,0.0,0.0,0.0,0.0,0.0,0.0,0.0
2,2,"Telecommunications, Internet Services and Data Hosting",,,00,000,21140,Elkhart-Goshen MSA,2021,518210,"Computing Infrastructure Providers, Data Processing, Web Hosting, and Related Services",2,2,0.0,0.0,0.0,0.0,10.1206084951,0.0,0.0,0.0
2,2,"Telecommunications, Internet Services and Data Hosting",,,00,000,21140,Elkhart-Goshen MSA,2022,513110,Newspaper Publishers ,2,2,0.0,0.631985381058,0.0,1.51960011213,37.2650811735,0.0,0.0545856784741,0.0
2,2,"Telecommunications, Internet Services and Data Hosting",,,00,000,21140,Elkhart-Goshen MSA,2022,513120,Periodical Publishers ,2,2,0.0,0.0,0.0,0.0,11.2258427578,0.0,0.0,0.0
2,2,"Telecommunications, Internet Services and Data Hosting",,,00,000,21140,Elkhart-Goshen MSA,2022,513130,Book Publishers ,2,2,0.0,0.928618469994,0.0,2.23285027379,54.7560809169,0.0,0.0632622411057,0.536463105418
2,2,"Telecommunications, Internet Services and Data Hosting",,,00,000,21140,Elkhart-Goshen MSA,2022,513199,All Other Publishers ,2,2,0.0,0.0,0.0,0.0,0.0,0.0,0.0,0.0
2,2,"Telecommunications, Internet Services and Data Hosting",,,00,000,21140,Elkhart-Goshen MSA,2022,517111,Wired Telecommunications Carriers ,2,2,1.08051124805,10.8905826792,0.0,5.19539289728,87.6485886363,0.0,0.185459778295,2.78990990484
2,2,"Telecommunications, Internet Services and Data Hosting",,,00,000,21140,Elkhart-Goshen MSA,2022,517112,Wireless Telecommunications Carriers (except Satellite),2,2,0.0,4.80806858075,0.0,2.29370696591,38.6892876783,0.0,0.177222394357,1.23171354112
2,2,"Telecommunications, Internet Services and Data Hosting",,,00,000,21140,Elkhart-Goshen MSA,2022,517121,Telecommunications Resellers,2,2,0.523248898307,5.2738788227,0.0,2.51592347111,42.5181053181,0.0,0.185199059791,1.35104311659
2,2,"Telecommunications, Internet Services and Data Hosting",,,00,000,21140,Elkhart-Goshen MSA,2022,517410,Satellite Telecommunications,2,2,0.0,0.0,0.0,0.0,0.0,0.0,0.0,0.0
2,2,"Telecommunications, Internet Services and Data Hosting",,,00,000,21140,Elkhart-Goshen MSA,2022,517810,All Other Telecommunications ,2,2,0.0,0.0,0.0,0.0,0.48596145839,0.0,0.0,0.0
2,2,"Telecommunications, Internet Services and Data Hosting",,,00,000,21140,Elkhart-Goshen MSA,2022,518210,"Computing Infrastructure Providers, Data Processing, Web Hosting, and Related Services",2,2,0.700908136396,0.870630790828,0.0,0.0,15.7617944061,0.0,0.0906657073398,0.0
2,2,"Telecommunications, Internet Services and Data Hosting",,,00,000,21140,Elkhart-Goshen MSA,2023,513110,Newspaper Publishers ,2,2,0.6759328562,0.848478522357,0.0,2.66198097352,39.5319049295,0.0,0.113303067001,0.865036051736
2,2,"Telecommunications, Internet Services and Data Hosting",,,00,000,21140,Elkhart-Goshen MSA,2023,513120,Periodical Publishers ,2,2,0.0,0.0,0.0,0.687367517605,10.2077917265,0.0,0.0630892584682,0.0
2,2,"Telecommunications, Internet Services and Data Hosting",,,00,000,21140,Elkhart-Goshen MSA,2023,513130,Book Publishers ,2,2,0.959082974581,1.20390849124,0.0,3.77709206904,56.0919278045,0.0,0.113303067001,1.22740201487
2,2,"Telecommunications, Internet Services and Data Hosting",,,00,000,21140,Elkhart-Goshen MSA,2023,513199,All Other Publishers ,2,2,0.0,0.0,0.0,0.0,0.0,0.0,0.0,0.0
2,2,"Telecommunications, Internet Services and Data Hosting",,,00,000,21140,Elkhart-Goshen MSA,2023,517111,Wired Telecommunications Carriers ,2,2,0.666043371835,8.26104328471,0.0,5.4221785063,81.0390095179,0.0,0.161112711955,1.2147024686
2,2,"Telecommunications, Internet Services and Data Hosting",,,00,000,21140,Elkhart-Goshen MSA,2023,517112,Wireless Telecommunications Carriers (except Satellite),2,2,0.553667877413,6.86723191623,0.0,4.50734320239,67.2911748651,0.0,0.161263028592,1.00975667039
2,2,"Telecommunications, Internet Services and Data Hosting",,,00,000,21140,Elkhart-Goshen MSA,2023,517121,Telecommunications Resellers,2,2,0.0,3.9807184,0.0,2.21030328357,39.1651693056,0.0,0.147499398898,0.58532418977
2,2,"Telecommunications, Internet Services and Data Hosting",,,00,000,21140,Elkhart-Goshen MSA,2023,517410,Satellite Telecommunications,2,2,0.0,0.0,0.0,0.0,0.0,0.0,0.0,0.0
2,2,"Telecommunications, Internet Services and Data Hosting",,,00,000,21140,Elkhart-Goshen MSA,2023,517810,All Other Telecommunications ,2,2,0.0,0.0,0.0,0.0,0.0,0.0,0.0,0.0
2,2,"Telecommunications, Internet Services and Data Hosting",,,00,000,21140,Elkhart-Goshen MSA,2023,518210,"Computing Infrastructure Providers, Data Processing, Web Hosting, and Related Services",2,2,0.845794420107,1.29267185321,0.0,0.0,14.837123631,0.0,0.125973016865,0.0
2,2,"Telecommunications, Internet Services and Data Hosting",,,00,000,21780,Evansville MSA,2019,513110,Newspaper Publishers ,2,2,0.827585523508,16.919799452,0.0,3.46437834824,100.980810707,0.0,0.184506605603,1.63529680292
2,2,"Telecommunications, Internet Services and Data Hosting",,,00,000,21780,Evansville MSA,2019,513120,Periodical Publishers ,2,2,0.0,2.20963014796,0.0,0.0,13.3092764402,0.0,0.142383107689,0.0
2,2,"Telecommunications, Internet Services and Data Hosting",,,00,000,21780,Evansville MSA,2019,513130,Book Publishers ,2,2,0.0,7.48207047909,0.0,1.53197578029,40.7830523376,0.0,0.192738347779,0.72314130959
2,2,"Telecommunications, Internet Services and Data Hosting",,,00,000,21780,Evansville MSA,2019,513199,All Other Publishers ,2,2,0.0,0.0,0.0,0.0,2.17851616651,0.0,0.0,0.0
2,2,"Telecommunications, Internet Services and Data Hosting",,,00,000,21780,Evansville MSA,2019,517111,Wired Telecommunications Carriers ,2,2,1.43383214463,17.3452857732,0.0,5.05563203926,219.302258427,0.0,0.103058247743,1.36299161593
2,2,"Telecommunications, Internet Services and Data Hosting",,,00,000,21780,Evansville MSA,2019,517112,Wireless Telecommunications Carriers (except Satellite),2,2,0.675236608416,9.50414589891,0.0,2.50329735801,114.15564023,0.0,0.104522552485,0.641875577615
2,2,"Telecommunications, Internet Services and Data Hosting",,,00,000,21780,Evansville MSA,2019,517121,Telecommunications Resellers,2,2,0.57476560537,6.9530270437,0.0,1.69230327345,94.2361616855,0.0,0.09390594043,0.546368488233
2,2,"Telecommunications, Internet Services and Data Hosting",,,00,000,21780,Evansville MSA,2019,517410,Satellite Telecommunications,2,2,0.0,1.59588888791,0.0,0.0,6.81375772359,0.0,0.18976884067,0.0
2,2,"Telecommunications, Internet Services and Data Hosting",,,00,000,21780,Evansville MSA,2019,517810,All Other Telecommunications ,2,2,0.719389559925,1.51528848916,0.0,0.672489332978,17.4239449647,0.0,0.142991063768,0.0
2,2,"Telecommunications, Internet Services and Data Hosting",,,00,000,21780,Evansville MSA,2019,518210,"Computing Infrastructure Providers, Data Processing, Web Hosting, and Related Services",2,2,0.0,0.0,0.0,0.0,4.21879785009,0.0,0.0,0.0
2,2,"Telecommunications, Internet Services and Data Hosting",,,00,000,21780,Evansville MSA,2020,513110,Newspaper Publishers ,2,2,1.4275064627,13.5729208218,0.0,2.16437759136,72.4795189636,0.0,0.203677415642,1.37346265476
2,2,"Telecommunications, Internet Services and Data Hosting",,,00,000,21780,Evansville MSA,2020,513120,Periodical Publishers ,2,2,0.0,1.45372908964,0.0,0.0,7.6505338481,0.0,0.159675648604,0.0
2,2,"Telecommunications, Internet Services and Data Hosting",,,00,000,21780,Evansville MSA,2020,513130,Book Publishers ,2,2,0.719932318448,6.84521199074,0.0,1.09155749417,32.965106312,0.0,0.220949832513,0.692676481107
2,2,"Telecommunications, Internet Services and Data Hosting",,,00,000,21780,Evansville MSA,2020,513199,All Other Publishers ,2,2,0.0,0.0,0.0,0.0,1.63146911846,0.0,0.0,0.0
2,2,"Telecommunications, Internet Services and Data Hosting",,,00,000,21780,Evansville MSA,2020,517111,Wired Telecommunications Carriers ,2,2,1.66328849511,26.950676144,0.551307699044,7.17679085175,250.937333741,0.0,0.136562558879,3.34656134967
2,2,"Telecommunications, Internet Services and Data Hosting",,,00,000,21780,Evansville MSA,2020,517112,Wireless Telecommunications Carriers (except Satellite),2,2,2.47548425476,40.1108855413,0.820515221817,10.6812695485,373.471842337,0.0,0.136562558879,4.98071137572
2,2,"Telecommunications, Internet Services and Data Hosting",,,00,000,21780,Evansville MSA,2020,517121,Telecommunications Resellers,2,2,0.0,7.85015518749,0.0,1.69322733056,77.875312265,0.0,0.118992539241,0.974781701172
2,2,"Telecommunications, Internet Services and Data Hosting",,,00,000,21780,Evansville MSA,2020,517410,Satellite Telecommunications,2,2,0.0,2.48939682308,0.0,0.0,7.83761447857,0.0,0.31099596587,1.04826966962
2,2,"Telecommunications, Internet Services and Data Hosting",,,00,000,21780,Evansville MSA,2020,517810,All Other Telecommunications ,2,2,0.0,1.23557640209,0.0,0.0,17.544991119,0.0,0.115997059187,1.06664147447
2,2,"Telecommunications, Internet Services and Data Hosting",,,00,000,21780,Evansville MSA,2020,518210,"Computing Infrastructure Providers, Data Processing, Web Hosting, and Related Services",2,2,0.0,0.0,0.0,0.614758070036,10.4724051155,0.0,0.055447733541,0.0
2,2,"Telecommunications, Internet Services and Data Hosting",,,00,000,21780,Evansville MSA,2021,513110,Newspaper Publishers ,2,2,0.0,7.97950745087,0.0,0.924277168958,35.6109251659,0.0,0.212655504838,0.714443888089
2,2,"Telecommunications, Internet Services and Data Hosting",,,00,000,21780,Evansville MSA,2021,513120,Periodical Publishers ,2,2,0.0,1.67932577909,0.0,0.0,7.41650150077,0.0,0.184625952914,0.0
2,2,"Telecommunications, Internet Services and Data Hosting",,,00,000,21780,Evansville MSA,2021,513130,Book Publishers ,2,2,0.575589128868,11.057400057,0.0,1.28079364343,43.1895086175,0.0,0.243527733208,0.990022496695
2,2,"Telecommunications, Internet Services and Data Hosting",,,00,000,21780,Evansville MSA,2021,513199,All Other Publishers ,2,2,0.0,0.0,0.0,0.0,2.57844335651,0.0,0.0,0.0
2,2,"Telecommunications, Internet Services and Data Hosting",,,00,000,21780,Evansville MSA,2021,517111,Wired Telecommunications Carriers ,2,2,1.52686543089,17.9335603145,0.0,5.66547711753,193.534372113,0.0,0.127204387826,3.08049618913
2,2,"Telecommunications, Internet Services and Data Hosting",,,00,000,21780,Evansville MSA,2021,517112,Wireless Telecommunications Carriers (except Satellite),2,2,2.63707640313,30.9733705228,0.703471626986,9.7849461497,334.480094896,0.0,0.128729693763,5.32037967847
2,2,"Telecommunications, Internet Services and Data Hosting",,,00,000,21780,Evansville MSA,2021,517121,Telecommunications Resellers,2,2,0.564907758645,6.63503617071,0.0,1.68019073356,73.6933558365,0.0,0.119692614198,1.13971811956
2,2,"Telecommunications, Internet Services and Data Hosting",,,00,000,21780,Evansville MSA,2021,517410,Satellite Telecommunications,2,2,0.0,2.82031389783,0.0,0.943238424534,8.28794530524,0.0,0.373912535159,1.18618204283
2,2,"Telecommunications, Internet Services and Data Hosting",,,00,000,21780,Evansville MSA,2021,517810,All Other Telecommunications ,2,2,0.0,0.0,0.0,0.0,4.22217879565,0.0,0.0,0.0
2,2,"Telecommunications, Internet Services and Data Hosting",,,00,000,21780,Evansville MSA,2021,518210,"Computing Infrastructure Providers, Data Processing, Web Hosting, and Related Services",2,2,0.764532721361,0.774351252045,0.0,0.0,8.49935016368,0.0,0.15330225938,0.0
2,2,"Telecommunications, Internet Services and Data Hosting",,,00,000,21780,Evansville MSA,2022,513110,Newspaper Publishers ,2,2,0.0,6.50058874135,0.0,0.5352302376,32.8113820478,0.0,0.186836787974,0.503102039754
2,2,"Telecommunications, Internet Services and Data Hosting",,,00,000,21780,Evansville MSA,2022,513120,Periodical Publishers ,2,2,0.0,1.55461122565,0.0,0.0,6.80118563528,0.0,0.186051821451,0.0
2,2,"Telecommunications, Internet Services and Data Hosting",,,00,000,21780,Evansville MSA,2022,513130,Book Publishers ,2,2,0.703278384198,12.3789837696,0.0,1.01923174775,46.2565676159,0.0,0.245605010985,0.958050452404
2,2,"Telecommunications, Internet Services and Data Hosting",,,00,000,21780,Evansville MSA,2022,513199,All Other Publishers ,2,2,0.0,0.0,0.0,0.0,4.54355972157,0.0,0.0,0.0
2,2,"Telecommunications, Internet Services and Data Hosting",,,00,000,21780,Evansville MSA,2022,517111,Wired Telecommunications Carriers ,2,2,1.0841381785,16.3429656412,0.0,4.18720135812,169.651729546,0.556576922223,0.124470417407,1.94780219139
2,2,"Telecommunications, Internet Services and Data Hosting",,,00,000,21780,Evansville MSA,2022,517112,Wireless Telecommunications Carriers (except Satellite),2,2,2.01665616789,30.4003153062,0.686334181884,9.24199748831,316.509529367,1.03531478308,0.129304237532,3.62319802125
2,2,"Telecommunications, Internet Services and Data Hosting",,,00,000,21780,Evansville MSA,2022,517121,Telecommunications Resellers,2,2,0.615637754523,9.28050212518,0.0,2.37774048822,98.4666498476,0.0,0.119627746561,1.10607724287
2,2,"Telecommunications, Internet Services and Data Hosting",,,00,000,21780,Evansville MSA,2022,517410,Satellite Telecommunications,2,2,0.0,1.22140157079,0.0,0.0,4.21857662511,0.0,0.224523247484,0.0
2,2,"Telecommunications, Internet Services and Data Hosting",,,00,000,21780,Evansville MSA,2022,517810,All Other Telecommunications ,2,2,0.0,0.0,0.0,0.0,1.80996428436,0.0,0.0,0.0
2,2,"Telecommunications, Internet Services and Data Hosting",,,00,000,21780,Evansville MSA,2022,518210,"Computing Infrastructure Providers, Data Processing, Web Hosting, and Related Services",2,2,0.0,0.0,0.0,0.0,3.75,0.0,0.0,0.0
2,2,"Telecommunications, Internet Services and Data Hosting",,,00,000,21780,Evansville MSA,2023,513110,Newspaper Publishers ,2,2,0.0,3.4631531094,0.0,0.0,21.4135680787,0.0,0.139212602948,0.0
2,2,"Telecommunications, Internet Services and Data Hosting",,,00,000,21780,Evansville MSA,2023,513120,Periodical Publishers ,2,2,0.0,0.75997190555,0.0,0.0,3.92646473294,0.0,0.162164126857,0.0
2,2,"Telecommunications, Internet Services and Data Hosting",,,00,000,21780,Evansville MSA,2023,513130,Book Publishers ,2,2,0.601615192516,10.9235685648,0.0,1.11233145448,48.3567171349,0.0,0.226454412085,1.51884754204
2,2,"Telecommunications, Internet Services and Data Hosting",,,00,000,21780,Evansville MSA,2023,513199,All Other Publishers ,2,2,0.0,0.0,0.0,0.0,3.80509904766,0.0,0.0,0.0
2,2,"Telecommunications, Internet Services and Data Hosting",,,00,000,21780,Evansville MSA,2023,517111,Wired Telecommunications Carriers ,2,2,0.728718969171,21.9574183252,0.53844782354,7.69083038822,219.051761516,1.12671367921,0.137559432993,2.89666806401
2,2,"Telecommunications, Internet Services and Data Hosting",,,00,000,21780,Evansville MSA,2023,517112,Wireless Telecommunications Carriers (except Satellite),2,2,0.897420244547,27.0406460607,0.663100588731,9.471287533,271.208012881,1.38755227778,0.136926907199,3.56725798607
2,2,"Telecommunications, Internet Services and Data Hosting",,,00,000,21780,Evansville MSA,2023,517121,Telecommunications Resellers,2,2,0.0,8.59862822467,0.0,3.01176532996,86.6437135749,0.0,0.12823161665,1.13434882935
2,2,"Telecommunications, Internet Services and Data Hosting",,,00,000,21780,Evansville MSA,2023,517410,Satellite Telecommunications,2,2,0.0,0.40926517277,0.0,0.0,0.0,0.0,1.0,0.0
2,2,"Telecommunications, Internet Services and Data Hosting",,,00,000,21780,Evansville MSA,2023,517810,All Other Telecommunications ,2,2,0.0,0.0,0.0,0.0,0.840779479432,0.0,0.0,0.0
2,2,"Telecommunications, Internet Services and Data Hosting",,,00,000,21780,Evansville MSA,2023,518210,"Computing Infrastructure Providers, Data Processing, Web Hosting, and Related Services",2,2,0.0,0.803874184898,0.0,0.0,7.77431919285,0.0,0.0937113619965,0.0
2,2,"Telecommunications, Internet Services and Data Hosting",,,00,000,23060,Fort Wayne MSA,2019,513110,Newspaper Publishers ,2,2,0.760571171609,10.0841246421,0.0,1.68506932493,195.396787996,0.0,0.0712457977952,2.45934609693
2,2,"Telecommunications, Internet Services and Data Hosting",,,00,000,23060,Fort Wayne MSA,2019,513120,Periodical Publishers ,2,2,0.0,0.723610475756,0.0,0.0,12.4521599578,0.0,0.0549197847221,0.0
2,2,"Telecommunications, Internet Services and Data Hosting",,,00,000,23060,Fort Wayne MSA,2019,513130,Book Publishers ,2,2,0.0,0.0,0.0,0.0,3.76102185062,0.0,0.0,0.0
2,2,"Telecommunications, Internet Services and Data Hosting",,,00,000,23060,Fort Wayne MSA,2019,513199,All Other Publishers ,2,2,0.0,2.45594152951,0.0,0.0,35.3344815735,0.0,0.0795767833324,0.598962272806
2,2,"Telecommunications, Internet Services and Data Hosting",,,00,000,23060,Fort Wayne MSA,2019,517111,Wired Telecommunications Carriers ,2,2,8.97557877979,99.7128445452,1.41174748449,29.2859811467,606.818846864,0.710385967484,0.199884489186,11.4986675116
2,2,"Telecommunications, Internet Services and Data Hosting",,,00,000,23060,Fort Wayne MSA,2019,517112,Wireless Telecommunications Carriers (except Satellite),2,2,2.55652199211,30.851969374,0.0,9.83212505128,187.17749914,0.0,0.199046330193,3.27517557302
2,2,"Telecommunications, Internet Services and Data Hosting",,,00,000,23060,Fort Wayne MSA,2019,517121,Telecommunications Resellers,2,2,1.82227165194,20.7751593804,0.0,5.81642252285,123.626122725,0.0,0.199180413636,2.33452308263
2,2,"Telecommunications, Internet Services and Data Hosting",,,00,000,23060,Fort Wayne MSA,2019,517410,Satellite Telecommunications,2,2,0.0,0.0,0.0,0.0,0.0,0.0,0.0,0.0
2,2,"Telecommunications, Internet Services and Data Hosting",,,00,000,23060,Fort Wayne MSA,2019,517810,All Other Telecommunications ,2,2,0.0,0.0,0.0,0.0,8.97835452577,0.0,0.0,0.0
2,2,"Telecommunications, Internet Services and Data Hosting",,,00,000,23060,Fort Wayne MSA,2019,518210,"Computing Infrastructure Providers, Data Processing, Web Hosting, and Related Services",2,2,2.37987561544,8.46936983242,0.0,2.09511432942,77.4234481274,0.0,0.167215356009,2.60154339889
2,2,"Telecommunications, Internet Services and Data Hosting",,,00,000,23060,Fort Wayne MSA,2020,513110,Newspaper Publishers ,2,2,0.0,7.10813726466,0.0,1.22213586549,145.758569835,0.0,0.0644427276679,1.70981751841
2,2,"Telecommunications, Internet Services and Data Hosting",,,00,000,23060,Fort Wayne MSA,2020,513120,Periodical Publishers ,2,2,0.0,1.10618733391,0.0,0.0,17.9035203263,0.0,0.058190654674,0.0
2,2,"Telecommunications, Internet Services and Data Hosting",,,00,000,23060,Fort Wayne MSA,2020,513130,Book Publishers ,2,2,0.0,0.666486449459,0.0,0.0,9.61308062248,0.0,0.064836042685,0.0
2,2,"Telecommunications, Internet Services and Data Hosting",,,00,000,23060,Fort Wayne MSA,2020,513199,All Other Publishers ,2,2,0.0,2.05382057669,0.0,0.0,29.6233221303,0.0,0.064836042685,0.0
2,2,"Telecommunications, Internet Services and Data Hosting",,,00,000,23060,Fort Wayne MSA,2020,517111,Wired Telecommunications Carriers ,2,2,7.84825025033,89.5225492627,0.995238601462,35.5939429167,639.468043525,1.1011497149,0.186480613241,11.5222142179
2,2,"Telecommunications, Internet Services and Data Hosting",,,00,000,23060,Fort Wayne MSA,2020,517112,Wireless Telecommunications Carriers (except Satellite),2,2,1.86004731746,22.235329615,0.0,9.86919146564,168.167581707,0.0,0.179121475753,2.73078239907
2,2,"Telecommunications, Internet Services and Data Hosting",,,00,000,23060,Fort Wayne MSA,2020,517121,Telecommunications Resellers,2,2,1.6847652711,19.2175933701,0.0,7.12662819058,137.830552148,0.0,0.18120294823,2.47344640414
2,2,"Telecommunications, Internet Services and Data Hosting",,,00,000,23060,Fort Wayne MSA,2020,517410,Satellite Telecommunications,2,2,0.0,0.0,0.0,0.0,0.0,0.0,0.0,0.0
2,2,"Telecommunications, Internet Services and Data Hosting",,,00,000,23060,Fort Wayne MSA,2020,517810,All Other Telecommunications ,2,2,0.0,0.0,0.0,0.0,5.41909922829,0.0,0.0,0.0
2,2,"Telecommunications, Internet Services and Data Hosting",,,00,000,23060,Fort Wayne MSA,2020,518210,"Computing Infrastructure Providers, Data Processing, Web Hosting, and Related Services",2,2,1.70922362939,1.02919265105,0.0,1.38899223977,31.3310916589,0.0,0.130644481552,0.580946277542
2,2,"Telecommunications, Internet Services and Data Hosting",,,00,000,23060,Fort Wayne MSA,2021,513110,Newspaper Publishers ,2,2,2.55482931816,7.37551340339,0.0,1.31739851222,141.265639422,0.0,0.0784700584993,0.781301437716
2,2,"Telecommunications, Internet Services and Data Hosting",,,00,000,23060,Fort Wayne MSA,2021,513120,Periodical Publishers ,2,2,0.0,1.30106707541,0.0,0.0,22.7015538407,0.0,0.0542052086708,0.0
2,2,"Telecommunications, Internet Services and Data Hosting",,,00,000,23060,Fort Wayne MSA,2021,513130,Book Publishers ,2,2,0.0,0.645748159839,0.0,0.0,9.09338861154,0.0,0.0663044554151,0.0
2,2,"Telecommunications, Internet Services and Data Hosting",,,00,000,23060,Fort Wayne MSA,2021,513199,All Other Publishers ,2,2,0.664859522631,1.91937687801,0.0,0.0,27.0285552932,0.0,0.0872675709657,0.0
2,2,"Telecommunications, Internet Services and Data Hosting",,,00,000,23060,Fort Wayne MSA,2021,517111,Wired Telecommunications Carriers ,2,2,8.34416502317,79.4115261028,1.39342257809,28.4607998121,635.476744164,1.80703501244,0.16939102445,10.179600361
2,2,"Telecommunications, Internet Services and Data Hosting",,,00,000,23060,Fort Wayne MSA,2021,517112,Wireless Telecommunications Carriers (except Satellite),2,2,1.50922008826,14.3632670376,0.0,7.16065601444,133.496947639,0.0,0.157063449251,1.84119768875
2,2,"Telecommunications, Internet Services and Data Hosting",,,00,000,23060,Fort Wayne MSA,2021,517121,Telecommunications Resellers,2,2,1.59189447594,15.150080251,0.0,4.92648995864,121.76161316,0.0,0.162414359957,1.94205765788
2,2,"Telecommunications, Internet Services and Data Hosting",,,00,000,23060,Fort Wayne MSA,2021,517410,Satellite Telecommunications,2,2,0.0,0.0,0.0,0.0,0.0,0.0,0.0,0.0
2,2,"Telecommunications, Internet Services and Data Hosting",,,00,000,23060,Fort Wayne MSA,2021,517810,All Other Telecommunications ,2,2,0.0,0.89264522745,0.0,0.0,8.29960567408,0.0,0.0971084489546,0.0
2,2,"Telecommunications, Internet Services and Data Hosting",,,00,000,23060,Fort Wayne MSA,2021,518210,"Computing Infrastructure Providers, Data Processing, Web Hosting, and Related Services",2,2,2.51524916649,5.50180516814,0.0,1.55572145474,35.5288028851,0.0,0.228285540521,0.937215141941
2,2,"Telecommunications, Internet Services and Data Hosting",,,00,000,23060,Fort Wayne MSA,2022,513110,Newspaper Publishers ,2,2,1.93182981462,7.78651370446,0.0,1.67136763018,114.593269595,0.0,0.0904067444824,0.0
2,2,"Telecommunications, Internet Services and Data Hosting",,,00,000,23060,Fort Wayne MSA,2022,513120,Periodical Publishers ,2,2,0.0,1.41404341769,0.0,0.0,21.3160997233,0.0,0.0622100533602,0.0
2,2,"Telecommunications, Internet Services and Data Hosting",,,00,000,23060,Fort Wayne MSA,2022,513130,Book Publishers ,2,2,0.0,0.0,0.0,0.0,4.37879703985,0.0,0.0,0.0
2,2,"Telecommunications, Internet Services and Data Hosting",,,00,000,23060,Fort Wayne MSA,2022,513199,All Other Publishers ,2,2,0.0,0.67660319048,0.0,0.0,7.41782339909,0.0,0.0835887734595,0.0
2,2,"Telecommunications, Internet Services and Data Hosting",,,00,000,23060,Fort Wayne MSA,2022,517111,Wired Telecommunications Carriers ,2,2,6.71368208612,67.9208528724,1.2076539756,24.0335781915,568.561482389,1.55809176715,0.166601318338,12.2249392386
2,2,"Telecommunications, Internet Services and Data Hosting",,,00,000,23060,Fort Wayne MSA,2022,517112,Wireless Telecommunications Carriers (except Satellite),2,2,2.12519794675,21.5001626848,0.0,9.82146048033,195.994019057,0.0,0.161745011665,4.37109269686
2,2,"Telecommunications, Internet Services and Data Hosting",,,00,000,23060,Fort Wayne MSA,2022,517121,Telecommunications Resellers,2,2,0.889028707395,8.99410893453,0.0,2.71360468691,76.6358383217,0.0,0.156470590049,1.61883178111
2,2,"Telecommunications, Internet Services and Data Hosting",,,00,000,23060,Fort Wayne MSA,2022,517410,Satellite Telecommunications,2,2,0.0,0.0,0.0,0.0,0.0,0.0,0.0,0.0
2,2,"Telecommunications, Internet Services and Data Hosting",,,00,000,23060,Fort Wayne MSA,2022,517810,All Other Telecommunications ,2,2,0.0,0.0,0.0,0.0,9.09071146817,0.0,0.0,0.0
2,2,"Telecommunications, Internet Services and Data Hosting",,,00,000,23060,Fort Wayne MSA,2022,518210,"Computing Infrastructure Providers, Data Processing, Web Hosting, and Related Services",2,2,4.52591944592,11.1440553948,0.0,2.21655506035,55.0559556517,0.0,0.259446682455,1.4018652824
2,2,"Telecommunications, Internet Services and Data Hosting",,,00,000,23060,Fort Wayne MSA,2023,513110,Newspaper Publishers ,2,2,2.37257432707,7.89141210151,0.0,3.00371747845,103.311305266,0.0,0.119294671476,0.726180110921
2,2,"Telecommunications, Internet Services and Data Hosting",,,00,000,23060,Fort Wayne MSA,2023,513120,Periodical Publishers ,2,2,0.0,1.56310090562,0.0,0.0,20.4939712844,0.0,0.070866200743,0.0
2,2,"Telecommunications, Internet Services and Data Hosting",,,00,000,23060,Fort Wayne MSA,2023,513130,Book Publishers ,2,2,0.0,0.0,0.0,0.0,2.79434825906,0.0,0.0,0.0
2,2,"Telecommunications, Internet Services and Data Hosting",,,00,000,23060,Fort Wayne MSA,2023,513199,All Other Publishers ,2,2,0.0,0.721455316319,0.0,0.0,6.54801858082,0.0,0.0992445019443,0.0
2,2,"Telecommunications, Internet Services and Data Hosting",,,00,000,23060,Fort Wayne MSA,2023,517111,Wired Telecommunications Carriers ,2,2,5.45164151071,55.9386284048,1.21031330056,25.500817183,527.771490967,1.71186421534,0.160994721766,11.4595480226
2,2,"Telecommunications, Internet Services and Data Hosting",,,00,000,23060,Fort Wayne MSA,2023,517112,Wireless Telecommunications Carriers (except Satellite),2,2,1.92342036174,19.7359816617,0.0,11.4397401902,200.746948268,0.603971204242,0.158269581258,4.04309930498
2,2,"Telecommunications, Internet Services and Data Hosting",,,00,000,23060,Fort Wayne MSA,2023,517121,Telecommunications Resellers,2,2,0.0,2.0817174791,0.0,0.812430839715,22.7131824575,0.0,0.113020304385,0.0
2,2,"Telecommunications, Internet Services and Data Hosting",,,00,000,23060,Fort Wayne MSA,2023,517410,Satellite Telecommunications,2,2,0.0,0.0,0.0,0.0,0.0,0.0,0.0,0.0
2,2,"Telecommunications, Internet Services and Data Hosting",,,00,000,23060,Fort Wayne MSA,2023,517810,All Other Telecommunications ,2,2,0.787089457535,3.12095103097,0.0,5.18019478888,57.8855388258,0.0,0.221969363406,7.42630232465
2,2,"Telecommunications, Internet Services and Data Hosting",,,00,000,23060,Fort Wayne MSA,2023,518210,"Computing Infrastructure Providers, Data Processing, Web Hosting, and Related Services",2,2,4.51277151028,8.3176612871,0.0,3.56026305727,59.3205402205,0.0,0.235031091567,1.83510543828
2,2,"Telecommunications, Internet Services and Data Hosting",,,00,000,26900,Indianapolis-Carmel-Greenwood MSA,2019,513110,Newspaper Publishers ,2,2,10.3028594015,94.3638508076,1.72880250578,30.4078846975,730.880820139,0.632240711887,0.166566612296,8.63523448444
2,2,"Telecommunications, Internet Services and Data Hosting",,,00,000,26900,Indianapolis-Carmel-Greenwood MSA,2019,513120,Periodical Publishers ,2,2,1.27874885666,15.509390055,0.0,4.42624815304,125.999507133,0.0,0.154531172344,1.81526336714
2,2,"Telecommunications, Internet Services and Data Hosting",,,00,000,26900,Indianapolis-Carmel-Greenwood MSA,2019,513130,Book Publishers ,2,2,5.80751965233,72.4637035053,0.0,24.4400156521,533.534732205,0.0,0.175323025852,10.7161110251
2,2,"Telecommunications, Internet Services and Data Hosting",,,00,000,26900,Indianapolis-Carmel-Greenwood MSA,2019,513199,All Other Publishers ,2,2,1.59035000856,15.6459430488,0.0,3.93917870626,113.31487506,0.0,0.166088283998,1.3931920278
2,2,"Telecommunications, Internet Services and Data Hosting",,,00,000,26900,Indianapolis-Carmel-Greenwood MSA,2019,517111,Wired Telecommunications Carriers ,2,2,17.4808875284,182.09229347,0.0,59.0867730829,1211.36718664,2.43438665449,0.189658091793,22.4225140045
2,2,"Telecommunications, Internet Services and Data Hosting",,,00,000,26900,Indianapolis-Carmel-Greenwood MSA,2019,517112,Wireless Telecommunications Carriers (except Satellite),2,2,24.5823776598,209.177629898,0.0,68.2078010168,1320.90446652,2.35653049627,0.20009953774,26.1072403805
2,2,"Telecommunications, Internet Services and Data Hosting",,,00,000,26900,Indianapolis-Carmel-Greenwood MSA,2019,517121,Telecommunications Resellers,2,2,3.69516471951,27.1261440439,0.0,9.24886476538,193.907855029,0.0,0.181527576795,2.93631275833
2,2,"Telecommunications, Internet Services and Data Hosting",,,00,000,26900,Indianapolis-Carmel-Greenwood MSA,2019,517410,Satellite Telecommunications,2,2,0.0,0.0,0.0,0.0,0.585391238201,0.0,0.0,0.0
2,2,"Telecommunications, Internet Services and Data Hosting",,,00,000,26900,Indianapolis-Carmel-Greenwood MSA,2019,517810,All Other Telecommunications ,2,2,3.57578663314,1.28373597294,0.0,2.52632723107,47.4706404186,0.0,0.143851244693,0.590229866593
2,2,"Telecommunications, Internet Services and Data Hosting",,,00,000,26900,Indianapolis-Carmel-Greenwood MSA,2019,518210,"Computing Infrastructure Providers, Data Processing, Web Hosting, and Related Services",2,2,69.5350124249,160.872623381,0.0,46.7550699337,1365.11187593,2.65128326622,0.181501804122,22.8992845942
2,2,"Telecommunications, Internet Services and Data Hosting",,,00,000,26900,Indianapolis-Carmel-Greenwood MSA,2020,513110,Newspaper Publishers ,2,2,16.7807302385,84.8429124936,2.34639994796,28.6440270516,687.264923849,0.65418192009,0.169692767364,7.190463215
2,2,"Telecommunications, Internet Services and Data Hosting",,,00,000,26900,Indianapolis-Carmel-Greenwood MSA,2020,513120,Periodical Publishers ,2,2,1.95978009267,11.7807473653,0.0,3.68531780512,100.051874614,0.0,0.158010254741,1.35018174202
2,2,"Telecommunications, Internet Services and Data Hosting",,,00,000,26900,Indianapolis-Carmel-Greenwood MSA,2020,513130,Book Publishers ,2,2,9.47976123013,73.5541128314,0.0,31.3114336031,547.755215247,0.689001941354,0.185558479531,9.76363148877
2,2,"Telecommunications, Internet Services and Data Hosting",,,00,000,26900,Indianapolis-Carmel-Greenwood MSA,2020,513199,All Other Publishers ,2,2,2.31159581068,15.0016812729,0.0,4.47868886341,112.509551099,0.0,0.169278159691,1.13437212863
2,2,"Telecommunications, Internet Services and Data Hosting",,,00,000,26900,Indianapolis-Carmel-Greenwood MSA,2020,517111,Wired Telecommunications Carriers ,2,2,17.4105452948,149.635907775,0.611547585857,59.3449330031,1007.56147175,0.950743962217,0.198518685397,21.6089449697
2,2,"Telecommunications, Internet Services and Data Hosting",,,00,000,26900,Indianapolis-Carmel-Greenwood MSA,2020,517112,Wireless Telecommunications Carriers (except Satellite),2,2,22.3509700793,196.223642153,0.793709502151,72.7454697895,1321.61187031,1.23394243453,0.198214448702,33.3762483407
2,2,"Telecommunications, Internet Services and Data Hosting",,,00,000,26900,Indianapolis-Carmel-Greenwood MSA,2020,517121,Telecommunications Resellers,2,2,1.8865513371,20.6052608901,0.0,5.55095025744,146.733965982,0.0,0.171387202175,2.30714758168
2,2,"Telecommunications, Internet Services and Data Hosting",,,00,000,26900,Indianapolis-Carmel-Greenwood MSA,2020,517410,Satellite Telecommunications,2,2,0.0,0.0,0.0,0.0,1.73367790624,0.0,0.0,0.0
2,2,"Telecommunications, Internet Services and Data Hosting",,,00,000,26900,Indianapolis-Carmel-Greenwood MSA,2020,517810,All Other Telecommunications ,2,2,1.77748495385,1.59863381933,0.0,1.41558484604,30.9063211636,0.0,0.134228816535,0.0
2,2,"Telecommunications, Internet Services and Data Hosting",,,00,000,26900,Indianapolis-Carmel-Greenwood MSA,2020,518210,"Computing Infrastructure Providers, Data Processing, Web Hosting, and Related Services",2,2,68.7677114979,192.523714684,0.0,51.3502107163,1293.26643246,2.40368339154,0.206317740021,21.1393483665
2,2,"Telecommunications, Internet Services and Data Hosting",,,00,000,26900,Indianapolis-Carmel-Greenwood MSA,2021,513110,Newspaper Publishers ,2,2,14.5701539419,93.5440176762,2.08915624037,39.1900010411,660.242196579,0.775861087233,0.194910768569,9.67435151449
2,2,"Telecommunications, Internet Services and Data Hosting",,,00,000,26900,Indianapolis-Carmel-Greenwood MSA,2021,513120,Periodical Publishers ,2,2,1.89641561325,11.6583238359,0.0,3.7760625262,103.516928809,0.0,0.154060276246,1.5214237809
2,2,"Telecommunications, Internet Services and Data Hosting",,,00,000,26900,Indianapolis-Carmel-Greenwood MSA,2021,513130,Book Publishers ,2,2,9.08316960881,42.6373920657,0.0,15.1914733027,585.190934508,0.0,0.115433680578,9.45391060318
2,2,"Telecommunications, Internet Services and Data Hosting",,,00,000,26900,Indianapolis-Carmel-Greenwood MSA,2021,513199,All Other Publishers ,2,2,1.89878123934,13.8455160688,0.0,4.39756755609,95.2884521717,0.0,0.183483284973,1.27084831445
2,2,"Telecommunications, Internet Services and Data Hosting",,,00,000,26900,Indianapolis-Carmel-Greenwood MSA,2021,517111,Wired Telecommunications Carriers ,2,2,16.095502077,140.264162665,0.0,59.2486146993,917.792558783,1.00233317631,0.205056358504,20.1347239601
2,2,"Telecommunications, Internet Services and Data Hosting",,,00,000,26900,Indianapolis-Carmel-Greenwood MSA,2021,517112,Wireless Telecommunications Carriers (except Satellite),2,2,23.0300021397,190.080415078,0.0,79.1892497236,1273.11309037,1.37840024734,0.202854946225,30.2997161045
2,2,"Telecommunications, Internet Services and Data Hosting",,,00,000,26900,Indianapolis-Carmel-Greenwood MSA,2021,517121,Telecommunications Resellers,2,2,2.13241465711,21.0382779003,0.0,6.83065923378,144.033149333,0.0,0.184879152155,2.66708823376
2,2,"Telecommunications, Internet Services and Data Hosting",,,00,000,26900,Indianapolis-Carmel-Greenwood MSA,2021,517410,Satellite Telecommunications,2,2,1.73881977338,0.0,0.0,0.0,4.12988428998,0.0,0.29628683856,0.0
2,2,"Telecommunications, Internet Services and Data Hosting",,,00,000,26900,Indianapolis-Carmel-Greenwood MSA,2021,517810,All Other Telecommunications ,2,2,3.22010627567,0.748762773152,0.0,1.20824344234,33.6615464342,0.0,0.133297921051,0.0
2,2,"Telecommunications, Internet Services and Data Hosting",,,00,000,26900,Indianapolis-Carmel-Greenwood MSA,2021,518210,"Computing Infrastructure Providers, Data Processing, Web Hosting, and Related Services",2,2,69.7327717248,195.370539298,0.0,58.0166935533,1297.39912087,3.76190015725,0.214808331867,28.0532687169
2,2,"Telecommunications, Internet Services and Data Hosting",,,00,000,26900,Indianapolis-Carmel-Greenwood MSA,2022,513110,Newspaper Publishers ,2,2,6.16799506493,76.1036491951,0.668332216183,31.7040126456,488.191298074,1.76405432239,0.200943980185,6.36069878887
2,2,"Telecommunications, Internet Services and Data Hosting",,,00,000,26900,Indianapolis-Carmel-Greenwood MSA,2022,513120,Periodical Publishers ,2,2,1.14256684466,10.3005708269,0.0,3.20794345315,85.185341251,0.0,0.156508057586,1.15486985556
2,2,"Telecommunications, Internet Services and Data Hosting",,,00,000,26900,Indianapolis-Carmel-Greenwood MSA,2022,513130,Book Publishers ,2,2,10.2009557749,55.3610136818,0.0,18.6466814745,706.006855302,0.0,0.119669163081,11.7635063081
2,2,"Telecommunications, Internet Services and Data Hosting",,,00,000,26900,Indianapolis-Carmel-Greenwood MSA,2022,513199,All Other Publishers ,2,2,0.976294425835,12.3274254013,0.0,3.80492792598,74.2107460847,0.0,0.195506239018,0.925878511039
2,2,"Telecommunications, Internet Services and Data Hosting",,,00,000,26900,Indianapolis-Carmel-Greenwood MSA,2022,517111,Wired Telecommunications Carriers ,2,2,14.2463260866,136.386937994,0.0,59.6199921296,844.883930982,1.67454329748,0.216151813459,21.0550624542
2,2,"Telecommunications, Internet Services and Data Hosting",,,00,000,26900,Indianapolis-Carmel-Greenwood MSA,2022,517112,Wireless Telecommunications Carriers (except Satellite),2,2,21.8780738463,197.786554382,0.634710372959,90.8498728233,1174.2223152,2.15183481774,0.225733694968,29.037939972
2,2,"Telecommunications, Internet Services and Data Hosting",,,00,000,26900,Indianapolis-Carmel-Greenwood MSA,2022,517121,Telecommunications Resellers,2,2,1.60714098525,19.2241990107,0.0,6.55253312378,132.131459901,0.0,0.182912750621,2.19501064373
2,2,"Telecommunications, Internet Services and Data Hosting",,,00,000,26900,Indianapolis-Carmel-Greenwood MSA,2022,517410,Satellite Telecommunications,2,2,0.0,0.0,0.0,0.0,2.74727824077,0.0,0.0,0.0
2,2,"Telecommunications, Internet Services and Data Hosting",,,00,000,26900,Indianapolis-Carmel-Greenwood MSA,2022,517810,All Other Telecommunications ,2,2,3.3530791809,1.66011808377,0.0,3.0506838177,45.1783874227,0.0,0.151456376837,0.0
2,2,"Telecommunications, Internet Services and Data Hosting",,,00,000,26900,Indianapolis-Carmel-Greenwood MSA,2022,518210,"Computing Infrastructure Providers, Data Processing, Web Hosting, and Related Services",2,2,74.0566124344,184.397199025,0.666473950897,64.4645398008,1434.18453412,3.05167193015,0.19894187769,29.5416080755
2,2,"Telecommunications, Internet Services and Data Hosting",,,00,000,26900,Indianapolis-Carmel-Greenwood MSA,2023,513110,Newspaper Publishers ,2,2,7.47548325201,58.273203411,0.0,33.0454251758,446.971222248,0.66538148068,0.190402386052,5.65987183988
2,2,"Telecommunications, Internet Services and Data Hosting",,,00,000,26900,Indianapolis-Carmel-Greenwood MSA,2023,513120,Periodical Publishers ,2,2,1.65886278786,10.9298237289,0.0,4.74168349723,87.5796701162,0.0,0.177331841532,1.54803681706
2,2,"Telecommunications, Internet Services and Data Hosting",,,00,000,26900,Indianapolis-Carmel-Greenwood MSA,2023,513130,Book Publishers ,2,2,12.7162052313,49.6175799442,0.0,18.7200362038,726.048140453,2.09281900725,0.118405582644,14.3677623882
2,2,"Telecommunications, Internet Services and Data Hosting",,,00,000,26900,Indianapolis-Carmel-Greenwood MSA,2023,513199,All Other Publishers ,2,2,1.32775138518,11.5055600411,0.0,4.76233716829,76.7839477176,0.0,0.195861994967,1.10643623072
2,2,"Telecommunications, Internet Services and Data Hosting",,,00,000,26900,Indianapolis-Carmel-Greenwood MSA,2023,517111,Wired Telecommunications Carriers ,2,2,13.5323239278,133.57246253,0.609491649921,60.8567829518,787.888412928,1.01765250169,0.226026163569,20.5009702403
2,2,"Telecommunications, Internet Services and Data Hosting",,,00,000,26900,Indianapolis-Carmel-Greenwood MSA,2023,517112,Wireless Telecommunications Carriers (except Satellite),2,2,18.4682420464,188.73359373,0.881205577767,85.6936065185,1053.99808512,1.47132624514,0.233886059921,26.5259114567
2,2,"Telecommunications, Internet Services and Data Hosting",,,00,000,26900,Indianapolis-Carmel-Greenwood MSA,2023,517121,Telecommunications Resellers,2,2,1.01285513111,16.4314310902,0.0,5.9582484251,120.357675952,0.0,0.172100483889,1.61694400758
2,2,"Telecommunications, Internet Services and Data Hosting",,,00,000,26900,Indianapolis-Carmel-Greenwood MSA,2023,517410,Satellite Telecommunications,2,2,0.0,0.0,0.0,0.0,7.30605352504,0.0,0.0,0.0
2,2,"Telecommunications, Internet Services and Data Hosting",,,00,000,26900,Indianapolis-Carmel-Greenwood MSA,2023,517810,All Other Telecommunications ,2,2,3.11141294226,0.0,0.0,4.28389733137,45.8012911569,0.0,0.139018472511,0.0
2,2,"Telecommunications, Internet Services and Data Hosting",,,00,000,26900,Indianapolis-Carmel-Greenwood MSA,2023,518210,"Computing Infrastructure Providers, Data Processing, Web Hosting, and Related Services",2,2,88.2952886811,214.708697522,0.0,79.0264039316,1578.14416776,3.17507407655,0.209510959566,33.0653555062
2,2,"Telecommunications, Internet Services and Data Hosting",,,00,000,29020,Kokomo MSA,2019,513110,Newspaper Publishers ,2,2,0.0,0.908223523761,0.0,0.0,29.8765213147,0.0,0.0295023892037,0.0
2,2,"Telecommunications, Internet Services and Data Hosting",,,00,000,29020,Kokomo MSA,2019,513120,Periodical Publishers ,2,2,0.0,0.0,0.0,0.0,0.0,0.0,0.0,0.0
2,2,"Telecommunications, Internet Services and Data Hosting",,,00,000,29020,Kokomo MSA,2019,513130,Book Publishers ,2,2,0.0,0.0,0.0,0.0,0.0,0.0,0.0,0.0
2,2,"Telecommunications, Internet Services and Data Hosting",,,00,000,29020,Kokomo MSA,2019,513199,All Other Publishers ,2,2,0.0,0.0,0.0,0.0,0.208073434392,0.0,0.0,0.0
2,2,"Telecommunications, Internet Services and Data Hosting",,,00,000,29020,Kokomo MSA,2019,517111,Wired Telecommunications Carriers ,2,2,3.24870302059,4.80224028173,0.0,2.37626365989,45.1442653652,0.0,0.205371272216,1.24029873843
2,2,"Telecommunications, Internet Services and Data Hosting",,,00,000,29020,Kokomo MSA,2019,517112,Wireless Telecommunications Carriers (except Satellite),2,2,2.68733193337,3.97242024864,0.0,1.96564880657,37.3434029383,0.0,0.205371272216,1.02597694698
2,2,"Telecommunications, Internet Services and Data Hosting",,,00,000,29020,Kokomo MSA,2019,517121,Telecommunications Resellers,2,2,0.0,0.0,0.0,0.0,0.0,0.0,0.0,0.0
2,2,"Telecommunications, Internet Services and Data Hosting",,,00,000,29020,Kokomo MSA,2019,517410,Satellite Telecommunications,2,2,0.0,0.0,0.0,0.0,0.0,0.0,0.0,0.0
2,2,"Telecommunications, Internet Services and Data Hosting",,,00,000,29020,Kokomo MSA,2019,517810,All Other Telecommunications ,2,2,0.0,0.0,0.0,0.0,0.0,0.0,0.0,0.0
2,2,"Telecommunications, Internet Services and Data Hosting",,,00,000,29020,Kokomo MSA,2019,518210,"Computing Infrastructure Providers, Data Processing, Web Hosting, and Related Services",2,2,0.0,0.0,0.0,0.0,0.0,0.0,0.0,0.0
2,2,"Telecommunications, Internet Services and Data Hosting",,,00,000,29020,Kokomo MSA,2020,513110,Newspaper Publishers ,2,2,0.760933494988,0.795937918183,0.0,0.0,21.3318443315,0.0,0.068019168508,0.0
2,2,"Telecommunications, Internet Services and Data Hosting",,,00,000,29020,Kokomo MSA,2020,513120,Periodical Publishers ,2,2,0.0,0.0,0.0,0.0,0.0,0.0,0.0,0.0
2,2,"Telecommunications, Internet Services and Data Hosting",,,00,000,29020,Kokomo MSA,2020,513130,Book Publishers ,2,2,0.0,0.0,0.0,0.0,2.59110595722,0.0,0.0,0.0
2,2,"Telecommunications, Internet Services and Data Hosting",,,00,000,29020,Kokomo MSA,2020,513199,All Other Publishers ,2,2,0.0,0.0,0.0,0.0,0.0,0.0,0.0,0.0
2,2,"Telecommunications, Internet Services and Data Hosting",,,00,000,29020,Kokomo MSA,2020,517111,Wired Telecommunications Carriers ,2,2,2.76489671828,4.43271447381,0.0,2.43564708317,40.5599005024,0.0,0.211198722963,1.2265101341
2,2,"Telecommunications, Internet Services and Data Hosting",,,00,000,29020,Kokomo MSA,2020,517112,Wireless Telecommunications Carriers (except Satellite),2,2,2.37548378861,3.80840315028,0.0,2.09260625274,34.8473725888,0.0,0.211198722963,1.05376628388
2,2,"Telecommunications, Internet Services and Data Hosting",,,00,000,29020,Kokomo MSA,2020,517121,Telecommunications Resellers,2,2,0.0,0.0,0.0,0.0,0.0,0.0,0.0,0.0
2,2,"Telecommunications, Internet Services and Data Hosting",,,00,000,29020,Kokomo MSA,2020,517410,Satellite Telecommunications,2,2,0.0,0.0,0.0,0.0,0.0,0.0,0.0,0.0
2,2,"Telecommunications, Internet Services and Data Hosting",,,00,000,29020,Kokomo MSA,2020,517810,All Other Telecommunications ,2,2,0.0,0.0,0.0,0.0,0.0,0.0,0.0,0.0
2,2,"Telecommunications, Internet Services and Data Hosting",,,00,000,29020,Kokomo MSA,2020,518210,"Computing Infrastructure Providers, Data Processing, Web Hosting, and Related Services",2,2,0.0,0.0,0.0,0.0,0.0,0.0,0.0,0.0
2,2,"Telecommunications, Internet Services and Data Hosting",,,00,000,29020,Kokomo MSA,2021,513110,Newspaper Publishers ,2,2,0.872199381611,0.0,0.0,0.0,15.5197715336,0.0,0.0532089390667,0.0
2,2,"Telecommunications, Internet Services and Data Hosting",,,00,000,29020,Kokomo MSA,2021,513120,Periodical Publishers ,2,2,0.0,0.0,0.0,0.0,0.382070120002,0.0,0.0,0.0
2,2,"Telecommunications, Internet Services and Data Hosting",,,00,000,29020,Kokomo MSA,2021,513130,Book Publishers ,2,2,0.0,0.0,0.0,0.0,6.8278308914,0.0,0.0,0.0
2,2,"Telecommunications, Internet Services and Data Hosting",,,00,000,29020,Kokomo MSA,2021,513199,All Other Publishers ,2,2,0.0,0.0,0.0,0.0,0.0,0.0,0.0,0.0
2,2,"Telecommunications, Internet Services and Data Hosting",,,00,000,29020,Kokomo MSA,2021,517111,Wired Telecommunications Carriers ,2,2,2.79083403237,4.91999083776,0.0,2.49668636861,41.2733908331,0.0,0.217382911114,1.25675395332
2,2,"Telecommunications, Internet Services and Data Hosting",,,00,000,29020,Kokomo MSA,2021,517112,Wireless Telecommunications Carriers (except Satellite),2,2,2.36675868309,4.17238391855,0.0,2.11730761246,35.0017790387,0.0,0.217382911114,1.06578653443
2,2,"Telecommunications, Internet Services and Data Hosting",,,00,000,29020,Kokomo MSA,2021,517121,Telecommunications Resellers,2,2,0.0,0.0,0.0,0.0,0.0,0.0,0.0,0.0
2,2,"Telecommunications, Internet Services and Data Hosting",,,00,000,29020,Kokomo MSA,2021,517410,Satellite Telecommunications,2,2,0.0,0.0,0.0,0.0,0.0,0.0,0.0,0.0
2,2,"Telecommunications, Internet Services and Data Hosting",,,00,000,29020,Kokomo MSA,2021,517810,All Other Telecommunications ,2,2,0.0,0.0,0.0,0.0,0.0,0.0,0.0,0.0
2,2,"Telecommunications, Internet Services and Data Hosting",,,00,000,29020,Kokomo MSA,2021,518210,"Computing Infrastructure Providers, Data Processing, Web Hosting, and Related Services",2,2,0.0,0.0,0.0,0.0,0.0,0.0,0.0,0.0
2,2,"Telecommunications, Internet Services and Data Hosting",,,00,000,29020,Kokomo MSA,2022,513110,Newspaper Publishers ,2,2,0.0,0.0,0.0,0.0,8.12822891904,0.0,0.0,0.0
2,2,"Telecommunications, Internet Services and Data Hosting",,,00,000,29020,Kokomo MSA,2022,513120,Periodical Publishers ,2,2,0.0,0.0,0.0,0.0,0.577640222708,0.0,0.0,0.0
2,2,"Telecommunications, Internet Services and Data Hosting",,,00,000,29020,Kokomo MSA,2022,513130,Book Publishers ,2,2,0.0,0.0,0.0,0.0,5.59348988019,0.0,0.0,0.0
2,2,"Telecommunications, Internet Services and Data Hosting",,,00,000,29020,Kokomo MSA,2022,513199,All Other Publishers ,2,2,0.0,0.0,0.0,0.0,0.0,0.0,0.0,0.0
2,2,"Telecommunications, Internet Services and Data Hosting",,,00,000,29020,Kokomo MSA,2022,517111,Wired Telecommunications Carriers ,2,2,1.74572907445,4.23701106019,0.0,2.50486912626,40.5539313479,0.0,0.197651686094,1.50250696382
2,2,"Telecommunications, Internet Services and Data Hosting",,,00,000,29020,Kokomo MSA,2022,517112,Wireless Telecommunications Carriers (except Satellite),2,2,1.223053402,2.96843929985,0.0,1.75490501434,28.4072619369,0.0,0.197678037415,1.05265260259
2,2,"Telecommunications, Internet Services and Data Hosting",,,00,000,29020,Kokomo MSA,2022,517121,Telecommunications Resellers,2,2,0.0,0.0,0.0,0.0,0.0,0.0,0.0,0.0
2,2,"Telecommunications, Internet Services and Data Hosting",,,00,000,29020,Kokomo MSA,2022,517410,Satellite Telecommunications,2,2,0.0,0.0,0.0,0.0,0.0,0.0,0.0,0.0
2,2,"Telecommunications, Internet Services and Data Hosting",,,00,000,29020,Kokomo MSA,2022,517810,All Other Telecommunications ,2,2,0.0,0.0,0.0,0.0,6.41812945767,0.0,0.165948896903,1.27699789585
2,2,"Telecommunications, Internet Services and Data Hosting",,,00,000,29020,Kokomo MSA,2022,518210,"Computing Infrastructure Providers, Data Processing, Web Hosting, and Related Services",2,2,0.0,0.0,0.0,0.0,3.81934749118,0.0,0.122088831954,0.531146761764
2,2,"Telecommunications, Internet Services and Data Hosting",,,00,000,29020,Kokomo MSA,2023,513110,Newspaper Publishers ,2,2,0.0,0.0,0.0,0.0,8.50903233245,0.0,0.0,0.0
2,2,"Telecommunications, Internet Services and Data Hosting",,,00,000,29020,Kokomo MSA,2023,513120,Periodical Publishers ,2,2,0.0,0.0,0.0,0.0,0.410341274982,0.0,0.0,0.0
2,2,"Telecommunications, Internet Services and Data Hosting",,,00,000,29020,Kokomo MSA,2023,513130,Book Publishers ,2,2,0.0,0.0,0.0,0.0,12.6618173446,0.0,0.0,0.0
2,2,"Telecommunications, Internet Services and Data Hosting",,,00,000,29020,Kokomo MSA,2023,513199,All Other Publishers ,2,2,0.0,0.0,0.0,0.0,0.0,0.0,0.0,0.0
2,2,"Telecommunications, Internet Services and Data Hosting",,,00,000,29020,Kokomo MSA,2023,517111,Wired Telecommunications Carriers ,2,2,1.94259960292,5.19680774558,0.0,2.18995130927,41.4458558702,0.0,0.207013062306,1.49028178742
2,2,"Telecommunications, Internet Services and Data Hosting",,,00,000,29020,Kokomo MSA,2023,517112,Wireless Telecommunications Carriers (except Satellite),2,2,1.4757266754,3.94783763239,0.0,1.66363133198,31.5028014,0.0,0.206920307432,1.13211625507
2,2,"Telecommunications, Internet Services and Data Hosting",,,00,000,29020,Kokomo MSA,2023,517121,Telecommunications Resellers,2,2,0.0,0.0,0.0,0.0,0.0,0.0,0.0,0.0
2,2,"Telecommunications, Internet Services and Data Hosting",,,00,000,29020,Kokomo MSA,2023,517410,Satellite Telecommunications,2,2,0.0,0.0,0.0,0.0,0.0,0.0,0.0,0.0
2,2,"Telecommunications, Internet Services and Data Hosting",,,00,000,29020,Kokomo MSA,2023,517810,All Other Telecommunications ,2,2,0.0,0.0,0.0,0.0,2.99908165696,0.0,0.245871654707,0.977803280039
2,2,"Telecommunications, Internet Services and Data Hosting",,,00,000,29020,Kokomo MSA,2023,518210,"Computing Infrastructure Providers, Data Processing, Web Hosting, and Related Services",2,2,0.0,0.0,0.0,0.0,7.23638455918,0.0,0.0,0.0
2,2,"Telecommunications, Internet Services and Data Hosting",,,00,000,29200,Lafayette-West Lafayette MSA,2019,513110,Newspaper Publishers ,2,2,4.00729123149,3.70695263209,0.0,2.47756817391,111.408583194,0.0,0.0968051462912,1.74904895164
2,2,"Telecommunications, Internet Services and Data Hosting",,,00,000,29200,Lafayette-West Lafayette MSA,2019,513120,Periodical Publishers ,2,2,0.0,0.0,0.0,0.0,4.78771799918,0.0,0.0,0.0
2,2,"Telecommunications, Internet Services and Data Hosting",,,00,000,29200,Lafayette-West Lafayette MSA,2019,513130,Book Publishers ,2,2,0.0,0.0,0.0,0.0,6.04806415576,0.0,0.0,0.0
2,2,"Telecommunications, Internet Services and Data Hosting",,,00,000,29200,Lafayette-West Lafayette MSA,2019,513199,All Other Publishers ,2,2,3.9988200401,3.69911633984,0.0,2.47233073221,94.7558389793,0.0,0.11170390781,1.74535155917
2,2,"Telecommunications, Internet Services and Data Hosting",,,00,000,29200,Lafayette-West Lafayette MSA,2019,517111,Wired Telecommunications Carriers ,2,2,2.98424325401,7.1475935919,0.0,3.97821941155,105.864624801,0.0,0.132191440081,2.01607783763
2,2,"Telecommunications, Internet Services and Data Hosting",,,00,000,29200,Lafayette-West Lafayette MSA,2019,517112,Wireless Telecommunications Carriers (except Satellite),2,2,0.0,0.0,0.0,0.0,1.91884240918,0.0,0.0,0.0
2,2,"Telecommunications, Internet Services and Data Hosting",,,00,000,29200,Lafayette-West Lafayette MSA,2019,517121,Telecommunications Resellers,2,2,0.0,0.0,0.0,0.0,1.00824932053,0.0,0.0,0.0
2,2,"Telecommunications, Internet Services and Data Hosting",,,00,000,29200,Lafayette-West Lafayette MSA,2019,517410,Satellite Telecommunications,2,2,0.0,0.0,0.0,0.0,3.01173441135,0.0,0.0,0.0
2,2,"Telecommunications, Internet Services and Data Hosting",,,00,000,29200,Lafayette-West Lafayette MSA,2019,517810,All Other Telecommunications ,2,2,0.0,0.0,0.0,0.0,0.0,0.0,0.0,0.0
2,2,"Telecommunications, Internet Services and Data Hosting",,,00,000,29200,Lafayette-West Lafayette MSA,2019,518210,"Computing Infrastructure Providers, Data Processing, Web Hosting, and Related Services",2,2,0.0,0.0,0.0,0.0,5.61463349156,0.0,0.0,0.0
2,2,"Telecommunications, Internet Services and Data Hosting",,,00,000,29200,Lafayette-West Lafayette MSA,2020,513110,Newspaper Publishers ,2,2,1.86020739432,2.58006669832,0.0,2.35485823311,103.145844815,0.0,0.0767471885696,1.77906696633
2,2,"Telecommunications, Internet Services and Data Hosting",,,00,000,29200,Lafayette-West Lafayette MSA,2020,513120,Periodical Publishers ,2,2,0.0,0.63396337699,0.0,0.578626079228,20.7972964261,0.0,0.0550929460833,0.0
2,2,"Telecommunications, Internet Services and Data Hosting",,,00,000,29200,Lafayette-West Lafayette MSA,2020,513130,Book Publishers ,2,2,0.0,0.0,0.0,0.0,6.60313598958,0.0,0.0,0.0
2,2,"Telecommunications, Internet Services and Data Hosting",,,00,000,29200,Lafayette-West Lafayette MSA,2020,513199,All Other Publishers ,2,2,2.05078892819,2.84439908962,0.0,2.59611761929,93.3110857318,0.0,0.0919842189776,1.96133552
2,2,"Telecommunications, Internet Services and Data Hosting",,,00,000,29200,Lafayette-West Lafayette MSA,2020,517111,Wired Telecommunications Carriers ,2,2,2.45472242199,5.93558193957,0.0,3.35013070439,80.3656399793,0.0,0.141407481305,1.49553250368
2,2,"Telecommunications, Internet Services and Data Hosting",,,00,000,29200,Lafayette-West Lafayette MSA,2020,517112,Wireless Telecommunications Carriers (except Satellite),2,2,0.988131477667,2.38932732281,0.0,1.34857186851,29.3464993167,0.0,0.15365873478,0.602016231866
2,2,"Telecommunications, Internet Services and Data Hosting",,,00,000,29200,Lafayette-West Lafayette MSA,2020,517121,Telecommunications Resellers,2,2,0.0,0.0,0.0,0.0,0.363932739453,0.0,0.0,0.0
2,2,"Telecommunications, Internet Services and Data Hosting",,,00,000,29200,Lafayette-West Lafayette MSA,2020,517410,Satellite Telecommunications,2,2,0.0,0.0,0.0,0.0,7.68672631747,0.0,0.0,0.0
2,2,"Telecommunications, Internet Services and Data Hosting",,,00,000,29200,Lafayette-West Lafayette MSA,2020,517810,All Other Telecommunications ,2,2,0.0,0.0,0.0,0.0,0.0,0.0,0.0,0.0
2,2,"Telecommunications, Internet Services and Data Hosting",,,00,000,29200,Lafayette-West Lafayette MSA,2020,518210,"Computing Infrastructure Providers, Data Processing, Web Hosting, and Related Services",2,2,0.0,0.0,0.0,0.0,6.17293351081,0.0,0.0,0.0
2,2,"Telecommunications, Internet Services and Data Hosting",,,00,000,29200,Lafayette-West Lafayette MSA,2021,513110,Newspaper Publishers ,2,2,4.5716907052,2.99477301395,0.0,3.76410329056,113.788414543,0.0,0.10714522575,2.32438082221
2,2,"Telecommunications, Internet Services and Data Hosting",,,00,000,29200,Lafayette-West Lafayette MSA,2021,513120,Periodical Publishers ,2,2,1.05995541225,0.69434396797,0.0,0.872714694051,21.3539780625,0.0,0.129116584505,0.538912229959
2,2,"Telecommunications, Internet Services and Data Hosting",,,00,000,29200,Lafayette-West Lafayette MSA,2021,513130,Book Publishers ,2,2,0.0,0.0,0.0,0.0,6.76531942514,0.0,0.0,0.0
2,2,"Telecommunications, Internet Services and Data Hosting",,,00,000,29200,Lafayette-West Lafayette MSA,2021,513199,All Other Publishers ,2,2,3.6745675532,2.4070954174,0.0,3.02545660026,74.0282412013,0.0,0.129116584505,1.86825726003
2,2,"Telecommunications, Internet Services and Data Hosting",,,00,000,29200,Lafayette-West Lafayette MSA,2021,517111,Wired Telecommunications Carriers ,2,2,2.55367943808,9.49511471775,0.0,5.25312033956,99.2788476914,0.0,0.167318406657,2.64710172313
2,2,"Telecommunications, Internet Services and Data Hosting",,,00,000,29200,Lafayette-West Lafayette MSA,2021,517112,Wireless Telecommunications Carriers (except Satellite),2,2,0.0,0.691030521915,0.0,0.0,7.07288109076,0.0,0.0890054596689,0.0
2,2,"Telecommunications, Internet Services and Data Hosting",,,00,000,29200,Lafayette-West Lafayette MSA,2021,517121,Telecommunications Resellers,2,2,0.664237854478,2.46977538922,0.0,1.36638974009,25.2788076574,0.0,0.170309299571,0.688537935864
2,2,"Telecommunications, Internet Services and Data Hosting",,,00,000,29200,Lafayette-West Lafayette MSA,2021,517410,Satellite Telecommunications,2,2,0.0,0.0,0.0,0.0,0.0,0.0,0.0,0.0
2,2,"Telecommunications, Internet Services and Data Hosting",,,00,000,29200,Lafayette-West Lafayette MSA,2021,517810,All Other Telecommunications ,2,2,0.0,0.0,0.0,0.0,0.217605542118,0.0,0.0,0.0
2,2,"Telecommunications, Internet Services and Data Hosting",,,00,000,29200,Lafayette-West Lafayette MSA,2021,518210,"Computing Infrastructure Providers, Data Processing, Web Hosting, and Related Services",2,2,0.862767393837,0.0,0.0,0.0,5.36191117369,0.0,0.138604328638,0.0
2,2,"Telecommunications, Internet Services and Data Hosting",,,00,000,29200,Lafayette-West Lafayette MSA,2022,513110,Newspaper Publishers ,2,2,3.63101913054,3.56521647609,0.0,3.94403718486,120.058339255,0.0,0.0955407503549,1.54185061352
2,2,"Telecommunications, Internet Services and Data Hosting",,,00,000,29200,Lafayette-West Lafayette MSA,2022,513120,Periodical Publishers ,2,2,1.112795274,1.09262879174,0.0,0.994733514201,28.5670332205,0.0,0.100737820982,0.0
2,2,"Telecommunications, Internet Services and Data Hosting",,,00,000,29200,Lafayette-West Lafayette MSA,2022,513130,Book Publishers ,2,2,0.0,0.0,0.0,0.0,7.25,0.0,0.0,0.0
2,2,"Telecommunications, Internet Services and Data Hosting",,,00,000,29200,Lafayette-West Lafayette MSA,2022,513199,All Other Publishers ,2,2,2.55721664256,2.51087382887,0.0,2.28590932839,65.6473787107,0.0,0.113918084544,1.08587862181
2,2,"Telecommunications, Internet Services and Data Hosting",,,00,000,29200,Lafayette-West Lafayette MSA,2022,517111,Wired Telecommunications Carriers ,2,2,2.87305059811,10.7768806909,0.0,5.91634380154,98.7455004748,0.0,0.176817554745,1.64401436192
2,2,"Telecommunications, Internet Services and Data Hosting",,,00,000,29200,Lafayette-West Lafayette MSA,2022,517112,Wireless Telecommunications Carriers (except Satellite),2,2,0.642117671778,2.4085985617,0.0,1.32228402444,21.4004928722,0.0,0.169670453122,0.0
2,2,"Telecommunications, Internet Services and Data Hosting",,,00,000,29200,Lafayette-West Lafayette MSA,2022,517121,Telecommunications Resellers,2,2,0.0,0.586230446194,0.0,0.0,5.1870376883,0.0,0.101542217083,0.0
2,2,"Telecommunications, Internet Services and Data Hosting",,,00,000,29200,Lafayette-West Lafayette MSA,2022,517410,Satellite Telecommunications,2,2,0.0,0.0,0.0,0.0,0.0,0.0,0.0,0.0
2,2,"Telecommunications, Internet Services and Data Hosting",,,00,000,29200,Lafayette-West Lafayette MSA,2022,517810,All Other Telecommunications ,2,2,0.0,0.0,0.0,0.0,3.39330786628,0.0,0.0,0.0
2,2,"Telecommunications, Internet Services and Data Hosting",,,00,000,29200,Lafayette-West Lafayette MSA,2022,518210,"Computing Infrastructure Providers, Data Processing, Web Hosting, and Related Services",2,2,1.5724538389,0.0,0.0,0.0,8.31989920912,0.0,0.158956502186,0.0
2,2,"Telecommunications, Internet Services and Data Hosting",,,00,000,29200,Lafayette-West Lafayette MSA,2023,513110,Newspaper Publishers ,2,2,3.99995594019,2.32138107134,0.0,3.37415234728,106.434545416,0.797487168481,0.106185725689,2.15151771287
2,2,"Telecommunications, Internet Services and Data Hosting",,,00,000,29200,Lafayette-West Lafayette MSA,2023,513120,Periodical Publishers ,2,2,1.79919277282,1.04416451305,0.0,1.51770434684,38.0730504924,0.0,0.122778601021,0.96775943972
2,2,"Telecommunications, Internet Services and Data Hosting",,,00,000,29200,Lafayette-West Lafayette MSA,2023,513130,Book Publishers ,2,2,0.0,0.0,0.0,0.0,9.58333333333,0.0,0.0,0.0
2,2,"Telecommunications, Internet Services and Data Hosting",,,00,000,29200,Lafayette-West Lafayette MSA,2023,513199,All Other Publishers ,2,2,3.42184934262,1.98587594756,0.0,2.88649204243,72.4103857947,0.682227750508,0.129969319803,1.84056264156
2,2,"Telecommunications, Internet Services and Data Hosting",,,00,000,29200,Lafayette-West Lafayette MSA,2023,517111,Wired Telecommunications Carriers ,2,2,2.41214614918,9.03982572459,0.0,4.80758727054,86.1828362052,0.0,0.175700408759,2.11041181067
2,2,"Telecommunications, Internet Services and Data Hosting",,,00,000,29200,Lafayette-West Lafayette MSA,2023,517112,Wireless Telecommunications Carriers (except Satellite),2,2,0.646720283126,2.42366684706,0.0,1.28896178277,22.0925952031,0.0,0.182293797023,0.565822317265
2,2,"Telecommunications, Internet Services and Data Hosting",,,00,000,29200,Lafayette-West Lafayette MSA,2023,517121,Telecommunications Resellers,2,2,0.0,0.85846607566,0.0,0.0,7.75990065153,0.0,0.0996089053569,0.0
2,2,"Telecommunications, Internet Services and Data Hosting",,,00,000,29200,Lafayette-West Lafayette MSA,2023,517410,Satellite Telecommunications,2,2,0.0,0.0,0.0,0.0,0.0,0.0,0.0,0.0
2,2,"Telecommunications, Internet Services and Data Hosting",,,00,000,29200,Lafayette-West Lafayette MSA,2023,517810,All Other Telecommunications ,2,2,0.0,0.0,0.0,0.0,1.63175143226,0.0,0.0,0.0
2,2,"Telecommunications, Internet Services and Data Hosting",,,00,000,29200,Lafayette-West Lafayette MSA,2023,518210,"Computing Infrastructure Providers, Data Processing, Web Hosting, and Related Services",2,2,1.21787295883,0.0,0.0,0.0,9.33712730996,0.0,0.115383508083,0.0
2,2,"Telecommunications, Internet Services and Data Hosting",,,00,000,31140,Louisville/Jefferson County MSA,2019,513110,Newspaper Publishers ,2,2,5.79467181065,57.3274462497,0.0,12.9758812084,582.641024306,1.73550903291,0.125671521534,5.91234447114
2,2,"Telecommunications, Internet Services and Data Hosting",,,00,000,31140,Louisville/Jefferson County MSA,2019,513120,Periodical Publishers ,2,2,1.22908479288,12.1663475484,0.0,3.18813643381,126.838491471,0.0,0.122460643075,1.11674644113
2,2,"Telecommunications, Internet Services and Data Hosting",,,00,000,31140,Louisville/Jefferson County MSA,2019,513130,Book Publishers ,2,2,5.30411892816,48.1672678868,0.0,11.3162059312,332.242982836,1.58858803609,0.176471768786,4.81932245088
2,2,"Telecommunications, Internet Services and Data Hosting",,,00,000,31140,Louisville/Jefferson County MSA,2019,513199,All Other Publishers ,2,2,0.692214017436,6.28606908413,0.0,1.29264683992,42.0778287313,0.0,0.1745836874,0.628945655297
2,2,"Telecommunications, Internet Services and Data Hosting",,,00,000,31140,Louisville/Jefferson County MSA,2019,517111,Wired Telecommunications Carriers ,2,2,20.768228873,561.767744975,3.61803628717,94.1857081384,2470.86495689,3.89790750285,0.231771055743,61.2106991524
2,2,"Telecommunications, Internet Services and Data Hosting",,,00,000,31140,Louisville/Jefferson County MSA,2019,517112,Wireless Telecommunications Carriers (except Satellite),2,2,1.9870331544,59.9048591661,0.0,10.540517631,342.196808998,0.0,0.189301214981,7.47183180013
2,2,"Telecommunications, Internet Services and Data Hosting",,,00,000,31140,Louisville/Jefferson County MSA,2019,517121,Telecommunications Resellers,2,2,0.0,9.71686339361,0.0,1.29996421986,53.3018311371,0.0,0.184419354251,1.03579934616
2,2,"Telecommunications, Internet Services and Data Hosting",,,00,000,31140,Louisville/Jefferson County MSA,2019,517410,Satellite Telecommunications,2,2,0.0,0.0,0.0,0.0,1.10715034425,0.726804995119,0.39630463159,0.0
2,2,"Telecommunications, Internet Services and Data Hosting",,,00,000,31140,Louisville/Jefferson County MSA,2019,517810,All Other Telecommunications ,2,2,1.71947032928,2.15068929817,0.0,0.0,52.2177582791,0.626101272378,0.0792795320261,0.0
2,2,"Telecommunications, Internet Services and Data Hosting",,,00,000,31140,Louisville/Jefferson County MSA,2019,518210,"Computing Infrastructure Providers, Data Processing, Web Hosting, and Related Services",2,2,25.0867929094,166.795075227,0.0,34.5547741665,1188.72375052,2.79699285354,0.17211232894,17.8941097306
2,2,"Telecommunications, Internet Services and Data Hosting",,,00,000,31140,Louisville/Jefferson County MSA,2020,513110,Newspaper Publishers ,2,2,6.06743294593,56.9423494919,0.0,9.69554151529,497.677183512,1.0619060440800001,0.138270296487,6.0884038967
2,2,"Telecommunications, Internet Services and Data Hosting",,,00,000,31140,Louisville/Jefferson County MSA,2020,513120,Periodical Publishers ,2,2,1.50099568363,12.3779550278,0.0,2.66909295771,119.303672927,0.0,0.130121287127,1.29806205853
2,2,"Telecommunications, Internet Services and Data Hosting",,,00,000,31140,Louisville/Jefferson County MSA,2020,513130,Book Publishers ,2,2,6.15221160397,51.7154347444,0.0,9.11793996694,322.770768702,1.07674378027,0.18523819728,5.32043665831
2,2,"Telecommunications, Internet Services and Data Hosting",,,00,000,31140,Louisville/Jefferson County MSA,2020,513199,All Other Publishers ,2,2,0.894173417083,7.37379758277,0.0,1.12926505864,46.0432390259,0.0,0.180925780285,0.773281761646
2,2,"Telecommunications, Internet Services and Data Hosting",,,00,000,31140,Louisville/Jefferson County MSA,2020,517111,Wired Telecommunications Carriers ,2,2,24.886697908,539.521223519,2.802410039,94.1144127758,2343.48426692,1.94673066274,0.235855678109,60.0527127895
2,2,"Telecommunications, Internet Services and Data Hosting",,,00,000,31140,Louisville/Jefferson County MSA,2020,517112,Wireless Telecommunications Carriers (except Satellite),2,2,3.13640372313,60.1278606386,0.0,11.7761104564,308.280128885,0.0,0.209290839989,6.55752538231
2,2,"Telecommunications, Internet Services and Data Hosting",,,00,000,31140,Louisville/Jefferson County MSA,2020,517121,Telecommunications Resellers,2,2,0.0,9.78315535747,0.0,1.26845098819,50.5723001072,0.0,0.192008529033,0.966234562703
2,2,"Telecommunications, Internet Services and Data Hosting",,,00,000,31140,Louisville/Jefferson County MSA,2020,517410,Satellite Telecommunications,2,2,0.0,0.0,0.0,0.0,0.61239090616,0.0,0.0,0.0
2,2,"Telecommunications, Internet Services and Data Hosting",,,00,000,31140,Louisville/Jefferson County MSA,2020,517810,All Other Telecommunications ,2,2,0.0,3.0092177432,0.0,0.745402754293,74.8051796845,0.0,0.0582103415664,0.868954439195
2,2,"Telecommunications, Internet Services and Data Hosting",,,00,000,31140,Louisville/Jefferson County MSA,2020,518210,"Computing Infrastructure Providers, Data Processing, Web Hosting, and Related Services",2,2,30.206142655,100.248305124,2.08819094485,30.0023659467,1136.49627179,2.67355023471,0.141236389662,21.6950827482
2,2,"Telecommunications, Internet Services and Data Hosting",,,00,000,31140,Louisville/Jefferson County MSA,2021,513110,Newspaper Publishers ,2,2,4.49014433079,37.5905874346,0.0,7.02161352122,396.166380411,0.960470085355,0.117670581553,2.7713386302
2,2,"Telecommunications, Internet Services and Data Hosting",,,00,000,31140,Louisville/Jefferson County MSA,2021,513120,Periodical Publishers ,2,2,1.35877701628,10.2905517005,0.0,2.30880922899,114.729276476,0.0,0.114237875038,0.838643695534
2,2,"Telecommunications, Internet Services and Data Hosting",,,00,000,31140,Louisville/Jefferson County MSA,2021,513130,Book Publishers ,2,2,5.7042146334,45.0243934507,0.0,8.01092390785,334.801155204,1.22016735147,0.159385671426,3.52066864757
2,2,"Telecommunications, Internet Services and Data Hosting",,,00,000,31140,Louisville/Jefferson County MSA,2021,513199,All Other Publishers ,2,2,0.0,3.3500851902,0.0,0.0,27.8472558031,0.0,0.107383677055,0.0
2,2,"Telecommunications, Internet Services and Data Hosting",,,00,000,31140,Louisville/Jefferson County MSA,2021,517111,Wired Telecommunications Carriers ,2,2,22.4673824446,521.781248943,3.1065981162,91.8558857315,2234.27617095,4.39983693872,0.239622672629,60.4910879586
2,2,"Telecommunications, Internet Services and Data Hosting",,,00,000,31140,Louisville/Jefferson County MSA,2021,517112,Wireless Telecommunications Carriers (except Satellite),2,2,3.21629781404,67.9675413535,0.0,11.5436139743,331.97035886,0.516490161035,0.215879678913,8.15230361506
2,2,"Telecommunications, Internet Services and Data Hosting",,,00,000,31140,Louisville/Jefferson County MSA,2021,517121,Telecommunications Resellers,2,2,0.0,9.78797899238,0.0,1.29887588803,54.8481161405,0.0,0.181067322172,1.04015114171
2,2,"Telecommunications, Internet Services and Data Hosting",,,00,000,31140,Louisville/Jefferson County MSA,2021,517410,Satellite Telecommunications,2,2,0.0,0.0,0.0,0.0,0.79116685574,0.0,0.0,0.0
2,2,"Telecommunications, Internet Services and Data Hosting",,,00,000,31140,Louisville/Jefferson County MSA,2021,517810,All Other Telecommunications ,2,2,0.0,1.85094294472,0.0,1.23814509636,75.0285740142,0.0,0.0395440411272,0.0
2,2,"Telecommunications, Internet Services and Data Hosting",,,00,000,31140,Louisville/Jefferson County MSA,2021,518210,"Computing Infrastructure Providers, Data Processing, Web Hosting, and Related Services",2,2,41.1227856796,111.527271399,1.88536613493,35.6091603449,1246.90529081,4.12678364162,0.150993879874,27.4880091247
2,2,"Telecommunications, Internet Services and Data Hosting",,,00,000,31140,Louisville/Jefferson County MSA,2022,513110,Newspaper Publishers ,2,2,2.32192167675,18.8850966569,0.0,4.38001452721,256.495936053,0.0,0.0988491707285,2.54855748703
2,2,"Telecommunications, Internet Services and Data Hosting",,,00,000,31140,Louisville/Jefferson County MSA,2022,513120,Periodical Publishers ,2,2,0.721553349748,5.22753136497,0.0,3.19027742346,104.450988984,0.0,0.0868258574061,0.791982007921
2,2,"Telecommunications, Internet Services and Data Hosting",,,00,000,31140,Louisville/Jefferson County MSA,2022,513130,Book Publishers ,2,2,4.71413572303,35.9424298753,0.0,8.45278618665,360.944691341,0.0,0.130731982027,5.17426837093
2,2,"Telecommunications, Internet Services and Data Hosting",,,00,000,31140,Louisville/Jefferson County MSA,2022,513199,All Other Publishers ,2,2,0.0,1.23344182522,0.0,0.0,15.9728893617,0.0,0.0716853472026,0.0
2,2,"Telecommunications, Internet Services and Data Hosting",,,00,000,31140,Louisville/Jefferson County MSA,2022,517111,Wired Telecommunications Carriers ,2,2,26.9332757632,475.1113709,2.93390076175,97.3534221052,2193.78523577,4.40227282611,0.235050965023,67.3647016794
2,2,"Telecommunications, Internet Services and Data Hosting",,,00,000,31140,Louisville/Jefferson County MSA,2022,517112,Wireless Telecommunications Carriers (except Satellite),2,2,3.80240270048,73.4989081757,0.0,14.2287329252,366.329287092,0.635342517291,0.21628004827,8.929036147
2,2,"Telecommunications, Internet Services and Data Hosting",,,00,000,31140,Louisville/Jefferson County MSA,2022,517121,Telecommunications Resellers,2,2,0.0,6.789061724,0.0,1.0549560588,46.4176311641,0.0,0.157670922513,0.844641937139
2,2,"Telecommunications, Internet Services and Data Hosting",,,00,000,31140,Louisville/Jefferson County MSA,2022,517410,Satellite Telecommunications,2,2,0.0,0.0,0.0,1.73253441363,4.49439606238,0.0,0.278232496782,0.0
2,2,"Telecommunications, Internet Services and Data Hosting",,,00,000,31140,Louisville/Jefferson County MSA,2022,517810,All Other Telecommunications ,2,2,0.0,1.71881044409,0.0,2.04030959255,56.387773858,0.0,0.0624989886131,0.0
2,2,"Telecommunications, Internet Services and Data Hosting",,,00,000,31140,Louisville/Jefferson County MSA,2022,518210,"Computing Infrastructure Providers, Data Processing, Web Hosting, and Related Services",2,2,51.5017358509,125.328726694,3.93920560556,49.3331080766,1369.68461871,3.87501451367,0.159529543173,26.001795383
2,2,"Telecommunications, Internet Services and Data Hosting",,,00,000,31140,Louisville/Jefferson County MSA,2023,513110,Newspaper Publishers ,2,2,1.68845076161,13.9561748394,0.0,5.88277233899,208.379347285,0.0,0.101844750739,2.10141534249
2,2,"Telecommunications, Internet Services and Data Hosting",,,00,000,31140,Louisville/Jefferson County MSA,2023,513120,Periodical Publishers ,2,2,0.618011447662,4.71630625471,0.0,4.35117451585,110.674153697,0.0,0.0863102506762,0.769165893068
2,2,"Telecommunications, Internet Services and Data Hosting",,,00,000,31140,Louisville/Jefferson County MSA,2023,513130,Book Publishers ,2,2,3.86441579286,31.9634682749,0.0,14.3011638144,371.466306765,0.0,0.12884144926,4.80958214568
2,2,"Telecommunications, Internet Services and Data Hosting",,,00,000,31140,Louisville/Jefferson County MSA,2023,513199,All Other Publishers ,2,2,0.0,1.32540325031,0.0,0.60511259706,16.7403966288,0.0,0.10339697376,0.0
2,2,"Telecommunications, Internet Services and Data Hosting",,,00,000,31140,Louisville/Jefferson County MSA,2023,517111,Wired Telecommunications Carriers ,2,2,32.3755051857,429.209858937,2.04833892714,120.087896754,2205.92047155,5.51189829313,0.23111283721,73.8241825505
2,2,"Telecommunications, Internet Services and Data Hosting",,,00,000,31140,Louisville/Jefferson County MSA,2023,517112,Wireless Telecommunications Carriers (except Satellite),2,2,4.55691198906,65.5904198236,0.0,16.7620387249,349.856067179,0.794815526397,0.217986723242,9.81842634856
2,2,"Telecommunications, Internet Services and Data Hosting",,,00,000,31140,Louisville/Jefferson County MSA,2023,517121,Telecommunications Resellers,2,2,0.0,6.69630805569,0.0,1.2728520761,58.8654551515,0.0,0.131285450938,0.926947148293
2,2,"Telecommunications, Internet Services and Data Hosting",,,00,000,31140,Louisville/Jefferson County MSA,2023,517410,Satellite Telecommunications,2,2,0.0,0.0,0.0,0.0,0.658168093824,0.0,0.0,0.0
2,2,"Telecommunications, Internet Services and Data Hosting",,,00,000,31140,Louisville/Jefferson County MSA,2023,517810,All Other Telecommunications ,2,2,2.48700140336,2.12436786175,0.0,0.0,45.9548061679,0.0,0.102915823069,0.660685267071
2,2,"Telecommunications, Internet Services and Data Hosting",,,00,000,31140,Louisville/Jefferson County MSA,2023,518210,"Computing Infrastructure Providers, Data Processing, Web Hosting, and Related Services",2,2,43.3711398454,92.1344114601,2.48780580706,42.8211927331,1120.63982441,2.6897637616,0.153252274555,19.3194990663
2,2,"Telecommunications, Internet Services and Data Hosting",,,00,000,33140,Michigan City-La Porte MSA,2019,513110,Newspaper Publishers ,2,2,0.0,2.39607465284,0.0,2.00417816559,28.9753790081,0.0,0.131840285191,0.0
2,2,"Telecommunications, Internet Services and Data Hosting",,,00,000,33140,Michigan City-La Porte MSA,2019,513120,Periodical Publishers ,2,2,0.0,0.0,0.0,0.0,0.0,0.0,0.0,0.0
2,2,"Telecommunications, Internet Services and Data Hosting",,,00,000,33140,Michigan City-La Porte MSA,2019,513130,Book Publishers ,2,2,0.0,0.0,0.0,0.0,0.0,0.0,0.0,0.0
2,2,"Telecommunications, Internet Services and Data Hosting",,,00,000,33140,Michigan City-La Porte MSA,2019,513199,All Other Publishers ,2,2,0.0,0.0,0.0,0.0,2.2186033744,0.0,0.0,0.0
2,2,"Telecommunications, Internet Services and Data Hosting",,,00,000,33140,Michigan City-La Porte MSA,2019,517111,Wired Telecommunications Carriers ,2,2,0.0,1.22711638086,0.0,0.576627601935,12.8073120004,0.0,0.123450624299,0.0
2,2,"Telecommunications, Internet Services and Data Hosting",,,00,000,33140,Michigan City-La Porte MSA,2019,517112,Wireless Telecommunications Carriers (except Satellite),2,2,0.0,5.91432555,0.0,3.90878078544,61.7273257633,0.0,0.147608850219,0.86623456795
2,2,"Telecommunications, Internet Services and Data Hosting",,,00,000,33140,Michigan City-La Porte MSA,2019,517121,Telecommunications Resellers,2,2,0.0,1.27844814742,0.0,0.600748633904,13.3430573951,0.0,0.123450624299,0.0
2,2,"Telecommunications, Internet Services and Data Hosting",,,00,000,33140,Michigan City-La Porte MSA,2019,517410,Satellite Telecommunications,2,2,0.0,0.0,0.0,0.0,0.0,0.0,0.0,0.0
2,2,"Telecommunications, Internet Services and Data Hosting",,,00,000,33140,Michigan City-La Porte MSA,2019,517810,All Other Telecommunications ,2,2,0.0,0.0,0.0,0.0,0.0,0.0,0.0,0.0
2,2,"Telecommunications, Internet Services and Data Hosting",,,00,000,33140,Michigan City-La Porte MSA,2019,518210,"Computing Infrastructure Providers, Data Processing, Web Hosting, and Related Services",2,2,0.0,0.0,0.0,0.0,2.71243800503,0.0,0.0,0.0
2,2,"Telecommunications, Internet Services and Data Hosting",,,00,000,33140,Michigan City-La Porte MSA,2020,513110,Newspaper Publishers ,2,2,0.0,1.66814619779,0.0,0.904063919626,24.147119688,0.0,0.0962677633063,0.0
2,2,"Telecommunications, Internet Services and Data Hosting",,,00,000,33140,Michigan City-La Porte MSA,2020,513120,Periodical Publishers ,2,2,0.0,0.0,0.0,0.0,0.0,0.0,0.0,0.0
2,2,"Telecommunications, Internet Services and Data Hosting",,,00,000,33140,Michigan City-La Porte MSA,2020,513130,Book Publishers ,2,2,0.0,0.0,0.0,0.0,0.0,0.0,0.0,0.0
2,2,"Telecommunications, Internet Services and Data Hosting",,,00,000,33140,Michigan City-La Porte MSA,2020,513199,All Other Publishers ,2,2,0.0,0.0,0.0,0.0,0.937595286527,0.0,0.0,0.0
2,2,"Telecommunications, Internet Services and Data Hosting",,,00,000,33140,Michigan City-La Porte MSA,2020,517111,Wired Telecommunications Carriers ,2,2,0.0,1.26837955165,0.0,0.596159292488,16.5598976019,0.0,0.101199233398,0.0
2,2,"Telecommunications, Internet Services and Data Hosting",,,00,000,33140,Michigan City-La Porte MSA,2020,517112,Wireless Telecommunications Carriers (except Satellite),2,2,0.0,5.14436906383,0.0,3.754997234,67.1646155227,0.0,0.135219542626,1.60268484611
2,2,"Telecommunications, Internet Services and Data Hosting",,,00,000,33140,Michigan City-La Porte MSA,2020,517121,Telecommunications Resellers,2,2,0.0,1.18699291679,0.0,0.557906232832,15.4973179209,0.0,0.101199233398,0.0
2,2,"Telecommunications, Internet Services and Data Hosting",,,00,000,33140,Michigan City-La Porte MSA,2020,517410,Satellite Telecommunications,2,2,0.0,0.0,0.0,0.0,0.0,0.0,0.0,0.0
2,2,"Telecommunications, Internet Services and Data Hosting",,,00,000,33140,Michigan City-La Porte MSA,2020,517810,All Other Telecommunications ,2,2,0.0,0.0,0.0,0.0,0.0,0.0,0.0,0.0
2,2,"Telecommunications, Internet Services and Data Hosting",,,00,000,33140,Michigan City-La Porte MSA,2020,518210,"Computing Infrastructure Providers, Data Processing, Web Hosting, and Related Services",2,2,0.0,0.0,0.0,0.0,3.16279890349,0.0,0.0,0.0
2,2,"Telecommunications, Internet Services and Data Hosting",,,00,000,33140,Michigan City-La Porte MSA,2021,513110,Newspaper Publishers ,2,2,0.0,0.0,0.0,0.612972629974,20.8870273744,0.0,0.0285103548768,0.0
2,2,"Telecommunications, Internet Services and Data Hosting",,,00,000,33140,Michigan City-La Porte MSA,2021,513120,Periodical Publishers ,2,2,0.0,0.0,0.0,0.0,0.0,0.0,0.0,0.0
2,2,"Telecommunications, Internet Services and Data Hosting",,,00,000,33140,Michigan City-La Porte MSA,2021,513130,Book Publishers ,2,2,0.0,0.0,0.0,0.0,0.0,0.0,0.0,0.0
2,2,"Telecommunications, Internet Services and Data Hosting",,,00,000,33140,Michigan City-La Porte MSA,2021,513199,All Other Publishers ,2,2,0.0,0.0,0.0,0.0,0.0,0.0,0.0,0.0
2,2,"Telecommunications, Internet Services and Data Hosting",,,00,000,33140,Michigan City-La Porte MSA,2021,517111,Wired Telecommunications Carriers ,2,2,0.0,0.730858117106,0.0,0.0,12.0914155409,0.0,0.0569991045736,0.0
2,2,"Telecommunications, Internet Services and Data Hosting",,,00,000,33140,Michigan City-La Porte MSA,2021,517112,Wireless Telecommunications Carriers (except Satellite),2,2,2.6589834007,4.16358782528,0.0,3.69235738513,68.8829601236,0.0,0.140553635959,0.750172861294
2,2,"Telecommunications, Internet Services and Data Hosting",,,00,000,33140,Michigan City-La Porte MSA,2021,517121,Telecommunications Resellers,2,2,0.0,0.552680613503,0.0,0.0,9.1436228221,0.0,0.0569991045736,0.0
2,2,"Telecommunications, Internet Services and Data Hosting",,,00,000,33140,Michigan City-La Porte MSA,2021,517410,Satellite Telecommunications,2,2,0.0,0.0,0.0,0.0,0.0,0.0,0.0,0.0
2,2,"Telecommunications, Internet Services and Data Hosting",,,00,000,33140,Michigan City-La Porte MSA,2021,517810,All Other Telecommunications ,2,2,0.0,0.0,0.0,0.0,0.0,0.0,0.0,0.0
2,2,"Telecommunications, Internet Services and Data Hosting",,,00,000,33140,Michigan City-La Porte MSA,2021,518210,"Computing Infrastructure Providers, Data Processing, Web Hosting, and Related Services",2,2,0.0,0.0,0.0,0.0,5.42209477835,0.0,0.0,0.0
2,2,"Telecommunications, Internet Services and Data Hosting",,,00,000,33140,Michigan City-La Porte MSA,2022,513110,Newspaper Publishers ,2,2,0.0,0.673798621174,0.0,0.5297653625,18.8787117003,0.0,0.0599316532953,0.0
2,2,"Telecommunications, Internet Services and Data Hosting",,,00,000,33140,Michigan City-La Porte MSA,2022,513120,Periodical Publishers ,2,2,0.0,0.0,0.0,0.0,0.0,0.0,0.0,0.0
2,2,"Telecommunications, Internet Services and Data Hosting",,,00,000,33140,Michigan City-La Porte MSA,2022,513130,Book Publishers ,2,2,0.0,0.0,0.0,0.0,0.0,0.0,0.0,0.0
2,2,"Telecommunications, Internet Services and Data Hosting",,,00,000,33140,Michigan City-La Porte MSA,2022,513199,All Other Publishers ,2,2,0.0,0.0,0.0,0.0,0.0,0.0,0.0,0.0
2,2,"Telecommunications, Internet Services and Data Hosting",,,00,000,33140,Michigan City-La Porte MSA,2022,517111,Wired Telecommunications Carriers ,2,2,0.662130830911,0.938991884302,0.0,0.566316632099,10.2770810231,0.0,0.174168170632,0.0
2,2,"Telecommunications, Internet Services and Data Hosting",,,00,000,33140,Michigan City-La Porte MSA,2022,517112,Wireless Telecommunications Carriers (except Satellite),2,2,2.12141546023,3.00845664844,0.0,2.66530991864,33.0998871514,0.0,0.190614227677,0.0
2,2,"Telecommunications, Internet Services and Data Hosting",,,00,000,33140,Michigan City-La Porte MSA,2022,517121,Telecommunications Resellers,2,2,0.0,0.0,0.0,0.0,0.0,0.0,0.0,0.0
2,2,"Telecommunications, Internet Services and Data Hosting",,,00,000,33140,Michigan City-La Porte MSA,2022,517410,Satellite Telecommunications,2,2,0.0,0.0,0.0,0.0,0.0,0.0,0.0,0.0
2,2,"Telecommunications, Internet Services and Data Hosting",,,00,000,33140,Michigan City-La Porte MSA,2022,517810,All Other Telecommunications ,2,2,0.0,0.0,0.0,0.0,0.0,0.0,0.0,0.0
2,2,"Telecommunications, Internet Services and Data Hosting",,,00,000,33140,Michigan City-La Porte MSA,2022,518210,"Computing Infrastructure Providers, Data Processing, Web Hosting, and Related Services",2,2,0.0,0.0,0.0,0.0,8.96271316053,0.0,0.0,0.0
2,2,"Telecommunications, Internet Services and Data Hosting",,,00,000,33140,Michigan City-La Porte MSA,2023,513110,Newspaper Publishers ,2,2,0.0,0.940242976292,0.0,1.1325913832,17.4579572001,0.0,0.106131610343,0.0
2,2,"Telecommunications, Internet Services and Data Hosting",,,00,000,33140,Michigan City-La Porte MSA,2023,513120,Periodical Publishers ,2,2,0.0,0.0,0.0,0.0,0.0,0.0,0.0,0.0
2,2,"Telecommunications, Internet Services and Data Hosting",,,00,000,33140,Michigan City-La Porte MSA,2023,513130,Book Publishers ,2,2,0.0,0.0,0.0,0.0,0.0,0.0,0.0,0.0
2,2,"Telecommunications, Internet Services and Data Hosting",,,00,000,33140,Michigan City-La Porte MSA,2023,513199,All Other Publishers ,2,2,0.0,0.0,0.0,0.0,0.0,0.0,0.0,0.0
2,2,"Telecommunications, Internet Services and Data Hosting",,,00,000,33140,Michigan City-La Porte MSA,2023,517111,Wired Telecommunications Carriers ,2,2,0.0,1.20763348865,0.0,1.01590243367,13.026882193,0.0,0.145801636749,0.0
2,2,"Telecommunications, Internet Services and Data Hosting",,,00,000,33140,Michigan City-La Porte MSA,2023,517112,Wireless Telecommunications Carriers (except Satellite),2,2,0.551286145305,3.27869385289,0.0,2.75814897127,35.6121462168,0.0,0.171418450257,0.77937627697
2,2,"Telecommunications, Internet Services and Data Hosting",,,00,000,33140,Michigan City-La Porte MSA,2023,517121,Telecommunications Resellers,2,2,0.0,0.0,0.0,0.0,0.181025465252,0.0,0.0,0.0
2,2,"Telecommunications, Internet Services and Data Hosting",,,00,000,33140,Michigan City-La Porte MSA,2023,517410,Satellite Telecommunications,2,2,0.0,0.0,0.0,0.0,0.0,0.0,0.0,0.0
2,2,"Telecommunications, Internet Services and Data Hosting",,,00,000,33140,Michigan City-La Porte MSA,2023,517810,All Other Telecommunications ,2,2,0.0,0.0,0.0,0.0,0.0,0.0,0.0,0.0
2,2,"Telecommunications, Internet Services and Data Hosting",,,00,000,33140,Michigan City-La Porte MSA,2023,518210,"Computing Infrastructure Providers, Data Processing, Web Hosting, and Related Services",2,2,1.37351011197,0.0,0.0,0.0,9.97628205106,0.0,0.121016322788,0.0
2,2,"Telecommunications, Internet Services and Data Hosting",,,00,000,34620,Muncie MSA,2019,513110,Newspaper Publishers ,2,2,0.773103550603,11.807879372,0.0,1.55902705939,47.487702693,0.0,0.229442394797,0.0
2,2,"Telecommunications, Internet Services and Data Hosting",,,00,000,34620,Muncie MSA,2019,513120,Periodical Publishers ,2,2,0.0,0.0,0.0,0.0,0.0,0.0,0.0,0.0
2,2,"Telecommunications, Internet Services and Data Hosting",,,00,000,34620,Muncie MSA,2019,513130,Book Publishers ,2,2,0.0,0.91640356338,0.0,0.0,3.68549665807,0.0,0.199135904579,0.0
2,2,"Telecommunications, Internet Services and Data Hosting",,,00,000,34620,Muncie MSA,2019,513199,All Other Publishers ,2,2,0.0,0.0,0.0,0.0,0.0,0.0,0.0,0.0
2,2,"Telecommunications, Internet Services and Data Hosting",,,00,000,34620,Muncie MSA,2019,517111,Wired Telecommunications Carriers ,2,2,0.613642689214,4.59196754497,0.0,1.65677113967,36.3333030108,0.0,0.185817150518,1.42979874105
2,2,"Telecommunications, Internet Services and Data Hosting",,,00,000,34620,Muncie MSA,2019,517112,Wireless Telecommunications Carriers (except Satellite),2,2,0.644021417386,4.81929549376,0.0,1.73879053138,38.1320037127,0.0,0.185817150518,1.50058173587
2,2,"Telecommunications, Internet Services and Data Hosting",,,00,000,34620,Muncie MSA,2019,517121,Telecommunications Resellers,2,2,0.0,0.0,0.0,0.0,0.0,0.0,0.0,0.0
2,2,"Telecommunications, Internet Services and Data Hosting",,,00,000,34620,Muncie MSA,2019,517410,Satellite Telecommunications,2,2,0.0,0.0,0.0,0.0,0.0,0.0,0.0,0.0
2,2,"Telecommunications, Internet Services and Data Hosting",,,00,000,34620,Muncie MSA,2019,517810,All Other Telecommunications ,2,2,0.0,0.0,0.0,1.19349679038,9.78589483512,0.0,0.108703362726,0.0
2,2,"Telecommunications, Internet Services and Data Hosting",,,00,000,34620,Muncie MSA,2019,518210,"Computing Infrastructure Providers, Data Processing, Web Hosting, and Related Services",2,2,0.0,0.0,0.0,0.0,3.47473478231,0.0,0.0,0.0
2,2,"Telecommunications, Internet Services and Data Hosting",,,00,000,34620,Muncie MSA,2020,513110,Newspaper Publishers ,2,2,1.45260902656,9.77262313632,0.0,1.58877201765,39.350799162,0.0,0.267936408746,1.58844928763
2,2,"Telecommunications, Internet Services and Data Hosting",,,00,000,34620,Muncie MSA,2020,513120,Periodical Publishers ,2,2,0.0,0.0,0.0,0.0,0.0,0.0,0.0,0.0
2,2,"Telecommunications, Internet Services and Data Hosting",,,00,000,34620,Muncie MSA,2020,513130,Book Publishers ,2,2,0.0,0.861185997114,0.0,0.0,3.46768280541,0.0,0.198940193478,0.0
2,2,"Telecommunications, Internet Services and Data Hosting",,,00,000,34620,Muncie MSA,2020,513199,All Other Publishers ,2,2,0.0,0.0,0.0,0.0,0.0,0.0,0.0,0.0
2,2,"Telecommunications, Internet Services and Data Hosting",,,00,000,34620,Muncie MSA,2020,517111,Wired Telecommunications Carriers ,2,2,0.804042319452,3.33159710407,0.0,1.07545885438,31.3171128363,0.0,0.168633616248,1.14123697553
2,2,"Telecommunications, Internet Services and Data Hosting",,,00,000,34620,Muncie MSA,2020,517112,Wireless Telecommunications Carriers (except Satellite),2,2,0.97624335265,4.04512231243,0.0,1.30578892707,38.0242712243,0.0,0.168633616248,1.38565469032
2,2,"Telecommunications, Internet Services and Data Hosting",,,00,000,34620,Muncie MSA,2020,517121,Telecommunications Resellers,2,2,0.0,0.0,0.0,0.0,0.0,0.0,0.0,0.0
2,2,"Telecommunications, Internet Services and Data Hosting",,,00,000,34620,Muncie MSA,2020,517410,Satellite Telecommunications,2,2,0.0,0.0,0.0,0.0,0.0,0.0,0.0,0.0
2,2,"Telecommunications, Internet Services and Data Hosting",,,00,000,34620,Muncie MSA,2020,517810,All Other Telecommunications ,2,2,0.0,0.0,0.0,2.54883305845,11.6797350742,0.0,0.179134895001,0.0
2,2,"Telecommunications, Internet Services and Data Hosting",,,00,000,34620,Muncie MSA,2020,518210,"Computing Infrastructure Providers, Data Processing, Web Hosting, and Related Services",2,2,0.0,0.929924938434,0.0,0.0,6.2394934311,0.0,0.12970716598,0.0
2,2,"Telecommunications, Internet Services and Data Hosting",,,00,000,34620,Muncie MSA,2021,513110,Newspaper Publishers ,2,2,1.39237362962,9.03421147848,0.0,0.857780705455,35.7165890725,0.0,0.257097339152,1.07612297998
2,2,"Telecommunications, Internet Services and Data Hosting",,,00,000,34620,Muncie MSA,2021,513120,Periodical Publishers ,2,2,0.0,0.0,0.0,0.0,0.0,0.0,0.0,0.0
2,2,"Telecommunications, Internet Services and Data Hosting",,,00,000,34620,Muncie MSA,2021,513130,Book Publishers ,2,2,0.0,1.97521774207,0.0,0.0,7.80898704775,0.0,0.201878209267,0.0
2,2,"Telecommunications, Internet Services and Data Hosting",,,00,000,34620,Muncie MSA,2021,513199,All Other Publishers ,2,2,0.0,0.0,0.0,0.0,0.0,0.0,0.0,0.0
2,2,"Telecommunications, Internet Services and Data Hosting",,,00,000,34620,Muncie MSA,2021,517111,Wired Telecommunications Carriers ,2,2,0.55008492617,2.45409173764,0.0,1.1831036029,23.7468990491,0.0,0.172093281497,0.748881853254
2,2,"Telecommunications, Internet Services and Data Hosting",,,00,000,34620,Muncie MSA,2021,517112,Wireless Telecommunications Carriers (except Satellite),2,2,0.641822147317,2.86335864487,0.0,1.38040884013,27.707150323,0.0,0.172093281497,0.873772278197
2,2,"Telecommunications, Internet Services and Data Hosting",,,00,000,34620,Muncie MSA,2021,517121,Telecommunications Resellers,2,2,0.0,0.0,0.0,0.0,0.0,0.0,0.0,0.0
2,2,"Telecommunications, Internet Services and Data Hosting",,,00,000,34620,Muncie MSA,2021,517410,Satellite Telecommunications,2,2,0.0,0.0,0.0,0.0,0.0,0.0,0.0,0.0
2,2,"Telecommunications, Internet Services and Data Hosting",,,00,000,34620,Muncie MSA,2021,517810,All Other Telecommunications ,2,2,0.0,0.0,0.0,0.897302715992,8.38888288054,0.0,0.0966276956953,0.0
2,2,"Telecommunications, Internet Services and Data Hosting",,,00,000,34620,Muncie MSA,2021,518210,"Computing Infrastructure Providers, Data Processing, Web Hosting, and Related Services",2,2,0.0,0.643850167017,0.0,0.0,6.27281649965,0.0,0.093086771135,0.0
2,2,"Telecommunications, Internet Services and Data Hosting",,,00,000,34620,Muncie MSA,2022,513110,Newspaper Publishers ,2,2,0.555997927518,10.4213961017,0.0,0.910000102992,37.0774841382,0.0,0.262182051153,1.28801161406
2,2,"Telecommunications, Internet Services and Data Hosting",,,00,000,34620,Muncie MSA,2022,513120,Periodical Publishers ,2,2,0.0,0.0,0.0,0.0,0.0,0.0,0.0,0.0
2,2,"Telecommunications, Internet Services and Data Hosting",,,00,000,34620,Muncie MSA,2022,513130,Book Publishers ,2,2,0.0,2.57015100846,0.0,0.0,9.14414271555,0.0,0.21940298485,0.0
2,2,"Telecommunications, Internet Services and Data Hosting",,,00,000,34620,Muncie MSA,2022,513199,All Other Publishers ,2,2,0.0,0.0,0.0,0.0,0.0,0.0,0.0,0.0
2,2,"Telecommunications, Internet Services and Data Hosting",,,00,000,34620,Muncie MSA,2022,517111,Wired Telecommunications Carriers ,2,2,0.0,2.79815626343,0.0,1.43134959417,26.2202859299,0.0,0.157678096831,0.678789614998
2,2,"Telecommunications, Internet Services and Data Hosting",,,00,000,34620,Muncie MSA,2022,517112,Wireless Telecommunications Carriers (except Satellite),2,2,0.0,2.59969737192,0.0,1.32983129887,24.3564947352,0.0,0.157700565902,0.63064654439
2,2,"Telecommunications, Internet Services and Data Hosting",,,00,000,34620,Muncie MSA,2022,517121,Telecommunications Resellers,2,2,0.0,0.0,0.0,0.0,0.0,0.0,0.0,0.0
2,2,"Telecommunications, Internet Services and Data Hosting",,,00,000,34620,Muncie MSA,2022,517410,Satellite Telecommunications,2,2,0.0,0.0,0.0,0.0,0.0,0.0,0.0,0.0
2,2,"Telecommunications, Internet Services and Data Hosting",,,00,000,34620,Muncie MSA,2022,517810,All Other Telecommunications ,2,2,0.0,0.0,0.0,0.0,8.75089873802,0.0,0.0,0.0
2,2,"Telecommunications, Internet Services and Data Hosting",,,00,000,34620,Muncie MSA,2022,518210,"Computing Infrastructure Providers, Data Processing, Web Hosting, and Related Services",2,2,0.565465670943,0.816081423133,0.0,0.0,8.36845290592,0.0,0.141697137854,0.0
2,2,"Telecommunications, Internet Services and Data Hosting",,,00,000,34620,Muncie MSA,2023,513110,Newspaper Publishers ,2,2,0.0,5.47895492847,0.0,0.837455143742,21.6936357226,0.0,0.242196527316,0.616948544166
2,2,"Telecommunications, Internet Services and Data Hosting",,,00,000,34620,Muncie MSA,2023,513120,Periodical Publishers ,2,2,0.0,0.0,0.0,0.0,0.391220491888,0.0,0.0,0.0
2,2,"Telecommunications, Internet Services and Data Hosting",,,00,000,34620,Muncie MSA,2023,513130,Book Publishers ,2,2,0.0,2.11481141969,0.0,0.0,8.37348530143,0.0,0.201635353759,0.0
2,2,"Telecommunications, Internet Services and Data Hosting",,,00,000,34620,Muncie MSA,2023,513199,All Other Publishers ,2,2,0.0,0.0,0.0,0.0,0.0,0.0,0.0,0.0
2,2,"Telecommunications, Internet Services and Data Hosting",,,00,000,34620,Muncie MSA,2023,517111,Wired Telecommunications Carriers ,2,2,0.0,2.13639781819,0.0,1.1917172606,21.5818492627,0.0,0.155472264247,0.64496813619
2,2,"Telecommunications, Internet Services and Data Hosting",,,00,000,34620,Muncie MSA,2023,517112,Wireless Telecommunications Carriers (except Satellite),2,2,0.0,2.48817480471,0.0,1.3879441539,25.0919834751,0.0,0.155699881191,0.751167901707
2,2,"Telecommunications, Internet Services and Data Hosting",,,00,000,34620,Muncie MSA,2023,517121,Telecommunications Resellers,2,2,0.0,0.0,0.0,0.0,0.0,0.0,0.0,0.0
2,2,"Telecommunications, Internet Services and Data Hosting",,,00,000,34620,Muncie MSA,2023,517410,Satellite Telecommunications,2,2,0.0,0.0,0.0,0.0,0.0,0.0,0.0,0.0
2,2,"Telecommunications, Internet Services and Data Hosting",,,00,000,34620,Muncie MSA,2023,517810,All Other Telecommunications ,2,2,0.0,0.0,0.0,0.0,3.34587588419,0.0,0.0,0.0
2,2,"Telecommunications, Internet Services and Data Hosting",,,00,000,34620,Muncie MSA,2023,518210,"Computing Infrastructure Providers, Data Processing, Web Hosting, and Related Services",2,2,0.923009639555,1.08227160335,0.0,0.0,10.9947187571,0.0,0.1542524033,0.0
2,2,"Telecommunications, Internet Services and Data Hosting",,,00,000,43780,South Bend-Mishawaka MSA,2019,513110,Newspaper Publishers ,2,2,1.69654434763,6.60915048873,0.0,4.24187815408,97.6899780672,0.655753339934,0.13975416991,2.6672321958
2,2,"Telecommunications, Internet Services and Data Hosting",,,00,000,43780,South Bend-Mishawaka MSA,2019,513120,Periodical Publishers ,2,2,0.0,1.05712376119,0.0,0.678482082741,15.1486386132,0.0,0.10279440388,0.0
2,2,"Telecommunications, Internet Services and Data Hosting",,,00,000,43780,South Bend-Mishawaka MSA,2019,513130,Book Publishers ,2,2,0.850524889493,3.31335104615,0.0,2.1265715531,47.5857044584,0.0,0.138147943913,1.33715771813
2,2,"Telecommunications, Internet Services and Data Hosting",,,00,000,43780,South Bend-Mishawaka MSA,2019,513199,All Other Publishers ,2,2,0.0,0.0,0.0,0.0,0.969517353146,0.0,0.0,0.0
2,2,"Telecommunications, Internet Services and Data Hosting",,,00,000,43780,South Bend-Mishawaka MSA,2019,517111,Wired Telecommunications Carriers ,2,2,0.835238489069,18.0253279093,0.0,14.3055695553,154.703806559,0.803542067763,0.189983830622,2.31505664561
2,2,"Telecommunications, Internet Services and Data Hosting",,,00,000,43780,South Bend-Mishawaka MSA,2019,517112,Wireless Telecommunications Carriers (except Satellite),2,2,0.744608653105,16.0694404197,0.0,12.7533046164,127.036104815,0.716351538656,0.202954049866,2.06385509446
2,2,"Telecommunications, Internet Services and Data Hosting",,,00,000,43780,South Bend-Mishawaka MSA,2019,517121,Telecommunications Resellers,2,2,0.0,3.78493273727,0.0,2.46416747963,29.9215840362,0.0,0.172766989233,0.0
2,2,"Telecommunications, Internet Services and Data Hosting",,,00,000,43780,South Bend-Mishawaka MSA,2019,517410,Satellite Telecommunications,2,2,0.0,0.0,0.0,0.0,2.21110522189,0.0,0.0,0.0
2,2,"Telecommunications, Internet Services and Data Hosting",,,00,000,43780,South Bend-Mishawaka MSA,2019,517810,All Other Telecommunications ,2,2,0.0,0.694898861578,0.0,0.0,17.6733168531,0.0,0.0378315930285,0.0
2,2,"Telecommunications, Internet Services and Data Hosting",,,00,000,43780,South Bend-Mishawaka MSA,2019,518210,"Computing Infrastructure Providers, Data Processing, Web Hosting, and Related Services",2,2,16.4295583104,5.00349701302,0.0,4.3116131157,104.769997769,0.0,0.2183833667,3.52802595771
2,2,"Telecommunications, Internet Services and Data Hosting",,,00,000,43780,South Bend-Mishawaka MSA,2020,513110,Newspaper Publishers ,2,2,0.872044819426,4.7705852947,0.0,3.51859148592,76.8093007308,0.592393175939,0.129085781447,1.63096064608
2,2,"Telecommunications, Internet Services and Data Hosting",,,00,000,43780,South Bend-Mishawaka MSA,2020,513120,Periodical Publishers ,2,2,0.0,0.944622446397,0.0,0.696715453552,14.5782464323,0.0,0.10119481895,0.0
2,2,"Telecommunications, Internet Services and Data Hosting",,,00,000,43780,South Bend-Mishawaka MSA,2020,513130,Book Publishers ,2,2,0.0,2.71398057917,0.0,2.00172271722,41.8845411163,0.0,0.118741448301,0.927851667124
2,2,"Telecommunications, Internet Services and Data Hosting",,,00,000,43780,South Bend-Mishawaka MSA,2020,513199,All Other Publishers ,2,2,0.0,0.0,0.0,0.0,0.252224702346,0.0,0.0,0.0
2,2,"Telecommunications, Internet Services and Data Hosting",,,00,000,43780,South Bend-Mishawaka MSA,2020,517111,Wired Telecommunications Carriers ,2,2,2.83181652831,14.6696333988,0.0,12.4652456632,135.986630252,0.944454869432,0.19921798368,2.91950724
2,2,"Telecommunications, Internet Services and Data Hosting",,,00,000,43780,South Bend-Mishawaka MSA,2020,517112,Wireless Telecommunications Carriers (except Satellite),2,2,3.04595700964,15.7789433861,0.0,13.4078610056,137.2002746,1.01587405154,0.209626616325,3.14027884698
2,2,"Telecommunications, Internet Services and Data Hosting",,,00,000,43780,South Bend-Mishawaka MSA,2020,517121,Telecommunications Resellers,2,2,0.0,2.22040648569,0.0,1.57716943729,19.3067667529,0.0,0.164366326117,0.0
2,2,"Telecommunications, Internet Services and Data Hosting",,,00,000,43780,South Bend-Mishawaka MSA,2020,517410,Satellite Telecommunications,2,2,0.0,0.0,0.0,0.0,0.282799233459,0.0,0.0,0.0
2,2,"Telecommunications, Internet Services and Data Hosting",,,00,000,43780,South Bend-Mishawaka MSA,2020,517810,All Other Telecommunications ,2,2,0.0,0.0,0.0,0.0,7.38834693703,0.0,0.0,0.0
2,2,"Telecommunications, Internet Services and Data Hosting",,,00,000,43780,South Bend-Mishawaka MSA,2020,518210,"Computing Infrastructure Providers, Data Processing, Web Hosting, and Related Services",2,2,19.4221007691,7.18975453453,0.0,4.34251987619,140.252057251,0.0,0.203369323711,4.85012856486
2,2,"Telecommunications, Internet Services and Data Hosting",,,00,000,43780,South Bend-Mishawaka MSA,2021,513110,Newspaper Publishers ,2,2,1.20097851582,3.98439445255,0.0,2.4322403026,58.5508061861,0.0,0.130123798106,1.14093566564
2,2,"Telecommunications, Internet Services and Data Hosting",,,00,000,43780,South Bend-Mishawaka MSA,2021,513120,Periodical Publishers ,2,2,0.0,1.02128680881,0.0,0.623435999244,14.0713045906,0.0,0.104652579582,0.0
2,2,"Telecommunications, Internet Services and Data Hosting",,,00,000,43780,South Bend-Mishawaka MSA,2021,513130,Book Publishers ,2,2,0.876991723376,2.90952828174,0.0,1.7760972295,40.0875232247,0.0,0.137592761111,0.833146573804
2,2,"Telecommunications, Internet Services and Data Hosting",,,00,000,43780,South Bend-Mishawaka MSA,2021,513199,All Other Publishers ,2,2,0.0,0.0,0.0,0.0,0.211661392513,0.0,0.0,0.0
2,2,"Telecommunications, Internet Services and Data Hosting",,,00,000,43780,South Bend-Mishawaka MSA,2021,517111,Wired Telecommunications Carriers ,2,2,3.53187599132,14.7635302088,0.0,11.4364748998,125.256337583,0.829845139037,0.209697543863,2.67358277539
2,2,"Telecommunications, Internet Services and Data Hosting",,,00,000,43780,South Bend-Mishawaka MSA,2021,517112,Wireless Telecommunications Carriers (except Satellite),2,2,3.71948078205,15.547733562,0.0,12.0439530461,123.838441923,0.873924524619,0.220353062862,2.81559708685
2,2,"Telecommunications, Internet Services and Data Hosting",,,00,000,43780,South Bend-Mishawaka MSA,2021,517121,Telecommunications Resellers,2,2,0.666766711428,2.78713933066,0.0,1.85262220372,22.1996981589,0.0,0.192920983334,0.0
2,2,"Telecommunications, Internet Services and Data Hosting",,,00,000,43780,South Bend-Mishawaka MSA,2021,517410,Satellite Telecommunications,2,2,0.0,0.0,0.0,0.0,0.0,0.0,0.0,0.0
2,2,"Telecommunications, Internet Services and Data Hosting",,,00,000,43780,South Bend-Mishawaka MSA,2021,517810,All Other Telecommunications ,2,2,0.0,0.0,0.0,0.0,5.49377229979,0.0,0.0,0.0
2,2,"Telecommunications, Internet Services and Data Hosting",,,00,000,43780,South Bend-Mishawaka MSA,2021,518210,"Computing Infrastructure Providers, Data Processing, Web Hosting, and Related Services",2,2,20.2294846186,19.5905445598,0.0,11.3804022534,241.379784318,0.0,0.195618090834,7.50085465636
2,2,"Telecommunications, Internet Services and Data Hosting",,,00,000,43780,South Bend-Mishawaka MSA,2022,513110,Newspaper Publishers ,2,2,0.0,3.36314009062,0.0,2.01376478258,50.2224717813,0.0,0.111497447561,0.925471409723
2,2,"Telecommunications, Internet Services and Data Hosting",,,00,000,43780,South Bend-Mishawaka MSA,2022,513120,Periodical Publishers ,2,2,0.0,0.739228449958,0.0,0.0,10.8441048834,0.0,0.0638182834496,0.0
2,2,"Telecommunications, Internet Services and Data Hosting",,,00,000,43780,South Bend-Mishawaka MSA,2022,513130,Book Publishers ,2,2,0.0,2.45503898317,0.0,1.47001638676,36.0141715701,0.0,0.113274818806,0.675579466647
2,2,"Telecommunications, Internet Services and Data Hosting",,,00,000,43780,South Bend-Mishawaka MSA,2022,513199,All Other Publishers ,2,2,0.0,0.0,0.0,0.0,5.91388751006,0.0,0.0,0.0
2,2,"Telecommunications, Internet Services and Data Hosting",,,00,000,43780,South Bend-Mishawaka MSA,2022,517111,Wired Telecommunications Carriers ,2,2,2.93742901697,13.9311965372,0.0,8.07486004319,90.9666029716,0.0,0.230768379913,2.34636448908
2,2,"Telecommunications, Internet Services and Data Hosting",,,00,000,43780,South Bend-Mishawaka MSA,2022,517112,Wireless Telecommunications Carriers (except Satellite),2,2,4.29189999979,20.3549777951,0.0,12.9365341762,128.147020728,0.0,0.24244509623,3.42829109811
2,2,"Telecommunications, Internet Services and Data Hosting",,,00,000,43780,South Bend-Mishawaka MSA,2022,517121,Telecommunications Resellers,2,2,0.747261764249,3.54400070346,0.0,2.05418892749,22.359887595,0.0,0.236922190175,0.596899008472
2,2,"Telecommunications, Internet Services and Data Hosting",,,00,000,43780,South Bend-Mishawaka MSA,2022,517410,Satellite Telecommunications,2,2,0.0,0.0,0.0,0.0,0.0,0.0,0.0,0.0
2,2,"Telecommunications, Internet Services and Data Hosting",,,00,000,43780,South Bend-Mishawaka MSA,2022,517810,All Other Telecommunications ,2,2,0.0,0.0,0.0,0.0,8.33934341943,0.0,0.0,0.0
2,2,"Telecommunications, Internet Services and Data Hosting",,,00,000,43780,South Bend-Mishawaka MSA,2022,518210,"Computing Infrastructure Providers, Data Processing, Web Hosting, and Related Services",2,2,19.7423210977,20.9873257571,0.0,16.7692372679,246.4543407,0.0,0.204344339952,5.79677517736
2,2,"Telecommunications, Internet Services and Data Hosting",,,00,000,43780,South Bend-Mishawaka MSA,2023,513110,Newspaper Publishers ,2,2,0.0,2.42433525185,0.0,1.38981007664,34.0812299468,0.0,0.100649361585,0.0
2,2,"Telecommunications, Internet Services and Data Hosting",,,00,000,43780,South Bend-Mishawaka MSA,2023,513120,Periodical Publishers ,2,2,0.0,0.924884797382,0.0,0.530213059496,12.7115688098,0.0,0.102712789897,0.0
2,2,"Telecommunications, Internet Services and Data Hosting",,,00,000,43780,South Bend-Mishawaka MSA,2023,513130,Book Publishers ,2,2,0.0,2.38306847883,0.0,1.3661528795,32.752769894,0.0,0.102712789897,0.0
2,2,"Telecommunications, Internet Services and Data Hosting",,,00,000,43780,South Bend-Mishawaka MSA,2023,513199,All Other Publishers ,2,2,0.0,0.0,0.0,0.0,2.52826367549,0.0,0.0,0.0
2,2,"Telecommunications, Internet Services and Data Hosting",,,00,000,43780,South Bend-Mishawaka MSA,2023,517111,Wired Telecommunications Carriers ,2,2,2.15722375483,11.0022914316,0.0,5.58190655532,70.0936791202,0.0,0.227398161365,1.88909317314
2,2,"Telecommunications, Internet Services and Data Hosting",,,00,000,43780,South Bend-Mishawaka MSA,2023,517112,Wireless Telecommunications Carriers (except Satellite),2,2,4.79328140173,24.4467356608,0.0,13.0111551002,144.319187313,0.0,0.243482708554,4.19750392265
2,2,"Telecommunications, Internet Services and Data Hosting",,,00,000,43780,South Bend-Mishawaka MSA,2023,517121,Telecommunications Resellers,2,2,1.0094414254,5.14836197242,0.0,2.61197184437,30.4916969932,0.0,0.240469339954,0.883973626347
2,2,"Telecommunications, Internet Services and Data Hosting",,,00,000,43780,South Bend-Mishawaka MSA,2023,517410,Satellite Telecommunications,2,2,0.0,0.0,0.0,0.0,0.0,0.0,0.0,0.0
2,2,"Telecommunications, Internet Services and Data Hosting",,,00,000,43780,South Bend-Mishawaka MSA,2023,517810,All Other Telecommunications ,2,2,0.0,0.0,0.0,0.0,2.32679187662,0.0,0.0,0.0
2,2,"Telecommunications, Internet Services and Data Hosting",,,00,000,43780,South Bend-Mishawaka MSA,2023,518210,"Computing Infrastructure Providers, Data Processing, Web Hosting, and Related Services",2,2,16.4326972693,23.0025875908,0.0,20.1176893362,266.419463637,0.0,0.195309951261,5.11089550038
2,2,"Telecommunications, Internet Services and Data Hosting",,,00,000,45460,Terre Haute MSA,2019,513110,Newspaper Publishers ,2,2,1.19588484381,1.19900751555,0.0,2.57780781888,147.486773069,0.0,0.0402454096454,1.21186581302
2,2,"Telecommunications, Internet Services and Data Hosting",,,00,000,45460,Terre Haute MSA,2019,513120,Periodical Publishers ,2,2,0.0,0.0,0.0,0.0,16.6998053944,0.0,0.0,0.0
2,2,"Telecommunications, Internet Services and Data Hosting",,,00,000,45460,Terre Haute MSA,2019,513130,Book Publishers ,2,2,0.0,0.0,0.0,0.0,11.5833333294,0.0,0.0,0.0
2,2,"Telecommunications, Internet Services and Data Hosting",,,00,000,45460,Terre Haute MSA,2019,513199,All Other Publishers ,2,2,0.0,0.0,0.0,0.0,0.0,0.0,0.0,0.0
2,2,"Telecommunications, Internet Services and Data Hosting",,,00,000,45460,Terre Haute MSA,2019,517111,Wired Telecommunications Carriers ,2,2,0.510036236038,7.99114468189,0.0,0.0,106.410471563,0.559977805398,0.0824936904312,0.506287743515
2,2,"Telecommunications, Internet Services and Data Hosting",,,00,000,45460,Terre Haute MSA,2019,517112,Wireless Telecommunications Carriers (except Satellite),2,2,0.0,0.0,0.0,0.0,0.301444137342,0.0,0.0,0.0
2,2,"Telecommunications, Internet Services and Data Hosting",,,00,000,45460,Terre Haute MSA,2019,517121,Telecommunications Resellers,2,2,0.0,0.0,0.0,0.0,0.0,0.0,0.0,0.0
2,2,"Telecommunications, Internet Services and Data Hosting",,,00,000,45460,Terre Haute MSA,2019,517410,Satellite Telecommunications,2,2,0.0,0.0,0.0,0.0,0.432465762015,0.0,0.0,0.0
2,2,"Telecommunications, Internet Services and Data Hosting",,,00,000,45460,Terre Haute MSA,2019,517810,All Other Telecommunications ,2,2,0.0,0.0,0.0,0.0,0.0,0.0,0.0,0.0
2,2,"Telecommunications, Internet Services and Data Hosting",,,00,000,45460,Terre Haute MSA,2019,518210,"Computing Infrastructure Providers, Data Processing, Web Hosting, and Related Services",2,2,0.0,0.0,0.0,0.0,0.265274132983,0.0,0.0,0.0
2,2,"Telecommunications, Internet Services and Data Hosting",,,00,000,45460,Terre Haute MSA,2020,513110,Newspaper Publishers ,2,2,1.12327463549,1.85153692711,0.0,2.15804205067,126.04372891,0.0,0.039129343931,0.0
2,2,"Telecommunications, Internet Services and Data Hosting",,,00,000,45460,Terre Haute MSA,2020,513120,Periodical Publishers ,2,2,0.0,0.0,0.0,0.0,11.8061980198,0.0,0.0,0.0
2,2,"Telecommunications, Internet Services and Data Hosting",,,00,000,45460,Terre Haute MSA,2020,513130,Book Publishers ,2,2,0.0,0.0,0.0,0.0,12.8333333186,0.0,0.0,0.0
2,2,"Telecommunications, Internet Services and Data Hosting",,,00,000,45460,Terre Haute MSA,2020,513199,All Other Publishers ,2,2,0.0,0.0,0.0,0.0,0.0,0.0,0.0,0.0
2,2,"Telecommunications, Internet Services and Data Hosting",,,00,000,45460,Terre Haute MSA,2020,517111,Wired Telecommunications Carriers ,2,2,0.962436998609,7.74391615489,0.0,0.0,115.532164956,0.0,0.074077941129,0.536741156806
2,2,"Telecommunications, Internet Services and Data Hosting",,,00,000,45460,Terre Haute MSA,2020,517112,Wireless Telecommunications Carriers (except Satellite),2,2,0.507973264355,1.39418738601,0.0,0.0,10.3429175639,0.0,0.155340833033,0.0
2,2,"Telecommunications, Internet Services and Data Hosting",,,00,000,45460,Terre Haute MSA,2020,517121,Telecommunications Resellers,2,2,0.0,0.0,0.0,0.0,0.0,0.0,0.0,0.0
2,2,"Telecommunications, Internet Services and Data Hosting",,,00,000,45460,Terre Haute MSA,2020,517410,Satellite Telecommunications,2,2,0.0,0.0,0.0,0.0,0.202014281343,0.0,0.0,0.0
2,2,"Telecommunications, Internet Services and Data Hosting",,,00,000,45460,Terre Haute MSA,2020,517810,All Other Telecommunications ,2,2,0.0,0.0,0.0,0.0,0.0,0.0,0.0,0.0
2,2,"Telecommunications, Internet Services and Data Hosting",,,00,000,45460,Terre Haute MSA,2020,518210,"Computing Infrastructure Providers, Data Processing, Web Hosting, and Related Services",2,2,0.0,0.0,0.0,0.0,2.95612544819,0.0,0.0,0.0
2,2,"Telecommunications, Internet Services and Data Hosting",,,00,000,45460,Terre Haute MSA,2021,513110,Newspaper Publishers ,2,2,0.0,2.82531668084,0.0,2.17003286296,120.732578228,0.0,0.0397314234979,0.0
2,2,"Telecommunications, Internet Services and Data Hosting",,,00,000,45460,Terre Haute MSA,2021,513120,Periodical Publishers ,2,2,0.0,0.0,0.0,0.0,2.10846585911,0.0,0.0,0.0
2,2,"Telecommunications, Internet Services and Data Hosting",,,00,000,45460,Terre Haute MSA,2021,513130,Book Publishers ,2,2,0.0,0.0,0.0,0.0,14.3501213694,0.0,0.0,0.0
2,2,"Telecommunications, Internet Services and Data Hosting",,,00,000,45460,Terre Haute MSA,2021,513199,All Other Publishers ,2,2,0.0,0.0,0.0,0.0,0.0,0.0,0.0,0.0
2,2,"Telecommunications, Internet Services and Data Hosting",,,00,000,45460,Terre Haute MSA,2021,517111,Wired Telecommunications Carriers ,2,2,0.0,4.57641440287,0.0,1.56154590036,104.248874192,0.0,0.055604097457,0.0
2,2,"Telecommunications, Internet Services and Data Hosting",,,00,000,45460,Terre Haute MSA,2021,517112,Wireless Telecommunications Carriers (except Satellite),2,2,0.0,1.32943233443,0.0,0.0,11.7183728674,0.0,0.101889345669,0.0
2,2,"Telecommunications, Internet Services and Data Hosting",,,00,000,45460,Terre Haute MSA,2021,517121,Telecommunications Resellers,2,2,0.0,0.0,0.0,0.0,0.669706297811,0.0,0.0,0.0
2,2,"Telecommunications, Internet Services and Data Hosting",,,00,000,45460,Terre Haute MSA,2021,517410,Satellite Telecommunications,2,2,0.0,0.0,0.0,0.0,4.80598208398,0.0,0.0,0.0
2,2,"Telecommunications, Internet Services and Data Hosting",,,00,000,45460,Terre Haute MSA,2021,517810,All Other Telecommunications ,2,2,0.0,0.0,0.0,0.0,0.0,0.0,0.0,0.0
2,2,"Telecommunications, Internet Services and Data Hosting",,,00,000,45460,Terre Haute MSA,2021,518210,"Computing Infrastructure Providers, Data Processing, Web Hosting, and Related Services",2,2,0.0,0.0,0.0,0.0,10.8239770446,0.0,0.0,0.0
2,2,"Telecommunications, Internet Services and Data Hosting",,,00,000,45460,Terre Haute MSA,2022,513110,Newspaper Publishers ,2,2,0.0,1.48089465766,0.0,0.910621881101,89.9518565264,0.0,0.0258980851508,0.0
2,2,"Telecommunications, Internet Services and Data Hosting",,,00,000,45460,Terre Haute MSA,2022,513120,Periodical Publishers ,2,2,0.0,0.0,0.0,0.0,0.0,0.0,0.0,0.0
2,2,"Telecommunications, Internet Services and Data Hosting",,,00,000,45460,Terre Haute MSA,2022,513130,Book Publishers ,2,2,0.0,0.891657876975,0.0,0.548292323853,34.9533500281,0.0,0.0395663540204,0.0
2,2,"Telecommunications, Internet Services and Data Hosting",,,00,000,45460,Terre Haute MSA,2022,513199,All Other Publishers ,2,2,0.0,0.0,0.0,0.0,0.0,0.0,0.0,0.0
2,2,"Telecommunications, Internet Services and Data Hosting",,,00,000,45460,Terre Haute MSA,2022,517111,Wired Telecommunications Carriers ,2,2,0.0,3.10657584525,0.0,1.97674835176,115.491974487,0.0,0.0532780925407,1.41614735422
2,2,"Telecommunications, Internet Services and Data Hosting",,,00,000,45460,Terre Haute MSA,2022,517112,Wireless Telecommunications Carriers (except Satellite),2,2,0.0,3.2455133022,0.0,0.885293982117,91.4298955772,0.0,0.0521665191612,0.901278515515
2,2,"Telecommunications, Internet Services and Data Hosting",,,00,000,45460,Terre Haute MSA,2022,517121,Telecommunications Resellers,2,2,0.0,0.69195801213,0.0,0.0,24.5906086246,0.0,0.0273689780817,0.0
2,2,"Telecommunications, Internet Services and Data Hosting",,,00,000,45460,Terre Haute MSA,2022,517410,Satellite Telecommunications,2,2,0.0,0.778374262826,0.0,0.0,6.40163686083,0.0,0.10840850375,0.0
2,2,"Telecommunications, Internet Services and Data Hosting",,,00,000,45460,Terre Haute MSA,2022,517810,All Other Telecommunications ,2,2,0.0,0.0,0.0,0.0,0.0,0.0,0.0,0.0
2,2,"Telecommunications, Internet Services and Data Hosting",,,00,000,45460,Terre Haute MSA,2022,518210,"Computing Infrastructure Providers, Data Processing, Web Hosting, and Related Services",2,2,0.0,0.0,0.0,0.0,12.478423425,0.0,0.0,0.0
2,2,"Telecommunications, Internet Services and Data Hosting",,,00,000,45460,Terre Haute MSA,2023,513110,Newspaper Publishers ,2,2,0.0,0.920465447934,0.0,0.0,44.3664161017,0.0,0.0203252115499,0.0
2,2,"Telecommunications, Internet Services and Data Hosting",,,00,000,45460,Terre Haute MSA,2023,513120,Periodical Publishers ,2,2,0.0,0.0,0.0,0.0,0.0,0.0,0.0,0.0
2,2,"Telecommunications, Internet Services and Data Hosting",,,00,000,45460,Terre Haute MSA,2023,513130,Book Publishers ,2,2,0.0,1.19413405838,0.0,0.599938526962,28.9577275447,0.0,0.0583404086184,0.0
2,2,"Telecommunications, Internet Services and Data Hosting",,,00,000,45460,Terre Haute MSA,2023,513199,All Other Publishers ,2,2,0.0,0.0,0.0,0.0,0.0,0.0,0.0,0.0
2,2,"Telecommunications, Internet Services and Data Hosting",,,00,000,45460,Terre Haute MSA,2023,517111,Wired Telecommunications Carriers ,2,2,0.0,4.84490117037,0.0,2.27929140649,121.291887056,0.0,0.0605083029763,0.687655333902
2,2,"Telecommunications, Internet Services and Data Hosting",,,00,000,45460,Terre Haute MSA,2023,517112,Wireless Telecommunications Carriers (except Satellite),2,2,0.0,5.99430412931,0.0,1.54975724134,135.860502965,0.0,0.0612222567908,1.31606197634
2,2,"Telecommunications, Internet Services and Data Hosting",,,00,000,45460,Terre Haute MSA,2023,517121,Telecommunications Resellers,2,2,0.0,1.02991736066,0.0,0.0,27.052377481,0.0,0.0366749714178,0.0
2,2,"Telecommunications, Internet Services and Data Hosting",,,00,000,45460,Terre Haute MSA,2023,517410,Satellite Telecommunications,2,2,0.0,0.0,0.0,0.0,3.92323653472,0.0,0.0,0.0
2,2,"Telecommunications, Internet Services and Data Hosting",,,00,000,45460,Terre Haute MSA,2023,517810,All Other Telecommunications ,2,2,0.0,0.0,0.0,0.0,0.0,0.0,0.0,0.0
2,2,"Telecommunications, Internet Services and Data Hosting",,,00,000,45460,Terre Haute MSA,2023,518210,"Computing Infrastructure Providers, Data Processing, Web Hosting, and Related Services",2,2,0.0,0.0,0.0,0.0,8.85385715264,0.0,0.0,0.0
2,2,"Telecommunications, Internet Services and Data Hosting",,,18,000,00000,Indiana,2019,513110,Newspaper Publishers ,2,2,41.3411151871,186.859007257,1.72880250578,90.0333853799,3122.58452543,2.56847889187,0.100765007591,27.3746927307
2,2,"Telecommunications, Internet Services and Data Hosting",,,18,000,00000,Indiana,2019,513120,Periodical Publishers ,2,2,2.80170614889,21.7145671673,0.0,8.23222225889,350.740916605,0.0,0.089705007844,1.81526336714
2,2,"Telecommunications, Internet Services and Data Hosting",,,18,000,00000,Indiana,2019,513130,Book Publishers ,2,2,19.1858873384,95.2083137731,0.0,38.9945981054,1167.76860828,3.66782712522,0.130617187112,18.3904247726
2,2,"Telecommunications, Internet Services and Data Hosting",,,18,000,00000,Indiana,2019,513199,All Other Publishers ,2,2,6.09538103915,23.2922525099,0.0,10.1539238968,303.29266562,0.0,0.124877650695,3.73750585977
2,2,"Telecommunications, Internet Services and Data Hosting",,,18,000,00000,Indiana,2019,517111,Wired Telecommunications Carriers ,2,2,44.8102425875,452.857618347,2.32229335913,186.129120779,4180.80068077,5.20453672421,0.1516806195,56.208841404
2,2,"Telecommunications, Internet Services and Data Hosting",,,18,000,00000,Indiana,2019,517112,Wireless Telecommunications Carriers (except Satellite),2,2,35.2022355488,338.768452557,0.0,132.944353676,2511.45560234,3.61253547092,0.180490353846,42.6001528039
2,2,"Telecommunications, Internet Services and Data Hosting",,,18,000,00000,Indiana,2019,517121,Telecommunications Resellers,2,2,7.53497902049,80.1597836397,0.0,28.8416004471,702.594688109,0.0,0.149658470778,7.11894830081
2,2,"Telecommunications, Internet Services and Data Hosting",,,18,000,00000,Indiana,2019,517410,Satellite Telecommunications,2,2,0.67922077152,25.2287787728,0.0,11.0223017981,163.712818384,0.0,0.195514403555,2.85687966116
2,2,"Telecommunications, Internet Services and Data Hosting",,,18,000,00000,Indiana,2019,517810,All Other Telecommunications ,2,2,4.29517619306,5.49277578507,0.0,5.00320169396,161.368615525,0.0,0.0870233868184,0.590229866593
2,2,"Telecommunications, Internet Services and Data Hosting",,,18,000,00000,Indiana,2019,518210,"Computing Infrastructure Providers, Data Processing, Web Hosting, and Related Services",2,2,121.254890545,264.211101426,0.0,71.7739771895,2122.6671478,2.65128326622,0.195857879911,57.1082641242
2,2,"Telecommunications, Internet Services and Data Hosting",,,18,000,00000,Indiana,2020,513110,Newspaper Publishers ,2,2,40.2712764121,163.093268864,2.34639994796,77.0599139145,2688.97500288,3.13686877537,0.103188104547,23.4885179755
2,2,"Telecommunications, Internet Services and Data Hosting",,,18,000,00000,Indiana,2020,513120,Periodical Publishers ,2,2,3.11222813241,18.1267940938,0.0,8.4279396499,318.299532527,0.0,0.090392765662,1.9642454933
2,2,"Telecommunications, Internet Services and Data Hosting",,,18,000,00000,Indiana,2020,513130,Book Publishers ,2,2,19.8458488723,94.1775241519,0.0,45.7422388435,1131.55022819,3.29498295903,0.136776582698,16.232008063
2,2,"Telecommunications, Internet Services and Data Hosting",,,18,000,00000,Indiana,2020,513199,All Other Publishers ,2,2,4.36238473887,21.6617055962,0.0,11.4954859804,297.116032322,0.0,0.120259158703,3.09570764863
2,2,"Telecommunications, Internet Services and Data Hosting",,,18,000,00000,Indiana,2020,517111,Wired Telecommunications Carriers ,2,2,49.6168243837,416.817744432,2.15809388636,202.732532338,3951.96840001,3.51371745165,0.156583538458,58.8593542191
2,2,"Telecommunications, Internet Services and Data Hosting",,,18,000,00000,Indiana,2020,517112,Wireless Telecommunications Carriers (except Satellite),2,2,37.9233148191,351.947792853,1.61422472397,147.267776216,2836.65252561,2.24981648607,0.175551484563,63.0112161589
2,2,"Telecommunications, Internet Services and Data Hosting",,,18,000,00000,Indiana,2020,517121,Telecommunications Resellers,2,2,3.5713166082,68.4991537284,0.0,24.4105501855,644.531260931,0.0,0.141102151904,9.40438609333
2,2,"Telecommunications, Internet Services and Data Hosting",,,18,000,00000,Indiana,2020,517410,Satellite Telecommunications,2,2,0.0,23.4019785562,0.0,12.8586919396,162.716588909,0.0,0.210113645429,7.02274042743
2,2,"Telecommunications, Internet Services and Data Hosting",,,18,000,00000,Indiana,2020,517810,All Other Telecommunications ,2,2,1.77748495385,6.28467166883,0.0,4.60607087648,139.745859894,0.0,0.103714426825,3.50258032567
2,2,"Telecommunications, Internet Services and Data Hosting",,,18,000,00000,Indiana,2020,518210,"Computing Infrastructure Providers, Data Processing, Web Hosting, and Related Services",2,2,103.715624561,261.47190409,0.0,81.3176113055,2118.79243082,2.40368339154,0.184949217522,31.8820802324
2,2,"Telecommunications, Internet Services and Data Hosting",,,18,000,00000,Indiana,2021,513110,Newspaper Publishers ,2,2,34.149926493,158.377586657,2.08915624037,84.2096868995,2395.49740725,1.89314076,0.112730815353,23.6372647612
2,2,"Telecommunications, Internet Services and Data Hosting",,,18,000,00000,Indiana,2021,513120,Periodical Publishers ,2,2,6.48581767567,20.4510540409,0.0,8.05875121394,339.384575787,0.0,0.102052159705,3.57558062445
2,2,"Telecommunications, Internet Services and Data Hosting",,,18,000,00000,Indiana,2021,513130,Book Publishers ,2,2,18.2359345258,71.613198016,0.0,35.60696667,1267.71018633,1.62360574714,0.101837812387,16.6591808417
2,2,"Telecommunications, Internet Services and Data Hosting",,,18,000,00000,Indiana,2021,513199,All Other Publishers ,2,2,8.43173814888,23.0608755777,0.0,11.0665515023,276.330310203,0.0,0.143826052284,3.86072146444
2,2,"Telecommunications, Internet Services and Data Hosting",,,18,000,00000,Indiana,2021,517111,Wired Telecommunications Carriers ,2,2,46.8747462591,399.987212807,1.39342257809,207.959600087,3947.89713573,5.08480847861,0.153991827759,57.3030740245
2,2,"Telecommunications, Internet Services and Data Hosting",,,18,000,00000,Indiana,2021,517112,Wireless Telecommunications Carriers (except Satellite),2,2,39.4406233397,323.109606294,0.703471626986,147.947252348,2638.40001446,2.25232477196,0.176186507077,50.8133751947
2,2,"Telecommunications, Internet Services and Data Hosting",,,18,000,00000,Indiana,2021,517121,Telecommunications Resellers,2,2,5.6202214576,63.2710225369,0.0,24.2216563944,607.615689082,0.0,0.142492264784,7.85474351713
2,2,"Telecommunications, Internet Services and Data Hosting",,,18,000,00000,Indiana,2021,517410,Satellite Telecommunications,2,2,4.04686798897,27.11607059,0.0,13.9644255856,145.046450346,0.0,0.260909812006,6.07618677752
2,2,"Telecommunications, Internet Services and Data Hosting",,,18,000,00000,Indiana,2021,517810,All Other Telecommunications ,2,2,3.8316790528,4.27356795611,0.0,3.96220456024,154.168236888,0.0,0.0772973430934,0.847646281314
2,2,"Telecommunications, Internet Services and Data Hosting",,,18,000,00000,Indiana,2021,518210,"Computing Infrastructure Providers, Data Processing, Web Hosting, and Related Services",2,2,110.724385309,261.872699847,0.0,98.1317041431,2446.3996159,4.98538445883,0.175229772825,44.0451904984
2,2,"Telecommunications, Internet Services and Data Hosting",,,18,000,00000,Indiana,2022,513110,Newspaper Publishers ,2,2,21.528811657,138.465870559,0.668332216183,77.2663186337,2043.14957914,2.98940924599,0.113088016239,19.5983518478
2,2,"Telecommunications, Internet Services and Data Hosting",,,18,000,00000,Indiana,2022,513120,Periodical Publishers ,2,2,4.4824042612,20.3269790178,0.0,8.47619428111,324.036379955,0.0,0.1005235957,2.92804838365
2,2,"Telecommunications, Internet Services and Data Hosting",,,18,000,00000,Indiana,2022,513130,Book Publishers ,2,2,17.4786015753,84.6726105882,0.0,36.8215550355,1264.55785712,0.669069733087,0.10988419586,16.4669779004
2,2,"Telecommunications, Internet Services and Data Hosting",,,18,000,00000,Indiana,2022,513199,All Other Publishers ,2,2,3.5335110684,19.0445732826,0.0,9.74892792804,234.249307968,0.0,0.127849194748,2.01175713285
2,2,"Telecommunications, Internet Services and Data Hosting",,,18,000,00000,Indiana,2022,517111,Wired Telecommunications Carriers ,2,2,49.8383046464,428.597520202,1.2076539756,192.758842145,3847.49786736,3.78921198685,0.160904771054,61.6040617746
2,2,"Telecommunications, Internet Services and Data Hosting",,,18,000,00000,Indiana,2022,517112,Wireless Telecommunications Carriers (except Satellite),2,2,38.741611108,348.823710585,1.32104455484,171.382570906,2580.85536772,3.18714960082,0.192132855866,50.3417585685
2,2,"Telecommunications, Internet Services and Data Hosting",,,18,000,00000,Indiana,2022,517121,Telecommunications Resellers,2,2,6.54666170737,60.3075644588,0.0,24.7733868619,558.35772998,0.0,0.152082284757,8.51927358703
2,2,"Telecommunications, Internet Services and Data Hosting",,,18,000,00000,Indiana,2022,517410,Satellite Telecommunications,2,2,2.20349814813,35.1638237844,0.0,12.2899465053,151.620145282,0.0,0.256198922272,2.56760589912
2,2,"Telecommunications, Internet Services and Data Hosting",,,18,000,00000,Indiana,2022,517810,All Other Telecommunications ,2,2,6.24565323161,7.46415732776,0.0,8.5361373464,165.456008572,0.0,0.131338662157,2.77044210149
2,2,"Telecommunications, Internet Services and Data Hosting",,,18,000,00000,Indiana,2022,518210,"Computing Infrastructure Providers, Data Processing, Web Hosting, and Related Services",2,2,126.791982336,267.218979344,0.666473950897,117.378100365,2787.06298483,4.95145159632,0.180034428601,94.9300369005
2,2,"Telecommunications, Internet Services and Data Hosting",,,18,000,00000,Indiana,2023,513110,Newspaper Publishers ,2,2,23.504604522,109.668172956,0.0,72.5965664814,1781.37945401,3.64159990994,0.112822043079,17.1263229022
2,2,"Telecommunications, Internet Services and Data Hosting",,,18,000,00000,Indiana,2023,513120,Periodical Publishers ,2,2,5.96889796893,19.8659646257,0.0,12.6731551501,338.95862256,0.0,0.112286591066,4.36675226163
2,2,"Telecommunications, Internet Services and Data Hosting",,,18,000,00000,Indiana,2023,513130,Book Publishers ,2,2,19.7096554945,79.0261830004,0.0,35.9685342781,1248.14985468,2.75840748481,0.111426360813,19.0541249511
2,2,"Telecommunications, Internet Services and Data Hosting",,,18,000,00000,Indiana,2023,513199,All Other Publishers ,2,2,4.74960072779,16.7525329939,0.0,9.94283884658,214.311463691,0.682227750508,0.142821631463,3.58101865766
2,2,"Telecommunications, Internet Services and Data Hosting",,,18,000,00000,Indiana,2023,517111,Wired Telecommunications Carriers ,2,2,38.175138717,409.562551308,2.35825277403,204.194597389,3785.62561716,4.38352939802,0.16441153865,86.1908504782
2,2,"Telecommunications, Internet Services and Data Hosting",,,18,000,00000,Indiana,2023,517112,Wireless Telecommunications Carriers (except Satellite),2,2,30.0609182612,337.898153031,1.5443061665,169.923511375,2501.82093936,3.46284972716,0.195709413885,65.8826605438
2,2,"Telecommunications, Internet Services and Data Hosting",,,18,000,00000,Indiana,2023,517121,Telecommunications Resellers,2,2,2.6427434024,53.255181825,0.0,27.3222550858,524.216702289,0.0,0.159933498321,16.5812174427
2,2,"Telecommunications, Internet Services and Data Hosting",,,18,000,00000,Indiana,2023,517410,Satellite Telecommunications,2,2,3.59062659788,26.5345962372,0.0,14.4340639972,138.458587767,0.0,0.261160515007,4.38221781504
2,2,"Telecommunications, Internet Services and Data Hosting",,,18,000,00000,Indiana,2023,517810,All Other Telecommunications ,2,2,4.52667185704,4.10121562314,0.0,13.6412500296,163.899716098,0.0,0.17379029987,12.2065903894
2,2,"Telecommunications, Internet Services and Data Hosting",,,18,000,00000,Indiana,2023,518210,"Computing Infrastructure Providers, Data Processing, Web Hosting, and Related Services",2,2,177.26680311,300.604203499,0.0,142.981629577,3005.56553792,4.72030296041,0.189036593999,75.0281830816
2,3,Software,,,0,000,00000,United States,2019,513210,Software Publishers,2,2,89960.9192268,21692.8353838,761.772435808,31713.6849257,304278.69505,883.112865457,0.335120683097,8353.98021141
2,3,Software,,,0,000,00000,United States,2020,513210,Software Publishers,2,2,99873.1445418,24261.1389221,848.620598243,36083.395266,330410.05364,990.185457152,0.342028361912,9698.04514232
2,3,Software,,,0,000,00000,United States,2021,513210,Software Publishers,2,2,108102.5044,29389.1047802,915.196921516,42051.9101372,362248.714763,1073.65233067,0.346893532698,10873.8357332
2,3,Software,,,0,000,00000,United States,2022,513210,Software Publishers,2,2,120673.464799,36417.8569912,1040.93644139,50547.1546248,410201.606914,1318.76587472,0.35278016677,13590.4442784
2,3,Software,,,0,000,00000,United States,2023,513210,Software Publishers,2,2,122868.753113,37585.1249623,1104.85860669,52561.2375512,420636.982271,1328.90215239,0.353050603727,14099.4335687
2,3,Software,,,00,000,14020,Bloomington MSA,2019,513210,Software Publishers,2,2,10.1856724086,1.93874031346,0.0,0.0,38.502656881,0.0,0.248699102416,0.620915065736
2,3,Software,,,00,000,14020,Bloomington MSA,2020,513210,Software Publishers,2,2,6.56778730093,1.2755291719,0.0,0.502009870424,29.1642613774,0.0,0.234514174666,0.589434380338
2,3,Software,,,00,000,14020,Bloomington MSA,2021,513210,Software Publishers,2,2,4.94008988847,1.05093658858,0.0,0.0,22.9995498754,0.0,0.206654272899,0.0
2,3,Software,,,00,000,14020,Bloomington MSA,2022,513210,Software Publishers,2,2,5.52035540834,1.54865605621,0.0,0.0,39.8425008349,0.0,0.177091204787,1.5051543672
2,3,Software,,,00,000,14020,Bloomington MSA,2023,513210,Software Publishers,2,2,8.75845260297,1.17969816805,0.0,0.882366224252,39.5070038856,0.0,0.222813038315,0.50581245242
2,3,Software,,,00,000,16980,Chicago-Naperville-Elgin MSA,2019,513210,Software Publishers,2,2,726.807255372,254.161935964,4.78694391473,377.404352761,4633.77779144,10.4838781809,0.238444249642,77.1984223571
2,3,Software,,,00,000,16980,Chicago-Naperville-Elgin MSA,2020,513210,Software Publishers,2,2,930.541820053,331.036043893,5.37298626539,501.63761766,5610.86321622,14.0465560689,0.252842996722,116.119138253
2,3,Software,,,00,000,16980,Chicago-Naperville-Elgin MSA,2021,513210,Software Publishers,2,2,1011.3171086,376.367833987,5.27496277692,593.120979719,5977.0857499,13.5292615731,0.263276915335,136.373823006
2,3,Software,,,00,000,16980,Chicago-Naperville-Elgin MSA,2022,513210,Software Publishers,2,2,1257.39158474,555.816410163,7.84403649617,767.73181291,6962.13478064,15.7037286002,0.285553577395,178.17384159
2,3,Software,,,00,000,16980,Chicago-Naperville-Elgin MSA,2023,513210,Software Publishers,2,2,1295.62950417,583.09916509,8.62395483214,798.737869575,6872.89670635,14.2063104391,0.295111116766,177.132916617
2,3,Software,,,00,000,17140,Cincinnati MSA,2019,513210,Software Publishers,2,2,279.811714607,69.1035496871,0.0,35.5803242467,1831.48767712,2.90994994293,0.181252566975,18.0453117679
2,3,Software,,,00,000,17140,Cincinnati MSA,2020,513210,Software Publishers,2,2,288.566279671,63.4668408808,0.569886984006,38.2987259712,1858.98229971,4.02908001487,0.182503727541,20.0817199415
2,3,Software,,,00,000,17140,Cincinnati MSA,2021,513210,Software Publishers,2,2,296.968925336,73.8584858524,0.81054908677,49.2045329848,1986.25607285,3.61458314611,0.182536182199,19.0654288265
2,3,Software,,,00,000,17140,Cincinnati MSA,2022,513210,Software Publishers,2,2,304.987601568,99.0390445647,0.867332986336,67.7019845827,2268.59230372,3.54660548661,0.180647638529,24.0278846046
2,3,Software,,,00,000,17140,Cincinnati MSA,2023,513210,Software Publishers,2,2,312.798422357,120.975657677,0.0,77.3396667943,2339.84077193,3.43641329162,0.187845621046,26.6386265724
2,3,Software,,,00,000,18020,Columbus MSA,2019,513210,Software Publishers,2,2,1.28294865508,0.0,0.0,0.0,7.59263784432,0.0,0.144548042563,0.0
2,3,Software,,,00,000,18020,Columbus MSA,2020,513210,Software Publishers,2,2,2.22188122027,0.0,0.0,0.560278290018,12.6563382974,0.0,0.180209211087,0.0
2,3,Software,,,00,000,18020,Columbus MSA,2021,513210,Software Publishers,2,2,1.53937157606,0.0,0.0,0.545067319484,12.232055179,0.0,0.145597021497,0.0
2,3,Software,,,00,000,18020,Columbus MSA,2022,513210,Software Publishers,2,2,0.0,0.0,0.0,0.0,8.31897322603,0.0,0.0,0.0
2,3,Software,,,00,000,18020,Columbus MSA,2023,513210,Software Publishers,2,2,0.701792811104,0.0,0.0,0.0,14.4411157335,0.0,0.0463446509657,0.0
2,3,Software,,,00,000,21140,Elkhart-Goshen MSA,2019,513210,Software Publishers,2,2,1.33486159881,0.0,0.0,0.0,25.1651384012,0.0,0.0503721358043,0.0
2,3,Software,,,00,000,21140,Elkhart-Goshen MSA,2020,513210,Software Publishers,2,2,1.28725343565,0.0,0.0,0.0,20.7680819258,0.0,0.0970399162693,0.944664638541
2,3,Software,,,00,000,21140,Elkhart-Goshen MSA,2021,513210,Software Publishers,2,2,1.84396580441,0.0,0.0,0.0,21.3873486685,0.0,0.106344891189,0.701127089428
2,3,Software,,,00,000,21140,Elkhart-Goshen MSA,2022,513210,Software Publishers,2,2,1.72640813322,0.0,0.0,0.0,21.8085243625,0.0,0.0961456444223,0.593428703097
2,3,Software,,,00,000,21140,Elkhart-Goshen MSA,2023,513210,Software Publishers,2,2,1.80749178611,0.522792681195,0.0,0.934956516464,21.0672406143,0.0,0.157310375427,0.667518401898
2,3,Software,,,00,000,21780,Evansville MSA,2019,513210,Software Publishers,2,2,1.20428220841,1.85413239439,0.0,0.883999840606,18.3441843586,0.0,0.176896191224,0.0
2,3,Software,,,00,000,21780,Evansville MSA,2020,513210,Software Publishers,2,2,2.03815031466,0.0,0.0,0.0,18.0618013149,0.0,0.101400757187,0.0
2,3,Software,,,00,000,21780,Evansville MSA,2021,513210,Software Publishers,2,2,1.20230145191,0.0,0.0,0.0,17.3354044774,0.0,0.0648570786748,0.0
2,3,Software,,,00,000,21780,Evansville MSA,2022,513210,Software Publishers,2,2,1.63345086545,0.0,0.0,0.0,20.3310786101,0.0,0.0743676693493,0.0
2,3,Software,,,00,000,21780,Evansville MSA,2023,513210,Software Publishers,2,2,0.0,0.0,0.0,0.0,16.0833333333,0.0,0.0,0.0
2,3,Software,,,00,000,23060,Fort Wayne MSA,2019,513210,Software Publishers,2,2,2.85335651591,0.869929708084,0.0,1.80921449991,23.8291959172,0.0,0.188425784502,0.0
2,3,Software,,,00,000,23060,Fort Wayne MSA,2020,513210,Software Publishers,2,2,2.28999563106,1.36354419362,0.0,1.21815956789,31.515941357,0.0,0.133883354134,0.0
2,3,Software,,,00,000,23060,Fort Wayne MSA,2021,513210,Software Publishers,2,2,2.35271330707,2.04158288694,0.0,1.22751168309,32.1076812661,0.0,0.14900302137,0.0
2,3,Software,,,00,000,23060,Fort Wayne MSA,2022,513210,Software Publishers,2,2,2.24463062885,1.97840888446,0.0,1.58355958842,30.3341246263,0.0,0.173607164103,0.565940837124
2,3,Software,,,00,000,23060,Fort Wayne MSA,2023,513210,Software Publishers,2,2,4.49328534654,2.20383101938,0.0,2.01664089232,45.5169533451,0.0,0.174294602632,0.894220746521
2,3,Software,,,00,000,26900,Indianapolis-Carmel-Greenwood MSA,2019,513210,Software Publishers,2,2,125.956903395,59.7975053417,0.588927615912,42.7310022057,1194.31549962,2.5120216408,0.172593768582,17.5432754358
2,3,Software,,,00,000,26900,Indianapolis-Carmel-Greenwood MSA,2020,513210,Software Publishers,2,2,101.119594245,52.1195101466,0.0,36.727325254,1062.79955907,2.81044248639,0.163938242738,15.62100109
2,3,Software,,,00,000,26900,Indianapolis-Carmel-Greenwood MSA,2021,513210,Software Publishers,2,2,100.632487382,63.1042970239,1.72647337337,46.0558835534,1117.90334629,3.19943684584,0.172074860779,17.6249678313
2,3,Software,,,00,000,26900,Indianapolis-Carmel-Greenwood MSA,2022,513210,Software Publishers,2,2,92.9604425311,54.0956158602,1.25564296682,51.698861542,1046.40415771,2.96086333767,0.175235338604,19.3550087756
2,3,Software,,,00,000,26900,Indianapolis-Carmel-Greenwood MSA,2023,513210,Software Publishers,2,2,85.495952406,43.3610516421,1.43209219532,50.9690394324,1017.77125258,2.65377355509,0.165473408944,17.8960145606
2,3,Software,,,00,000,29020,Kokomo MSA,2019,513210,Software Publishers,2,2,0.0,0.0,0.0,0.0,1.54316258997,0.0,0.0,0.0
2,3,Software,,,00,000,29020,Kokomo MSA,2020,513210,Software Publishers,2,2,0.0,0.0,0.0,0.0,1.27013778326,0.0,0.0,0.0
2,3,Software,,,00,000,29020,Kokomo MSA,2021,513210,Software Publishers,2,2,0.0,0.0,0.0,0.0,0.56471620451,0.0,0.0,0.0
2,3,Software,,,00,000,29020,Kokomo MSA,2022,513210,Software Publishers,2,2,0.0,0.0,0.0,0.0,0.950601095235,0.0,0.0,0.0
2,3,Software,,,00,000,29020,Kokomo MSA,2023,513210,Software Publishers,2,2,0.0,0.0,0.0,0.0,2.59890145483,0.0,0.0,0.0
2,3,Software,,,00,000,29200,Lafayette-West Lafayette MSA,2019,513210,Software Publishers,2,2,6.38460351336,2.93178012858,0.0,2.43323532651,16.1670476982,0.0,0.420881873497,0.0
2,3,Software,,,00,000,29200,Lafayette-West Lafayette MSA,2020,513210,Software Publishers,2,2,6.78941665589,1.43140896637,0.0,1.62051003319,20.8253310112,0.0,0.320913119199,0.0
2,3,Software,,,00,000,29200,Lafayette-West Lafayette MSA,2021,513210,Software Publishers,2,2,5.89694584103,0.684084858228,0.0,1.39305802876,26.775911272,0.0,0.229470179224,0.0
2,3,Software,,,00,000,29200,Lafayette-West Lafayette MSA,2022,513210,Software Publishers,2,2,6.30754828995,0.0,0.0,3.9434404315,43.918959128,0.0,0.197137487124,0.53301613706
2,3,Software,,,00,000,29200,Lafayette-West Lafayette MSA,2023,513210,Software Publishers,2,2,7.85917946197,2.03634458028,0.0,4.11826828943,48.7471383436,0.0,0.23646951616,1.08345979158
2,3,Software,,,00,000,31140,Louisville/Jefferson County MSA,2019,513210,Software Publishers,2,2,10.4676293845,12.8203348768,0.0,7.16058501319,245.679434385,0.0,0.122010412451,3.69245825584
2,3,Software,,,00,000,31140,Louisville/Jefferson County MSA,2020,513210,Software Publishers,2,2,9.04405174322,18.3799694276,0.0,11.57093428,295.649620319,0.0,0.126408565499,3.78550566512
2,3,Software,,,00,000,31140,Louisville/Jefferson County MSA,2021,513210,Software Publishers,2,2,22.0196144957,23.7426660147,0.0,14.1581325274,415.313344092,0.0,0.132074533483,3.27892640585
2,3,Software,,,00,000,31140,Louisville/Jefferson County MSA,2022,513210,Software Publishers,2,2,35.067496231,46.0381582704,0.0,24.259646773,613.643333335,0.0,0.159501363868,11.0857485996
2,3,Software,,,00,000,31140,Louisville/Jefferson County MSA,2023,513210,Software Publishers,2,2,46.3551037882,47.7032705336,0.0,23.7900293405,700.12903398,0.0,0.153053450967,8.67335251634
2,3,Software,,,00,000,33140,Michigan City-La Porte MSA,2019,513210,Software Publishers,2,2,0.0,0.0,0.0,0.0,0.0,0.0,0.0,0.0
2,3,Software,,,00,000,33140,Michigan City-La Porte MSA,2020,513210,Software Publishers,2,2,0.0,0.0,0.0,0.0,0.0,0.0,0.0,0.0
2,3,Software,,,00,000,33140,Michigan City-La Porte MSA,2021,513210,Software Publishers,2,2,0.0,0.0,0.0,0.0,0.0,0.0,0.0,0.0
2,3,Software,,,00,000,33140,Michigan City-La Porte MSA,2022,513210,Software Publishers,2,2,0.0,0.0,0.0,0.0,3.16766915066,0.0,0.0,0.0
2,3,Software,,,00,000,33140,Michigan City-La Porte MSA,2023,513210,Software Publishers,2,2,0.0,0.0,0.0,0.0,3.30019184848,0.0,0.0,0.0
2,3,Software,,,00,000,34620,Muncie MSA,2019,513210,Software Publishers,2,2,1.9192405871,0.834217524098,0.0,1.80114272742,53.0184719297,0.0,0.0791099140556,0.0
2,3,Software,,,00,000,34620,Muncie MSA,2020,513210,Software Publishers,2,2,2.04895061884,2.56278392156,0.0,2.55813531867,56.7671695612,0.0,0.112139534831,0.0
2,3,Software,,,00,000,34620,Muncie MSA,2021,513210,Software Publishers,2,2,0.946368900666,2.88951836062,0.0,3.22304820614,67.7335796424,0.0,0.0943802392133,0.0
2,3,Software,,,00,000,34620,Muncie MSA,2022,513210,Software Publishers,2,2,0.953687480276,2.56018817183,0.0,3.03610747743,77.6705216507,0.0,0.0777718341469,0.0
2,3,Software,,,00,000,34620,Muncie MSA,2023,513210,Software Publishers,2,2,2.07292224724,2.98003784304,0.0,2.87243305682,103.991936705,0.0,0.070814709014,0.0
2,3,Software,,,00,000,43780,South Bend-Mishawaka MSA,2019,513210,Software Publishers,2,2,0.0,0.0,0.0,0.726561178659,9.0390321225,0.0,0.0744001061945,0.0
2,3,Software,,,00,000,43780,South Bend-Mishawaka MSA,2020,513210,Software Publishers,2,2,0.0,0.55443005985,0.0,0.72494492059,11.3210532616,0.0,0.101534245969,0.0
2,3,Software,,,00,000,43780,South Bend-Mishawaka MSA,2021,513210,Software Publishers,2,2,0.0,0.0,0.0,0.624012179646,9.45932115369,0.0,0.0618855054195,0.0
2,3,Software,,,00,000,43780,South Bend-Mishawaka MSA,2022,513210,Software Publishers,2,2,0.0,0.0,0.0,1.29208323834,15.3891975737,0.0,0.0774570761623,0.0
2,3,Software,,,00,000,43780,South Bend-Mishawaka MSA,2023,513210,Software Publishers,2,2,0.739926680958,0.0,0.0,0.0,17.7328986594,0.0,0.0677066552164,0.54790323034
2,3,Software,,,00,000,45460,Terre Haute MSA,2019,513210,Software Publishers,2,2,0.0,0.0,0.0,0.0,3.27173866127,0.0,0.0,0.0
2,3,Software,,,00,000,45460,Terre Haute MSA,2020,513210,Software Publishers,2,2,0.0,0.0,0.0,0.0,3.26915314375,0.0,0.0,0.0
2,3,Software,,,00,000,45460,Terre Haute MSA,2021,513210,Software Publishers,2,2,0.0,0.0,0.0,0.0,6.95601551172,0.0,0.0,0.0
2,3,Software,,,00,000,45460,Terre Haute MSA,2022,513210,Software Publishers,2,2,0.911971309724,0.525438376704,0.0,0.0,6.79843373004,0.0,0.174530963466,0.0
2,3,Software,,,00,000,45460,Terre Haute MSA,2023,513210,Software Publishers,2,2,0.709366068593,0.0,0.0,0.0,16.0774230358,0.0,0.0422574003987,0.0
2,3,Software,,,18,000,00000,Indiana,2019,513210,Software Publishers,2,2,163.43521829,76.3744636588,0.588927615912,56.847492019,1789.32942492,2.5120216408,0.151473893727,19.6624498712
2,3,Software,,,18,000,00000,Indiana,2020,513210,Software Publishers,2,2,148.603194362,70.9786097212,0.0,60.5838178368,1747.1850281,2.81044248639,0.148406973546,21.5055766939
2,3,Software,,,18,000,00000,Indiana,2021,513210,Software Publishers,2,2,158.015892023,86.0897497373,1.72647337337,67.7751324778,2020.19270196,14.4013343352,0.147538069617,21.6320540504
2,3,Software,,,18,000,00000,Indiana,2022,513210,Software Publishers,2,2,150.354474086,84.345298938,1.25564296682,136.437475521,2220.33533484,3.62672810097,0.15386249535,27.728392094
2,3,Software,,,18,000,00000,Indiana,2023,513210,Software Publishers,2,2,172.978018917,113.020241597,3.93911718937,112.907184269,2247.78151394,3.3159531151,0.16325294005,32.3912986021
2,4,"Manufacturing: Computer, Peripheral and Communications Equipment",,,0,000,00000,United States,2019,333242,Semiconductor Machinery Manufacturing ,2,2,7409.48424493,588.476953887,62.71633709,2706.72585325,11585.2456949,54.131732685,0.491594744299,380.642336288
2,4,"Manufacturing: Computer, Peripheral and Communications Equipment",,,0,000,00000,United States,2019,334111,Electronic Computer Manufacturing ,2,2,37643.446708,4330.43484621,218.031011963,10283.8421557,53693.8212856,233.229837132,0.504289602469,1914.10974373
2,4,"Manufacturing: Computer, Peripheral and Communications Equipment",,,0,000,00000,United States,2019,334112,Computer Storage Device Manufacturing ,2,2,3837.80899006,455.945184896,19.8113664076,1122.70463556,11293.3991249,34.8674329133,0.337411199386,279.818851189
2,4,"Manufacturing: Computer, Peripheral and Communications Equipment",,,0,000,00000,United States,2019,334118,Computer Terminal and Other Computer Peripheral Equipment Manufacturing ,2,2,5916.05842354,2316.77067676,33.4549599982,2840.36224211,23902.9766244,70.520238089,0.32864253262,523.805231908
2,4,"Manufacturing: Computer, Peripheral and Communications Equipment",,,0,000,00000,United States,2019,334210,Telephone Apparatus Manufacturing,2,2,3132.91906747,1085.67546102,29.3986853225,1849.05281296,11142.6026469,40.7128027583,0.363064500596,213.721766408
2,4,"Manufacturing: Computer, Peripheral and Communications Equipment",,,0,000,00000,United States,2019,334220,Radio and Television Broadcasting and Wireless Communications Equipment Manufacturing,2,2,7911.58283469,2799.57671584,69.5930394404,5694.24806103,31164.7951222,141.714444762,0.357501404415,724.113508405
2,4,"Manufacturing: Computer, Peripheral and Communications Equipment",,,0,000,00000,United States,2019,334290,Other Communications Equipment Manufacturing,2,2,2253.74953218,1131.47476222,14.5781699083,2124.56118198,12810.2694415,45.0747994981,0.310665582816,203.825913084
2,4,"Manufacturing: Computer, Peripheral and Communications Equipment",,,0,000,00000,United States,2019,334310,Audio and Video Equipment Manufacturing,2,2,3345.37128544,1193.89047467,31.4559003291,2902.3217316,12742.6544221,68.2290031061,0.381012345846,302.359213686
2,4,"Manufacturing: Computer, Peripheral and Communications Equipment",,,0,000,00000,United States,2019,334412,Bare Printed Circuit Board Manufacturing  ,2,2,7051.81769858,1484.7385125,40.2850304995,3747.55819942,14940.5274695,75.0308201796,0.460433603181,349.919840578
2,4,"Manufacturing: Computer, Peripheral and Communications Equipment",,,0,000,00000,United States,2019,334413,Semiconductor and Related Device Manufacturing ,2,2,49069.4504721,9037.47934464,379.132318651,22404.5203312,100238.87213,729.274158458,0.457231073858,2821.83658713
2,4,"Manufacturing: Computer, Peripheral and Communications Equipment",,,0,000,00000,United States,2019,334416,"Capacitor, Resistor, Coil, Transformer, and Other Inductor Manufacturing ",2,2,2370.48116428,1082.51893498,19.0722232745,2349.98528138,11115.3110179,27.3621234463,0.351605743949,178.096962062
2,4,"Manufacturing: Computer, Peripheral and Communications Equipment",,,0,000,00000,United States,2019,334417,Electronic Connector Manufacturing ,2,2,4300.60208694,1070.81659231,29.0333847345,3629.80727113,13243.4924808,86.0445184012,0.41423204087,248.972674619
2,4,"Manufacturing: Computer, Peripheral and Communications Equipment",,,0,000,00000,United States,2019,334418,Printed Circuit Assembly (Electronic Assembly) Manufacturing ,2,2,11668.6696993,3018.61554858,66.4505453277,7463.54338416,37349.4167357,197.259396336,0.382778206969,748.193090788
2,4,"Manufacturing: Computer, Peripheral and Communications Equipment",,,0,000,00000,United States,2019,334419,Other Electronic Component Manufacturing ,2,2,12492.2687814,3337.86680399,87.3581100913,8402.01896503,35915.9300464,192.647360601,0.413655270907,825.858786013
2,4,"Manufacturing: Computer, Peripheral and Communications Equipment",,,0,000,00000,United States,2019,334510,Electromedical and Electrotherapeutic Apparatus Manufacturing ,2,2,13271.586311,3521.46172379,111.611663136,7650.38787429,45355.868005,151.024830094,0.362268514443,1058.69426762
2,4,"Manufacturing: Computer, Peripheral and Communications Equipment",,,0,000,00000,United States,2019,334511,"Search, Detection, Navigation, Guidance, Aeronautical, and Nautical System and Instrument Manufacturing ",2,2,16495.1406236,8070.824907,165.253872397,14923.8330252,91893.3087337,365.385033755,0.313832684521,2008.85061237
2,4,"Manufacturing: Computer, Peripheral and Communications Equipment",,,0,000,00000,United States,2019,334512,"Automatic Environmental Control Manufacturing for Residential, Commercial, and Appliance Use ",2,2,1342.15087188,1058.84997943,6.91148216509,1551.56107699,10497.7027,26.9239297997,0.283067540703,158.426691329
2,4,"Manufacturing: Computer, Peripheral and Communications Equipment",,,0,000,00000,United States,2019,334513,"Instruments and Related Products Manufacturing for Measuring, Displaying, and Controlling Industrial Process Variables ",2,2,8125.09201036,3907.46842291,69.538682468,6258.99381882,44413.6588118,171.786133783,0.303557462456,825.642044973
2,4,"Manufacturing: Computer, Peripheral and Communications Equipment",,,0,000,00000,United States,2019,334514,Totalizing Fluid Meter and Counting Device Manufacturing ,2,2,807.082700893,751.173031395,1.03353719039,1020.74051187,6872.55553127,19.3217277994,0.282196457409,102.51705126
2,4,"Manufacturing: Computer, Peripheral and Communications Equipment",,,0,000,00000,United States,2019,334515,Instrument Manufacturing for Measuring and Testing Electricity and Electrical Signals ,2,2,6953.78526889,1834.42062589,77.8455872892,4133.12465701,24716.5435451,83.2906862216,0.35553360913,552.940786796
2,4,"Manufacturing: Computer, Peripheral and Communications Equipment",,,0,000,00000,United States,2019,334516,Analytical Laboratory Instrument Manufacturing ,2,2,6564.80299801,1987.99283011,64.2890435086,4073.98684049,26235.1442198,64.2727361938,0.335903329943,514.519266295
2,4,"Manufacturing: Computer, Peripheral and Communications Equipment",,,0,000,00000,United States,2019,334517,Irradiation Apparatus Manufacturing ,2,2,1952.39726253,662.9164197,18.3509265508,1367.92152842,10406.7925411,31.5251475316,0.288736283368,191.508261916
2,4,"Manufacturing: Computer, Peripheral and Communications Equipment",,,0,000,00000,United States,2019,334519,Other Measuring and Controlling Device Manufacturing ,2,2,4964.40997446,2146.93052349,34.9504532699,3935.89034867,24804.4317214,100.426412207,0.319497544182,463.132802229
2,4,"Manufacturing: Computer, Peripheral and Communications Equipment",,,0,000,00000,United States,2019,334610,Manufacturing and Reproducing Magnetic and Optical Media ,2,2,2781.2577663,835.547708991,24.1061957513,1244.68198427,6533.4395474,21.8138295296,0.439078920831,206.851351772
2,4,"Manufacturing: Computer, Peripheral and Communications Equipment",,,0,000,00000,United States,2020,333242,Semiconductor Machinery Manufacturing ,2,2,7818.98630653,597.593045032,71.3137968016,2722.96975709,11842.9938095,50.5100270803,0.496027543925,394.921099512
2,4,"Manufacturing: Computer, Peripheral and Communications Equipment",,,0,000,00000,United States,2020,334111,Electronic Computer Manufacturing ,2,2,39098.7288996,4437.29859595,233.341661174,10672.1570374,52681.9672273,250.62337082,0.518041116924,1933.89490162
2,4,"Manufacturing: Computer, Peripheral and Communications Equipment",,,0,000,00000,United States,2020,334112,Computer Storage Device Manufacturing ,2,2,4184.41080604,483.24237568,22.5370087654,1215.4389945,10616.7573801,30.1924798956,0.369505358856,286.195921975
2,4,"Manufacturing: Computer, Peripheral and Communications Equipment",,,0,000,00000,United States,2020,334118,Computer Terminal and Other Computer Peripheral Equipment Manufacturing ,2,2,5649.99154267,2194.73338768,34.8041377166,2630.19479813,22119.6704523,73.4363861451,0.333095614647,464.848108255
2,4,"Manufacturing: Computer, Peripheral and Communications Equipment",,,0,000,00000,United States,2020,334210,Telephone Apparatus Manufacturing,2,2,3059.98893449,1073.30320308,26.0510982442,1962.60388109,10555.4174334,39.4708121466,0.376780450023,220.081064172
2,4,"Manufacturing: Computer, Peripheral and Communications Equipment",,,0,000,00000,United States,2020,334220,Radio and Television Broadcasting and Wireless Communications Equipment Manufacturing,2,2,7891.84248383,2851.69889682,71.3642441162,5861.77262947,33351.7466742,143.896909051,0.345486251952,784.203940161
2,4,"Manufacturing: Computer, Peripheral and Communications Equipment",,,0,000,00000,United States,2020,334290,Other Communications Equipment Manufacturing,2,2,2107.8415639,1046.41761961,13.9078905726,2097.13240649,12167.6846845,42.4380819802,0.310979876201,183.981686474
2,4,"Manufacturing: Computer, Peripheral and Communications Equipment",,,0,000,00000,United States,2020,334310,Audio and Video Equipment Manufacturing,2,2,3162.33814792,1121.39713489,31.1519603126,2615.85004779,11848.3360124,63.5660234373,0.380414861599,280.375862021
2,4,"Manufacturing: Computer, Peripheral and Communications Equipment",,,0,000,00000,United States,2020,334412,Bare Printed Circuit Board Manufacturing  ,2,2,6737.69468239,1359.14291204,36.9772213995,3758.29654868,14343.2182605,75.7905754581,0.461770308872,337.75944506
2,4,"Manufacturing: Computer, Peripheral and Communications Equipment",,,0,000,00000,United States,2020,334413,Semiconductor and Related Device Manufacturing ,2,2,49624.6566731,9206.98857716,377.629882241,23154.2465706,98915.0704688,758.009608258,0.465341331129,2969.4146336
2,4,"Manufacturing: Computer, Peripheral and Communications Equipment",,,0,000,00000,United States,2020,334416,"Capacitor, Resistor, Coil, Transformer, and Other Inductor Manufacturing ",2,2,2268.09740316,1118.61504735,14.5496695946,2185.64373789,10548.8469567,28.9222446093,0.354563314528,179.061195768
2,4,"Manufacturing: Computer, Peripheral and Communications Equipment",,,0,000,00000,United States,2020,334417,Electronic Connector Manufacturing ,2,2,4042.84669102,1022.3243392,27.8708331647,3575.11976961,12695.2158241,92.5329572662,0.415107078495,249.286139269
2,4,"Manufacturing: Computer, Peripheral and Communications Equipment",,,0,000,00000,United States,2020,334418,Printed Circuit Assembly (Electronic Assembly) Manufacturing ,2,2,11339.8415456,2868.6837968,67.0168210078,7105.15717968,35642.1110968,180.932628236,0.38492454706,743.799670686
2,4,"Manufacturing: Computer, Peripheral and Communications Equipment",,,0,000,00000,United States,2020,334419,Other Electronic Component Manufacturing ,2,2,12152.4771841,3118.6319009,85.042332856,8205.16249702,34583.0899839,196.776491794,0.414793260565,754.328347621
2,4,"Manufacturing: Computer, Peripheral and Communications Equipment",,,0,000,00000,United States,2020,334510,Electromedical and Electrotherapeutic Apparatus Manufacturing ,2,2,14176.3390495,3690.2345799,126.955515534,8102.34446751,45792.6456461,158.544539553,0.374215826266,1129.35639301
2,4,"Manufacturing: Computer, Peripheral and Communications Equipment",,,0,000,00000,United States,2020,334511,"Search, Detection, Navigation, Guidance, Aeronautical, and Nautical System and Instrument Manufacturing ",2,2,16959.4386214,8351.10441271,174.822199795,15552.3144737,91296.3128639,349.003440617,0.322697675933,2111.03852715
2,4,"Manufacturing: Computer, Peripheral and Communications Equipment",,,0,000,00000,United States,2020,334512,"Automatic Environmental Control Manufacturing for Residential, Commercial, and Appliance Use ",2,2,1278.01819521,1045.03066576,6.68255695609,1427.46067086,9795.30888674,29.4757284505,0.287051751351,157.181650516
2,4,"Manufacturing: Computer, Peripheral and Communications Equipment",,,0,000,00000,United States,2020,334513,"Instruments and Related Products Manufacturing for Measuring, Displaying, and Controlling Industrial Process Variables ",2,2,7821.31036799,3721.30070518,65.1738464785,6030.88015543,42173.5151483,164.773511633,0.306213772511,810.524420857
2,4,"Manufacturing: Computer, Peripheral and Communications Equipment",,,0,000,00000,United States,2020,334514,Totalizing Fluid Meter and Counting Device Manufacturing ,2,2,763.792175529,746.944989729,1.94274104116,959.694106189,6503.6269469,14.3041700218,0.284295362897,96.721291464
2,4,"Manufacturing: Computer, Peripheral and Communications Equipment",,,0,000,00000,United States,2020,334515,Instrument Manufacturing for Measuring and Testing Electricity and Electrical Signals ,2,2,7054.82074341,2047.65674265,75.8061378331,4259.94799723,23671.9816856,102.509739257,0.373495440969,571.489924849
2,4,"Manufacturing: Computer, Peripheral and Communications Equipment",,,0,000,00000,United States,2020,334516,Analytical Laboratory Instrument Manufacturing ,2,2,6766.64899726,2019.7585639,60.2994650594,4133.91244082,25480.3532467,65.660295965,0.347966494048,551.655167377
2,4,"Manufacturing: Computer, Peripheral and Communications Equipment",,,0,000,00000,United States,2020,334517,Irradiation Apparatus Manufacturing ,2,2,1932.76561646,661.231045585,17.8220553108,1387.749639,9754.06817479,30.1396899362,0.302025133141,191.036681112
2,4,"Manufacturing: Computer, Peripheral and Communications Equipment",,,0,000,00000,United States,2020,334519,Other Measuring and Controlling Device Manufacturing ,2,2,4946.13183398,2021.45639884,33.0865688068,3829.24805472,23237.5258629,82.527142709,0.328463635164,453.549843726
2,4,"Manufacturing: Computer, Peripheral and Communications Equipment",,,0,000,00000,United States,2020,334610,Manufacturing and Reproducing Magnetic and Optical Media ,2,2,2728.78696468,694.256440593,26.3823962562,1211.89556632,6062.06326814,17.8255209088,0.445764397169,196.490772415
2,4,"Manufacturing: Computer, Peripheral and Communications Equipment",,,0,000,00000,United States,2021,333242,Semiconductor Machinery Manufacturing ,2,2,8580.18595365,718.727027489,85.6416211816,3100.41908588,12829.882578,68.4822076378,0.503541525552,459.472633917
2,4,"Manufacturing: Computer, Peripheral and Communications Equipment",,,0,000,00000,United States,2021,334111,Electronic Computer Manufacturing ,2,2,39762.5824998,4564.13866429,246.027420734,11052.6898133,50801.7971034,261.192803541,0.532316074289,1935.7820014
2,4,"Manufacturing: Computer, Peripheral and Communications Equipment",,,0,000,00000,United States,2021,334112,Computer Storage Device Manufacturing ,2,2,4260.85857303,573.476928083,31.1742137925,1121.39012066,9406.25925111,24.1794350313,0.399591059499,249.082506689
2,4,"Manufacturing: Computer, Peripheral and Communications Equipment",,,0,000,00000,United States,2021,334118,Computer Terminal and Other Computer Peripheral Equipment Manufacturing ,2,2,5407.61387848,2134.57737417,33.9350270939,2550.02339846,20735.0870957,71.1773647359,0.339039725615,438.740678505
2,4,"Manufacturing: Computer, Peripheral and Communications Equipment",,,0,000,00000,United States,2021,334210,Telephone Apparatus Manufacturing,2,2,2859.51499515,1069.55243027,25.5303449731,1904.90284544,9955.01712474,38.9821866783,0.380613255137,218.876834605
2,4,"Manufacturing: Computer, Peripheral and Communications Equipment",,,0,000,00000,United States,2021,334220,Radio and Television Broadcasting and Wireless Communications Equipment Manufacturing,2,2,8184.83011934,3042.0570531,72.4622986614,6119.61972309,33318.029619,150.481244256,0.355743258362,827.973527541
2,4,"Manufacturing: Computer, Peripheral and Communications Equipment",,,0,000,00000,United States,2021,334290,Other Communications Equipment Manufacturing,2,2,2171.50549376,1093.97270983,17.8716306947,2206.82151346,12013.6385378,49.8193579802,0.323743000614,211.271598492
2,4,"Manufacturing: Computer, Peripheral and Communications Equipment",,,0,000,00000,United States,2021,334310,Audio and Video Equipment Manufacturing,2,2,3161.800639,1121.65709717,31.9902957454,2797.30565399,11610.4021167,58.8746639679,0.391169443875,287.975136604
2,4,"Manufacturing: Computer, Peripheral and Communications Equipment",,,0,000,00000,United States,2021,334412,Bare Printed Circuit Board Manufacturing  ,2,2,6544.74765674,1418.38448595,38.140247323,3696.53005154,14176.5657614,69.5991737802,0.460723897669,344.172780229
2,4,"Manufacturing: Computer, Peripheral and Communications Equipment",,,0,000,00000,United States,2021,334413,Semiconductor and Related Device Manufacturing ,2,2,50448.5265175,9740.61405269,393.41663976,23955.9002319,98820.0951672,791.853579541,0.472339006612,3129.10926833
2,4,"Manufacturing: Computer, Peripheral and Communications Equipment",,,0,000,00000,United States,2021,334416,"Capacitor, Resistor, Coil, Transformer, and Other Inductor Manufacturing ",2,2,2224.65523729,1051.95315512,14.2766197827,2152.5444586,10292.2694336,30.1401959062,0.354595705608,181.171979478
2,4,"Manufacturing: Computer, Peripheral and Communications Equipment",,,0,000,00000,United States,2021,334417,Electronic Connector Manufacturing ,2,2,4026.62072327,1031.5813888,29.8134145789,3648.2623422,12764.5626877,88.4257652804,0.415736992374,258.022520893
2,4,"Manufacturing: Computer, Peripheral and Communications Equipment",,,0,000,00000,United States,2021,334418,Printed Circuit Assembly (Electronic Assembly) Manufacturing ,2,2,11168.1967443,2733.34798153,63.3627520244,7174.5639136,34702.5451522,181.923742835,0.388676353836,742.300263742
2,4,"Manufacturing: Computer, Peripheral and Communications Equipment",,,0,000,00000,United States,2021,334419,Other Electronic Component Manufacturing ,2,2,11647.8754003,3183.3875836,90.4299391183,8340.20593894,35030.7758402,205.169394575,0.408861988092,762.049759773
2,4,"Manufacturing: Computer, Peripheral and Communications Equipment",,,0,000,00000,United States,2021,334510,Electromedical and Electrotherapeutic Apparatus Manufacturing ,2,2,14788.4332278,3883.57583154,129.179068418,8564.86231541,46145.3034184,168.235029082,0.383831102586,1211.08412454
2,4,"Manufacturing: Computer, Peripheral and Communications Equipment",,,0,000,00000,United States,2021,334511,"Search, Detection, Navigation, Guidance, Aeronautical, and Nautical System and Instrument Manufacturing ",2,2,16709.6103086,8334.32923821,167.884129897,15611.5726196,89178.4868577,331.726694355,0.326948304483,2165.10823185
2,4,"Manufacturing: Computer, Peripheral and Communications Equipment",,,0,000,00000,United States,2021,334512,"Automatic Environmental Control Manufacturing for Residential, Commercial, and Appliance Use ",2,2,1205.58462152,1058.55966711,6.11987403686,1347.24462639,9303.47542829,24.5195978188,0.290102067467,159.866692256
2,4,"Manufacturing: Computer, Peripheral and Communications Equipment",,,0,000,00000,United States,2021,334513,"Instruments and Related Products Manufacturing for Measuring, Displaying, and Controlling Industrial Process Variables ",2,2,7643.451616,3680.62683188,69.480355894,6017.65801982,41066.4524077,162.022144029,0.309271194284,814.108825071
2,4,"Manufacturing: Computer, Peripheral and Communications Equipment",,,0,000,00000,United States,2021,334514,Totalizing Fluid Meter and Counting Device Manufacturing ,2,2,768.851410718,738.087642397,1.4949642572,930.833818089,6250.04329452,12.5072394481,0.289491221175,94.7559738965
2,4,"Manufacturing: Computer, Peripheral and Communications Equipment",,,0,000,00000,United States,2021,334515,Instrument Manufacturing for Measuring and Testing Electricity and Electrical Signals ,2,2,7195.70980538,2036.42953944,75.448862757,4404.74111666,23300.7900739,100.457184576,0.38186342538,581.636790187
2,4,"Manufacturing: Computer, Peripheral and Communications Equipment",,,0,000,00000,United States,2021,334516,Analytical Laboratory Instrument Manufacturing ,2,2,7176.46836917,2169.82284393,67.7087567903,4503.24034716,26144.8285984,74.8325076644,0.35828963273,605.511247624
2,4,"Manufacturing: Computer, Peripheral and Communications Equipment",,,0,000,00000,United States,2021,334517,Irradiation Apparatus Manufacturing ,2,2,1977.62296441,685.439790712,18.2895419601,1492.15186344,9508.14728603,32.467152701,0.316648097786,199.865184549
2,4,"Manufacturing: Computer, Peripheral and Communications Equipment",,,0,000,00000,United States,2021,334519,Other Measuring and Controlling Device Manufacturing ,2,2,4902.03772572,2163.22982974,31.2530661027,3917.43358735,22669.168185,79.0371760327,0.337770811587,469.445713594
2,4,"Manufacturing: Computer, Peripheral and Communications Equipment",,,0,000,00000,United States,2021,334610,Manufacturing and Reproducing Magnetic and Optical Media ,2,2,2971.46854817,712.276387606,20.2202757827,1286.42354742,6073.72758196,16.8528377468,0.462100404448,210.594585594
2,4,"Manufacturing: Computer, Peripheral and Communications Equipment",,,0,000,00000,United States,2022,333242,Semiconductor Machinery Manufacturing ,2,2,9473.09873309,910.303660955,89.6311498182,3669.19595801,14238.3289779,79.7183748911,0.509122010482,545.564274749
2,4,"Manufacturing: Computer, Peripheral and Communications Equipment",,,0,000,00000,United States,2022,334111,Electronic Computer Manufacturing ,2,2,42134.5499586,5040.83763496,296.42402056,12149.3294983,51507.2800856,254.166262296,0.546321382152,2149.93988246
2,4,"Manufacturing: Computer, Peripheral and Communications Equipment",,,0,000,00000,United States,2022,334112,Computer Storage Device Manufacturing ,2,2,4070.55353446,581.423638098,22.742786986,1113.26272775,8891.68643238,24.3652051686,0.410390436087,376.600346986
2,4,"Manufacturing: Computer, Peripheral and Communications Equipment",,,0,000,00000,United States,2022,334118,Computer Terminal and Other Computer Peripheral Equipment Manufacturing ,2,2,5700.93132052,2358.67963463,30.078796972,2789.40948173,20933.817275,74.3547751927,0.353710050731,503.480419095
2,4,"Manufacturing: Computer, Peripheral and Communications Equipment",,,0,000,00000,United States,2022,334210,Telephone Apparatus Manufacturing,2,2,2810.68370709,1105.90510096,24.2089711442,1969.73749532,9687.36899633,43.3359326451,0.38936287879,223.122868838
2,4,"Manufacturing: Computer, Peripheral and Communications Equipment",,,0,000,00000,United States,2022,334220,Radio and Television Broadcasting and Wireless Communications Equipment Manufacturing,2,2,8077.48925404,3162.46804234,69.8758180225,6464.96144191,33254.0277085,144.583199381,0.361038682838,870.477029667
2,4,"Manufacturing: Computer, Peripheral and Communications Equipment",,,0,000,00000,United States,2022,334290,Other Communications Equipment Manufacturing,2,2,2291.59956915,1243.6291276,18.4030531573,2346.80529367,12201.1404902,53.5417532657,0.336568085697,235.826682175
2,4,"Manufacturing: Computer, Peripheral and Communications Equipment",,,0,000,00000,United States,2022,334310,Audio and Video Equipment Manufacturing,2,2,3323.9635652,1183.11607145,30.2253920241,2926.02094447,11511.7248283,48.9795579498,0.403985867546,290.486195631
2,4,"Manufacturing: Computer, Peripheral and Communications Equipment",,,0,000,00000,United States,2022,334412,Bare Printed Circuit Board Manufacturing  ,2,2,6644.74517134,1494.17453449,42.1781880932,3804.18386584,13857.0094158,69.4157547712,0.472500494886,357.529877417
2,4,"Manufacturing: Computer, Peripheral and Communications Equipment",,,0,000,00000,United States,2022,334413,Semiconductor and Related Device Manufacturing ,2,2,53741.2557574,10846.0209448,448.111315578,26817.7285816,103386.517821,917.928979578,0.482089775002,3464.90557368
2,4,"Manufacturing: Computer, Peripheral and Communications Equipment",,,0,000,00000,United States,2022,334416,"Capacitor, Resistor, Coil, Transformer, and Other Inductor Manufacturing ",2,2,2380.65392163,1138.63700553,14.1549888557,2350.32415165,10602.8747717,32.1191245982,0.36575400694,198.526941652
2,4,"Manufacturing: Computer, Peripheral and Communications Equipment",,,0,000,00000,United States,2022,334417,Electronic Connector Manufacturing ,2,2,4254.21544484,1089.0154182,32.5304849013,3932.1378899,13074.0599696,72.1118305056,0.424619111396,268.372874529
2,4,"Manufacturing: Computer, Peripheral and Communications Equipment",,,0,000,00000,United States,2022,334418,Printed Circuit Assembly (Electronic Assembly) Manufacturing ,2,2,11478.6260591,2904.2529558,72.7456573206,7599.58229391,35016.5767179,203.738214827,0.396818472327,777.609888868
2,4,"Manufacturing: Computer, Peripheral and Communications Equipment",,,0,000,00000,United States,2022,334419,Other Electronic Component Manufacturing ,2,2,12281.7675951,3526.50466467,99.7713047924,9019.24680627,36507.0899517,232.980962635,0.416245817117,871.102715848
2,4,"Manufacturing: Computer, Peripheral and Communications Equipment",,,0,000,00000,United States,2022,334510,Electromedical and Electrotherapeutic Apparatus Manufacturing ,2,2,15510.9641952,4303.68927825,134.790072114,9079.45913935,45652.1883264,188.325276576,0.400805436355,1319.84025129
2,4,"Manufacturing: Computer, Peripheral and Communications Equipment",,,0,000,00000,United States,2022,334511,"Search, Detection, Navigation, Guidance, Aeronautical, and Nautical System and Instrument Manufacturing ",2,2,16602.5595787,8378.48858925,175.635750592,15268.9434248,86241.001127,322.59403503,0.332385054925,2188.53446829
2,4,"Manufacturing: Computer, Peripheral and Communications Equipment",,,0,000,00000,United States,2022,334512,"Automatic Environmental Control Manufacturing for Residential, Commercial, and Appliance Use ",2,2,1198.79442347,1197.32275735,6.8047228554,1359.11581843,9228.10807771,27.0000551695,0.300291374025,171.355379867
2,4,"Manufacturing: Computer, Peripheral and Communications Equipment",,,0,000,00000,United States,2022,334513,"Instruments and Related Products Manufacturing for Measuring, Displaying, and Controlling Industrial Process Variables ",2,2,7102.07566686,3345.11134676,61.143094084,6376.34661558,38217.9703925,136.024775939,0.317721321839,776.518991118
2,4,"Manufacturing: Computer, Peripheral and Communications Equipment",,,0,000,00000,United States,2022,334514,Totalizing Fluid Meter and Counting Device Manufacturing ,2,2,778.776933623,739.358233366,3.22621129489,1003.72994636,6090.37060189,14.0111756567,0.301641853487,91.5114417691
2,4,"Manufacturing: Computer, Peripheral and Communications Equipment",,,0,000,00000,United States,2022,334515,Instrument Manufacturing for Measuring and Testing Electricity and Electrical Signals ,2,2,7521.63987887,2150.44980594,81.4444331593,4653.37168568,23024.6971632,98.0304302678,0.396521063357,623.640503801
2,4,"Manufacturing: Computer, Peripheral and Communications Equipment",,,0,000,00000,United States,2022,334516,Analytical Laboratory Instrument Manufacturing ,2,2,10340.8270528,2585.26974848,101.218331826,5566.03987209,28781.0827824,113.098724286,0.403738648532,781.704336166
2,4,"Manufacturing: Computer, Peripheral and Communications Equipment",,,0,000,00000,United States,2022,334517,Irradiation Apparatus Manufacturing ,2,2,2122.32101253,753.595596809,19.0926492471,1672.33205907,9543.88736241,32.1013804853,0.335132245997,211.23489608
2,4,"Manufacturing: Computer, Peripheral and Communications Equipment",,,0,000,00000,United States,2022,334519,Other Measuring and Controlling Device Manufacturing ,2,2,6802.40852656,2660.45839634,50.8970113143,4816.37951088,24492.0851922,90.9996789838,0.380690010565,634.147973478
2,4,"Manufacturing: Computer, Peripheral and Communications Equipment",,,0,000,00000,United States,2022,334610,Manufacturing and Reproducing Magnetic and Optical Media ,2,2,2958.9726581,819.455786776,18.6029018804,1459.77107406,6331.99680605,19.3417804385,0.464404409479,214.205774689
2,4,"Manufacturing: Computer, Peripheral and Communications Equipment",,,0,000,00000,United States,2023,333242,Semiconductor Machinery Manufacturing ,2,2,9753.39247695,942.5988716,91.4955615876,3820.74722856,14517.6498982,95.3607490599,0.512457967604,555.982475544
2,4,"Manufacturing: Computer, Peripheral and Communications Equipment",,,0,000,00000,United States,2023,334111,Electronic Computer Manufacturing ,2,2,43947.8338261,5142.76455039,278.617082316,12413.7788719,51600.3393844,270.184893302,0.554775036701,2243.71006905
2,4,"Manufacturing: Computer, Peripheral and Communications Equipment",,,0,000,00000,United States,2023,334112,Computer Storage Device Manufacturing ,2,2,3873.75984625,466.258385336,21.901510917,1047.90103816,8220.75906014,28.6351635618,0.411070562945,299.603392018
2,4,"Manufacturing: Computer, Peripheral and Communications Equipment",,,0,000,00000,United States,2023,334118,Computer Terminal and Other Computer Peripheral Equipment Manufacturing ,2,2,5759.88562819,2393.66436193,34.3278897186,2894.17309083,20598.5248733,64.3317411403,0.361427029338,512.212305088
2,4,"Manufacturing: Computer, Peripheral and Communications Equipment",,,0,000,00000,United States,2023,334210,Telephone Apparatus Manufacturing,2,2,2796.34075773,1054.99314394,21.2873535421,1881.09918331,8910.29929443,35.2052925928,0.402786477071,220.563211559
2,4,"Manufacturing: Computer, Peripheral and Communications Equipment",,,0,000,00000,United States,2023,334220,Radio and Television Broadcasting and Wireless Communications Equipment Manufacturing,2,2,8114.81659274,3168.65842995,78.5001810394,6766.87584632,32457.7210372,154.231486737,0.371674110403,916.658858495
2,4,"Manufacturing: Computer, Peripheral and Communications Equipment",,,0,000,00000,United States,2023,334290,Other Communications Equipment Manufacturing,2,2,2300.72128882,1288.73590467,19.6579509075,2435.72165168,12228.0414398,52.5355292188,0.341341380164,239.653284116
2,4,"Manufacturing: Computer, Peripheral and Communications Equipment",,,0,000,00000,United States,2023,334310,Audio and Video Equipment Manufacturing,2,2,3118.42515727,1132.33136523,33.5033432406,2897.03173491,11297.3183988,54.54695061,0.400219369959,302.593711044
2,4,"Manufacturing: Computer, Peripheral and Communications Equipment",,,0,000,00000,United States,2023,334412,Bare Printed Circuit Board Manufacturing  ,2,2,6836.50385368,1619.06751303,49.2776333621,3993.2550569,13838.7394384,72.5300350143,0.483601863674,389.211640452
2,4,"Manufacturing: Computer, Peripheral and Communications Equipment",,,0,000,00000,United States,2023,334413,Semiconductor and Related Device Manufacturing ,2,2,56347.2027712,11707.8783004,471.486999624,27918.0350864,102862.159411,922.354380262,0.495513545176,3665.6723509
2,4,"Manufacturing: Computer, Peripheral and Communications Equipment",,,0,000,00000,United States,2023,334416,"Capacitor, Resistor, Coil, Transformer, and Other Inductor Manufacturing ",2,2,2690.28879351,1277.51884138,17.2183465825,2509.89386245,11271.1041843,60.2678649087,0.376944659194,263.761182596
2,4,"Manufacturing: Computer, Peripheral and Communications Equipment",,,0,000,00000,United States,2023,334417,Electronic Connector Manufacturing ,2,2,4412.61920832,1091.61538234,33.0730591402,4235.21121378,13031.8031318,78.8692090912,0.437898420772,300.880168717
2,4,"Manufacturing: Computer, Peripheral and Communications Equipment",,,0,000,00000,United States,2023,334418,Printed Circuit Assembly (Electronic Assembly) Manufacturing ,2,2,11711.0838831,3202.99699058,82.5129998662,8202.31623154,35780.1303571,214.483867973,0.404294765834,869.957245918
2,4,"Manufacturing: Computer, Peripheral and Communications Equipment",,,0,000,00000,United States,2023,334419,Other Electronic Component Manufacturing ,2,2,12500.6285679,3653.93743727,98.9949564321,9417.05248157,37098.6744075,237.310374833,0.419772853435,931.593269147
2,4,"Manufacturing: Computer, Peripheral and Communications Equipment",,,0,000,00000,United States,2023,334510,Electromedical and Electrotherapeutic Apparatus Manufacturing ,2,2,15446.5141867,4441.25804308,139.01335921,9287.6322256,44419.2149492,197.828804715,0.409793125184,1328.95447298
2,4,"Manufacturing: Computer, Peripheral and Communications Equipment",,,0,000,00000,United States,2023,334511,"Search, Detection, Navigation, Guidance, Aeronautical, and Nautical System and Instrument Manufacturing ",2,2,15944.5635754,8640.5893352,175.66426391,14692.6967736,85740.0186631,333.356280744,0.328721417578,2199.54378174
2,4,"Manufacturing: Computer, Peripheral and Communications Equipment",,,0,000,00000,United States,2023,334512,"Automatic Environmental Control Manufacturing for Residential, Commercial, and Appliance Use ",2,2,1230.6048119,1272.68663395,7.0918696958,1466.56486553,9233.06106703,31.5863311561,0.311959110454,177.753775278
2,4,"Manufacturing: Computer, Peripheral and Communications Equipment",,,0,000,00000,United States,2023,334513,"Instruments and Related Products Manufacturing for Measuring, Displaying, and Controlling Industrial Process Variables ",2,2,7230.67388999,3663.85560825,62.5253500353,6775.6225936,38820.2953128,164.671614817,0.325898920571,870.596470678
2,4,"Manufacturing: Computer, Peripheral and Communications Equipment",,,0,000,00000,United States,2023,334514,Totalizing Fluid Meter and Counting Device Manufacturing ,2,2,764.445694763,779.453971673,5.9490858827,1019.36826001,6005.71559498,14.7139168092,0.309452472365,107.38786474
2,4,"Manufacturing: Computer, Peripheral and Communications Equipment",,,0,000,00000,United States,2023,334515,Instrument Manufacturing for Measuring and Testing Electricity and Electrical Signals ,2,2,7495.73701719,2234.31552764,78.9690991454,4785.94646711,22582.7129078,93.9721670048,0.404080144824,623.900572978
2,4,"Manufacturing: Computer, Peripheral and Communications Equipment",,,0,000,00000,United States,2023,334516,Analytical Laboratory Instrument Manufacturing ,2,2,9501.3901899,2651.72041087,86.0287069401,5524.40548893,27784.9139953,104.602765932,0.401262354963,752.762805433
2,4,"Manufacturing: Computer, Peripheral and Communications Equipment",,,0,000,00000,United States,2023,334517,Irradiation Apparatus Manufacturing ,2,2,2062.90739934,776.605793389,20.1976906447,1600.64709421,9240.01354784,26.7658032984,0.337230147354,214.374209476
2,4,"Manufacturing: Computer, Peripheral and Communications Equipment",,,0,000,00000,United States,2023,334519,Other Measuring and Controlling Device Manufacturing ,2,2,7400.90072533,2844.1157555,54.7590717475,5167.38411136,25195.8655285,89.7371722573,0.39177538978,672.502422572
2,4,"Manufacturing: Computer, Peripheral and Communications Equipment",,,0,000,00000,United States,2023,334610,Manufacturing and Reproducing Magnetic and Optical Media ,2,2,2664.85325077,857.967851441,20.0437071515,1405.32529732,6081.27291003,17.864297971,0.459341317488,200.569198825
2,4,"Manufacturing: Computer, Peripheral and Communications Equipment",,,00,000,14020,Bloomington MSA,2019,333242,Semiconductor Machinery Manufacturing ,2,2,0.0,0.0,0.0,0.0,0.0,0.0,0.0,0.0
2,4,"Manufacturing: Computer, Peripheral and Communications Equipment",,,00,000,14020,Bloomington MSA,2019,334111,Electronic Computer Manufacturing ,2,2,0.0,0.0,0.0,0.0,0.0,0.0,0.0,0.0
2,4,"Manufacturing: Computer, Peripheral and Communications Equipment",,,00,000,14020,Bloomington MSA,2019,334112,Computer Storage Device Manufacturing ,2,2,0.0,0.0,0.0,0.0,0.0,0.0,0.0,0.0
2,4,"Manufacturing: Computer, Peripheral and Communications Equipment",,,00,000,14020,Bloomington MSA,2019,334118,Computer Terminal and Other Computer Peripheral Equipment Manufacturing ,2,2,0.0,0.0,0.0,0.0,0.0,0.0,0.0,0.0
2,4,"Manufacturing: Computer, Peripheral and Communications Equipment",,,00,000,14020,Bloomington MSA,2019,334210,Telephone Apparatus Manufacturing,2,2,0.0,0.0,0.0,0.0,0.0,0.0,0.0,0.0
2,4,"Manufacturing: Computer, Peripheral and Communications Equipment",,,00,000,14020,Bloomington MSA,2019,334220,Radio and Television Broadcasting and Wireless Communications Equipment Manufacturing,2,2,1.16009309224,1.20562388146,0.0,0.0,18.2425209543,0.0,0.114794723448,0.0
2,4,"Manufacturing: Computer, Peripheral and Communications Equipment",,,00,000,14020,Bloomington MSA,2019,334290,Other Communications Equipment Manufacturing,2,2,0.0,0.0,0.0,0.0,0.0,0.0,0.0,0.0
2,4,"Manufacturing: Computer, Peripheral and Communications Equipment",,,00,000,14020,Bloomington MSA,2019,334310,Audio and Video Equipment Manufacturing,2,2,0.0,0.0,0.0,0.0,0.0,0.0,0.0,0.0
2,4,"Manufacturing: Computer, Peripheral and Communications Equipment",,,00,000,14020,Bloomington MSA,2019,334412,Bare Printed Circuit Board Manufacturing  ,2,2,0.0,0.0,0.0,0.0,0.0,0.0,0.0,0.0
2,4,"Manufacturing: Computer, Peripheral and Communications Equipment",,,00,000,14020,Bloomington MSA,2019,334413,Semiconductor and Related Device Manufacturing ,2,2,0.0,0.0,0.0,1.05755043226,36.0841610058,0.0,0.0284733899251,0.0
2,4,"Manufacturing: Computer, Peripheral and Communications Equipment",,,00,000,14020,Bloomington MSA,2019,334416,"Capacitor, Resistor, Coil, Transformer, and Other Inductor Manufacturing ",2,2,0.0,0.0,0.0,0.0,0.0,0.0,0.0,0.0
2,4,"Manufacturing: Computer, Peripheral and Communications Equipment",,,00,000,14020,Bloomington MSA,2019,334417,Electronic Connector Manufacturing ,2,2,0.0,0.0,0.0,0.0,0.0,0.0,0.0,0.0
2,4,"Manufacturing: Computer, Peripheral and Communications Equipment",,,00,000,14020,Bloomington MSA,2019,334418,Printed Circuit Assembly (Electronic Assembly) Manufacturing ,2,2,0.0,0.0,0.0,0.0,0.0,0.0,0.0,0.0
2,4,"Manufacturing: Computer, Peripheral and Communications Equipment",,,00,000,14020,Bloomington MSA,2019,334419,Other Electronic Component Manufacturing ,2,2,0.0,0.0,0.0,0.0,0.0,0.0,0.0,0.0
2,4,"Manufacturing: Computer, Peripheral and Communications Equipment",,,00,000,14020,Bloomington MSA,2019,334510,Electromedical and Electrotherapeutic Apparatus Manufacturing ,2,2,0.0,0.0,0.0,0.0,0.824618989901,0.0,0.0,0.0
2,4,"Manufacturing: Computer, Peripheral and Communications Equipment",,,00,000,14020,Bloomington MSA,2019,334511,"Search, Detection, Navigation, Guidance, Aeronautical, and Nautical System and Instrument Manufacturing ",2,2,0.0,0.0,0.0,0.0,0.0,0.0,0.0,0.0
2,4,"Manufacturing: Computer, Peripheral and Communications Equipment",,,00,000,14020,Bloomington MSA,2019,334512,"Automatic Environmental Control Manufacturing for Residential, Commercial, and Appliance Use ",2,2,0.0,0.0,0.0,0.0,0.0,0.0,0.0,0.0
2,4,"Manufacturing: Computer, Peripheral and Communications Equipment",,,00,000,14020,Bloomington MSA,2019,334513,"Instruments and Related Products Manufacturing for Measuring, Displaying, and Controlling Industrial Process Variables ",2,2,0.0,0.0,0.0,0.0,0.0,0.0,0.0,0.0
2,4,"Manufacturing: Computer, Peripheral and Communications Equipment",,,00,000,14020,Bloomington MSA,2019,334514,Totalizing Fluid Meter and Counting Device Manufacturing ,2,2,0.0,0.0,0.0,0.0,0.0,0.0,0.0,0.0
2,4,"Manufacturing: Computer, Peripheral and Communications Equipment",,,00,000,14020,Bloomington MSA,2019,334515,Instrument Manufacturing for Measuring and Testing Electricity and Electrical Signals ,2,2,0.0,0.0,0.0,0.0,0.0,0.0,0.0,0.0
2,4,"Manufacturing: Computer, Peripheral and Communications Equipment",,,00,000,14020,Bloomington MSA,2019,334516,Analytical Laboratory Instrument Manufacturing ,2,2,0.0,0.0,0.0,0.0,3.50327523217,0.0,0.0,0.0
2,4,"Manufacturing: Computer, Peripheral and Communications Equipment",,,00,000,14020,Bloomington MSA,2019,334517,Irradiation Apparatus Manufacturing ,2,2,0.0,0.0,0.0,0.0,0.0,0.0,0.0,0.0
2,4,"Manufacturing: Computer, Peripheral and Communications Equipment",,,00,000,14020,Bloomington MSA,2019,334519,Other Measuring and Controlling Device Manufacturing ,2,2,0.0,0.0,0.0,0.0,12.9221034082,0.0,0.0,0.0
2,4,"Manufacturing: Computer, Peripheral and Communications Equipment",,,00,000,14020,Bloomington MSA,2019,334610,Manufacturing and Reproducing Magnetic and Optical Media ,2,2,0.0,0.0,0.0,0.0,0.0,0.0,0.0,0.0
2,4,"Manufacturing: Computer, Peripheral and Communications Equipment",,,00,000,14020,Bloomington MSA,2020,333242,Semiconductor Machinery Manufacturing ,2,2,0.0,0.0,0.0,0.0,0.0,0.0,0.0,0.0
2,4,"Manufacturing: Computer, Peripheral and Communications Equipment",,,00,000,14020,Bloomington MSA,2020,334111,Electronic Computer Manufacturing ,2,2,0.0,0.0,0.0,0.0,0.0,0.0,0.0,0.0
2,4,"Manufacturing: Computer, Peripheral and Communications Equipment",,,00,000,14020,Bloomington MSA,2020,334112,Computer Storage Device Manufacturing ,2,2,0.0,0.0,0.0,0.0,0.0,0.0,0.0,0.0
2,4,"Manufacturing: Computer, Peripheral and Communications Equipment",,,00,000,14020,Bloomington MSA,2020,334118,Computer Terminal and Other Computer Peripheral Equipment Manufacturing ,2,2,0.0,0.0,0.0,0.0,0.0,0.0,0.0,0.0
2,4,"Manufacturing: Computer, Peripheral and Communications Equipment",,,00,000,14020,Bloomington MSA,2020,334210,Telephone Apparatus Manufacturing,2,2,0.0,0.0,0.0,0.0,0.0,0.0,0.0,0.0
2,4,"Manufacturing: Computer, Peripheral and Communications Equipment",,,00,000,14020,Bloomington MSA,2020,334220,Radio and Television Broadcasting and Wireless Communications Equipment Manufacturing,2,2,0.0,4.05076855522,0.0,2.11880934337,39.1634097687,0.0,0.154600555194,0.992344114372
2,4,"Manufacturing: Computer, Peripheral and Communications Equipment",,,00,000,14020,Bloomington MSA,2020,334290,Other Communications Equipment Manufacturing,2,2,0.0,0.0,0.0,0.0,0.0,0.0,0.0,0.0
2,4,"Manufacturing: Computer, Peripheral and Communications Equipment",,,00,000,14020,Bloomington MSA,2020,334310,Audio and Video Equipment Manufacturing,2,2,0.0,0.0,0.0,0.0,0.0,0.0,0.0,0.0
2,4,"Manufacturing: Computer, Peripheral and Communications Equipment",,,00,000,14020,Bloomington MSA,2020,334412,Bare Printed Circuit Board Manufacturing  ,2,2,0.0,0.0,0.0,0.0,0.0,0.0,0.0,0.0
2,4,"Manufacturing: Computer, Peripheral and Communications Equipment",,,00,000,14020,Bloomington MSA,2020,334413,Semiconductor and Related Device Manufacturing ,2,2,0.0,0.0,0.0,0.52398345002,23.1506675118,0.0,0.0221326789935,0.0
2,4,"Manufacturing: Computer, Peripheral and Communications Equipment",,,00,000,14020,Bloomington MSA,2020,334416,"Capacitor, Resistor, Coil, Transformer, and Other Inductor Manufacturing ",2,2,0.0,0.0,0.0,0.0,0.0,0.0,0.0,0.0
2,4,"Manufacturing: Computer, Peripheral and Communications Equipment",,,00,000,14020,Bloomington MSA,2020,334417,Electronic Connector Manufacturing ,2,2,0.0,0.0,0.0,0.0,0.0,0.0,0.0,0.0
2,4,"Manufacturing: Computer, Peripheral and Communications Equipment",,,00,000,14020,Bloomington MSA,2020,334418,Printed Circuit Assembly (Electronic Assembly) Manufacturing ,2,2,0.0,0.0,0.0,0.0,0.0,0.0,0.0,0.0
2,4,"Manufacturing: Computer, Peripheral and Communications Equipment",,,00,000,14020,Bloomington MSA,2020,334419,Other Electronic Component Manufacturing ,2,2,0.0,0.0,0.0,0.0,0.0,0.0,0.0,0.0
2,4,"Manufacturing: Computer, Peripheral and Communications Equipment",,,00,000,14020,Bloomington MSA,2020,334510,Electromedical and Electrotherapeutic Apparatus Manufacturing ,2,2,0.575677063474,0.0,0.0,0.0,20.2943832068,0.0,0.0651389005577,0.83838734714
2,4,"Manufacturing: Computer, Peripheral and Communications Equipment",,,00,000,14020,Bloomington MSA,2020,334511,"Search, Detection, Navigation, Guidance, Aeronautical, and Nautical System and Instrument Manufacturing ",2,2,0.0,0.0,0.0,0.0,0.0,0.0,0.0,0.0
2,4,"Manufacturing: Computer, Peripheral and Communications Equipment",,,00,000,14020,Bloomington MSA,2020,334512,"Automatic Environmental Control Manufacturing for Residential, Commercial, and Appliance Use ",2,2,0.0,0.0,0.0,0.0,0.0,0.0,0.0,0.0
2,4,"Manufacturing: Computer, Peripheral and Communications Equipment",,,00,000,14020,Bloomington MSA,2020,334513,"Instruments and Related Products Manufacturing for Measuring, Displaying, and Controlling Industrial Process Variables ",2,2,0.0,0.0,0.0,0.0,0.0,0.0,0.0,0.0
2,4,"Manufacturing: Computer, Peripheral and Communications Equipment",,,00,000,14020,Bloomington MSA,2020,334514,Totalizing Fluid Meter and Counting Device Manufacturing ,2,2,0.0,0.0,0.0,0.0,0.0,0.0,0.0,0.0
2,4,"Manufacturing: Computer, Peripheral and Communications Equipment",,,00,000,14020,Bloomington MSA,2020,334515,Instrument Manufacturing for Measuring and Testing Electricity and Electrical Signals ,2,2,0.0,0.0,0.0,0.0,0.0,0.0,0.0,0.0
2,4,"Manufacturing: Computer, Peripheral and Communications Equipment",,,00,000,14020,Bloomington MSA,2020,334516,Analytical Laboratory Instrument Manufacturing ,2,2,0.0,0.0,0.0,0.0,0.336190069782,0.0,0.0,0.0
2,4,"Manufacturing: Computer, Peripheral and Communications Equipment",,,00,000,14020,Bloomington MSA,2020,334517,Irradiation Apparatus Manufacturing ,2,2,0.0,0.0,0.0,0.0,0.0,0.0,0.0,0.0
2,4,"Manufacturing: Computer, Peripheral and Communications Equipment",,,00,000,14020,Bloomington MSA,2020,334519,Other Measuring and Controlling Device Manufacturing ,2,2,0.0,0.0,0.0,0.0,5.3720292217,0.0,0.0,0.0
2,4,"Manufacturing: Computer, Peripheral and Communications Equipment",,,00,000,14020,Bloomington MSA,2020,334610,Manufacturing and Reproducing Magnetic and Optical Media ,2,2,0.0,0.0,0.0,0.0,0.0,0.0,0.0,0.0
2,4,"Manufacturing: Computer, Peripheral and Communications Equipment",,,00,000,14020,Bloomington MSA,2021,333242,Semiconductor Machinery Manufacturing ,2,2,0.0,0.0,0.0,0.0,0.0,0.0,0.0,0.0
2,4,"Manufacturing: Computer, Peripheral and Communications Equipment",,,00,000,14020,Bloomington MSA,2021,334111,Electronic Computer Manufacturing ,2,2,0.0,0.0,0.0,0.0,0.0,0.0,0.0,0.0
2,4,"Manufacturing: Computer, Peripheral and Communications Equipment",,,00,000,14020,Bloomington MSA,2021,334112,Computer Storage Device Manufacturing ,2,2,0.0,0.0,0.0,0.0,0.0,0.0,0.0,0.0
2,4,"Manufacturing: Computer, Peripheral and Communications Equipment",,,00,000,14020,Bloomington MSA,2021,334118,Computer Terminal and Other Computer Peripheral Equipment Manufacturing ,2,2,0.0,0.0,0.0,0.0,0.0,0.0,0.0,0.0
2,4,"Manufacturing: Computer, Peripheral and Communications Equipment",,,00,000,14020,Bloomington MSA,2021,334210,Telephone Apparatus Manufacturing,2,2,0.0,0.0,0.0,0.0,0.0,0.0,0.0,0.0
2,4,"Manufacturing: Computer, Peripheral and Communications Equipment",,,00,000,14020,Bloomington MSA,2021,334220,Radio and Television Broadcasting and Wireless Communications Equipment Manufacturing,2,2,0.0,6.05916834508,0.0,2.61275048196,62.2732786625,0.0,0.161024942302,3.28022565157
2,4,"Manufacturing: Computer, Peripheral and Communications Equipment",,,00,000,14020,Bloomington MSA,2021,334290,Other Communications Equipment Manufacturing,2,2,0.0,0.0,0.0,0.0,0.0,0.0,0.0,0.0
2,4,"Manufacturing: Computer, Peripheral and Communications Equipment",,,00,000,14020,Bloomington MSA,2021,334310,Audio and Video Equipment Manufacturing,2,2,0.0,0.0,0.0,0.0,0.0,0.0,0.0,0.0
2,4,"Manufacturing: Computer, Peripheral and Communications Equipment",,,00,000,14020,Bloomington MSA,2021,334412,Bare Printed Circuit Board Manufacturing  ,2,2,0.0,0.0,0.0,0.0,0.0,0.0,0.0,0.0
2,4,"Manufacturing: Computer, Peripheral and Communications Equipment",,,00,000,14020,Bloomington MSA,2021,334413,Semiconductor and Related Device Manufacturing ,2,2,0.0,0.0,0.0,1.03763410003,39.8834853407,0.0,0.0452691093641,0.853464090484
2,4,"Manufacturing: Computer, Peripheral and Communications Equipment",,,00,000,14020,Bloomington MSA,2021,334416,"Capacitor, Resistor, Coil, Transformer, and Other Inductor Manufacturing ",2,2,0.0,0.0,0.0,0.0,0.0,0.0,0.0,0.0
2,4,"Manufacturing: Computer, Peripheral and Communications Equipment",,,00,000,14020,Bloomington MSA,2021,334417,Electronic Connector Manufacturing ,2,2,0.0,0.0,0.0,0.0,0.0,0.0,0.0,0.0
2,4,"Manufacturing: Computer, Peripheral and Communications Equipment",,,00,000,14020,Bloomington MSA,2021,334418,Printed Circuit Assembly (Electronic Assembly) Manufacturing ,2,2,0.0,0.0,0.0,0.0,0.0,0.0,0.0,0.0
2,4,"Manufacturing: Computer, Peripheral and Communications Equipment",,,00,000,14020,Bloomington MSA,2021,334419,Other Electronic Component Manufacturing ,2,2,0.0,0.0,0.0,0.0,0.0,0.0,0.0,0.0
2,4,"Manufacturing: Computer, Peripheral and Communications Equipment",,,00,000,14020,Bloomington MSA,2021,334510,Electromedical and Electrotherapeutic Apparatus Manufacturing ,2,2,0.0,0.0,0.0,0.0,0.942414506006,0.0,0.0,0.0
2,4,"Manufacturing: Computer, Peripheral and Communications Equipment",,,00,000,14020,Bloomington MSA,2021,334511,"Search, Detection, Navigation, Guidance, Aeronautical, and Nautical System and Instrument Manufacturing ",2,2,0.0,0.0,0.0,0.0,0.0,0.0,0.0,0.0
2,4,"Manufacturing: Computer, Peripheral and Communications Equipment",,,00,000,14020,Bloomington MSA,2021,334512,"Automatic Environmental Control Manufacturing for Residential, Commercial, and Appliance Use ",2,2,0.0,0.0,0.0,0.0,0.0,0.0,0.0,0.0
2,4,"Manufacturing: Computer, Peripheral and Communications Equipment",,,00,000,14020,Bloomington MSA,2021,334513,"Instruments and Related Products Manufacturing for Measuring, Displaying, and Controlling Industrial Process Variables ",2,2,0.0,0.0,0.0,0.0,0.0,0.0,0.0,0.0
2,4,"Manufacturing: Computer, Peripheral and Communications Equipment",,,00,000,14020,Bloomington MSA,2021,334514,Totalizing Fluid Meter and Counting Device Manufacturing ,2,2,0.0,0.0,0.0,0.0,0.0,0.0,0.0,0.0
2,4,"Manufacturing: Computer, Peripheral and Communications Equipment",,,00,000,14020,Bloomington MSA,2021,334515,Instrument Manufacturing for Measuring and Testing Electricity and Electrical Signals ,2,2,0.0,0.0,0.0,0.0,0.0,0.0,0.0,0.0
2,4,"Manufacturing: Computer, Peripheral and Communications Equipment",,,00,000,14020,Bloomington MSA,2021,334516,Analytical Laboratory Instrument Manufacturing ,2,2,0.0,0.0,0.0,0.0,4.88809879335,0.0,0.0,0.0
2,4,"Manufacturing: Computer, Peripheral and Communications Equipment",,,00,000,14020,Bloomington MSA,2021,334517,Irradiation Apparatus Manufacturing ,2,2,0.0,0.0,0.0,0.0,0.0,0.0,0.0,0.0
2,4,"Manufacturing: Computer, Peripheral and Communications Equipment",,,00,000,14020,Bloomington MSA,2021,334519,Other Measuring and Controlling Device Manufacturing ,2,2,0.0,1.00048116433,0.0,0.0,20.985376598,0.0,0.0810455576644,0.850286916038
2,4,"Manufacturing: Computer, Peripheral and Communications Equipment",,,00,000,14020,Bloomington MSA,2021,334610,Manufacturing and Reproducing Magnetic and Optical Media ,2,2,0.0,0.0,0.0,0.0,0.0,0.0,0.0,0.0
2,4,"Manufacturing: Computer, Peripheral and Communications Equipment",,,00,000,14020,Bloomington MSA,2022,333242,Semiconductor Machinery Manufacturing ,2,2,0.0,0.0,0.0,0.0,0.0,0.0,0.0,0.0
2,4,"Manufacturing: Computer, Peripheral and Communications Equipment",,,00,000,14020,Bloomington MSA,2022,334111,Electronic Computer Manufacturing ,2,2,0.0,0.0,0.0,0.0,0.0,0.0,0.0,0.0
2,4,"Manufacturing: Computer, Peripheral and Communications Equipment",,,00,000,14020,Bloomington MSA,2022,334112,Computer Storage Device Manufacturing ,2,2,0.0,0.0,0.0,0.0,0.0,0.0,0.0,0.0
2,4,"Manufacturing: Computer, Peripheral and Communications Equipment",,,00,000,14020,Bloomington MSA,2022,334118,Computer Terminal and Other Computer Peripheral Equipment Manufacturing ,2,2,0.0,0.0,0.0,0.0,0.0,0.0,0.0,0.0
2,4,"Manufacturing: Computer, Peripheral and Communications Equipment",,,00,000,14020,Bloomington MSA,2022,334210,Telephone Apparatus Manufacturing,2,2,0.0,0.0,0.0,0.0,0.0,0.0,0.0,0.0
2,4,"Manufacturing: Computer, Peripheral and Communications Equipment",,,00,000,14020,Bloomington MSA,2022,334220,Radio and Television Broadcasting and Wireless Communications Equipment Manufacturing,2,2,0.0,10.1448620594,0.0,3.68147398987,87.642979834,0.0,0.16505882397,3.4997314581
2,4,"Manufacturing: Computer, Peripheral and Communications Equipment",,,00,000,14020,Bloomington MSA,2022,334290,Other Communications Equipment Manufacturing,2,2,0.0,0.0,0.0,0.0,0.0,0.0,0.0,0.0
2,4,"Manufacturing: Computer, Peripheral and Communications Equipment",,,00,000,14020,Bloomington MSA,2022,334310,Audio and Video Equipment Manufacturing,2,2,0.0,0.0,0.0,0.0,0.0,0.0,0.0,0.0
2,4,"Manufacturing: Computer, Peripheral and Communications Equipment",,,00,000,14020,Bloomington MSA,2022,334412,Bare Printed Circuit Board Manufacturing  ,2,2,0.0,0.0,0.0,0.0,0.0,0.0,0.0,0.0
2,4,"Manufacturing: Computer, Peripheral and Communications Equipment",,,00,000,14020,Bloomington MSA,2022,334413,Semiconductor and Related Device Manufacturing ,2,2,0.0,0.0,0.0,0.0,43.5854596271,0.0,0.0,0.0
2,4,"Manufacturing: Computer, Peripheral and Communications Equipment",,,00,000,14020,Bloomington MSA,2022,334416,"Capacitor, Resistor, Coil, Transformer, and Other Inductor Manufacturing ",2,2,0.0,0.0,0.0,0.0,0.0,0.0,0.0,0.0
2,4,"Manufacturing: Computer, Peripheral and Communications Equipment",,,00,000,14020,Bloomington MSA,2022,334417,Electronic Connector Manufacturing ,2,2,0.0,0.0,0.0,0.0,0.0,0.0,0.0,0.0
2,4,"Manufacturing: Computer, Peripheral and Communications Equipment",,,00,000,14020,Bloomington MSA,2022,334418,Printed Circuit Assembly (Electronic Assembly) Manufacturing ,2,2,0.0,0.0,0.0,0.0,0.0,0.0,0.0,0.0
2,4,"Manufacturing: Computer, Peripheral and Communications Equipment",,,00,000,14020,Bloomington MSA,2022,334419,Other Electronic Component Manufacturing ,2,2,0.0,0.0,0.0,0.0,0.0,0.0,0.0,0.0
2,4,"Manufacturing: Computer, Peripheral and Communications Equipment",,,00,000,14020,Bloomington MSA,2022,334510,Electromedical and Electrotherapeutic Apparatus Manufacturing ,2,2,0.0,0.0,0.0,0.0,2.21676044617,0.0,0.0,0.0
2,4,"Manufacturing: Computer, Peripheral and Communications Equipment",,,00,000,14020,Bloomington MSA,2022,334511,"Search, Detection, Navigation, Guidance, Aeronautical, and Nautical System and Instrument Manufacturing ",2,2,0.0,0.0,0.0,0.0,0.0,0.0,0.0,0.0
2,4,"Manufacturing: Computer, Peripheral and Communications Equipment",,,00,000,14020,Bloomington MSA,2022,334512,"Automatic Environmental Control Manufacturing for Residential, Commercial, and Appliance Use ",2,2,0.0,0.0,0.0,0.0,0.0,0.0,0.0,0.0
2,4,"Manufacturing: Computer, Peripheral and Communications Equipment",,,00,000,14020,Bloomington MSA,2022,334513,"Instruments and Related Products Manufacturing for Measuring, Displaying, and Controlling Industrial Process Variables ",2,2,0.0,0.0,0.0,0.0,0.0,0.0,0.0,0.0
2,4,"Manufacturing: Computer, Peripheral and Communications Equipment",,,00,000,14020,Bloomington MSA,2022,334514,Totalizing Fluid Meter and Counting Device Manufacturing ,2,2,0.0,0.0,0.0,0.0,0.0,0.0,0.0,0.0
2,4,"Manufacturing: Computer, Peripheral and Communications Equipment",,,00,000,14020,Bloomington MSA,2022,334515,Instrument Manufacturing for Measuring and Testing Electricity and Electrical Signals ,2,2,0.0,0.0,0.0,0.0,0.0,0.0,0.0,0.0
2,4,"Manufacturing: Computer, Peripheral and Communications Equipment",,,00,000,14020,Bloomington MSA,2022,334516,Analytical Laboratory Instrument Manufacturing ,2,2,0.0,0.0,0.0,0.0,4.06045754538,0.0,0.0,0.0
2,4,"Manufacturing: Computer, Peripheral and Communications Equipment",,,00,000,14020,Bloomington MSA,2022,334517,Irradiation Apparatus Manufacturing ,2,2,0.0,0.0,0.0,0.0,0.0,0.0,0.0,0.0
2,4,"Manufacturing: Computer, Peripheral and Communications Equipment",,,00,000,14020,Bloomington MSA,2022,334519,Other Measuring and Controlling Device Manufacturing ,2,2,0.0,1.92064528325,0.0,0.0,27.2760173541,0.0,0.100780001385,1.1363119363
2,4,"Manufacturing: Computer, Peripheral and Communications Equipment",,,00,000,14020,Bloomington MSA,2022,334610,Manufacturing and Reproducing Magnetic and Optical Media ,2,2,0.0,0.0,0.0,0.0,0.0,0.0,0.0,0.0
2,4,"Manufacturing: Computer, Peripheral and Communications Equipment",,,00,000,14020,Bloomington MSA,2023,333242,Semiconductor Machinery Manufacturing ,2,2,0.0,0.0,0.0,0.0,0.0,0.0,0.0,0.0
2,4,"Manufacturing: Computer, Peripheral and Communications Equipment",,,00,000,14020,Bloomington MSA,2023,334111,Electronic Computer Manufacturing ,2,2,0.0,0.0,0.0,0.0,0.0,0.0,0.0,0.0
2,4,"Manufacturing: Computer, Peripheral and Communications Equipment",,,00,000,14020,Bloomington MSA,2023,334112,Computer Storage Device Manufacturing ,2,2,0.0,0.0,0.0,0.0,0.0,0.0,0.0,0.0
2,4,"Manufacturing: Computer, Peripheral and Communications Equipment",,,00,000,14020,Bloomington MSA,2023,334118,Computer Terminal and Other Computer Peripheral Equipment Manufacturing ,2,2,0.0,0.0,0.0,0.0,0.0,0.0,0.0,0.0
2,4,"Manufacturing: Computer, Peripheral and Communications Equipment",,,00,000,14020,Bloomington MSA,2023,334210,Telephone Apparatus Manufacturing,2,2,0.0,0.0,0.0,0.0,0.0,0.0,0.0,0.0
2,4,"Manufacturing: Computer, Peripheral and Communications Equipment",,,00,000,14020,Bloomington MSA,2023,334220,Radio and Television Broadcasting and Wireless Communications Equipment Manufacturing,2,2,0.0,9.33175210401,0.0,3.69149701551,110.105321028,0.0,0.117183807254,1.59197976172
2,4,"Manufacturing: Computer, Peripheral and Communications Equipment",,,00,000,14020,Bloomington MSA,2023,334290,Other Communications Equipment Manufacturing,2,2,0.0,0.0,0.0,0.0,0.0,0.0,0.0,0.0
2,4,"Manufacturing: Computer, Peripheral and Communications Equipment",,,00,000,14020,Bloomington MSA,2023,334310,Audio and Video Equipment Manufacturing,2,2,0.0,0.0,0.0,0.0,0.0,0.0,0.0,0.0
2,4,"Manufacturing: Computer, Peripheral and Communications Equipment",,,00,000,14020,Bloomington MSA,2023,334412,Bare Printed Circuit Board Manufacturing  ,2,2,0.0,0.0,0.0,0.0,0.0,0.0,0.0,0.0
2,4,"Manufacturing: Computer, Peripheral and Communications Equipment",,,00,000,14020,Bloomington MSA,2023,334413,Semiconductor and Related Device Manufacturing ,2,2,0.0,0.0,0.0,0.0,27.9436830177,0.0,0.0,0.0
2,4,"Manufacturing: Computer, Peripheral and Communications Equipment",,,00,000,14020,Bloomington MSA,2023,334416,"Capacitor, Resistor, Coil, Transformer, and Other Inductor Manufacturing ",2,2,0.0,0.0,0.0,0.0,0.0,0.0,0.0,0.0
2,4,"Manufacturing: Computer, Peripheral and Communications Equipment",,,00,000,14020,Bloomington MSA,2023,334417,Electronic Connector Manufacturing ,2,2,0.0,0.0,0.0,0.0,0.0,0.0,0.0,0.0
2,4,"Manufacturing: Computer, Peripheral and Communications Equipment",,,00,000,14020,Bloomington MSA,2023,334418,Printed Circuit Assembly (Electronic Assembly) Manufacturing ,2,2,0.0,0.0,0.0,0.0,0.0,0.0,0.0,0.0
2,4,"Manufacturing: Computer, Peripheral and Communications Equipment",,,00,000,14020,Bloomington MSA,2023,334419,Other Electronic Component Manufacturing ,2,2,0.0,0.0,0.0,0.0,0.0,0.0,0.0,0.0
2,4,"Manufacturing: Computer, Peripheral and Communications Equipment",,,00,000,14020,Bloomington MSA,2023,334510,Electromedical and Electrotherapeutic Apparatus Manufacturing ,2,2,0.0,0.0,0.0,0.0,0.921489685043,0.0,0.0,0.0
2,4,"Manufacturing: Computer, Peripheral and Communications Equipment",,,00,000,14020,Bloomington MSA,2023,334511,"Search, Detection, Navigation, Guidance, Aeronautical, and Nautical System and Instrument Manufacturing ",2,2,0.0,0.0,0.0,0.0,0.0,0.0,0.0,0.0
2,4,"Manufacturing: Computer, Peripheral and Communications Equipment",,,00,000,14020,Bloomington MSA,2023,334512,"Automatic Environmental Control Manufacturing for Residential, Commercial, and Appliance Use ",2,2,0.0,0.0,0.0,0.0,0.0,0.0,0.0,0.0
2,4,"Manufacturing: Computer, Peripheral and Communications Equipment",,,00,000,14020,Bloomington MSA,2023,334513,"Instruments and Related Products Manufacturing for Measuring, Displaying, and Controlling Industrial Process Variables ",2,2,0.0,0.0,0.0,0.0,0.0,0.0,0.0,0.0
2,4,"Manufacturing: Computer, Peripheral and Communications Equipment",,,00,000,14020,Bloomington MSA,2023,334514,Totalizing Fluid Meter and Counting Device Manufacturing ,2,2,0.0,0.0,0.0,0.0,0.0,0.0,0.0,0.0
2,4,"Manufacturing: Computer, Peripheral and Communications Equipment",,,00,000,14020,Bloomington MSA,2023,334515,Instrument Manufacturing for Measuring and Testing Electricity and Electrical Signals ,2,2,0.0,0.0,0.0,0.0,0.0,0.0,0.0,0.0
2,4,"Manufacturing: Computer, Peripheral and Communications Equipment",,,00,000,14020,Bloomington MSA,2023,334516,Analytical Laboratory Instrument Manufacturing ,2,2,0.0,0.0,0.0,0.0,4.45904959416,0.0,0.0,0.0
2,4,"Manufacturing: Computer, Peripheral and Communications Equipment",,,00,000,14020,Bloomington MSA,2023,334517,Irradiation Apparatus Manufacturing ,2,2,0.0,0.0,0.0,0.0,0.0,0.0,0.0,0.0
2,4,"Manufacturing: Computer, Peripheral and Communications Equipment",,,00,000,14020,Bloomington MSA,2023,334519,Other Measuring and Controlling Device Manufacturing ,2,2,1.26860501746,1.07149174957,0.0,0.0,31.7033156473,0.0,0.0830049075775,0.52963591415
2,4,"Manufacturing: Computer, Peripheral and Communications Equipment",,,00,000,14020,Bloomington MSA,2023,334610,Manufacturing and Reproducing Magnetic and Optical Media ,2,2,0.0,0.0,0.0,0.0,0.0,0.0,0.0,0.0
2,4,"Manufacturing: Computer, Peripheral and Communications Equipment",,,00,000,16980,Chicago-Naperville-Elgin MSA,2019,333242,Semiconductor Machinery Manufacturing ,2,2,0.0,0.0,0.0,0.0,0.0,0.0,0.0,0.0
2,4,"Manufacturing: Computer, Peripheral and Communications Equipment",,,00,000,16980,Chicago-Naperville-Elgin MSA,2019,334111,Electronic Computer Manufacturing ,2,2,10.4684307362,6.64919057017,0.0,25.9991403018,80.9106310942,0.0,0.355542963179,1.52113337665
2,4,"Manufacturing: Computer, Peripheral and Communications Equipment",,,00,000,16980,Chicago-Naperville-Elgin MSA,2019,334112,Computer Storage Device Manufacturing ,2,2,0.0,0.0,0.0,1.72626642211,6.79662667484,0.0,0.202544652675,0.0
2,4,"Manufacturing: Computer, Peripheral and Communications Equipment",,,00,000,16980,Chicago-Naperville-Elgin MSA,2019,334118,Computer Terminal and Other Computer Peripheral Equipment Manufacturing ,2,2,94.8136321776,50.0011773103,0.0,157.714252672,418.728537361,0.0,0.424731806013,6.62644089338
2,4,"Manufacturing: Computer, Peripheral and Communications Equipment",,,00,000,16980,Chicago-Naperville-Elgin MSA,2019,334210,Telephone Apparatus Manufacturing,2,2,68.9055630787,23.7558007444,0.627059723517,67.7251227057,293.990077122,0.0,0.358102717829,2.99812439407
2,4,"Manufacturing: Computer, Peripheral and Communications Equipment",,,00,000,16980,Chicago-Naperville-Elgin MSA,2019,334220,Radio and Television Broadcasting and Wireless Communications Equipment Manufacturing,2,2,264.402491276,81.2618429748,1.6398627461,204.239749155,1029.89634894,2.64563143752,0.355747322135,14.5047884602
2,4,"Manufacturing: Computer, Peripheral and Communications Equipment",,,00,000,16980,Chicago-Naperville-Elgin MSA,2019,334290,Other Communications Equipment Manufacturing,2,2,139.516670472,49.4542372592,0.504824999087,104.076545445,595.463096649,0.586083996953,0.335849712243,6.97738428967
2,4,"Manufacturing: Computer, Peripheral and Communications Equipment",,,00,000,16980,Chicago-Naperville-Elgin MSA,2019,334310,Audio and Video Equipment Manufacturing,2,2,331.68292653,95.9442305275,3.11573731094,211.422624763,1051.33980171,2.0394706671,0.386637499365,18.5146767847
2,4,"Manufacturing: Computer, Peripheral and Communications Equipment",,,00,000,16980,Chicago-Naperville-Elgin MSA,2019,334412,Bare Printed Circuit Board Manufacturing  ,2,2,477.6797135,105.143239054,2.15509686942,524.054347644,947.062856514,2.31679848824,0.544188233609,19.337857751
2,4,"Manufacturing: Computer, Peripheral and Communications Equipment",,,00,000,16980,Chicago-Naperville-Elgin MSA,2019,334413,Semiconductor and Related Device Manufacturing ,2,2,33.8216074193,5.5221772343,0.0,33.1834839583,67.2267674541,0.0,0.518963678284,0.0
2,4,"Manufacturing: Computer, Peripheral and Communications Equipment",,,00,000,16980,Chicago-Naperville-Elgin MSA,2019,334416,"Capacitor, Resistor, Coil, Transformer, and Other Inductor Manufacturing ",2,2,70.1839979653,10.438653737,0.0,94.8804110256,167.692820723,0.0,0.515187573917,2.69628370722
2,4,"Manufacturing: Computer, Peripheral and Communications Equipment",,,00,000,16980,Chicago-Naperville-Elgin MSA,2019,334417,Electronic Connector Manufacturing ,2,2,291.38615169,54.2815899256,1.11210535219,277.066948148,533.377875446,0.711736235591,0.543253816375,9.84100343246
2,4,"Manufacturing: Computer, Peripheral and Communications Equipment",,,00,000,16980,Chicago-Naperville-Elgin MSA,2019,334418,Printed Circuit Assembly (Electronic Assembly) Manufacturing ,2,2,563.637058065,100.864765897,3.76548878266,564.419500873,1015.53643895,2.05834017684,0.552240024315,17.7559588434
2,4,"Manufacturing: Computer, Peripheral and Communications Equipment",,,00,000,16980,Chicago-Naperville-Elgin MSA,2019,334419,Other Electronic Component Manufacturing ,2,2,623.650285924,124.013635732,3.49355617029,694.373601249,1193.56888028,1.64469216076,0.552073990039,23.9116839815
2,4,"Manufacturing: Computer, Peripheral and Communications Equipment",,,00,000,16980,Chicago-Naperville-Elgin MSA,2019,334510,Electromedical and Electrotherapeutic Apparatus Manufacturing ,2,2,108.663238552,53.5422156509,0.0,154.249748726,667.55657188,0.577596145088,0.328768717497,9.93604715663
2,4,"Manufacturing: Computer, Peripheral and Communications Equipment",,,00,000,16980,Chicago-Naperville-Elgin MSA,2019,334511,"Search, Detection, Navigation, Guidance, Aeronautical, and Nautical System and Instrument Manufacturing ",2,2,327.326345291,184.303716723,1.39315178896,360.058325089,1916.31961833,2.01325781254,0.320762487416,29.8661868568
2,4,"Manufacturing: Computer, Peripheral and Communications Equipment",,,00,000,16980,Chicago-Naperville-Elgin MSA,2019,334512,"Automatic Environmental Control Manufacturing for Residential, Commercial, and Appliance Use ",2,2,230.898378015,113.435816656,0.605828946723,364.335978133,1411.51399268,2.49807983258,0.341287453882,19.5494972966
2,4,"Manufacturing: Computer, Peripheral and Communications Equipment",,,00,000,16980,Chicago-Naperville-Elgin MSA,2019,334513,"Instruments and Related Products Manufacturing for Measuring, Displaying, and Controlling Industrial Process Variables ",2,2,147.267596455,74.7394090144,0.0,270.256125885,1096.76461018,0.957129806133,0.316763562436,15.2641316109
2,4,"Manufacturing: Computer, Peripheral and Communications Equipment",,,00,000,16980,Chicago-Naperville-Elgin MSA,2019,334514,Totalizing Fluid Meter and Counting Device Manufacturing ,2,2,26.8041058367,18.5892484691,0.0,38.1984337059,244.297922523,0.0,0.264116455184,4.0893427326
2,4,"Manufacturing: Computer, Peripheral and Communications Equipment",,,00,000,16980,Chicago-Naperville-Elgin MSA,2019,334515,Instrument Manufacturing for Measuring and Testing Electricity and Electrical Signals ,2,2,96.4965829403,46.2712320413,0.0,139.507965445,577.478813561,0.0,0.334468883755,7.94159551509
2,4,"Manufacturing: Computer, Peripheral and Communications Equipment",,,00,000,16980,Chicago-Naperville-Elgin MSA,2019,334516,Analytical Laboratory Instrument Manufacturing ,2,2,50.1617330103,25.6888663054,0.0,58.9018978454,318.67691317,0.0,0.304335771566,4.66071439357
2,4,"Manufacturing: Computer, Peripheral and Communications Equipment",,,00,000,16980,Chicago-Naperville-Elgin MSA,2019,334517,Irradiation Apparatus Manufacturing ,2,2,42.4241191886,19.8371487087,0.0,65.9805097796,235.313999522,0.0,0.35730557994,2.58090016656
2,4,"Manufacturing: Computer, Peripheral and Communications Equipment",,,00,000,16980,Chicago-Naperville-Elgin MSA,2019,334519,Other Measuring and Controlling Device Manufacturing ,2,2,57.2760797833,29.0673303017,0.0,84.5685915495,381.238006991,0.0,0.315117896035,4.49763157979
2,4,"Manufacturing: Computer, Peripheral and Communications Equipment",,,00,000,16980,Chicago-Naperville-Elgin MSA,2019,334610,Manufacturing and Reproducing Magnetic and Optical Media ,2,2,73.4726670636,26.1809447082,0.578059226262,38.4231807557,427.724689515,0.0,0.255051365285,7.78714564491
2,4,"Manufacturing: Computer, Peripheral and Communications Equipment",,,00,000,16980,Chicago-Naperville-Elgin MSA,2020,333242,Semiconductor Machinery Manufacturing ,2,2,0.0,0.0,0.0,0.0,0.0,0.0,0.0,0.0
2,4,"Manufacturing: Computer, Peripheral and Communications Equipment",,,00,000,16980,Chicago-Naperville-Elgin MSA,2020,334111,Electronic Computer Manufacturing ,2,2,6.80778604363,3.73881334284,0.0,17.5343224766,44.9783883417,0.0,0.390669466842,0.756764805536
2,4,"Manufacturing: Computer, Peripheral and Communications Equipment",,,00,000,16980,Chicago-Naperville-Elgin MSA,2020,334112,Computer Storage Device Manufacturing ,2,2,6.33786805019,3.27863072334,0.0,11.558949625,30.5967972885,0.0,0.409011587532,0.0
2,4,"Manufacturing: Computer, Peripheral and Communications Equipment",,,00,000,16980,Chicago-Naperville-Elgin MSA,2020,334118,Computer Terminal and Other Computer Peripheral Equipment Manufacturing ,2,2,93.3226598491,46.1345285699,0.673420298776,154.123564193,388.060616823,0.664163043767,0.436533924109,5.72376319255
2,4,"Manufacturing: Computer, Peripheral and Communications Equipment",,,00,000,16980,Chicago-Naperville-Elgin MSA,2020,334210,Telephone Apparatus Manufacturing,2,2,58.8195187404,26.5752143811,0.644050006431,58.6719171458,283.804824499,0.0,0.343401223737,3.71925049469
2,4,"Manufacturing: Computer, Peripheral and Communications Equipment",,,00,000,16980,Chicago-Naperville-Elgin MSA,2020,334220,Radio and Television Broadcasting and Wireless Communications Equipment Manufacturing,2,2,244.701626145,79.3472753365,2.00957066025,196.047815496,946.117030052,0.96840809634,0.361891378935,13.4978960419
2,4,"Manufacturing: Computer, Peripheral and Communications Equipment",,,00,000,16980,Chicago-Naperville-Elgin MSA,2020,334290,Other Communications Equipment Manufacturing,2,2,121.077157168,52.2894661217,0.536458006034,96.9865417899,565.642962835,0.865210885369,0.330536192213,7.52160922646
2,4,"Manufacturing: Computer, Peripheral and Communications Equipment",,,00,000,16980,Chicago-Naperville-Elgin MSA,2020,334310,Audio and Video Equipment Manufacturing,2,2,344.600028307,86.9622046031,2.7004842023,202.079748836,1017.45882279,2.11577603764,0.390895984246,14.5017741616
2,4,"Manufacturing: Computer, Peripheral and Communications Equipment",,,00,000,16980,Chicago-Naperville-Elgin MSA,2020,334412,Bare Printed Circuit Board Manufacturing  ,2,2,460.891768407,90.7184826127,0.747898025123,496.789419449,847.481397597,2.8189808203,0.557314143529,14.9601716432
2,4,"Manufacturing: Computer, Peripheral and Communications Equipment",,,00,000,16980,Chicago-Naperville-Elgin MSA,2020,334413,Semiconductor and Related Device Manufacturing ,2,2,41.4828920483,7.23251450006,0.0,38.0564692531,79.6954221561,0.0,0.52334755609,0.73088422791
2,4,"Manufacturing: Computer, Peripheral and Communications Equipment",,,00,000,16980,Chicago-Naperville-Elgin MSA,2020,334416,"Capacitor, Resistor, Coil, Transformer, and Other Inductor Manufacturing ",2,2,68.4158658662,11.5765202178,0.0,86.8011278072,150.065123667,0.0,0.530293352012,2.62826838589
2,4,"Manufacturing: Computer, Peripheral and Communications Equipment",,,00,000,16980,Chicago-Naperville-Elgin MSA,2020,334417,Electronic Connector Manufacturing ,2,2,274.303382978,49.6347285492,0.976203738055,257.424321123,489.208981517,1.63686011702,0.547836620659,8.74520462938
2,4,"Manufacturing: Computer, Peripheral and Communications Equipment",,,00,000,16980,Chicago-Naperville-Elgin MSA,2020,334418,Printed Circuit Assembly (Electronic Assembly) Manufacturing ,2,2,497.360663775,89.2201165293,3.27439781307,503.342296021,883.099033885,2.42533385379,0.557392831759,16.4989707313
2,4,"Manufacturing: Computer, Peripheral and Communications Equipment",,,00,000,16980,Chicago-Naperville-Elgin MSA,2020,334419,Other Electronic Component Manufacturing ,2,2,598.539869915,114.76467152,2.7165159872,650.02643614,1102.07581043,3.65885681536,0.55791629822,21.1299415672
2,4,"Manufacturing: Computer, Peripheral and Communications Equipment",,,00,000,16980,Chicago-Naperville-Elgin MSA,2020,334510,Electromedical and Electrotherapeutic Apparatus Manufacturing ,2,2,105.7838146,47.10932525,0.522922734258,142.840220811,622.784584024,0.516238182773,0.329827930796,9.73346415209
2,4,"Manufacturing: Computer, Peripheral and Communications Equipment",,,00,000,16980,Chicago-Naperville-Elgin MSA,2020,334511,"Search, Detection, Navigation, Guidance, Aeronautical, and Nautical System and Instrument Manufacturing ",2,2,354.561046946,173.476346071,1.47518070266,356.733616117,1978.91968375,0.988298169088,0.316867308747,30.6764280478
2,4,"Manufacturing: Computer, Peripheral and Communications Equipment",,,00,000,16980,Chicago-Naperville-Elgin MSA,2020,334512,"Automatic Environmental Control Manufacturing for Residential, Commercial, and Appliance Use ",2,2,231.507924039,103.772060322,0.882771004775,311.635758786,1344.06536433,2.14742263476,0.332591084431,19.8445719107
2,4,"Manufacturing: Computer, Peripheral and Communications Equipment",,,00,000,16980,Chicago-Naperville-Elgin MSA,2020,334513,"Instruments and Related Products Manufacturing for Measuring, Displaying, and Controlling Industrial Process Variables ",2,2,137.739344734,62.3529553392,0.0,238.657249193,934.858786138,1.257402992,0.326277271164,12.7359352969
2,4,"Manufacturing: Computer, Peripheral and Communications Equipment",,,00,000,16980,Chicago-Naperville-Elgin MSA,2020,334514,Totalizing Fluid Meter and Counting Device Manufacturing ,2,2,32.9796885688,18.6240639401,0.0,37.3830487183,263.548881645,0.0,0.259139516553,3.19780208696
2,4,"Manufacturing: Computer, Peripheral and Communications Equipment",,,00,000,16980,Chicago-Naperville-Elgin MSA,2020,334515,Instrument Manufacturing for Measuring and Testing Electricity and Electrical Signals ,2,2,94.5338465937,40.5216127369,0.0,133.364657572,545.424359634,0.589272322951,0.336446229185,7.54087267547
2,4,"Manufacturing: Computer, Peripheral and Communications Equipment",,,00,000,16980,Chicago-Naperville-Elgin MSA,2020,334516,Analytical Laboratory Instrument Manufacturing ,2,2,59.0436561585,26.5213459513,0.0,63.9437606676,356.643201739,0.0,0.302459606432,5.13484414408
2,4,"Manufacturing: Computer, Peripheral and Communications Equipment",,,00,000,16980,Chicago-Naperville-Elgin MSA,2020,334517,Irradiation Apparatus Manufacturing ,2,2,44.3811049,19.5479945227,0.0,67.7893768519,237.64052787,0.568566713616,0.362209236353,2.67194204614
2,4,"Manufacturing: Computer, Peripheral and Communications Equipment",,,00,000,16980,Chicago-Naperville-Elgin MSA,2020,334519,Other Measuring and Controlling Device Manufacturing ,2,2,60.4050764805,27.8447153214,0.0,82.8681248007,386.853788821,0.0,0.313114947719,5.22848001706
2,4,"Manufacturing: Computer, Peripheral and Communications Equipment",,,00,000,16980,Chicago-Naperville-Elgin MSA,2020,334610,Manufacturing and Reproducing Magnetic and Optical Media ,2,2,78.2051108819,27.3693289746,0.0,47.9818766256,402.338639403,0.0,0.288287918026,9.41600284814
2,4,"Manufacturing: Computer, Peripheral and Communications Equipment",,,00,000,16980,Chicago-Naperville-Elgin MSA,2021,333242,Semiconductor Machinery Manufacturing ,2,2,0.0,0.0,0.0,0.0,0.0,0.0,0.0,0.0
2,4,"Manufacturing: Computer, Peripheral and Communications Equipment",,,00,000,16980,Chicago-Naperville-Elgin MSA,2021,334111,Electronic Computer Manufacturing ,2,2,13.1977107013,4.8468302454,0.0,23.8717404997,58.6270696745,0.0,0.424063878446,1.25104495957
2,4,"Manufacturing: Computer, Peripheral and Communications Equipment",,,00,000,16980,Chicago-Naperville-Elgin MSA,2021,334112,Computer Storage Device Manufacturing ,2,2,0.853428517882,0.0,0.0,1.91486560934,5.22301415054,0.0,0.346413131742,0.0
2,4,"Manufacturing: Computer, Peripheral and Communications Equipment",,,00,000,16980,Chicago-Naperville-Elgin MSA,2021,334118,Computer Terminal and Other Computer Peripheral Equipment Manufacturing ,2,2,101.435849099,50.1886258078,0.703404794353,150.514665492,381.661269732,1.47213048793,0.449679386806,7.54935707783
2,4,"Manufacturing: Computer, Peripheral and Communications Equipment",,,00,000,16980,Chicago-Naperville-Elgin MSA,2021,334210,Telephone Apparatus Manufacturing,2,2,50.3573704519,15.3492596633,0.582392502864,50.0342563975,207.689580788,0.0,0.364266143604,2.67979420288
2,4,"Manufacturing: Computer, Peripheral and Communications Equipment",,,00,000,16980,Chicago-Naperville-Elgin MSA,2021,334220,Radio and Television Broadcasting and Wireless Communications Equipment Manufacturing,2,2,268.169283936,71.1374249284,1.91777492213,199.003422076,905.188897087,0.799073940945,0.379100506936,11.6511486093
2,4,"Manufacturing: Computer, Peripheral and Communications Equipment",,,00,000,16980,Chicago-Naperville-Elgin MSA,2021,334290,Other Communications Equipment Manufacturing,2,2,95.1357102406,72.0503251062,0.531616045202,96.9238968394,576.693640475,1.83701827386,0.321781951726,7.13492056133
2,4,"Manufacturing: Computer, Peripheral and Communications Equipment",,,00,000,16980,Chicago-Naperville-Elgin MSA,2021,334310,Audio and Video Equipment Manufacturing,2,2,343.716453582,90.612984154,2.63018900247,206.278625188,1061.70624231,2.73121520898,0.383203487202,13.6476448228
2,4,"Manufacturing: Computer, Peripheral and Communications Equipment",,,00,000,16980,Chicago-Naperville-Elgin MSA,2021,334412,Bare Printed Circuit Board Manufacturing  ,2,2,436.319053537,87.9704358353,1.3428360944,472.977494748,807.004588685,2.63752341786,0.557491289238,15.4513509373
2,4,"Manufacturing: Computer, Peripheral and Communications Equipment",,,00,000,16980,Chicago-Naperville-Elgin MSA,2021,334413,Semiconductor and Related Device Manufacturing ,2,2,40.8161623709,8.0760537701,0.0,41.2344775581,79.2718907143,0.0,0.535504050419,1.26359420358
2,4,"Manufacturing: Computer, Peripheral and Communications Equipment",,,00,000,16980,Chicago-Naperville-Elgin MSA,2021,334416,"Capacitor, Resistor, Coil, Transformer, and Other Inductor Manufacturing ",2,2,62.9346863415,11.173890115,0.0,85.9284589628,145.689764288,0.0,0.52661346185,2.0338832591
2,4,"Manufacturing: Computer, Peripheral and Communications Equipment",,,00,000,16980,Chicago-Naperville-Elgin MSA,2021,334417,Electronic Connector Manufacturing ,2,2,265.503218007,48.8357860824,0.879954918598,261.950832229,494.158486934,1.46211238956,0.542626473587,7.63612824034
2,4,"Manufacturing: Computer, Peripheral and Communications Equipment",,,00,000,16980,Chicago-Naperville-Elgin MSA,2021,334418,Printed Circuit Assembly (Electronic Assembly) Manufacturing ,2,2,439.786168576,70.1688896563,1.93237363731,425.354054059,749.414324115,1.45859752179,0.55947070798,13.053568527
2,4,"Manufacturing: Computer, Peripheral and Communications Equipment",,,00,000,16980,Chicago-Naperville-Elgin MSA,2021,334419,Other Electronic Component Manufacturing ,2,2,598.603000352,126.717567601,4.7159604759,709.28255352,1208.1388787,2.77202424869,0.548241603713,24.07311302
2,4,"Manufacturing: Computer, Peripheral and Communications Equipment",,,00,000,16980,Chicago-Naperville-Elgin MSA,2021,334510,Electromedical and Electrotherapeutic Apparatus Manufacturing ,2,2,109.037756584,45.7305166837,0.0,145.484940177,631.907668791,0.810011089314,0.329585305011,9.59148413314
2,4,"Manufacturing: Computer, Peripheral and Communications Equipment",,,00,000,16980,Chicago-Naperville-Elgin MSA,2021,334511,"Search, Detection, Navigation, Guidance, Aeronautical, and Nautical System and Instrument Manufacturing ",2,2,349.907520019,173.197184884,1.29600486121,362.538946215,1924.81618553,1.12939774449,0.323499583677,32.3697511147
2,4,"Manufacturing: Computer, Peripheral and Communications Equipment",,,00,000,16980,Chicago-Naperville-Elgin MSA,2021,334512,"Automatic Environmental Control Manufacturing for Residential, Commercial, and Appliance Use ",2,2,227.074147973,94.3185505562,0.789092974694,297.220911368,1257.37968197,2.33173556259,0.33763193666,19.1955227726
2,4,"Manufacturing: Computer, Peripheral and Communications Equipment",,,00,000,16980,Chicago-Naperville-Elgin MSA,2021,334513,"Instruments and Related Products Manufacturing for Measuring, Displaying, and Controlling Industrial Process Variables ",2,2,140.808090382,61.1593459587,0.803283665267,235.561765126,901.309356516,1.09521517912,0.333997118844,12.5744407917
2,4,"Manufacturing: Computer, Peripheral and Communications Equipment",,,00,000,16980,Chicago-Naperville-Elgin MSA,2021,334514,Totalizing Fluid Meter and Counting Device Manufacturing ,2,2,29.8963294386,14.4165100352,0.0,30.3796609234,226.471733031,0.0,0.2544209504,2.58857876878
2,4,"Manufacturing: Computer, Peripheral and Communications Equipment",,,00,000,16980,Chicago-Naperville-Elgin MSA,2021,334515,Instrument Manufacturing for Measuring and Testing Electricity and Electrical Signals ,2,2,90.8411837467,36.5759320854,0.0,128.363462242,506.967914887,1.02478351165,0.342365542992,7.12294024014
2,4,"Manufacturing: Computer, Peripheral and Communications Equipment",,,00,000,16980,Chicago-Naperville-Elgin MSA,2021,334516,Analytical Laboratory Instrument Manufacturing ,2,2,64.5484066068,28.1503067067,0.0,70.5964618602,375.676851381,0.0,0.310025018945,5.50692079312
2,4,"Manufacturing: Computer, Peripheral and Communications Equipment",,,00,000,16980,Chicago-Naperville-Elgin MSA,2021,334517,Irradiation Apparatus Manufacturing ,2,2,47.7924290152,21.69926712,0.0,77.4929748374,253.478084094,0.509566839402,0.372960376068,3.27339785316
2,4,"Manufacturing: Computer, Peripheral and Communications Equipment",,,00,000,16980,Chicago-Naperville-Elgin MSA,2021,334519,Other Measuring and Controlling Device Manufacturing ,2,2,67.9499950931,31.7647452659,0.0,99.0423162353,417.339234596,0.0,0.328921507548,5.79703319766
2,4,"Manufacturing: Computer, Peripheral and Communications Equipment",,,00,000,16980,Chicago-Naperville-Elgin MSA,2021,334610,Manufacturing and Reproducing Magnetic and Optical Media ,2,2,78.9435595316,35.2529446162,0.0,58.2779935839,448.972727747,0.0,0.288120014089,9.23875619295
2,4,"Manufacturing: Computer, Peripheral and Communications Equipment",,,00,000,16980,Chicago-Naperville-Elgin MSA,2022,333242,Semiconductor Machinery Manufacturing ,2,2,0.0,0.0,0.0,0.0,0.145336917536,0.0,0.0,0.0
2,4,"Manufacturing: Computer, Peripheral and Communications Equipment",,,00,000,16980,Chicago-Naperville-Elgin MSA,2022,334111,Electronic Computer Manufacturing ,2,2,8.14080980601,3.33434764117,0.0,24.561759526,45.3202197289,0.0,0.451056689396,1.20187959961
2,4,"Manufacturing: Computer, Peripheral and Communications Equipment",,,00,000,16980,Chicago-Naperville-Elgin MSA,2022,334112,Computer Storage Device Manufacturing ,2,2,0.0,0.0,0.0,0.0,1.05249451416,0.0,0.0,0.0
2,4,"Manufacturing: Computer, Peripheral and Communications Equipment",,,00,000,16980,Chicago-Naperville-Elgin MSA,2022,334118,Computer Terminal and Other Computer Peripheral Equipment Manufacturing ,2,2,102.767856319,54.3331314932,0.730443945053,170.464661564,385.211913276,1.59063992376,0.468440516097,9.58396180659
2,4,"Manufacturing: Computer, Peripheral and Communications Equipment",,,00,000,16980,Chicago-Naperville-Elgin MSA,2022,334210,Telephone Apparatus Manufacturing,2,2,50.0359502102,16.0178122574,0.0,50.0813030201,201.381540197,0.0,0.370960521263,2.62473202803
2,4,"Manufacturing: Computer, Peripheral and Communications Equipment",,,00,000,16980,Chicago-Naperville-Elgin MSA,2022,334220,Radio and Television Broadcasting and Wireless Communications Equipment Manufacturing,2,2,191.468322655,61.1569867418,1.15638045734,161.55512434,676.975482266,1.17461559169,0.387492877579,11.7663290694
2,4,"Manufacturing: Computer, Peripheral and Communications Equipment",,,00,000,16980,Chicago-Naperville-Elgin MSA,2022,334290,Other Communications Equipment Manufacturing,2,2,73.6682432584,92.1474601159,0.0,106.027548531,589.32919107,1.46624597749,0.322743466529,7.53260057262
2,4,"Manufacturing: Computer, Peripheral and Communications Equipment",,,00,000,16980,Chicago-Naperville-Elgin MSA,2022,334310,Audio and Video Equipment Manufacturing,2,2,348.498088159,92.9084118835,3.73068946653,207.010305634,1079.92525408,3.07054262309,0.384125652429,18.3397982334
2,4,"Manufacturing: Computer, Peripheral and Communications Equipment",,,00,000,16980,Chicago-Naperville-Elgin MSA,2022,334412,Bare Printed Circuit Board Manufacturing  ,2,2,425.223892542,91.7093546797,0.551819705152,491.001668843,809.929599434,3.60966298623,0.559799116559,17.8830749194
2,4,"Manufacturing: Computer, Peripheral and Communications Equipment",,,00,000,16980,Chicago-Naperville-Elgin MSA,2022,334413,Semiconductor and Related Device Manufacturing ,2,2,50.4581166723,10.2521016782,0.0,52.8964313488,93.3427191712,0.0,0.551544319552,1.19320405428
2,4,"Manufacturing: Computer, Peripheral and Communications Equipment",,,00,000,16980,Chicago-Naperville-Elgin MSA,2022,334416,"Capacitor, Resistor, Coil, Transformer, and Other Inductor Manufacturing ",2,2,45.9987343421,9.4016119623,0.0,76.6225913566,135.721176719,0.0,0.497298315482,2.23941839721
2,4,"Manufacturing: Computer, Peripheral and Communications Equipment",,,00,000,16980,Chicago-Naperville-Elgin MSA,2022,334417,Electronic Connector Manufacturing ,2,2,311.853441193,61.0048453968,1.29411528921,331.010292624,624.286889247,1.46777293276,0.53482829977,11.139541745
2,4,"Manufacturing: Computer, Peripheral and Communications Equipment",,,00,000,16980,Chicago-Naperville-Elgin MSA,2022,334418,Printed Circuit Assembly (Electronic Assembly) Manufacturing ,2,2,391.036886463,66.8449503256,2.02169844804,405.057475387,694.588030945,2.12273325568,0.559229795121,14.1789139404
2,4,"Manufacturing: Computer, Peripheral and Communications Equipment",,,00,000,16980,Chicago-Naperville-Elgin MSA,2022,334419,Other Electronic Component Manufacturing ,2,2,579.27054498,133.524375586,3.463633661,742.114900558,1277.72255358,4.43618419253,0.538164646133,26.0869995005
2,4,"Manufacturing: Computer, Peripheral and Communications Equipment",,,00,000,16980,Chicago-Naperville-Elgin MSA,2022,334510,Electromedical and Electrotherapeutic Apparatus Manufacturing ,2,2,115.248727444,49.0684784185,0.616186326778,157.168052776,633.953281515,0.875317399,0.345393881188,11.5199343551
2,4,"Manufacturing: Computer, Peripheral and Communications Equipment",,,00,000,16980,Chicago-Naperville-Elgin MSA,2022,334511,"Search, Detection, Navigation, Guidance, Aeronautical, and Nautical System and Instrument Manufacturing ",2,2,353.924463805,174.334977937,1.6131579338,363.826949851,1864.49937039,1.08386342531,0.33356770239,38.4498251712
2,4,"Manufacturing: Computer, Peripheral and Communications Equipment",,,00,000,16980,Chicago-Naperville-Elgin MSA,2022,334512,"Automatic Environmental Control Manufacturing for Residential, Commercial, and Appliance Use ",2,2,234.430907794,97.4081896809,1.53089648774,327.78957747,1251.99826093,2.09374419698,0.354028846288,22.9127729403
2,4,"Manufacturing: Computer, Peripheral and Communications Equipment",,,00,000,16980,Chicago-Naperville-Elgin MSA,2022,334513,"Instruments and Related Products Manufacturing for Measuring, Displaying, and Controlling Industrial Process Variables ",2,2,135.076781811,62.3136964896,0.595152186901,225.748161125,819.727411394,0.76535086447,0.348945368941,14.8496776592
2,4,"Manufacturing: Computer, Peripheral and Communications Equipment",,,00,000,16980,Chicago-Naperville-Elgin MSA,2022,334514,Totalizing Fluid Meter and Counting Device Manufacturing ,2,2,20.3944772062,10.1986375267,0.0,24.3031320525,179.40158531,0.0,0.242620483956,2.57361941551
2,4,"Manufacturing: Computer, Peripheral and Communications Equipment",,,00,000,16980,Chicago-Naperville-Elgin MSA,2022,334515,Instrument Manufacturing for Measuring and Testing Electricity and Electrical Signals ,2,2,93.297702763,38.7461724888,0.0,132.400975056,499.608174096,0.609083797267,0.353931161043,8.642753403
2,4,"Manufacturing: Computer, Peripheral and Communications Equipment",,,00,000,16980,Chicago-Naperville-Elgin MSA,2022,334516,Analytical Laboratory Instrument Manufacturing ,2,2,69.8724106561,32.0474431124,0.0,87.0669011128,403.78466713,0.0,0.327005611422,7.21079772611
2,4,"Manufacturing: Computer, Peripheral and Communications Equipment",,,00,000,16980,Chicago-Naperville-Elgin MSA,2022,334517,Irradiation Apparatus Manufacturing ,2,2,48.7773894803,20.4253357194,0.0,76.5384584661,237.958881741,0.0,0.386914653779,4.43330494301
2,4,"Manufacturing: Computer, Peripheral and Communications Equipment",,,00,000,16980,Chicago-Naperville-Elgin MSA,2022,334519,Other Measuring and Controlling Device Manufacturing ,2,2,75.2046398331,38.3654535238,0.0,121.621701612,463.457202808,0.0,0.343825548881,7.65281269022
2,4,"Manufacturing: Computer, Peripheral and Communications Equipment",,,00,000,16980,Chicago-Naperville-Elgin MSA,2022,334610,Manufacturing and Reproducing Magnetic and Optical Media ,2,2,85.1528392157,35.1721606603,0.0,57.4055095264,408.594737366,0.0,0.310695748831,6.43874195323
2,4,"Manufacturing: Computer, Peripheral and Communications Equipment",,,00,000,16980,Chicago-Naperville-Elgin MSA,2023,333242,Semiconductor Machinery Manufacturing ,2,2,0.0,0.0,0.0,0.0,0.234094295437,0.0,0.0,0.0
2,4,"Manufacturing: Computer, Peripheral and Communications Equipment",,,00,000,16980,Chicago-Naperville-Elgin MSA,2023,334111,Electronic Computer Manufacturing ,2,2,10.8808770484,6.60083423741,0.0,36.6122842776,66.6606232457,0.0,0.457559041544,2.13548048481
2,4,"Manufacturing: Computer, Peripheral and Communications Equipment",,,00,000,16980,Chicago-Naperville-Elgin MSA,2023,334112,Computer Storage Device Manufacturing ,2,2,1.09706713881,0.0,0.0,2.50467643324,5.18710047298,0.0,0.409808565677,0.0
2,4,"Manufacturing: Computer, Peripheral and Communications Equipment",,,00,000,16980,Chicago-Naperville-Elgin MSA,2023,334118,Computer Terminal and Other Computer Peripheral Equipment Manufacturing ,2,2,119.443909754,80.2306275938,0.781357065696,275.923822392,559.641552538,1.4318939797,0.467572570822,13.6601375107
2,4,"Manufacturing: Computer, Peripheral and Communications Equipment",,,00,000,16980,Chicago-Naperville-Elgin MSA,2023,334210,Telephone Apparatus Manufacturing,2,2,53.3317728251,13.3344802259,0.795585575519,50.3671452741,189.31075114,0.0,0.388342338984,2.36468745906
2,4,"Manufacturing: Computer, Peripheral and Communications Equipment",,,00,000,16980,Chicago-Naperville-Elgin MSA,2023,334220,Radio and Television Broadcasting and Wireless Communications Equipment Manufacturing,2,2,206.755464526,48.6957045896,2.17167273061,168.733410001,619.442868353,2.67993676384,0.415921660825,12.068521684
2,4,"Manufacturing: Computer, Peripheral and Communications Equipment",,,00,000,16980,Chicago-Naperville-Elgin MSA,2023,334290,Other Communications Equipment Manufacturing,2,2,85.2054476999,102.595093852,0.711190919713,119.126927444,606.613671373,1.16366279339,0.34362854889,8.77665681283
2,4,"Manufacturing: Computer, Peripheral and Communications Equipment",,,00,000,16980,Chicago-Naperville-Elgin MSA,2023,334310,Audio and Video Equipment Manufacturing,2,2,360.478792432,101.046478708,4.34712677131,199.59462026,1092.49727915,2.88339921058,0.386446260744,19.7579933219
2,4,"Manufacturing: Computer, Peripheral and Communications Equipment",,,00,000,16980,Chicago-Naperville-Elgin MSA,2023,334412,Bare Printed Circuit Board Manufacturing  ,2,2,415.357230449,86.0216814985,0.0,511.563235149,805.522057687,4.51522285247,0.562874618887,19.7917599712
2,4,"Manufacturing: Computer, Peripheral and Communications Equipment",,,00,000,16980,Chicago-Naperville-Elgin MSA,2023,334413,Semiconductor and Related Device Manufacturing ,2,2,55.4591056896,9.97966519339,0.0,58.4378391425,97.896725318,0.0,0.562356617991,1.91729804055
2,4,"Manufacturing: Computer, Peripheral and Communications Equipment",,,00,000,16980,Chicago-Naperville-Elgin MSA,2023,334416,"Capacitor, Resistor, Coil, Transformer, and Other Inductor Manufacturing ",2,2,43.1118540738,8.81284743348,0.0,75.0950635671,134.789224042,0.0,0.489355065633,2.14981076634
2,4,"Manufacturing: Computer, Peripheral and Communications Equipment",,,00,000,16980,Chicago-Naperville-Elgin MSA,2023,334417,Electronic Connector Manufacturing ,2,2,310.988178261,63.3187499881,0.874035935793,354.557685878,632.07820701,2.11332894191,0.540672219603,12.1638235034
2,4,"Manufacturing: Computer, Peripheral and Communications Equipment",,,00,000,16980,Chicago-Naperville-Elgin MSA,2023,334418,Printed Circuit Assembly (Electronic Assembly) Manufacturing ,2,2,451.559745276,83.7644975111,3.23064612863,517.160380934,842.542686545,3.16597036068,0.560810283327,16.9786554534
2,4,"Manufacturing: Computer, Peripheral and Communications Equipment",,,00,000,16980,Chicago-Naperville-Elgin MSA,2023,334419,Other Electronic Component Manufacturing ,2,2,563.330637311,127.277150472,3.18577338945,756.687969286,1271.90440969,4.99757327405,0.538348995577,27.7375574831
2,4,"Manufacturing: Computer, Peripheral and Communications Equipment",,,00,000,16980,Chicago-Naperville-Elgin MSA,2023,334510,Electromedical and Electrotherapeutic Apparatus Manufacturing ,2,2,110.877495383,49.7628500187,0.0,147.975924551,590.712237406,0.828408788374,0.351585649139,10.8535151019
2,4,"Manufacturing: Computer, Peripheral and Communications Equipment",,,00,000,16980,Chicago-Naperville-Elgin MSA,2023,334511,"Search, Detection, Navigation, Guidance, Aeronautical, and Nautical System and Instrument Manufacturing ",2,2,395.679650878,196.826013203,1.82398155512,399.895080825,2050.5374352,2.99362451332,0.336456787088,42.5289086257
2,4,"Manufacturing: Computer, Peripheral and Communications Equipment",,,00,000,16980,Chicago-Naperville-Elgin MSA,2023,334512,"Automatic Environmental Control Manufacturing for Residential, Commercial, and Appliance Use ",2,2,255.102372389,112.078763884,1.52438565339,360.365583234,1371.43999633,3.21898005734,0.355823328753,25.2510777298
2,4,"Manufacturing: Computer, Peripheral and Communications Equipment",,,00,000,16980,Chicago-Naperville-Elgin MSA,2023,334513,"Instruments and Related Products Manufacturing for Measuring, Displaying, and Controlling Industrial Process Variables ",2,2,134.644439977,65.0444220429,0.570199401321,212.583709866,828.09765197,0.709757107476,0.34121239239,15.3522926702
2,4,"Manufacturing: Computer, Peripheral and Communications Equipment",,,00,000,16980,Chicago-Naperville-Elgin MSA,2023,334514,Totalizing Fluid Meter and Counting Device Manufacturing ,2,2,8.59246432807,7.42928127615,0.0,14.8886409905,115.209287127,0.0,0.219871274971,1.5601686307
2,4,"Manufacturing: Computer, Peripheral and Communications Equipment",,,00,000,16980,Chicago-Naperville-Elgin MSA,2023,334515,Instrument Manufacturing for Measuring and Testing Electricity and Electrical Signals ,2,2,92.1299945224,40.6811374989,0.0,133.742779833,516.030233867,0.699650589822,0.3482702057,8.50175405091
2,4,"Manufacturing: Computer, Peripheral and Communications Equipment",,,00,000,16980,Chicago-Naperville-Elgin MSA,2023,334516,Analytical Laboratory Instrument Manufacturing ,2,2,48.5858479157,23.6780952793,0.0,50.3983506526,264.134579456,0.0,0.325833515625,4.99741724271
2,4,"Manufacturing: Computer, Peripheral and Communications Equipment",,,00,000,16980,Chicago-Naperville-Elgin MSA,2023,334517,Irradiation Apparatus Manufacturing ,2,2,47.7696211328,22.6361472029,0.0,73.9116833745,280.367229749,0.0,0.347046189609,4.6982630728
2,4,"Manufacturing: Computer, Peripheral and Communications Equipment",,,00,000,16980,Chicago-Naperville-Elgin MSA,2023,334519,Other Measuring and Controlling Device Manufacturing ,2,2,66.5206274571,33.4706544533,0.0,96.4575195302,407.138261394,0.0,0.332922615614,6.74431838675
2,4,"Manufacturing: Computer, Peripheral and Communications Equipment",,,00,000,16980,Chicago-Naperville-Elgin MSA,2023,334610,Manufacturing and Reproducing Magnetic and Optical Media ,2,2,74.4958018244,29.6217015986,0.0,45.0105838251,343.132665322,0.0,0.311070034174,5.8053533377
2,4,"Manufacturing: Computer, Peripheral and Communications Equipment",,,00,000,17140,Cincinnati MSA,2019,333242,Semiconductor Machinery Manufacturing ,2,2,0.0,1.36294077883,0.0,0.0,43.8787406592,0.0,0.0301257763971,0.0
2,4,"Manufacturing: Computer, Peripheral and Communications Equipment",,,00,000,17140,Cincinnati MSA,2019,334111,Electronic Computer Manufacturing ,2,2,0.642700510316,0.0,0.0,1.24653660398,41.1685642935,0.0,0.0438767668697,0.0
2,4,"Manufacturing: Computer, Peripheral and Communications Equipment",,,00,000,17140,Cincinnati MSA,2019,334112,Computer Storage Device Manufacturing ,2,2,0.0,0.0,0.0,0.0,0.0,0.0,0.0,0.0
2,4,"Manufacturing: Computer, Peripheral and Communications Equipment",,,00,000,17140,Cincinnati MSA,2019,334118,Computer Terminal and Other Computer Peripheral Equipment Manufacturing ,2,2,0.0,0.655008461913,0.0,0.0,3.90918931373,0.0,0.143510096212,0.0
2,4,"Manufacturing: Computer, Peripheral and Communications Equipment",,,00,000,17140,Cincinnati MSA,2019,334210,Telephone Apparatus Manufacturing,2,2,0.0,0.0,0.0,0.0,0.0,0.0,0.0,0.0
2,4,"Manufacturing: Computer, Peripheral and Communications Equipment",,,00,000,17140,Cincinnati MSA,2019,334220,Radio and Television Broadcasting and Wireless Communications Equipment Manufacturing,2,2,12.6449731006,12.5370006928,0.0,7.344615091,192.503651953,0.0,0.156119745212,3.08701971092
2,4,"Manufacturing: Computer, Peripheral and Communications Equipment",,,00,000,17140,Cincinnati MSA,2019,334290,Other Communications Equipment Manufacturing,2,2,0.699418416897,0.688959134883,0.0,0.0,0.0,0.0,1.0,0.0
2,4,"Manufacturing: Computer, Peripheral and Communications Equipment",,,00,000,17140,Cincinnati MSA,2019,334310,Audio and Video Equipment Manufacturing,2,2,4.01428567905,3.54140042282,0.0,0.0,38.5243068593,0.0,0.179530161012,0.873965647217
2,4,"Manufacturing: Computer, Peripheral and Communications Equipment",,,00,000,17140,Cincinnati MSA,2019,334412,Bare Printed Circuit Board Manufacturing  ,2,2,1.34862007934,0.0,0.0,0.0,24.0858712208,0.0,0.0530232770699,0.0
2,4,"Manufacturing: Computer, Peripheral and Communications Equipment",,,00,000,17140,Cincinnati MSA,2019,334413,Semiconductor and Related Device Manufacturing ,2,2,9.75475027392,12.089618711,0.0,4.10008518805,288.396000117,0.0,0.0962410550084,4.76676087527
2,4,"Manufacturing: Computer, Peripheral and Communications Equipment",,,00,000,17140,Cincinnati MSA,2019,334416,"Capacitor, Resistor, Coil, Transformer, and Other Inductor Manufacturing ",2,2,2.62490800276,9.22857410936,0.0,0.505839189666,130.3790261,0.0,0.101960272996,2.44345489434
2,4,"Manufacturing: Computer, Peripheral and Communications Equipment",,,00,000,17140,Cincinnati MSA,2019,334417,Electronic Connector Manufacturing ,2,2,0.0,0.0,0.0,0.0,0.0,0.0,0.0,0.0
2,4,"Manufacturing: Computer, Peripheral and Communications Equipment",,,00,000,17140,Cincinnati MSA,2019,334418,Printed Circuit Assembly (Electronic Assembly) Manufacturing ,2,2,7.15635150794,5.22510175228,0.0,2.99378847491,145.080283077,0.0,0.0958224514435,0.0
2,4,"Manufacturing: Computer, Peripheral and Communications Equipment",,,00,000,17140,Cincinnati MSA,2019,334419,Other Electronic Component Manufacturing ,2,2,0.687837570315,5.0229821511,0.0,0.0,90.8518647679,0.0,0.0591410621154,0.0
2,4,"Manufacturing: Computer, Peripheral and Communications Equipment",,,00,000,17140,Cincinnati MSA,2019,334510,Electromedical and Electrotherapeutic Apparatus Manufacturing ,2,2,1.66012287264,7.87003570021,0.0,1.21679805594,62.735248014,0.0,0.155297421986,0.786833533349
2,4,"Manufacturing: Computer, Peripheral and Communications Equipment",,,00,000,17140,Cincinnati MSA,2019,334511,"Search, Detection, Navigation, Guidance, Aeronautical, and Nautical System and Instrument Manufacturing ",2,2,25.8037069983,57.5692638907,0.0,14.7067851407,916.015681576,1.99631437402,0.106233063029,8.8014765395
2,4,"Manufacturing: Computer, Peripheral and Communications Equipment",,,00,000,17140,Cincinnati MSA,2019,334512,"Automatic Environmental Control Manufacturing for Residential, Commercial, and Appliance Use ",2,2,7.1339109039,33.8192638757,0.0,6.17181340247,226.407675808,0.0,0.18238951254,3.38119570282
2,4,"Manufacturing: Computer, Peripheral and Communications Equipment",,,00,000,17140,Cincinnati MSA,2019,334513,"Instruments and Related Products Manufacturing for Measuring, Displaying, and Controlling Industrial Process Variables ",2,2,9.3572149861,43.5142120239,0.0,7.59297905087,312.304073121,0.0,0.171449551499,4.15977387265
2,4,"Manufacturing: Computer, Peripheral and Communications Equipment",,,00,000,17140,Cincinnati MSA,2019,334514,Totalizing Fluid Meter and Counting Device Manufacturing ,2,2,0.0,0.0,0.0,0.0,0.0,0.0,0.0,0.0
2,4,"Manufacturing: Computer, Peripheral and Communications Equipment",,,00,000,17140,Cincinnati MSA,2019,334515,Instrument Manufacturing for Measuring and Testing Electricity and Electrical Signals ,2,2,1.02936092663,4.08604205485,0.0,0.711243223514,93.6094920317,0.0,0.0585968673797,0.0
2,4,"Manufacturing: Computer, Peripheral and Communications Equipment",,,00,000,17140,Cincinnati MSA,2019,334516,Analytical Laboratory Instrument Manufacturing ,2,2,7.9831987664,19.5850706539,0.0,5.57470514523,336.290493877,1.10284074168,0.096432734319,1.64460821944
2,4,"Manufacturing: Computer, Peripheral and Communications Equipment",,,00,000,17140,Cincinnati MSA,2019,334517,Irradiation Apparatus Manufacturing ,2,2,0.0,2.39756989878,0.0,0.0,15.9157475296,0.0,0.130919474757,0.0
2,4,"Manufacturing: Computer, Peripheral and Communications Equipment",,,00,000,17140,Cincinnati MSA,2019,334519,Other Measuring and Controlling Device Manufacturing ,2,2,10.2263278376,33.3579230393,0.0,5.65920064235,253.936848933,0.0,0.170901467723,3.10036348242
2,4,"Manufacturing: Computer, Peripheral and Communications Equipment",,,00,000,17140,Cincinnati MSA,2019,334610,Manufacturing and Reproducing Magnetic and Optical Media ,2,2,0.0,0.0,0.0,0.0,37.0298891907,0.0,0.0,0.0
2,4,"Manufacturing: Computer, Peripheral and Communications Equipment",,,00,000,17140,Cincinnati MSA,2020,333242,Semiconductor Machinery Manufacturing ,2,2,0.518269787708,0.747169297984,0.0,0.0,50.2392315607,0.0,0.0245694044794,0.0
2,4,"Manufacturing: Computer, Peripheral and Communications Equipment",,,00,000,17140,Cincinnati MSA,2020,334111,Electronic Computer Manufacturing ,2,2,2.24815825402,0.545116313136,0.0,1.9648944964,147.708135668,0.0,0.0423333652813,1.77122460597
2,4,"Manufacturing: Computer, Peripheral and Communications Equipment",,,00,000,17140,Cincinnati MSA,2020,334112,Computer Storage Device Manufacturing ,2,2,0.0,0.0,0.0,0.0,0.0,0.0,0.0,0.0
2,4,"Manufacturing: Computer, Peripheral and Communications Equipment",,,00,000,17140,Cincinnati MSA,2020,334118,Computer Terminal and Other Computer Peripheral Equipment Manufacturing ,2,2,0.0,0.0,0.0,0.0,4.4200574097,0.0,0.0,0.0
2,4,"Manufacturing: Computer, Peripheral and Communications Equipment",,,00,000,17140,Cincinnati MSA,2020,334210,Telephone Apparatus Manufacturing,2,2,0.0,0.0,0.0,0.0,0.0,0.0,0.0,0.0
2,4,"Manufacturing: Computer, Peripheral and Communications Equipment",,,00,000,17140,Cincinnati MSA,2020,334220,Radio and Television Broadcasting and Wireless Communications Equipment Manufacturing,2,2,10.0751432585,15.5108571225,0.0,8.76393962054,219.559394246,0.0,0.1467471055,3.41108700307
2,4,"Manufacturing: Computer, Peripheral and Communications Equipment",,,00,000,17140,Cincinnati MSA,2020,334290,Other Communications Equipment Manufacturing,2,2,0.0,0.0,0.0,0.0,2.19346471176,0.0,0.0,0.0
2,4,"Manufacturing: Computer, Peripheral and Communications Equipment",,,00,000,17140,Cincinnati MSA,2020,334310,Audio and Video Equipment Manufacturing,2,2,3.83798027683,4.45644399498,0.0,1.4049250661,63.5772776854,0.0,0.151907836499,1.68843033903
2,4,"Manufacturing: Computer, Peripheral and Communications Equipment",,,00,000,17140,Cincinnati MSA,2020,334412,Bare Printed Circuit Board Manufacturing  ,2,2,0.703299831795,0.691638390217,0.0,0.0,22.9874877899,0.0,0.0572108050828,0.0
2,4,"Manufacturing: Computer, Peripheral and Communications Equipment",,,00,000,17140,Cincinnati MSA,2020,334413,Semiconductor and Related Device Manufacturing ,2,2,5.08295928041,12.9329091352,0.0,5.3572782984,232.576618469,0.0,0.104490837321,3.76462765822
2,4,"Manufacturing: Computer, Peripheral and Communications Equipment",,,00,000,17140,Cincinnati MSA,2020,334416,"Capacitor, Resistor, Coil, Transformer, and Other Inductor Manufacturing ",2,2,1.85790429826,9.16845631538,0.0,1.47606408455,109.005899917,0.0,0.117480659934,2.00840183851
2,4,"Manufacturing: Computer, Peripheral and Communications Equipment",,,00,000,17140,Cincinnati MSA,2020,334417,Electronic Connector Manufacturing ,2,2,0.0,0.0,0.0,0.0,0.0,0.0,0.0,0.0
2,4,"Manufacturing: Computer, Peripheral and Communications Equipment",,,00,000,17140,Cincinnati MSA,2020,334418,Printed Circuit Assembly (Electronic Assembly) Manufacturing ,2,2,1.96478743765,3.35921073233,0.0,3.20364422447,116.613680616,0.0,0.0866263996874,2.53226047834
2,4,"Manufacturing: Computer, Peripheral and Communications Equipment",,,00,000,17140,Cincinnati MSA,2020,334419,Other Electronic Component Manufacturing ,2,2,0.0,1.54905518264,0.0,0.0,99.0513053157,0.0,0.0153981076704,0.0
2,4,"Manufacturing: Computer, Peripheral and Communications Equipment",,,00,000,17140,Cincinnati MSA,2020,334510,Electromedical and Electrotherapeutic Apparatus Manufacturing ,2,2,0.786794665669,5.17570124915,0.0,0.572177849549,40.6387490727,0.0,0.138524477796,0.0
2,4,"Manufacturing: Computer, Peripheral and Communications Equipment",,,00,000,17140,Cincinnati MSA,2020,334511,"Search, Detection, Navigation, Guidance, Aeronautical, and Nautical System and Instrument Manufacturing ",2,2,25.749244387,56.2640298128,0.0,17.9645071178,939.964605036,2.0036863437,0.104636082894,7.86684367975
2,4,"Manufacturing: Computer, Peripheral and Communications Equipment",,,00,000,17140,Cincinnati MSA,2020,334512,"Automatic Environmental Control Manufacturing for Residential, Commercial, and Appliance Use ",2,2,7.63714590636,41.2757577453,0.0,5.55393409751,248.931737268,0.0,0.190008451145,3.92776390554
2,4,"Manufacturing: Computer, Peripheral and Communications Equipment",,,00,000,17140,Cincinnati MSA,2020,334513,"Instruments and Related Products Manufacturing for Measuring, Displaying, and Controlling Industrial Process Variables ",2,2,9.52110410258,47.7570024259,0.0,7.08533064156,293.78329946,0.0,0.190112136388,4.59891330436
2,4,"Manufacturing: Computer, Peripheral and Communications Equipment",,,00,000,17140,Cincinnati MSA,2020,334514,Totalizing Fluid Meter and Counting Device Manufacturing ,2,2,0.0,0.0,0.0,0.0,0.0,0.0,0.0,0.0
2,4,"Manufacturing: Computer, Peripheral and Communications Equipment",,,00,000,17140,Cincinnati MSA,2020,334515,Instrument Manufacturing for Measuring and Testing Electricity and Electrical Signals ,2,2,0.0,4.27013533026,0.0,0.0,89.4220862253,0.0,0.0455761989561,0.0
2,4,"Manufacturing: Computer, Peripheral and Communications Equipment",,,00,000,17140,Cincinnati MSA,2020,334516,Analytical Laboratory Instrument Manufacturing ,2,2,8.39725967505,19.0211601608,0.0,5.56562157511,296.715329127,1.11559258703,0.108470313898,2.0010201815
2,4,"Manufacturing: Computer, Peripheral and Communications Equipment",,,00,000,17140,Cincinnati MSA,2020,334517,Irradiation Apparatus Manufacturing ,2,2,0.697666080046,3.59151632103,0.0,0.507361189396,20.2532789633,0.0,0.191480142431,0.0
2,4,"Manufacturing: Computer, Peripheral and Communications Equipment",,,00,000,17140,Cincinnati MSA,2020,334519,Other Measuring and Controlling Device Manufacturing ,2,2,8.1854936422,37.0356954204,0.0,4.97870427143,241.944405152,0.0,0.181694842648,3.52095912381
2,4,"Manufacturing: Computer, Peripheral and Communications Equipment",,,00,000,17140,Cincinnati MSA,2020,334610,Manufacturing and Reproducing Magnetic and Optical Media ,2,2,0.0,0.0,0.0,0.0,37.3429144947,0.0,0.0,0.0
2,4,"Manufacturing: Computer, Peripheral and Communications Equipment",,,00,000,17140,Cincinnati MSA,2021,333242,Semiconductor Machinery Manufacturing ,2,2,1.54589842541,2.09456282561,0.0,0.0,74.9811640837,0.0,0.046303561336,0.0
2,4,"Manufacturing: Computer, Peripheral and Communications Equipment",,,00,000,17140,Cincinnati MSA,2021,334111,Electronic Computer Manufacturing ,2,2,3.04948476146,2.6431539209,0.0,1.89276545378,191.202408264,0.0,0.0446511974295,1.35103505488
2,4,"Manufacturing: Computer, Peripheral and Communications Equipment",,,00,000,17140,Cincinnati MSA,2021,334112,Computer Storage Device Manufacturing ,2,2,0.0,0.0,0.0,0.0,0.0,0.0,0.0,0.0
2,4,"Manufacturing: Computer, Peripheral and Communications Equipment",,,00,000,17140,Cincinnati MSA,2021,334118,Computer Terminal and Other Computer Peripheral Equipment Manufacturing ,2,2,0.0,0.0,0.0,0.0,3.24120597622,0.0,0.0,0.0
2,4,"Manufacturing: Computer, Peripheral and Communications Equipment",,,00,000,17140,Cincinnati MSA,2021,334210,Telephone Apparatus Manufacturing,2,2,0.0,0.0,0.0,0.0,0.0,0.0,0.0,0.0
2,4,"Manufacturing: Computer, Peripheral and Communications Equipment",,,00,000,17140,Cincinnati MSA,2021,334220,Radio and Television Broadcasting and Wireless Communications Equipment Manufacturing,2,2,11.838023937,17.4306356996,0.0,7.92394308882,231.613028837,0.0,0.150173464841,3.7359039802
2,4,"Manufacturing: Computer, Peripheral and Communications Equipment",,,00,000,17140,Cincinnati MSA,2021,334290,Other Communications Equipment Manufacturing,2,2,2.90900510919,2.14311337954,0.0,1.41478490575,28.3822854724,0.0,0.185568261551,0.0
2,4,"Manufacturing: Computer, Peripheral and Communications Equipment",,,00,000,17140,Cincinnati MSA,2021,334310,Audio and Video Equipment Manufacturing,2,2,3.53500353945,4.80570987799,0.0,2.02538815605,76.9042824102,0.0,0.132629695059,1.39334126961
2,4,"Manufacturing: Computer, Peripheral and Communications Equipment",,,00,000,17140,Cincinnati MSA,2021,334412,Bare Printed Circuit Board Manufacturing  ,2,2,0.0,0.0,0.0,0.0,5.25501343678,0.0,0.0,0.0
2,4,"Manufacturing: Computer, Peripheral and Communications Equipment",,,00,000,17140,Cincinnati MSA,2021,334413,Semiconductor and Related Device Manufacturing ,2,2,5.58591047744,12.7966609309,0.0,5.73808813083,246.566200099,0.0,0.104345961819,4.60492668574
2,4,"Manufacturing: Computer, Peripheral and Communications Equipment",,,00,000,17140,Cincinnati MSA,2021,334416,"Capacitor, Resistor, Coil, Transformer, and Other Inductor Manufacturing ",2,2,1.17358826619,1.00189022118,0.0,0.85247356687,75.7829952961,0.0,0.0475670148976,0.756850575048
2,4,"Manufacturing: Computer, Peripheral and Communications Equipment",,,00,000,17140,Cincinnati MSA,2021,334417,Electronic Connector Manufacturing ,2,2,0.0,0.0,0.0,0.0,0.0,0.0,0.0,0.0
2,4,"Manufacturing: Computer, Peripheral and Communications Equipment",,,00,000,17140,Cincinnati MSA,2021,334418,Printed Circuit Assembly (Electronic Assembly) Manufacturing ,2,2,0.0,1.30246832567,0.0,2.14827275043,90.1506150259,0.0,0.0576215732443,2.06150338881
2,4,"Manufacturing: Computer, Peripheral and Communications Equipment",,,00,000,17140,Cincinnati MSA,2021,334419,Other Electronic Component Manufacturing ,2,2,0.0,0.0,0.0,0.790408886654,79.7793402126,0.0,0.01904495977,0.758484041681
2,4,"Manufacturing: Computer, Peripheral and Communications Equipment",,,00,000,17140,Cincinnati MSA,2021,334510,Electromedical and Electrotherapeutic Apparatus Manufacturing ,2,2,1.29417820713,4.37146948275,0.0,0.0,44.5861825239,0.0,0.112745101338,0.0
2,4,"Manufacturing: Computer, Peripheral and Communications Equipment",,,00,000,17140,Cincinnati MSA,2021,334511,"Search, Detection, Navigation, Guidance, Aeronautical, and Nautical System and Instrument Manufacturing ",2,2,30.3745066899,56.285979055,0.0,24.0917601914,947.989563652,1.83876027504,0.115872463519,11.6511213073
2,4,"Manufacturing: Computer, Peripheral and Communications Equipment",,,00,000,17140,Cincinnati MSA,2021,334512,"Automatic Environmental Control Manufacturing for Residential, Commercial, and Appliance Use ",2,2,3.56531969421,19.2547771479,0.0,3.26479557107,142.438611126,0.0,0.1645850501,1.97692997951
2,4,"Manufacturing: Computer, Peripheral and Communications Equipment",,,00,000,17140,Cincinnati MSA,2021,334513,"Instruments and Related Products Manufacturing for Measuring, Displaying, and Controlling Industrial Process Variables ",2,2,8.83689039107,39.8560388678,0.0,6.70239314023,301.597414797,0.0,0.165154351218,4.26855132713
2,4,"Manufacturing: Computer, Peripheral and Communications Equipment",,,00,000,17140,Cincinnati MSA,2021,334514,Totalizing Fluid Meter and Counting Device Manufacturing ,2,2,0.0,0.0,0.0,0.0,0.0,0.0,0.0,0.0
2,4,"Manufacturing: Computer, Peripheral and Communications Equipment",,,00,000,17140,Cincinnati MSA,2021,334515,Instrument Manufacturing for Measuring and Testing Electricity and Electrical Signals ,2,2,1.53383502977,9.44622531997,0.0,0.0,77.6477162815,0.0,0.123889606251,0.0
2,4,"Manufacturing: Computer, Peripheral and Communications Equipment",,,00,000,17140,Cincinnati MSA,2021,334516,Analytical Laboratory Instrument Manufacturing ,2,2,11.7466286114,23.9074412951,0.0,8.732348173,341.260882888,1.02733468816,0.123689452355,2.75452710535
2,4,"Manufacturing: Computer, Peripheral and Communications Equipment",,,00,000,17140,Cincinnati MSA,2021,334517,Irradiation Apparatus Manufacturing ,2,2,1.92330757299,9.48336292612,0.0,1.42656429148,65.6136041064,0.0,0.174809608755,1.06645258405
2,4,"Manufacturing: Computer, Peripheral and Communications Equipment",,,00,000,17140,Cincinnati MSA,2021,334519,Other Measuring and Controlling Device Manufacturing ,2,2,7.60532841667,32.5996323592,0.0,5.57045673675,252.999515776,0.0,0.163147163553,3.5476552925
2,4,"Manufacturing: Computer, Peripheral and Communications Equipment",,,00,000,17140,Cincinnati MSA,2021,334610,Manufacturing and Reproducing Magnetic and Optical Media ,2,2,0.0,0.0,0.0,0.0,3.33513466433,0.0,0.0,0.0
2,4,"Manufacturing: Computer, Peripheral and Communications Equipment",,,00,000,17140,Cincinnati MSA,2022,333242,Semiconductor Machinery Manufacturing ,2,2,1.4060831624,1.77929016775,0.0,0.587038445671,75.9818615198,0.0,0.0473004344462,0.0
2,4,"Manufacturing: Computer, Peripheral and Communications Equipment",,,00,000,17140,Cincinnati MSA,2022,334111,Electronic Computer Manufacturing ,2,2,1.21318127561,0.0,0.0,1.41966438331,119.988787456,0.0,0.0214712982696,0.0
2,4,"Manufacturing: Computer, Peripheral and Communications Equipment",,,00,000,17140,Cincinnati MSA,2022,334112,Computer Storage Device Manufacturing ,2,2,0.0,0.0,0.0,0.0,0.0833360334507,0.0,0.0,0.0
2,4,"Manufacturing: Computer, Peripheral and Communications Equipment",,,00,000,17140,Cincinnati MSA,2022,334118,Computer Terminal and Other Computer Peripheral Equipment Manufacturing ,2,2,0.0,0.0,0.0,0.0,2.5005354687,0.0,0.0,0.0
2,4,"Manufacturing: Computer, Peripheral and Communications Equipment",,,00,000,17140,Cincinnati MSA,2022,334210,Telephone Apparatus Manufacturing,2,2,0.0,0.0,0.0,0.0,0.0,0.0,0.0,0.0
2,4,"Manufacturing: Computer, Peripheral and Communications Equipment",,,00,000,17140,Cincinnati MSA,2022,334220,Radio and Television Broadcasting and Wireless Communications Equipment Manufacturing,2,2,10.2514452174,16.8915741557,0.0,10.5255467179,221.248409675,0.0,0.163039098373,5.43039009647
2,4,"Manufacturing: Computer, Peripheral and Communications Equipment",,,00,000,17140,Cincinnati MSA,2022,334290,Other Communications Equipment Manufacturing,2,2,2.38896556859,1.40363270459,0.0,0.63783080408,12.0640081337,0.0,0.268601409104,0.0
2,4,"Manufacturing: Computer, Peripheral and Communications Equipment",,,00,000,17140,Cincinnati MSA,2022,334310,Audio and Video Equipment Manufacturing,2,2,5.6021176912,6.58814467221,0.0,4.36979425678,113.651607148,0.0,0.141554879467,2.18073317075
2,4,"Manufacturing: Computer, Peripheral and Communications Equipment",,,00,000,17140,Cincinnati MSA,2022,334412,Bare Printed Circuit Board Manufacturing  ,2,2,0.0,0.0,0.0,0.0,4.31578941439,0.0,0.0,0.0
2,4,"Manufacturing: Computer, Peripheral and Communications Equipment",,,00,000,17140,Cincinnati MSA,2022,334413,Semiconductor and Related Device Manufacturing ,2,2,5.35029053704,14.8521708564,0.0,7.63607526121,161.382182274,0.0,0.161975507723,3.35382246163
2,4,"Manufacturing: Computer, Peripheral and Communications Equipment",,,00,000,17140,Cincinnati MSA,2022,334416,"Capacitor, Resistor, Coil, Transformer, and Other Inductor Manufacturing ",2,2,2.43836068814,0.890105041897,0.0,1.80737085265,72.6496488122,0.0,0.0735073815599,0.628143992166
2,4,"Manufacturing: Computer, Peripheral and Communications Equipment",,,00,000,17140,Cincinnati MSA,2022,334417,Electronic Connector Manufacturing ,2,2,0.0,0.0,0.0,0.0,0.0,0.0,0.0,0.0
2,4,"Manufacturing: Computer, Peripheral and Communications Equipment",,,00,000,17140,Cincinnati MSA,2022,334418,Printed Circuit Assembly (Electronic Assembly) Manufacturing ,2,2,0.0,1.73415903981,0.0,2.15548749242,81.9518562987,0.0,0.0539143770279,0.780526199859
2,4,"Manufacturing: Computer, Peripheral and Communications Equipment",,,00,000,17140,Cincinnati MSA,2022,334419,Other Electronic Component Manufacturing ,2,2,0.0,0.754989532728,0.0,0.644924011808,67.3606219833,0.0,0.0203592588945,0.0
2,4,"Manufacturing: Computer, Peripheral and Communications Equipment",,,00,000,17140,Cincinnati MSA,2022,334510,Electromedical and Electrotherapeutic Apparatus Manufacturing ,2,2,4.49017817463,12.3579820533,0.0,2.82579109479,138.278820109,0.0,0.135075238543,1.92104218882
2,4,"Manufacturing: Computer, Peripheral and Communications Equipment",,,00,000,17140,Cincinnati MSA,2022,334511,"Search, Detection, Navigation, Guidance, Aeronautical, and Nautical System and Instrument Manufacturing ",2,2,26.3689492736,56.927884386,0.0,23.5233487261,844.249236079,1.80747577755,0.124939365313,11.9125187575
2,4,"Manufacturing: Computer, Peripheral and Communications Equipment",,,00,000,17140,Cincinnati MSA,2022,334512,"Automatic Environmental Control Manufacturing for Residential, Commercial, and Appliance Use ",2,2,3.89789976956,13.7270669422,0.0,2.3019713231,121.761021447,0.0,0.151593257653,1.82931279991
2,4,"Manufacturing: Computer, Peripheral and Communications Equipment",,,00,000,17140,Cincinnati MSA,2022,334513,"Instruments and Related Products Manufacturing for Measuring, Displaying, and Controlling Industrial Process Variables ",2,2,15.3902225264,48.9655513172,0.0,11.9089683461,450.407065498,0.0,0.157504277485,7.93869947689
2,4,"Manufacturing: Computer, Peripheral and Communications Equipment",,,00,000,17140,Cincinnati MSA,2022,334514,Totalizing Fluid Meter and Counting Device Manufacturing ,2,2,0.0,0.0,0.0,0.0,0.0,0.0,0.0,0.0
2,4,"Manufacturing: Computer, Peripheral and Communications Equipment",,,00,000,17140,Cincinnati MSA,2022,334515,Instrument Manufacturing for Measuring and Testing Electricity and Electrical Signals ,2,2,0.0,7.29119518468,0.0,1.91019130225,84.8973952224,0.0,0.0977843317393,0.0
2,4,"Manufacturing: Computer, Peripheral and Communications Equipment",,,00,000,17140,Cincinnati MSA,2022,334516,Analytical Laboratory Instrument Manufacturing ,2,2,10.2214873283,23.0467459062,0.0,8.02496197451,280.070103756,0.0,0.139804035432,4.22542185217
2,4,"Manufacturing: Computer, Peripheral and Communications Equipment",,,00,000,17140,Cincinnati MSA,2022,334517,Irradiation Apparatus Manufacturing ,2,2,2.72564713727,9.92246870627,0.0,1.89742978217,77.0377319098,0.0,0.172448046493,1.50783485121
2,4,"Manufacturing: Computer, Peripheral and Communications Equipment",,,00,000,17140,Cincinnati MSA,2022,334519,Other Measuring and Controlling Device Manufacturing ,2,2,9.31697068253,31.7618031582,0.0,6.66785674653,280.643097046,0.0,0.159631037091,5.5625117197
2,4,"Manufacturing: Computer, Peripheral and Communications Equipment",,,00,000,17140,Cincinnati MSA,2022,334610,Manufacturing and Reproducing Magnetic and Optical Media ,2,2,0.0,0.0,0.0,0.0,2.9119084176,0.0,0.243413338974,0.936835642535
2,4,"Manufacturing: Computer, Peripheral and Communications Equipment",,,00,000,17140,Cincinnati MSA,2023,333242,Semiconductor Machinery Manufacturing ,2,2,1.42295342615,1.29566824904,0.0,0.632718521777,68.5699418862,0.0,0.0465973366978,0.0
2,4,"Manufacturing: Computer, Peripheral and Communications Equipment",,,00,000,17140,Cincinnati MSA,2023,334111,Electronic Computer Manufacturing ,2,2,0.990301027044,0.0,0.0,1.80222747032,99.9087317544,0.0,0.0347342376523,0.802599153137
2,4,"Manufacturing: Computer, Peripheral and Communications Equipment",,,00,000,17140,Cincinnati MSA,2023,334112,Computer Storage Device Manufacturing ,2,2,0.0,0.0,0.0,0.0,2.28181742109,0.0,0.0,0.0
2,4,"Manufacturing: Computer, Peripheral and Communications Equipment",,,00,000,17140,Cincinnati MSA,2023,334118,Computer Terminal and Other Computer Peripheral Equipment Manufacturing ,2,2,0.0,0.0,0.0,0.0,11.5920175481,0.0,0.0,0.0
2,4,"Manufacturing: Computer, Peripheral and Communications Equipment",,,00,000,17140,Cincinnati MSA,2023,334210,Telephone Apparatus Manufacturing,2,2,0.0,0.0,0.0,0.0,0.0,0.0,0.0,0.0
2,4,"Manufacturing: Computer, Peripheral and Communications Equipment",,,00,000,17140,Cincinnati MSA,2023,334220,Radio and Television Broadcasting and Wireless Communications Equipment Manufacturing,2,2,4.55053728856,13.1777266386,0.0,8.52964190534,230.523609736,0.0,0.120241143381,5.24893516413
2,4,"Manufacturing: Computer, Peripheral and Communications Equipment",,,00,000,17140,Cincinnati MSA,2023,334290,Other Communications Equipment Manufacturing,2,2,0.898462947231,1.6225581386,0.0,0.569654980482,21.7180076806,0.0,0.14214710251,0.508020019125
2,4,"Manufacturing: Computer, Peripheral and Communications Equipment",,,00,000,17140,Cincinnati MSA,2023,334310,Audio and Video Equipment Manufacturing,2,2,3.43179808639,4.76118139905,0.0,2.40182712529,86.0767167832,0.0,0.128549576208,2.1025599425
2,4,"Manufacturing: Computer, Peripheral and Communications Equipment",,,00,000,17140,Cincinnati MSA,2023,334412,Bare Printed Circuit Board Manufacturing  ,2,2,0.0,0.0,0.0,0.0,5.68118683425,0.0,0.0,0.0
2,4,"Manufacturing: Computer, Peripheral and Communications Equipment",,,00,000,17140,Cincinnati MSA,2023,334413,Semiconductor and Related Device Manufacturing ,2,2,1.30110885794,10.8812485445,0.0,5.5122066979,131.504505659,0.0,0.126256119797,1.307856399
2,4,"Manufacturing: Computer, Peripheral and Communications Equipment",,,00,000,17140,Cincinnati MSA,2023,334416,"Capacitor, Resistor, Coil, Transformer, and Other Inductor Manufacturing ",2,2,1.81981140075,0.0,0.0,3.28200046957,99.8010438558,0.0,0.0649388562336,1.82924892941
2,4,"Manufacturing: Computer, Peripheral and Communications Equipment",,,00,000,17140,Cincinnati MSA,2023,334417,Electronic Connector Manufacturing ,2,2,0.0,0.0,0.0,0.0,0.0944151253024,0.0,0.0,0.0
2,4,"Manufacturing: Computer, Peripheral and Communications Equipment",,,00,000,17140,Cincinnati MSA,2023,334418,Printed Circuit Assembly (Electronic Assembly) Manufacturing ,2,2,0.0,1.07214528871,0.0,2.34548192819,78.5283377706,0.0,0.0417058633383,0.0
2,4,"Manufacturing: Computer, Peripheral and Communications Equipment",,,00,000,17140,Cincinnati MSA,2023,334419,Other Electronic Component Manufacturing ,2,2,0.0,0.721834363137,0.0,1.34327039393,56.7022405933,0.0,0.0351403444337,0.0
2,4,"Manufacturing: Computer, Peripheral and Communications Equipment",,,00,000,17140,Cincinnati MSA,2023,334510,Electromedical and Electrotherapeutic Apparatus Manufacturing ,2,2,8.00574928688,21.2813128123,0.0,7.18494125224,237.207804948,0.0,0.145165758468,3.81001770808
2,4,"Manufacturing: Computer, Peripheral and Communications Equipment",,,00,000,17140,Cincinnati MSA,2023,334511,"Search, Detection, Navigation, Guidance, Aeronautical, and Nautical System and Instrument Manufacturing ",2,2,32.775460558,57.6817251235,0.0,26.1884209033,852.585371674,2.24134860649,0.132842392127,11.7230737558
2,4,"Manufacturing: Computer, Peripheral and Communications Equipment",,,00,000,17140,Cincinnati MSA,2023,334512,"Automatic Environmental Control Manufacturing for Residential, Commercial, and Appliance Use ",2,2,1.49619378775,6.55678894121,0.0,2.470998568,76.1696271824,0.0,0.131976172522,1.05700938522
2,4,"Manufacturing: Computer, Peripheral and Communications Equipment",,,00,000,17140,Cincinnati MSA,2023,334513,"Instruments and Related Products Manufacturing for Measuring, Displaying, and Controlling Industrial Process Variables ",2,2,15.9793118258,39.4595041265,0.0,14.3286062539,462.758973235,0.930905746559,0.143107551471,6.58593764502
2,4,"Manufacturing: Computer, Peripheral and Communications Equipment",,,00,000,17140,Cincinnati MSA,2023,334514,Totalizing Fluid Meter and Counting Device Manufacturing ,2,2,0.0,0.0,0.0,0.0,0.0,0.0,0.0,0.0
2,4,"Manufacturing: Computer, Peripheral and Communications Equipment",,,00,000,17140,Cincinnati MSA,2023,334515,Instrument Manufacturing for Measuring and Testing Electricity and Electrical Signals ,2,2,1.68231471415,7.05448629275,0.0,2.82949456906,113.368135029,0.0,0.0925789273617,0.0
2,4,"Manufacturing: Computer, Peripheral and Communications Equipment",,,00,000,17140,Cincinnati MSA,2023,334516,Analytical Laboratory Instrument Manufacturing ,2,2,9.17459866747,22.2437313956,0.0,8.23519552876,263.723012632,0.676766280183,0.143135054648,3.72333411625
2,4,"Manufacturing: Computer, Peripheral and Communications Equipment",,,00,000,17140,Cincinnati MSA,2023,334517,Irradiation Apparatus Manufacturing ,2,2,2.8937381769,11.0994014971,0.0,2.59576020884,103.865868131,0.0,0.152109093904,2.0443263676
2,4,"Manufacturing: Computer, Peripheral and Communications Equipment",,,00,000,17140,Cincinnati MSA,2023,334519,Other Measuring and Controlling Device Manufacturing ,2,2,7.96316985544,27.0429261642,0.0,6.82091135653,279.476253978,0.0,0.144874793452,5.52168993693
2,4,"Manufacturing: Computer, Peripheral and Communications Equipment",,,00,000,17140,Cincinnati MSA,2023,334610,Manufacturing and Reproducing Magnetic and Optical Media ,2,2,0.0,0.0,0.0,0.0,3.16906530946,0.0,0.0,0.0
2,4,"Manufacturing: Computer, Peripheral and Communications Equipment",,,00,000,18020,Columbus MSA,2019,333242,Semiconductor Machinery Manufacturing ,2,2,0.0,0.0,0.0,0.0,0.0,0.0,0.0,0.0
2,4,"Manufacturing: Computer, Peripheral and Communications Equipment",,,00,000,18020,Columbus MSA,2019,334111,Electronic Computer Manufacturing ,2,2,0.0,0.0,0.0,0.0,0.0,0.0,0.0,0.0
2,4,"Manufacturing: Computer, Peripheral and Communications Equipment",,,00,000,18020,Columbus MSA,2019,334112,Computer Storage Device Manufacturing ,2,2,0.0,0.0,0.0,0.0,0.0,0.0,0.0,0.0
2,4,"Manufacturing: Computer, Peripheral and Communications Equipment",,,00,000,18020,Columbus MSA,2019,334118,Computer Terminal and Other Computer Peripheral Equipment Manufacturing ,2,2,0.0,0.0,0.0,0.0,0.0,0.0,0.0,0.0
2,4,"Manufacturing: Computer, Peripheral and Communications Equipment",,,00,000,18020,Columbus MSA,2019,334210,Telephone Apparatus Manufacturing,2,2,0.0,0.0,0.0,0.0,0.0,0.0,0.0,0.0
2,4,"Manufacturing: Computer, Peripheral and Communications Equipment",,,00,000,18020,Columbus MSA,2019,334220,Radio and Television Broadcasting and Wireless Communications Equipment Manufacturing,2,2,0.0,0.0,0.0,0.0833334508844,0.0,0.0,1.0,0.0
2,4,"Manufacturing: Computer, Peripheral and Communications Equipment",,,00,000,18020,Columbus MSA,2019,334290,Other Communications Equipment Manufacturing,2,2,0.0,0.0,0.0,0.0,0.0,0.0,0.0,0.0
2,4,"Manufacturing: Computer, Peripheral and Communications Equipment",,,00,000,18020,Columbus MSA,2019,334310,Audio and Video Equipment Manufacturing,2,2,0.0,0.0,0.0,0.0,0.0,0.0,0.0,0.0
2,4,"Manufacturing: Computer, Peripheral and Communications Equipment",,,00,000,18020,Columbus MSA,2019,334412,Bare Printed Circuit Board Manufacturing  ,2,2,0.0,0.0,0.0,0.0,0.0,0.0,0.0,0.0
2,4,"Manufacturing: Computer, Peripheral and Communications Equipment",,,00,000,18020,Columbus MSA,2019,334413,Semiconductor and Related Device Manufacturing ,2,2,0.0,0.0,0.0,0.0,0.0,0.0,0.0,0.0
2,4,"Manufacturing: Computer, Peripheral and Communications Equipment",,,00,000,18020,Columbus MSA,2019,334416,"Capacitor, Resistor, Coil, Transformer, and Other Inductor Manufacturing ",2,2,0.0,0.0,0.0,0.0,0.0,0.0,0.0,0.0
2,4,"Manufacturing: Computer, Peripheral and Communications Equipment",,,00,000,18020,Columbus MSA,2019,334417,Electronic Connector Manufacturing ,2,2,0.0,0.0,0.0,1.77219852621,26.8549982355,0.0,0.0619061146979,0.0
2,4,"Manufacturing: Computer, Peripheral and Communications Equipment",,,00,000,18020,Columbus MSA,2019,334418,Printed Circuit Assembly (Electronic Assembly) Manufacturing ,2,2,0.0,0.0,0.0,0.0,0.0,0.0,0.0,0.0
2,4,"Manufacturing: Computer, Peripheral and Communications Equipment",,,00,000,18020,Columbus MSA,2019,334419,Other Electronic Component Manufacturing ,2,2,0.0,0.0,0.0,0.0,0.0,0.0,0.0,0.0
2,4,"Manufacturing: Computer, Peripheral and Communications Equipment",,,00,000,18020,Columbus MSA,2019,334510,Electromedical and Electrotherapeutic Apparatus Manufacturing ,2,2,0.0,0.0,0.0,0.0,0.0,0.0,0.0,0.0
2,4,"Manufacturing: Computer, Peripheral and Communications Equipment",,,00,000,18020,Columbus MSA,2019,334511,"Search, Detection, Navigation, Guidance, Aeronautical, and Nautical System and Instrument Manufacturing ",2,2,0.0,0.0,0.0,0.0,0.0,0.0,0.0,0.0
2,4,"Manufacturing: Computer, Peripheral and Communications Equipment",,,00,000,18020,Columbus MSA,2019,334512,"Automatic Environmental Control Manufacturing for Residential, Commercial, and Appliance Use ",2,2,0.0,0.0,0.0,0.0,0.0,0.0,0.0,0.0
2,4,"Manufacturing: Computer, Peripheral and Communications Equipment",,,00,000,18020,Columbus MSA,2019,334513,"Instruments and Related Products Manufacturing for Measuring, Displaying, and Controlling Industrial Process Variables ",2,2,0.0,0.0,0.0,0.0,0.0,0.0,0.0,0.0
2,4,"Manufacturing: Computer, Peripheral and Communications Equipment",,,00,000,18020,Columbus MSA,2019,334514,Totalizing Fluid Meter and Counting Device Manufacturing ,2,2,0.0,0.0,0.0,0.0,0.0,0.0,0.0,0.0
2,4,"Manufacturing: Computer, Peripheral and Communications Equipment",,,00,000,18020,Columbus MSA,2019,334515,Instrument Manufacturing for Measuring and Testing Electricity and Electrical Signals ,2,2,0.0,0.0,0.0,0.0,0.0,0.0,0.0,0.0
2,4,"Manufacturing: Computer, Peripheral and Communications Equipment",,,00,000,18020,Columbus MSA,2019,334516,Analytical Laboratory Instrument Manufacturing ,2,2,0.0,0.0,0.0,0.0,0.0,0.0,0.0,0.0
2,4,"Manufacturing: Computer, Peripheral and Communications Equipment",,,00,000,18020,Columbus MSA,2019,334517,Irradiation Apparatus Manufacturing ,2,2,0.0,0.0,0.0,0.0,0.0,0.0,0.0,0.0
2,4,"Manufacturing: Computer, Peripheral and Communications Equipment",,,00,000,18020,Columbus MSA,2019,334519,Other Measuring and Controlling Device Manufacturing ,2,2,0.703350336807,0.0,0.0,1.05132352494,13.0817675416,0.0,0.1182678389,0.0
2,4,"Manufacturing: Computer, Peripheral and Communications Equipment",,,00,000,18020,Columbus MSA,2019,334610,Manufacturing and Reproducing Magnetic and Optical Media ,2,2,0.0,0.0,0.0,0.0,0.0,0.0,0.0,0.0
2,4,"Manufacturing: Computer, Peripheral and Communications Equipment",,,00,000,18020,Columbus MSA,2020,333242,Semiconductor Machinery Manufacturing ,2,2,0.0,0.0,0.0,0.0,0.0,0.0,0.0,0.0
2,4,"Manufacturing: Computer, Peripheral and Communications Equipment",,,00,000,18020,Columbus MSA,2020,334111,Electronic Computer Manufacturing ,2,2,0.0,0.0,0.0,0.0,0.0,0.0,0.0,0.0
2,4,"Manufacturing: Computer, Peripheral and Communications Equipment",,,00,000,18020,Columbus MSA,2020,334112,Computer Storage Device Manufacturing ,2,2,0.0,0.0,0.0,0.0,0.0,0.0,0.0,0.0
2,4,"Manufacturing: Computer, Peripheral and Communications Equipment",,,00,000,18020,Columbus MSA,2020,334118,Computer Terminal and Other Computer Peripheral Equipment Manufacturing ,2,2,0.0,0.0,0.0,0.0,0.0,0.0,0.0,0.0
2,4,"Manufacturing: Computer, Peripheral and Communications Equipment",,,00,000,18020,Columbus MSA,2020,334210,Telephone Apparatus Manufacturing,2,2,0.0,0.0,0.0,0.0,0.0,0.0,0.0,0.0
2,4,"Manufacturing: Computer, Peripheral and Communications Equipment",,,00,000,18020,Columbus MSA,2020,334220,Radio and Television Broadcasting and Wireless Communications Equipment Manufacturing,2,2,0.0,0.0,0.0,0.0,0.0,0.0,0.0,0.0
2,4,"Manufacturing: Computer, Peripheral and Communications Equipment",,,00,000,18020,Columbus MSA,2020,334290,Other Communications Equipment Manufacturing,2,2,0.0,0.0,0.0,0.0,0.0,0.0,0.0,0.0
2,4,"Manufacturing: Computer, Peripheral and Communications Equipment",,,00,000,18020,Columbus MSA,2020,334310,Audio and Video Equipment Manufacturing,2,2,0.0,0.0,0.0,0.0,0.0,0.0,0.0,0.0
2,4,"Manufacturing: Computer, Peripheral and Communications Equipment",,,00,000,18020,Columbus MSA,2020,334412,Bare Printed Circuit Board Manufacturing  ,2,2,0.0,0.0,0.0,0.0,0.0,0.0,0.0,0.0
2,4,"Manufacturing: Computer, Peripheral and Communications Equipment",,,00,000,18020,Columbus MSA,2020,334413,Semiconductor and Related Device Manufacturing ,2,2,0.0,0.0,0.0,0.0,0.164430143541,0.0,0.0,0.0
2,4,"Manufacturing: Computer, Peripheral and Communications Equipment",,,00,000,18020,Columbus MSA,2020,334416,"Capacitor, Resistor, Coil, Transformer, and Other Inductor Manufacturing ",2,2,0.0,0.0,0.0,0.0,0.0,0.0,0.0,0.0
2,4,"Manufacturing: Computer, Peripheral and Communications Equipment",,,00,000,18020,Columbus MSA,2020,334417,Electronic Connector Manufacturing ,2,2,0.0,0.0,0.0,1.13388745926,21.1243621162,0.0,0.0509423463609,0.0
2,4,"Manufacturing: Computer, Peripheral and Communications Equipment",,,00,000,18020,Columbus MSA,2020,334418,Printed Circuit Assembly (Electronic Assembly) Manufacturing ,2,2,0.0,0.0,0.0,0.0,0.0,0.0,0.0,0.0
2,4,"Manufacturing: Computer, Peripheral and Communications Equipment",,,00,000,18020,Columbus MSA,2020,334419,Other Electronic Component Manufacturing ,2,2,0.0,0.0,0.0,0.0,0.0,0.0,0.0,0.0
2,4,"Manufacturing: Computer, Peripheral and Communications Equipment",,,00,000,18020,Columbus MSA,2020,334510,Electromedical and Electrotherapeutic Apparatus Manufacturing ,2,2,0.0,0.0,0.0,0.0,0.0,0.0,0.0,0.0
2,4,"Manufacturing: Computer, Peripheral and Communications Equipment",,,00,000,18020,Columbus MSA,2020,334511,"Search, Detection, Navigation, Guidance, Aeronautical, and Nautical System and Instrument Manufacturing ",2,2,0.0,0.0,0.0,0.0,0.0,0.0,0.0,0.0
2,4,"Manufacturing: Computer, Peripheral and Communications Equipment",,,00,000,18020,Columbus MSA,2020,334512,"Automatic Environmental Control Manufacturing for Residential, Commercial, and Appliance Use ",2,2,0.0,0.0,0.0,0.0,0.0,0.0,0.0,0.0
2,4,"Manufacturing: Computer, Peripheral and Communications Equipment",,,00,000,18020,Columbus MSA,2020,334513,"Instruments and Related Products Manufacturing for Measuring, Displaying, and Controlling Industrial Process Variables ",2,2,0.0,0.0,0.0,0.0,0.0,0.0,0.0,0.0
2,4,"Manufacturing: Computer, Peripheral and Communications Equipment",,,00,000,18020,Columbus MSA,2020,334514,Totalizing Fluid Meter and Counting Device Manufacturing ,2,2,0.0,0.0,0.0,0.0,0.0,0.0,0.0,0.0
2,4,"Manufacturing: Computer, Peripheral and Communications Equipment",,,00,000,18020,Columbus MSA,2020,334515,Instrument Manufacturing for Measuring and Testing Electricity and Electrical Signals ,2,2,0.0,0.0,0.0,0.0,0.0,0.0,0.0,0.0
2,4,"Manufacturing: Computer, Peripheral and Communications Equipment",,,00,000,18020,Columbus MSA,2020,334516,Analytical Laboratory Instrument Manufacturing ,2,2,0.0,0.0,0.0,0.0,0.0,0.0,0.0,0.0
2,4,"Manufacturing: Computer, Peripheral and Communications Equipment",,,00,000,18020,Columbus MSA,2020,334517,Irradiation Apparatus Manufacturing ,2,2,0.0,0.0,0.0,0.0,0.0,0.0,0.0,0.0
2,4,"Manufacturing: Computer, Peripheral and Communications Equipment",,,00,000,18020,Columbus MSA,2020,334519,Other Measuring and Controlling Device Manufacturing ,2,2,0.583513036036,0.818097873838,0.0,1.24276237555,6.61587665003,0.0,0.285561761708,0.0
2,4,"Manufacturing: Computer, Peripheral and Communications Equipment",,,00,000,18020,Columbus MSA,2020,334610,Manufacturing and Reproducing Magnetic and Optical Media ,2,2,0.0,0.0,0.0,0.0,0.0,0.0,0.0,0.0
2,4,"Manufacturing: Computer, Peripheral and Communications Equipment",,,00,000,18020,Columbus MSA,2021,333242,Semiconductor Machinery Manufacturing ,2,2,0.0,0.0,0.0,0.0,0.0,0.0,0.0,0.0
2,4,"Manufacturing: Computer, Peripheral and Communications Equipment",,,00,000,18020,Columbus MSA,2021,334111,Electronic Computer Manufacturing ,2,2,0.0,0.0,0.0,0.0,0.0,0.0,0.0,0.0
2,4,"Manufacturing: Computer, Peripheral and Communications Equipment",,,00,000,18020,Columbus MSA,2021,334112,Computer Storage Device Manufacturing ,2,2,0.0,0.0,0.0,0.0,0.0,0.0,0.0,0.0
2,4,"Manufacturing: Computer, Peripheral and Communications Equipment",,,00,000,18020,Columbus MSA,2021,334118,Computer Terminal and Other Computer Peripheral Equipment Manufacturing ,2,2,0.0,0.0,0.0,0.0,0.0,0.0,0.0,0.0
2,4,"Manufacturing: Computer, Peripheral and Communications Equipment",,,00,000,18020,Columbus MSA,2021,334210,Telephone Apparatus Manufacturing,2,2,0.0,0.0,0.0,0.0,0.0,0.0,0.0,0.0
2,4,"Manufacturing: Computer, Peripheral and Communications Equipment",,,00,000,18020,Columbus MSA,2021,334220,Radio and Television Broadcasting and Wireless Communications Equipment Manufacturing,2,2,0.0,0.0,0.0,0.0,0.0,0.0,0.0,0.0
2,4,"Manufacturing: Computer, Peripheral and Communications Equipment",,,00,000,18020,Columbus MSA,2021,334290,Other Communications Equipment Manufacturing,2,2,0.0,0.0,0.0,0.0,0.0,0.0,0.0,0.0
2,4,"Manufacturing: Computer, Peripheral and Communications Equipment",,,00,000,18020,Columbus MSA,2021,334310,Audio and Video Equipment Manufacturing,2,2,0.0,0.0,0.0,0.0,0.0,0.0,0.0,0.0
2,4,"Manufacturing: Computer, Peripheral and Communications Equipment",,,00,000,18020,Columbus MSA,2021,334412,Bare Printed Circuit Board Manufacturing  ,2,2,0.0,0.0,0.0,0.0,0.0,0.0,0.0,0.0
2,4,"Manufacturing: Computer, Peripheral and Communications Equipment",,,00,000,18020,Columbus MSA,2021,334413,Semiconductor and Related Device Manufacturing ,2,2,0.0,0.0,0.0,0.0,0.992534987828,0.0,0.0,0.0
2,4,"Manufacturing: Computer, Peripheral and Communications Equipment",,,00,000,18020,Columbus MSA,2021,334416,"Capacitor, Resistor, Coil, Transformer, and Other Inductor Manufacturing ",2,2,0.0,0.0,0.0,0.0,0.0,0.0,0.0,0.0
2,4,"Manufacturing: Computer, Peripheral and Communications Equipment",,,00,000,18020,Columbus MSA,2021,334417,Electronic Connector Manufacturing ,2,2,1.11812766684,0.0,0.0,1.00738463854,18.1593987763,0.0,0.104782924451,0.0
2,4,"Manufacturing: Computer, Peripheral and Communications Equipment",,,00,000,18020,Columbus MSA,2021,334418,Printed Circuit Assembly (Electronic Assembly) Manufacturing ,2,2,0.0,0.0,0.0,0.0,0.0,0.0,0.0,0.0
2,4,"Manufacturing: Computer, Peripheral and Communications Equipment",,,00,000,18020,Columbus MSA,2021,334419,Other Electronic Component Manufacturing ,2,2,0.0,0.0,0.0,0.0,0.0,0.0,0.0,0.0
2,4,"Manufacturing: Computer, Peripheral and Communications Equipment",,,00,000,18020,Columbus MSA,2021,334510,Electromedical and Electrotherapeutic Apparatus Manufacturing ,2,2,0.0,0.0,0.0,0.0,0.0,0.0,0.0,0.0
2,4,"Manufacturing: Computer, Peripheral and Communications Equipment",,,00,000,18020,Columbus MSA,2021,334511,"Search, Detection, Navigation, Guidance, Aeronautical, and Nautical System and Instrument Manufacturing ",2,2,0.0,0.0,0.0,0.0,0.0,0.0,0.0,0.0
2,4,"Manufacturing: Computer, Peripheral and Communications Equipment",,,00,000,18020,Columbus MSA,2021,334512,"Automatic Environmental Control Manufacturing for Residential, Commercial, and Appliance Use ",2,2,0.0,0.0,0.0,0.0,0.0,0.0,0.0,0.0
2,4,"Manufacturing: Computer, Peripheral and Communications Equipment",,,00,000,18020,Columbus MSA,2021,334513,"Instruments and Related Products Manufacturing for Measuring, Displaying, and Controlling Industrial Process Variables ",2,2,0.0,0.0,0.0,0.0,0.0,0.0,0.0,0.0
2,4,"Manufacturing: Computer, Peripheral and Communications Equipment",,,00,000,18020,Columbus MSA,2021,334514,Totalizing Fluid Meter and Counting Device Manufacturing ,2,2,0.0,0.0,0.0,0.0,0.0,0.0,0.0,0.0
2,4,"Manufacturing: Computer, Peripheral and Communications Equipment",,,00,000,18020,Columbus MSA,2021,334515,Instrument Manufacturing for Measuring and Testing Electricity and Electrical Signals ,2,2,0.0,0.0,0.0,0.0,0.0,0.0,0.0,0.0
2,4,"Manufacturing: Computer, Peripheral and Communications Equipment",,,00,000,18020,Columbus MSA,2021,334516,Analytical Laboratory Instrument Manufacturing ,2,2,0.0,0.0,0.0,0.0,0.0,0.0,0.0,0.0
2,4,"Manufacturing: Computer, Peripheral and Communications Equipment",,,00,000,18020,Columbus MSA,2021,334517,Irradiation Apparatus Manufacturing ,2,2,0.0,0.0,0.0,0.0,0.0,0.0,0.0,0.0
2,4,"Manufacturing: Computer, Peripheral and Communications Equipment",,,00,000,18020,Columbus MSA,2021,334519,Other Measuring and Controlling Device Manufacturing ,2,2,0.520540653207,0.0,0.0,0.0,8.8275300918,0.592943592757,0.112009117795,0.0
2,4,"Manufacturing: Computer, Peripheral and Communications Equipment",,,00,000,18020,Columbus MSA,2021,334610,Manufacturing and Reproducing Magnetic and Optical Media ,2,2,0.0,0.0,0.0,0.0,0.0,0.0,0.0,0.0
2,4,"Manufacturing: Computer, Peripheral and Communications Equipment",,,00,000,18020,Columbus MSA,2022,333242,Semiconductor Machinery Manufacturing ,2,2,0.0,0.0,0.0,0.0,0.0,0.0,0.0,0.0
2,4,"Manufacturing: Computer, Peripheral and Communications Equipment",,,00,000,18020,Columbus MSA,2022,334111,Electronic Computer Manufacturing ,2,2,0.0,0.0,0.0,0.0,0.0,0.0,0.0,0.0
2,4,"Manufacturing: Computer, Peripheral and Communications Equipment",,,00,000,18020,Columbus MSA,2022,334112,Computer Storage Device Manufacturing ,2,2,0.0,0.0,0.0,0.0,0.0,0.0,0.0,0.0
2,4,"Manufacturing: Computer, Peripheral and Communications Equipment",,,00,000,18020,Columbus MSA,2022,334118,Computer Terminal and Other Computer Peripheral Equipment Manufacturing ,2,2,0.0,0.0,0.0,0.0,0.0,0.0,0.0,0.0
2,4,"Manufacturing: Computer, Peripheral and Communications Equipment",,,00,000,18020,Columbus MSA,2022,334210,Telephone Apparatus Manufacturing,2,2,0.0,0.0,0.0,0.0,0.0,0.0,0.0,0.0
2,4,"Manufacturing: Computer, Peripheral and Communications Equipment",,,00,000,18020,Columbus MSA,2022,334220,Radio and Television Broadcasting and Wireless Communications Equipment Manufacturing,2,2,0.0,0.0,0.0,0.0,0.0,0.0,0.0,0.0
2,4,"Manufacturing: Computer, Peripheral and Communications Equipment",,,00,000,18020,Columbus MSA,2022,334290,Other Communications Equipment Manufacturing,2,2,0.0,0.0,0.0,0.0,0.0,0.0,0.0,0.0
2,4,"Manufacturing: Computer, Peripheral and Communications Equipment",,,00,000,18020,Columbus MSA,2022,334310,Audio and Video Equipment Manufacturing,2,2,0.0,0.0,0.0,0.0,0.0,0.0,0.0,0.0
2,4,"Manufacturing: Computer, Peripheral and Communications Equipment",,,00,000,18020,Columbus MSA,2022,334412,Bare Printed Circuit Board Manufacturing  ,2,2,0.0,0.0,0.0,0.0,0.0,0.0,0.0,0.0
2,4,"Manufacturing: Computer, Peripheral and Communications Equipment",,,00,000,18020,Columbus MSA,2022,334413,Semiconductor and Related Device Manufacturing ,2,2,0.0,0.0,0.0,0.0,0.166666666667,0.0,0.0,0.0
2,4,"Manufacturing: Computer, Peripheral and Communications Equipment",,,00,000,18020,Columbus MSA,2022,334416,"Capacitor, Resistor, Coil, Transformer, and Other Inductor Manufacturing ",2,2,0.0,0.0,0.0,0.0,0.0,0.0,0.0,0.0
2,4,"Manufacturing: Computer, Peripheral and Communications Equipment",,,00,000,18020,Columbus MSA,2022,334417,Electronic Connector Manufacturing ,2,2,0.0,0.0,0.0,0.0,15.3522080867,0.0,0.0,0.0
2,4,"Manufacturing: Computer, Peripheral and Communications Equipment",,,00,000,18020,Columbus MSA,2022,334418,Printed Circuit Assembly (Electronic Assembly) Manufacturing ,2,2,0.0,0.0,0.0,0.0,0.0,0.0,0.0,0.0
2,4,"Manufacturing: Computer, Peripheral and Communications Equipment",,,00,000,18020,Columbus MSA,2022,334419,Other Electronic Component Manufacturing ,2,2,0.0,0.0,0.0,0.0,0.0,0.0,0.0,0.0
2,4,"Manufacturing: Computer, Peripheral and Communications Equipment",,,00,000,18020,Columbus MSA,2022,334510,Electromedical and Electrotherapeutic Apparatus Manufacturing ,2,2,0.0,0.0,0.0,0.0,0.0,0.0,0.0,0.0
2,4,"Manufacturing: Computer, Peripheral and Communications Equipment",,,00,000,18020,Columbus MSA,2022,334511,"Search, Detection, Navigation, Guidance, Aeronautical, and Nautical System and Instrument Manufacturing ",2,2,0.0,0.0,0.0,0.0,0.0,0.0,0.0,0.0
2,4,"Manufacturing: Computer, Peripheral and Communications Equipment",,,00,000,18020,Columbus MSA,2022,334512,"Automatic Environmental Control Manufacturing for Residential, Commercial, and Appliance Use ",2,2,0.0,0.0,0.0,0.0,0.0,0.0,0.0,0.0
2,4,"Manufacturing: Computer, Peripheral and Communications Equipment",,,00,000,18020,Columbus MSA,2022,334513,"Instruments and Related Products Manufacturing for Measuring, Displaying, and Controlling Industrial Process Variables ",2,2,0.0,0.0,0.0,0.0,0.0,0.0,0.0,0.0
2,4,"Manufacturing: Computer, Peripheral and Communications Equipment",,,00,000,18020,Columbus MSA,2022,334514,Totalizing Fluid Meter and Counting Device Manufacturing ,2,2,0.0,0.0,0.0,0.0,0.0,0.0,0.0,0.0
2,4,"Manufacturing: Computer, Peripheral and Communications Equipment",,,00,000,18020,Columbus MSA,2022,334515,Instrument Manufacturing for Measuring and Testing Electricity and Electrical Signals ,2,2,0.0,0.0,0.0,0.0,0.0,0.0,0.0,0.0
2,4,"Manufacturing: Computer, Peripheral and Communications Equipment",,,00,000,18020,Columbus MSA,2022,334516,Analytical Laboratory Instrument Manufacturing ,2,2,0.0,0.0,0.0,0.0,0.0,0.0,0.0,0.0
2,4,"Manufacturing: Computer, Peripheral and Communications Equipment",,,00,000,18020,Columbus MSA,2022,334517,Irradiation Apparatus Manufacturing ,2,2,0.0,0.0,0.0,0.0,0.0,0.0,0.0,0.0
2,4,"Manufacturing: Computer, Peripheral and Communications Equipment",,,00,000,18020,Columbus MSA,2022,334519,Other Measuring and Controlling Device Manufacturing ,2,2,0.0,0.768278808924,0.0,0.0,17.4257959856,0.0,0.04222686878,0.0
2,4,"Manufacturing: Computer, Peripheral and Communications Equipment",,,00,000,18020,Columbus MSA,2022,334610,Manufacturing and Reproducing Magnetic and Optical Media ,2,2,0.0,0.0,0.0,0.0,0.0,0.0,0.0,0.0
2,4,"Manufacturing: Computer, Peripheral and Communications Equipment",,,00,000,18020,Columbus MSA,2023,333242,Semiconductor Machinery Manufacturing ,2,2,0.0,0.0,0.0,0.0,0.0,0.0,0.0,0.0
2,4,"Manufacturing: Computer, Peripheral and Communications Equipment",,,00,000,18020,Columbus MSA,2023,334111,Electronic Computer Manufacturing ,2,2,0.0,0.0,0.0,0.0,0.0,0.0,0.0,0.0
2,4,"Manufacturing: Computer, Peripheral and Communications Equipment",,,00,000,18020,Columbus MSA,2023,334112,Computer Storage Device Manufacturing ,2,2,0.0,0.0,0.0,0.0,0.0,0.0,0.0,0.0
2,4,"Manufacturing: Computer, Peripheral and Communications Equipment",,,00,000,18020,Columbus MSA,2023,334118,Computer Terminal and Other Computer Peripheral Equipment Manufacturing ,2,2,0.0,0.0,0.0,0.0,0.0,0.0,0.0,0.0
2,4,"Manufacturing: Computer, Peripheral and Communications Equipment",,,00,000,18020,Columbus MSA,2023,334210,Telephone Apparatus Manufacturing,2,2,0.0,0.0,0.0,0.0,0.0,0.0,0.0,0.0
2,4,"Manufacturing: Computer, Peripheral and Communications Equipment",,,00,000,18020,Columbus MSA,2023,334220,Radio and Television Broadcasting and Wireless Communications Equipment Manufacturing,2,2,0.0,0.0,0.0,0.0,0.0,0.0,0.0,0.0
2,4,"Manufacturing: Computer, Peripheral and Communications Equipment",,,00,000,18020,Columbus MSA,2023,334290,Other Communications Equipment Manufacturing,2,2,0.0,0.0,0.0,0.0,0.0,0.0,0.0,0.0
2,4,"Manufacturing: Computer, Peripheral and Communications Equipment",,,00,000,18020,Columbus MSA,2023,334310,Audio and Video Equipment Manufacturing,2,2,0.0,0.0,0.0,0.0,0.0,0.0,0.0,0.0
2,4,"Manufacturing: Computer, Peripheral and Communications Equipment",,,00,000,18020,Columbus MSA,2023,334412,Bare Printed Circuit Board Manufacturing  ,2,2,0.0,0.0,0.0,0.0,0.0,0.0,0.0,0.0
2,4,"Manufacturing: Computer, Peripheral and Communications Equipment",,,00,000,18020,Columbus MSA,2023,334413,Semiconductor and Related Device Manufacturing ,2,2,0.0,0.0,0.0,0.0,1.50950624822,0.0,0.0,0.0
2,4,"Manufacturing: Computer, Peripheral and Communications Equipment",,,00,000,18020,Columbus MSA,2023,334416,"Capacitor, Resistor, Coil, Transformer, and Other Inductor Manufacturing ",2,2,0.0,0.0,0.0,0.0,0.0,0.0,0.0,0.0
2,4,"Manufacturing: Computer, Peripheral and Communications Equipment",,,00,000,18020,Columbus MSA,2023,334417,Electronic Connector Manufacturing ,2,2,0.0,0.0,0.0,0.0,8.88204467767,0.0,0.0,0.0
2,4,"Manufacturing: Computer, Peripheral and Communications Equipment",,,00,000,18020,Columbus MSA,2023,334418,Printed Circuit Assembly (Electronic Assembly) Manufacturing ,2,2,0.0,0.0,0.0,0.0,0.0,0.0,0.0,0.0
2,4,"Manufacturing: Computer, Peripheral and Communications Equipment",,,00,000,18020,Columbus MSA,2023,334419,Other Electronic Component Manufacturing ,2,2,0.0,0.0,0.0,0.0,0.0,0.0,0.0,0.0
2,4,"Manufacturing: Computer, Peripheral and Communications Equipment",,,00,000,18020,Columbus MSA,2023,334510,Electromedical and Electrotherapeutic Apparatus Manufacturing ,2,2,0.0,0.0,0.0,0.0,0.0,0.0,0.0,0.0
2,4,"Manufacturing: Computer, Peripheral and Communications Equipment",,,00,000,18020,Columbus MSA,2023,334511,"Search, Detection, Navigation, Guidance, Aeronautical, and Nautical System and Instrument Manufacturing ",2,2,0.0,0.0,0.0,0.0,0.0,0.0,0.0,0.0
2,4,"Manufacturing: Computer, Peripheral and Communications Equipment",,,00,000,18020,Columbus MSA,2023,334512,"Automatic Environmental Control Manufacturing for Residential, Commercial, and Appliance Use ",2,2,0.0,0.0,0.0,0.0,0.250241036647,0.0,0.0,0.0
2,4,"Manufacturing: Computer, Peripheral and Communications Equipment",,,00,000,18020,Columbus MSA,2023,334513,"Instruments and Related Products Manufacturing for Measuring, Displaying, and Controlling Industrial Process Variables ",2,2,0.0,0.0,0.0,0.0,0.0,0.0,0.0,0.0
2,4,"Manufacturing: Computer, Peripheral and Communications Equipment",,,00,000,18020,Columbus MSA,2023,334514,Totalizing Fluid Meter and Counting Device Manufacturing ,2,2,0.0,0.0,0.0,0.0,0.0,0.0,0.0,0.0
2,4,"Manufacturing: Computer, Peripheral and Communications Equipment",,,00,000,18020,Columbus MSA,2023,334515,Instrument Manufacturing for Measuring and Testing Electricity and Electrical Signals ,2,2,0.0,0.0,0.0,0.0,0.0,0.0,0.0,0.0
2,4,"Manufacturing: Computer, Peripheral and Communications Equipment",,,00,000,18020,Columbus MSA,2023,334516,Analytical Laboratory Instrument Manufacturing ,2,2,0.0,0.0,0.0,0.0,0.0,0.0,0.0,0.0
2,4,"Manufacturing: Computer, Peripheral and Communications Equipment",,,00,000,18020,Columbus MSA,2023,334517,Irradiation Apparatus Manufacturing ,2,2,0.0,0.0,0.0,0.0,0.0,0.0,0.0,0.0
2,4,"Manufacturing: Computer, Peripheral and Communications Equipment",,,00,000,18020,Columbus MSA,2023,334519,Other Measuring and Controlling Device Manufacturing ,2,2,1.22722570899,1.06000637394,0.0,0.0,15.8558953639,0.650439543096,0.156312616312,0.0
2,4,"Manufacturing: Computer, Peripheral and Communications Equipment",,,00,000,18020,Columbus MSA,2023,334610,Manufacturing and Reproducing Magnetic and Optical Media ,2,2,0.0,0.0,0.0,0.0,0.0,0.0,0.0,0.0
2,4,"Manufacturing: Computer, Peripheral and Communications Equipment",,,00,000,21140,Elkhart-Goshen MSA,2019,333242,Semiconductor Machinery Manufacturing ,2,2,0.0,0.0,0.0,0.0,0.0,0.0,0.0,0.0
2,4,"Manufacturing: Computer, Peripheral and Communications Equipment",,,00,000,21140,Elkhart-Goshen MSA,2019,334111,Electronic Computer Manufacturing ,2,2,0.0,0.0,0.0,0.0,0.0,0.0,0.0,0.0
2,4,"Manufacturing: Computer, Peripheral and Communications Equipment",,,00,000,21140,Elkhart-Goshen MSA,2019,334112,Computer Storage Device Manufacturing ,2,2,0.0,0.0,0.0,0.0,0.0,0.0,0.0,0.0
2,4,"Manufacturing: Computer, Peripheral and Communications Equipment",,,00,000,21140,Elkhart-Goshen MSA,2019,334118,Computer Terminal and Other Computer Peripheral Equipment Manufacturing ,2,2,0.0,0.0,0.0,0.0,0.0,0.0,0.0,0.0
2,4,"Manufacturing: Computer, Peripheral and Communications Equipment",,,00,000,21140,Elkhart-Goshen MSA,2019,334210,Telephone Apparatus Manufacturing,2,2,0.0,0.0,0.0,0.0,0.0,0.0,0.0,0.0
2,4,"Manufacturing: Computer, Peripheral and Communications Equipment",,,00,000,21140,Elkhart-Goshen MSA,2019,334220,Radio and Television Broadcasting and Wireless Communications Equipment Manufacturing,2,2,0.0,0.500001163817,0.0,0.0,6.48041811748,0.0,0.0716291018731,0.0
2,4,"Manufacturing: Computer, Peripheral and Communications Equipment",,,00,000,21140,Elkhart-Goshen MSA,2019,334290,Other Communications Equipment Manufacturing,2,2,0.0,0.0,0.0,0.0,0.0,0.0,0.0,0.0
2,4,"Manufacturing: Computer, Peripheral and Communications Equipment",,,00,000,21140,Elkhart-Goshen MSA,2019,334310,Audio and Video Equipment Manufacturing,2,2,0.0,0.0,0.0,0.0,9.35288891044,0.0,0.0,0.0
2,4,"Manufacturing: Computer, Peripheral and Communications Equipment",,,00,000,21140,Elkhart-Goshen MSA,2019,334412,Bare Printed Circuit Board Manufacturing  ,2,2,0.0,0.0,0.0,0.0,0.0,0.0,0.0,0.0
2,4,"Manufacturing: Computer, Peripheral and Communications Equipment",,,00,000,21140,Elkhart-Goshen MSA,2019,334413,Semiconductor and Related Device Manufacturing ,2,2,0.0,0.0,0.0,0.0,0.0,0.0,0.0,0.0
2,4,"Manufacturing: Computer, Peripheral and Communications Equipment",,,00,000,21140,Elkhart-Goshen MSA,2019,334416,"Capacitor, Resistor, Coil, Transformer, and Other Inductor Manufacturing ",2,2,1.44627013155,2.61195192201,0.0,3.01834721364,34.2683302723,0.0,0.188310701453,0.873632026269
2,4,"Manufacturing: Computer, Peripheral and Communications Equipment",,,00,000,21140,Elkhart-Goshen MSA,2019,334417,Electronic Connector Manufacturing ,2,2,0.0,0.0,0.0,0.0,0.0,0.0,0.0,0.0
2,4,"Manufacturing: Computer, Peripheral and Communications Equipment",,,00,000,21140,Elkhart-Goshen MSA,2019,334418,Printed Circuit Assembly (Electronic Assembly) Manufacturing ,2,2,9.52293150258,17.1983357041,0.0,21.5658200094,225.63901084,0.0,0.193220055172,5.75240943107
2,4,"Manufacturing: Computer, Peripheral and Communications Equipment",,,00,000,21140,Elkhart-Goshen MSA,2019,334419,Other Electronic Component Manufacturing ,2,2,0.0,0.0,0.0,0.0,0.602962188176,0.0,0.0,0.0
2,4,"Manufacturing: Computer, Peripheral and Communications Equipment",,,00,000,21140,Elkhart-Goshen MSA,2019,334510,Electromedical and Electrotherapeutic Apparatus Manufacturing ,2,2,0.0,0.0,0.0,0.0,0.0,0.0,0.0,0.0
2,4,"Manufacturing: Computer, Peripheral and Communications Equipment",,,00,000,21140,Elkhart-Goshen MSA,2019,334511,"Search, Detection, Navigation, Guidance, Aeronautical, and Nautical System and Instrument Manufacturing ",2,2,0.0,0.0,0.0,0.0,0.0,0.0,0.0,0.0
2,4,"Manufacturing: Computer, Peripheral and Communications Equipment",,,00,000,21140,Elkhart-Goshen MSA,2019,334512,"Automatic Environmental Control Manufacturing for Residential, Commercial, and Appliance Use ",2,2,4.20836451034,2.80302357149,0.0,19.5476578875,137.748218151,0.0,0.164919995573,0.644857138577
2,4,"Manufacturing: Computer, Peripheral and Communications Equipment",,,00,000,21140,Elkhart-Goshen MSA,2019,334513,"Instruments and Related Products Manufacturing for Measuring, Displaying, and Controlling Industrial Process Variables ",2,2,1.16659597578,0.77702300038,0.0,5.41878417887,38.1850280725,0.0,0.16164255495,0.0
2,4,"Manufacturing: Computer, Peripheral and Communications Equipment",,,00,000,21140,Elkhart-Goshen MSA,2019,334514,Totalizing Fluid Meter and Counting Device Manufacturing ,2,2,1.42697626933,0.950451917617,0.0,6.62823856107,46.7077977589,0.0,0.16164255495,0.0
2,4,"Manufacturing: Computer, Peripheral and Communications Equipment",,,00,000,21140,Elkhart-Goshen MSA,2019,334515,Instrument Manufacturing for Measuring and Testing Electricity and Electrical Signals ,2,2,0.0,0.0,0.0,0.0,0.0,0.0,0.0,0.0
2,4,"Manufacturing: Computer, Peripheral and Communications Equipment",,,00,000,21140,Elkhart-Goshen MSA,2019,334516,Analytical Laboratory Instrument Manufacturing ,2,2,1.52704150265,1.01710137419,0.0,7.09303692691,49.9831337128,0.0,0.16164255495,0.0
2,4,"Manufacturing: Computer, Peripheral and Communications Equipment",,,00,000,21140,Elkhart-Goshen MSA,2019,334517,Irradiation Apparatus Manufacturing ,2,2,0.0,0.0,0.0,0.0,0.0,0.0,0.0,0.0
2,4,"Manufacturing: Computer, Peripheral and Communications Equipment",,,00,000,21140,Elkhart-Goshen MSA,2019,334519,Other Measuring and Controlling Device Manufacturing ,2,2,0.0,0.0,0.0,0.0,0.0,0.0,0.0,0.0
2,4,"Manufacturing: Computer, Peripheral and Communications Equipment",,,00,000,21140,Elkhart-Goshen MSA,2019,334610,Manufacturing and Reproducing Magnetic and Optical Media ,2,2,0.0,0.0,0.0,0.0,0.0,0.0,0.0,0.0
2,4,"Manufacturing: Computer, Peripheral and Communications Equipment",,,00,000,21140,Elkhart-Goshen MSA,2020,333242,Semiconductor Machinery Manufacturing ,2,2,0.0,0.0,0.0,0.0,0.0,0.0,0.0,0.0
2,4,"Manufacturing: Computer, Peripheral and Communications Equipment",,,00,000,21140,Elkhart-Goshen MSA,2020,334111,Electronic Computer Manufacturing ,2,2,0.0,0.0,0.0,0.0,0.0,0.0,0.0,0.0
2,4,"Manufacturing: Computer, Peripheral and Communications Equipment",,,00,000,21140,Elkhart-Goshen MSA,2020,334112,Computer Storage Device Manufacturing ,2,2,0.0,0.0,0.0,0.0,0.0,0.0,0.0,0.0
2,4,"Manufacturing: Computer, Peripheral and Communications Equipment",,,00,000,21140,Elkhart-Goshen MSA,2020,334118,Computer Terminal and Other Computer Peripheral Equipment Manufacturing ,2,2,0.0,0.0,0.0,0.0,0.0,0.0,0.0,0.0
2,4,"Manufacturing: Computer, Peripheral and Communications Equipment",,,00,000,21140,Elkhart-Goshen MSA,2020,334210,Telephone Apparatus Manufacturing,2,2,0.0,0.0,0.0,0.0,0.0,0.0,0.0,0.0
2,4,"Manufacturing: Computer, Peripheral and Communications Equipment",,,00,000,21140,Elkhart-Goshen MSA,2020,334220,Radio and Television Broadcasting and Wireless Communications Equipment Manufacturing,2,2,0.0,0.0,0.0,0.0,1.05420611658,0.0,0.0,0.0
2,4,"Manufacturing: Computer, Peripheral and Communications Equipment",,,00,000,21140,Elkhart-Goshen MSA,2020,334290,Other Communications Equipment Manufacturing,2,2,0.0,0.0,0.0,0.0,0.0,0.0,0.0,0.0
2,4,"Manufacturing: Computer, Peripheral and Communications Equipment",,,00,000,21140,Elkhart-Goshen MSA,2020,334310,Audio and Video Equipment Manufacturing,2,2,0.0,0.626421140877,0.0,0.0,13.0693847547,0.0,0.045738173106,0.0
2,4,"Manufacturing: Computer, Peripheral and Communications Equipment",,,00,000,21140,Elkhart-Goshen MSA,2020,334412,Bare Printed Circuit Board Manufacturing  ,2,2,0.0,0.0,0.0,0.0,0.0,0.0,0.0,0.0
2,4,"Manufacturing: Computer, Peripheral and Communications Equipment",,,00,000,21140,Elkhart-Goshen MSA,2020,334413,Semiconductor and Related Device Manufacturing ,2,2,0.0,0.0,0.0,0.0,0.0,0.0,0.0,0.0
2,4,"Manufacturing: Computer, Peripheral and Communications Equipment",,,00,000,21140,Elkhart-Goshen MSA,2020,334416,"Capacitor, Resistor, Coil, Transformer, and Other Inductor Manufacturing ",2,2,0.888087983311,1.07374015168,0.0,1.65602689823,19.1136272841,0.0,0.159156142249,0.0
2,4,"Manufacturing: Computer, Peripheral and Communications Equipment",,,00,000,21140,Elkhart-Goshen MSA,2020,334417,Electronic Connector Manufacturing ,2,2,0.0,0.0,0.0,0.0,0.0,0.0,0.0,0.0
2,4,"Manufacturing: Computer, Peripheral and Communications Equipment",,,00,000,21140,Elkhart-Goshen MSA,2020,334418,Printed Circuit Assembly (Electronic Assembly) Manufacturing ,2,2,10.0049801189,12.0964916453,0.0,20.8498771398,215.32940944,0.0,0.179397302408,4.12321628575
2,4,"Manufacturing: Computer, Peripheral and Communications Equipment",,,00,000,21140,Elkhart-Goshen MSA,2020,334419,Other Electronic Component Manufacturing ,2,2,0.0,0.0,0.0,0.0,0.781207839885,0.0,0.0,0.0
2,4,"Manufacturing: Computer, Peripheral and Communications Equipment",,,00,000,21140,Elkhart-Goshen MSA,2020,334510,Electromedical and Electrotherapeutic Apparatus Manufacturing ,2,2,0.0,0.0,0.0,0.0,0.0,0.0,0.0,0.0
2,4,"Manufacturing: Computer, Peripheral and Communications Equipment",,,00,000,21140,Elkhart-Goshen MSA,2020,334511,"Search, Detection, Navigation, Guidance, Aeronautical, and Nautical System and Instrument Manufacturing ",2,2,0.0,0.0,0.0,0.0,0.0,0.0,0.0,0.0
2,4,"Manufacturing: Computer, Peripheral and Communications Equipment",,,00,000,21140,Elkhart-Goshen MSA,2020,334512,"Automatic Environmental Control Manufacturing for Residential, Commercial, and Appliance Use ",2,2,4.5346037581,2.69200474384,0.0,14.3852229466,136.656129553,0.0,0.142806797556,1.15482625735
2,4,"Manufacturing: Computer, Peripheral and Communications Equipment",,,00,000,21140,Elkhart-Goshen MSA,2020,334513,"Instruments and Related Products Manufacturing for Measuring, Displaying, and Controlling Industrial Process Variables ",2,2,0.0,0.0,0.0,0.0,2.49238418221,0.0,0.0,0.0
2,4,"Manufacturing: Computer, Peripheral and Communications Equipment",,,00,000,21140,Elkhart-Goshen MSA,2020,334514,Totalizing Fluid Meter and Counting Device Manufacturing ,2,2,0.0,0.0,0.0,0.536709534247,5.09861042241,0.0,0.09524029485,0.0
2,4,"Manufacturing: Computer, Peripheral and Communications Equipment",,,00,000,21140,Elkhart-Goshen MSA,2020,334515,Instrument Manufacturing for Measuring and Testing Electricity and Electrical Signals ,2,2,0.0,0.0,0.0,0.0,0.0,0.0,0.0,0.0
2,4,"Manufacturing: Computer, Peripheral and Communications Equipment",,,00,000,21140,Elkhart-Goshen MSA,2020,334516,Analytical Laboratory Instrument Manufacturing ,2,2,3.19613080877,1.89740929045,0.0,10.1391558565,96.3195218747,0.0,0.142806797556,0.813957729667
2,4,"Manufacturing: Computer, Peripheral and Communications Equipment",,,00,000,21140,Elkhart-Goshen MSA,2020,334517,Irradiation Apparatus Manufacturing ,2,2,0.0,0.0,0.0,0.0,0.0,0.0,0.0,0.0
2,4,"Manufacturing: Computer, Peripheral and Communications Equipment",,,00,000,21140,Elkhart-Goshen MSA,2020,334519,Other Measuring and Controlling Device Manufacturing ,2,2,0.0,0.0,0.0,0.0,0.0,0.0,0.0,0.0
2,4,"Manufacturing: Computer, Peripheral and Communications Equipment",,,00,000,21140,Elkhart-Goshen MSA,2020,334610,Manufacturing and Reproducing Magnetic and Optical Media ,2,2,0.0,0.0,0.0,0.0,0.0,0.0,0.0,0.0
2,4,"Manufacturing: Computer, Peripheral and Communications Equipment",,,00,000,21140,Elkhart-Goshen MSA,2021,333242,Semiconductor Machinery Manufacturing ,2,2,0.0,0.0,0.0,0.0,0.0,0.0,0.0,0.0
2,4,"Manufacturing: Computer, Peripheral and Communications Equipment",,,00,000,21140,Elkhart-Goshen MSA,2021,334111,Electronic Computer Manufacturing ,2,2,0.0,0.0,0.0,0.0,0.0,0.0,0.0,0.0
2,4,"Manufacturing: Computer, Peripheral and Communications Equipment",,,00,000,21140,Elkhart-Goshen MSA,2021,334112,Computer Storage Device Manufacturing ,2,2,0.0,0.0,0.0,0.0,0.0,0.0,0.0,0.0
2,4,"Manufacturing: Computer, Peripheral and Communications Equipment",,,00,000,21140,Elkhart-Goshen MSA,2021,334118,Computer Terminal and Other Computer Peripheral Equipment Manufacturing ,2,2,0.0,0.0,0.0,0.0,0.0,0.0,0.0,0.0
2,4,"Manufacturing: Computer, Peripheral and Communications Equipment",,,00,000,21140,Elkhart-Goshen MSA,2021,334210,Telephone Apparatus Manufacturing,2,2,0.0,0.0,0.0,0.0,0.0,0.0,0.0,0.0
2,4,"Manufacturing: Computer, Peripheral and Communications Equipment",,,00,000,21140,Elkhart-Goshen MSA,2021,334220,Radio and Television Broadcasting and Wireless Communications Equipment Manufacturing,2,2,0.0,0.0,0.0,0.0,1.12008491371,0.0,0.0,0.0
2,4,"Manufacturing: Computer, Peripheral and Communications Equipment",,,00,000,21140,Elkhart-Goshen MSA,2021,334290,Other Communications Equipment Manufacturing,2,2,0.0,0.0,0.0,0.0,0.0,0.0,0.0,0.0
2,4,"Manufacturing: Computer, Peripheral and Communications Equipment",,,00,000,21140,Elkhart-Goshen MSA,2021,334310,Audio and Video Equipment Manufacturing,2,2,0.0,3.07852850059,0.0,0.0,9.96804975361,0.0,0.235964437618,0.0
2,4,"Manufacturing: Computer, Peripheral and Communications Equipment",,,00,000,21140,Elkhart-Goshen MSA,2021,334412,Bare Printed Circuit Board Manufacturing  ,2,2,0.0,0.0,0.0,0.0,0.0,0.0,0.0,0.0
2,4,"Manufacturing: Computer, Peripheral and Communications Equipment",,,00,000,21140,Elkhart-Goshen MSA,2021,334413,Semiconductor and Related Device Manufacturing ,2,2,0.0,0.0,0.0,0.0,0.76797961656,0.0,0.0,0.0
2,4,"Manufacturing: Computer, Peripheral and Communications Equipment",,,00,000,21140,Elkhart-Goshen MSA,2021,334416,"Capacitor, Resistor, Coil, Transformer, and Other Inductor Manufacturing ",2,2,0.606641267802,0.0,0.0,1.00100557381,9.94228235178,0.0,0.13919105604,0.0
2,4,"Manufacturing: Computer, Peripheral and Communications Equipment",,,00,000,21140,Elkhart-Goshen MSA,2021,334417,Electronic Connector Manufacturing ,2,2,0.0,0.0,0.0,0.0,0.0,0.0,0.0,0.0
2,4,"Manufacturing: Computer, Peripheral and Communications Equipment",,,00,000,21140,Elkhart-Goshen MSA,2021,334418,Printed Circuit Assembly (Electronic Assembly) Manufacturing ,2,2,13.3530550614,9.05056408913,0.0,24.3646060379,218.844069347,0.0,0.188545092758,4.08115040393
2,4,"Manufacturing: Computer, Peripheral and Communications Equipment",,,00,000,21140,Elkhart-Goshen MSA,2021,334419,Other Electronic Component Manufacturing ,2,2,0.0,0.0,0.0,0.0,0.571990634351,0.0,0.0,0.0
2,4,"Manufacturing: Computer, Peripheral and Communications Equipment",,,00,000,21140,Elkhart-Goshen MSA,2021,334510,Electromedical and Electrotherapeutic Apparatus Manufacturing ,2,2,0.0,0.0,0.0,0.0,0.0,0.0,0.0,0.0
2,4,"Manufacturing: Computer, Peripheral and Communications Equipment",,,00,000,21140,Elkhart-Goshen MSA,2021,334511,"Search, Detection, Navigation, Guidance, Aeronautical, and Nautical System and Instrument Manufacturing ",2,2,0.0,0.0,0.0,0.0,0.0,0.0,0.0,0.0
2,4,"Manufacturing: Computer, Peripheral and Communications Equipment",,,00,000,21140,Elkhart-Goshen MSA,2021,334512,"Automatic Environmental Control Manufacturing for Residential, Commercial, and Appliance Use ",2,2,3.9904056206,2.33450659383,0.0,10.2654304039,144.799393523,0.0,0.1074599946,0.843208765379
2,4,"Manufacturing: Computer, Peripheral and Communications Equipment",,,00,000,21140,Elkhart-Goshen MSA,2021,334513,"Instruments and Related Products Manufacturing for Measuring, Displaying, and Controlling Industrial Process Variables ",2,2,0.0,0.0,0.0,0.0,1.69839808347,0.0,0.0,0.0
2,4,"Manufacturing: Computer, Peripheral and Communications Equipment",,,00,000,21140,Elkhart-Goshen MSA,2021,334514,Totalizing Fluid Meter and Counting Device Manufacturing ,2,2,1.20551775103,0.705263927113,0.0,3.10122823353,43.7444851043,0.0,0.102796764001,0.0
2,4,"Manufacturing: Computer, Peripheral and Communications Equipment",,,00,000,21140,Elkhart-Goshen MSA,2021,334515,Instrument Manufacturing for Measuring and Testing Electricity and Electrical Signals ,2,2,0.0,0.0,0.0,0.0,0.0,0.0,0.0,0.0
2,4,"Manufacturing: Computer, Peripheral and Communications Equipment",,,00,000,21140,Elkhart-Goshen MSA,2021,334516,Analytical Laboratory Instrument Manufacturing ,2,2,1.74054776682,1.01827248276,0.0,4.47760795863,63.1590582503,0.0,0.102796764001,0.0
2,4,"Manufacturing: Computer, Peripheral and Communications Equipment",,,00,000,21140,Elkhart-Goshen MSA,2021,334517,Irradiation Apparatus Manufacturing ,2,2,0.0,0.0,0.0,0.0,0.0,0.0,0.0,0.0
2,4,"Manufacturing: Computer, Peripheral and Communications Equipment",,,00,000,21140,Elkhart-Goshen MSA,2021,334519,Other Measuring and Controlling Device Manufacturing ,2,2,0.0,0.0,0.0,0.0,0.0,0.0,0.0,0.0
2,4,"Manufacturing: Computer, Peripheral and Communications Equipment",,,00,000,21140,Elkhart-Goshen MSA,2021,334610,Manufacturing and Reproducing Magnetic and Optical Media ,2,2,0.0,0.0,0.0,0.0,0.0,0.0,0.0,0.0
2,4,"Manufacturing: Computer, Peripheral and Communications Equipment",,,00,000,21140,Elkhart-Goshen MSA,2022,333242,Semiconductor Machinery Manufacturing ,2,2,0.0,0.0,0.0,0.0,0.0,0.0,0.0,0.0
2,4,"Manufacturing: Computer, Peripheral and Communications Equipment",,,00,000,21140,Elkhart-Goshen MSA,2022,334111,Electronic Computer Manufacturing ,2,2,0.0,0.0,0.0,0.0,0.0,0.0,0.0,0.0
2,4,"Manufacturing: Computer, Peripheral and Communications Equipment",,,00,000,21140,Elkhart-Goshen MSA,2022,334112,Computer Storage Device Manufacturing ,2,2,0.0,0.0,0.0,0.0,0.0,0.0,0.0,0.0
2,4,"Manufacturing: Computer, Peripheral and Communications Equipment",,,00,000,21140,Elkhart-Goshen MSA,2022,334118,Computer Terminal and Other Computer Peripheral Equipment Manufacturing ,2,2,0.0,0.0,0.0,0.0,0.0,0.0,0.0,0.0
2,4,"Manufacturing: Computer, Peripheral and Communications Equipment",,,00,000,21140,Elkhart-Goshen MSA,2022,334210,Telephone Apparatus Manufacturing,2,2,0.0,0.0,0.0,0.0,0.0,0.0,0.0,0.0
2,4,"Manufacturing: Computer, Peripheral and Communications Equipment",,,00,000,21140,Elkhart-Goshen MSA,2022,334220,Radio and Television Broadcasting and Wireless Communications Equipment Manufacturing,2,2,0.333333461404,0.0,0.0,0.0,0.0,0.0,1.0,0.0
2,4,"Manufacturing: Computer, Peripheral and Communications Equipment",,,00,000,21140,Elkhart-Goshen MSA,2022,334290,Other Communications Equipment Manufacturing,2,2,0.0,0.0,0.0,0.0,0.0,0.0,0.0,0.0
2,4,"Manufacturing: Computer, Peripheral and Communications Equipment",,,00,000,21140,Elkhart-Goshen MSA,2022,334310,Audio and Video Equipment Manufacturing,2,2,0.0,0.792332740172,0.0,0.0,11.3743349428,0.0,0.0651232334783,0.0
2,4,"Manufacturing: Computer, Peripheral and Communications Equipment",,,00,000,21140,Elkhart-Goshen MSA,2022,334412,Bare Printed Circuit Board Manufacturing  ,2,2,0.0,0.0,0.0,0.0,0.0,0.0,0.0,0.0
2,4,"Manufacturing: Computer, Peripheral and Communications Equipment",,,00,000,21140,Elkhart-Goshen MSA,2022,334413,Semiconductor and Related Device Manufacturing ,2,2,0.0,0.0,0.0,0.0,0.333333333333,0.0,0.0,0.0
2,4,"Manufacturing: Computer, Peripheral and Communications Equipment",,,00,000,21140,Elkhart-Goshen MSA,2022,334416,"Capacitor, Resistor, Coil, Transformer, and Other Inductor Manufacturing ",2,2,0.0,0.0,0.0,0.561163447619,5.81756941721,0.0,0.0879741258194,0.0
2,4,"Manufacturing: Computer, Peripheral and Communications Equipment",,,00,000,21140,Elkhart-Goshen MSA,2022,334417,Electronic Connector Manufacturing ,2,2,0.0,0.0,0.0,0.0,0.0,0.0,0.0,0.0
2,4,"Manufacturing: Computer, Peripheral and Communications Equipment",,,00,000,21140,Elkhart-Goshen MSA,2022,334418,Printed Circuit Assembly (Electronic Assembly) Manufacturing ,2,2,12.8772097442,13.9380429441,0.0,24.5827223982,240.333373574,0.0,0.184301802724,2.90381711106
2,4,"Manufacturing: Computer, Peripheral and Communications Equipment",,,00,000,21140,Elkhart-Goshen MSA,2022,334419,Other Electronic Component Manufacturing ,2,2,0.0,0.0,0.0,0.0,0.839130003148,0.0,0.0,0.0
2,4,"Manufacturing: Computer, Peripheral and Communications Equipment",,,00,000,21140,Elkhart-Goshen MSA,2022,334510,Electromedical and Electrotherapeutic Apparatus Manufacturing ,2,2,0.0,0.0,0.0,0.0,0.0,0.0,0.0,0.0
2,4,"Manufacturing: Computer, Peripheral and Communications Equipment",,,00,000,21140,Elkhart-Goshen MSA,2022,334511,"Search, Detection, Navigation, Guidance, Aeronautical, and Nautical System and Instrument Manufacturing ",2,2,0.0,0.0,0.0,0.0,0.0,0.0,0.0,0.0
2,4,"Manufacturing: Computer, Peripheral and Communications Equipment",,,00,000,21140,Elkhart-Goshen MSA,2022,334512,"Automatic Environmental Control Manufacturing for Residential, Commercial, and Appliance Use ",2,2,5.81949643125,4.30425244368,0.0,11.5261067383,146.677893218,0.0,0.136271638406,1.49172189614
2,4,"Manufacturing: Computer, Peripheral and Communications Equipment",,,00,000,21140,Elkhart-Goshen MSA,2022,334513,"Instruments and Related Products Manufacturing for Measuring, Displaying, and Controlling Industrial Process Variables ",2,2,0.0,0.0,0.0,0.0,2.88048980935,0.0,0.0,0.0
2,4,"Manufacturing: Computer, Peripheral and Communications Equipment",,,00,000,21140,Elkhart-Goshen MSA,2022,334514,Totalizing Fluid Meter and Counting Device Manufacturing ,2,2,1.70385903795,1.26021890629,0.0,3.37466675516,42.9613257045,0.0,0.128574759579,0.0
2,4,"Manufacturing: Computer, Peripheral and Communications Equipment",,,00,000,21140,Elkhart-Goshen MSA,2022,334515,Instrument Manufacturing for Measuring and Testing Electricity and Electrical Signals ,2,2,0.0,0.0,0.0,0.0,0.0,0.0,0.0,0.0
2,4,"Manufacturing: Computer, Peripheral and Communications Equipment",,,00,000,21140,Elkhart-Goshen MSA,2022,334516,Analytical Laboratory Instrument Manufacturing ,2,2,2.93525326463,2.17099042613,0.0,5.81356872226,74.015494521,0.0,0.136218037687,0.752398702755
2,4,"Manufacturing: Computer, Peripheral and Communications Equipment",,,00,000,21140,Elkhart-Goshen MSA,2022,334517,Irradiation Apparatus Manufacturing ,2,2,0.0,0.0,0.0,0.0,0.0,0.0,0.0,0.0
2,4,"Manufacturing: Computer, Peripheral and Communications Equipment",,,00,000,21140,Elkhart-Goshen MSA,2022,334519,Other Measuring and Controlling Device Manufacturing ,2,2,0.0,0.0,0.0,0.0,0.0,0.0,0.0,0.0
2,4,"Manufacturing: Computer, Peripheral and Communications Equipment",,,00,000,21140,Elkhart-Goshen MSA,2022,334610,Manufacturing and Reproducing Magnetic and Optical Media ,2,2,0.0,0.0,0.0,0.0,0.0,0.0,0.0,0.0
2,4,"Manufacturing: Computer, Peripheral and Communications Equipment",,,00,000,21140,Elkhart-Goshen MSA,2023,333242,Semiconductor Machinery Manufacturing ,2,2,0.0,0.0,0.0,0.0,0.0,0.0,0.0,0.0
2,4,"Manufacturing: Computer, Peripheral and Communications Equipment",,,00,000,21140,Elkhart-Goshen MSA,2023,334111,Electronic Computer Manufacturing ,2,2,0.0,0.0,0.0,0.0,0.0,0.0,0.0,0.0
2,4,"Manufacturing: Computer, Peripheral and Communications Equipment",,,00,000,21140,Elkhart-Goshen MSA,2023,334112,Computer Storage Device Manufacturing ,2,2,0.0,0.0,0.0,0.0,0.0,0.0,0.0,0.0
2,4,"Manufacturing: Computer, Peripheral and Communications Equipment",,,00,000,21140,Elkhart-Goshen MSA,2023,334118,Computer Terminal and Other Computer Peripheral Equipment Manufacturing ,2,2,0.0,0.0,0.0,0.0,0.0,0.0,0.0,0.0
2,4,"Manufacturing: Computer, Peripheral and Communications Equipment",,,00,000,21140,Elkhart-Goshen MSA,2023,334210,Telephone Apparatus Manufacturing,2,2,0.0,0.0,0.0,0.0,0.0,0.0,0.0,0.0
2,4,"Manufacturing: Computer, Peripheral and Communications Equipment",,,00,000,21140,Elkhart-Goshen MSA,2023,334220,Radio and Television Broadcasting and Wireless Communications Equipment Manufacturing,2,2,0.0,0.0,0.0,0.0,0.343164386901,0.0,0.0,0.0
2,4,"Manufacturing: Computer, Peripheral and Communications Equipment",,,00,000,21140,Elkhart-Goshen MSA,2023,334290,Other Communications Equipment Manufacturing,2,2,0.0,0.0,0.0,0.0,0.0,0.0,0.0,0.0
2,4,"Manufacturing: Computer, Peripheral and Communications Equipment",,,00,000,21140,Elkhart-Goshen MSA,2023,334310,Audio and Video Equipment Manufacturing,2,2,0.0,1.39170028038,0.0,0.0,22.0150481711,0.0,0.059457223769,0.0
2,4,"Manufacturing: Computer, Peripheral and Communications Equipment",,,00,000,21140,Elkhart-Goshen MSA,2023,334412,Bare Printed Circuit Board Manufacturing  ,2,2,0.0,0.0,0.0,0.0,0.0,0.0,0.0,0.0
2,4,"Manufacturing: Computer, Peripheral and Communications Equipment",,,00,000,21140,Elkhart-Goshen MSA,2023,334413,Semiconductor and Related Device Manufacturing ,2,2,0.0,0.0,0.0,0.0,1.01893854663,0.0,0.0,0.0
2,4,"Manufacturing: Computer, Peripheral and Communications Equipment",,,00,000,21140,Elkhart-Goshen MSA,2023,334416,"Capacitor, Resistor, Coil, Transformer, and Other Inductor Manufacturing ",2,2,0.0,0.0,0.0,0.0,0.954190944884,0.0,0.0,0.0
2,4,"Manufacturing: Computer, Peripheral and Communications Equipment",,,00,000,21140,Elkhart-Goshen MSA,2023,334417,Electronic Connector Manufacturing ,2,2,0.0,0.0,0.0,0.0,0.0,0.0,0.0,0.0
2,4,"Manufacturing: Computer, Peripheral and Communications Equipment",,,00,000,21140,Elkhart-Goshen MSA,2023,334418,Printed Circuit Assembly (Electronic Assembly) Manufacturing ,2,2,11.2024703257,12.8277803369,0.0,25.6105869211,232.75163328,0.0,0.187419373273,4.04265400188
2,4,"Manufacturing: Computer, Peripheral and Communications Equipment",,,00,000,21140,Elkhart-Goshen MSA,2023,334419,Other Electronic Component Manufacturing ,2,2,0.0,0.0,0.0,0.0,0.389402522337,0.0,0.0,0.0
2,4,"Manufacturing: Computer, Peripheral and Communications Equipment",,,00,000,21140,Elkhart-Goshen MSA,2023,334510,Electromedical and Electrotherapeutic Apparatus Manufacturing ,2,2,0.0,0.0,0.0,0.0,0.0,0.0,0.0,0.0
2,4,"Manufacturing: Computer, Peripheral and Communications Equipment",,,00,000,21140,Elkhart-Goshen MSA,2023,334511,"Search, Detection, Navigation, Guidance, Aeronautical, and Nautical System and Instrument Manufacturing ",2,2,0.0,0.0,0.0,0.0,0.0,0.0,0.0,0.0
2,4,"Manufacturing: Computer, Peripheral and Communications Equipment",,,00,000,21140,Elkhart-Goshen MSA,2023,334512,"Automatic Environmental Control Manufacturing for Residential, Commercial, and Appliance Use ",2,2,5.18802736782,3.17926747863,0.0,6.51614518495,118.778859316,0.0,0.111351069853,0.0
2,4,"Manufacturing: Computer, Peripheral and Communications Equipment",,,00,000,21140,Elkhart-Goshen MSA,2023,334513,"Instruments and Related Products Manufacturing for Measuring, Displaying, and Controlling Industrial Process Variables ",2,2,0.0,0.0,0.0,0.0,2.21131119875,0.0,0.0,0.0
2,4,"Manufacturing: Computer, Peripheral and Communications Equipment",,,00,000,21140,Elkhart-Goshen MSA,2023,334514,Totalizing Fluid Meter and Counting Device Manufacturing ,2,2,0.577960766734,0.0,0.0,0.725916808112,13.4111627009,0.0,0.0886084951461,0.0
2,4,"Manufacturing: Computer, Peripheral and Communications Equipment",,,00,000,21140,Elkhart-Goshen MSA,2023,334515,Instrument Manufacturing for Measuring and Testing Electricity and Electrical Signals ,2,2,0.0,0.0,0.0,0.0,0.0,0.0,0.0,0.0
2,4,"Manufacturing: Computer, Peripheral and Communications Equipment",,,00,000,21140,Elkhart-Goshen MSA,2023,334516,Analytical Laboratory Instrument Manufacturing ,2,2,3.66481302249,2.24582871901,0.0,4.60299301395,83.8409602811,0.0,0.111426844144,0.0
2,4,"Manufacturing: Computer, Peripheral and Communications Equipment",,,00,000,21140,Elkhart-Goshen MSA,2023,334517,Irradiation Apparatus Manufacturing ,2,2,0.0,0.0,0.0,0.0,0.0,0.0,0.0,0.0
2,4,"Manufacturing: Computer, Peripheral and Communications Equipment",,,00,000,21140,Elkhart-Goshen MSA,2023,334519,Other Measuring and Controlling Device Manufacturing ,2,2,0.0,0.0,0.0,0.0,0.0,0.0,0.0,0.0
2,4,"Manufacturing: Computer, Peripheral and Communications Equipment",,,00,000,21140,Elkhart-Goshen MSA,2023,334610,Manufacturing and Reproducing Magnetic and Optical Media ,2,2,0.0,0.0,0.0,0.0,0.0,0.0,0.0,0.0
2,4,"Manufacturing: Computer, Peripheral and Communications Equipment",,,00,000,21780,Evansville MSA,2019,333242,Semiconductor Machinery Manufacturing ,2,2,0.0,0.0,0.0,0.0,0.0,0.0,0.0,0.0
2,4,"Manufacturing: Computer, Peripheral and Communications Equipment",,,00,000,21780,Evansville MSA,2019,334111,Electronic Computer Manufacturing ,2,2,0.0,0.0,0.0,0.0,0.973370791846,0.0,0.0,0.0
2,4,"Manufacturing: Computer, Peripheral and Communications Equipment",,,00,000,21780,Evansville MSA,2019,334112,Computer Storage Device Manufacturing ,2,2,0.0,0.0,0.0,0.0,0.0,0.0,0.0,0.0
2,4,"Manufacturing: Computer, Peripheral and Communications Equipment",,,00,000,21780,Evansville MSA,2019,334118,Computer Terminal and Other Computer Peripheral Equipment Manufacturing ,2,2,0.0,0.0,0.0,0.0,0.0,0.0,0.0,0.0
2,4,"Manufacturing: Computer, Peripheral and Communications Equipment",,,00,000,21780,Evansville MSA,2019,334210,Telephone Apparatus Manufacturing,2,2,0.0,0.0,0.0,0.0,0.0,0.0,0.0,0.0
2,4,"Manufacturing: Computer, Peripheral and Communications Equipment",,,00,000,21780,Evansville MSA,2019,334220,Radio and Television Broadcasting and Wireless Communications Equipment Manufacturing,2,2,0.0,15.6460595014,0.0,8.00419120286,238.769364561,0.0,0.0901237915481,0.0
2,4,"Manufacturing: Computer, Peripheral and Communications Equipment",,,00,000,21780,Evansville MSA,2019,334290,Other Communications Equipment Manufacturing,2,2,0.0,0.0,0.0,0.0,0.45256404635,0.0,0.0,0.0
2,4,"Manufacturing: Computer, Peripheral and Communications Equipment",,,00,000,21780,Evansville MSA,2019,334310,Audio and Video Equipment Manufacturing,2,2,0.0,0.0,0.0,0.0,0.0,0.0,0.0,0.0
2,4,"Manufacturing: Computer, Peripheral and Communications Equipment",,,00,000,21780,Evansville MSA,2019,334412,Bare Printed Circuit Board Manufacturing  ,2,2,0.0,0.0,0.0,0.0,0.0,0.0,0.0,0.0
2,4,"Manufacturing: Computer, Peripheral and Communications Equipment",,,00,000,21780,Evansville MSA,2019,334413,Semiconductor and Related Device Manufacturing ,2,2,0.0,0.0,0.0,0.0,0.0,0.0,0.0,0.0
2,4,"Manufacturing: Computer, Peripheral and Communications Equipment",,,00,000,21780,Evansville MSA,2019,334416,"Capacitor, Resistor, Coil, Transformer, and Other Inductor Manufacturing ",2,2,0.0,0.0,0.0,0.0,0.0,0.0,0.0,0.0
2,4,"Manufacturing: Computer, Peripheral and Communications Equipment",,,00,000,21780,Evansville MSA,2019,334417,Electronic Connector Manufacturing ,2,2,0.0,0.0,0.0,0.0,0.0,0.0,0.0,0.0
2,4,"Manufacturing: Computer, Peripheral and Communications Equipment",,,00,000,21780,Evansville MSA,2019,334418,Printed Circuit Assembly (Electronic Assembly) Manufacturing ,2,2,0.0,0.0,0.0,0.0,0.0,0.0,0.0,0.0
2,4,"Manufacturing: Computer, Peripheral and Communications Equipment",,,00,000,21780,Evansville MSA,2019,334419,Other Electronic Component Manufacturing ,2,2,0.0,0.0,0.0,0.0,1.74072265372,0.0,0.0,0.0
2,4,"Manufacturing: Computer, Peripheral and Communications Equipment",,,00,000,21780,Evansville MSA,2019,334510,Electromedical and Electrotherapeutic Apparatus Manufacturing ,2,2,0.0,0.0,0.0,0.0,1.20217019702,0.0,0.0,0.0
2,4,"Manufacturing: Computer, Peripheral and Communications Equipment",,,00,000,21780,Evansville MSA,2019,334511,"Search, Detection, Navigation, Guidance, Aeronautical, and Nautical System and Instrument Manufacturing ",2,2,0.0,0.0,0.0,0.0,0.0,0.0,0.0,0.0
2,4,"Manufacturing: Computer, Peripheral and Communications Equipment",,,00,000,21780,Evansville MSA,2019,334512,"Automatic Environmental Control Manufacturing for Residential, Commercial, and Appliance Use ",2,2,0.0,0.0,0.0,0.0,0.0,0.0,0.0,0.0
2,4,"Manufacturing: Computer, Peripheral and Communications Equipment",,,00,000,21780,Evansville MSA,2019,334513,"Instruments and Related Products Manufacturing for Measuring, Displaying, and Controlling Industrial Process Variables ",2,2,0.0,0.0,0.0,0.0,0.36131520399,0.0,0.0,0.0
2,4,"Manufacturing: Computer, Peripheral and Communications Equipment",,,00,000,21780,Evansville MSA,2019,334514,Totalizing Fluid Meter and Counting Device Manufacturing ,2,2,0.0,0.0,0.0,0.0,0.0,0.0,0.0,0.0
2,4,"Manufacturing: Computer, Peripheral and Communications Equipment",,,00,000,21780,Evansville MSA,2019,334515,Instrument Manufacturing for Measuring and Testing Electricity and Electrical Signals ,2,2,0.0,0.0,0.0,0.0,0.0,0.0,0.0,0.0
2,4,"Manufacturing: Computer, Peripheral and Communications Equipment",,,00,000,21780,Evansville MSA,2019,334516,Analytical Laboratory Instrument Manufacturing ,2,2,0.0,0.0,0.0,0.0,1.34420800661,0.0,0.0,0.0
2,4,"Manufacturing: Computer, Peripheral and Communications Equipment",,,00,000,21780,Evansville MSA,2019,334517,Irradiation Apparatus Manufacturing ,2,2,0.0,0.0,0.0,0.0,0.0,0.0,0.0,0.0
2,4,"Manufacturing: Computer, Peripheral and Communications Equipment",,,00,000,21780,Evansville MSA,2019,334519,Other Measuring and Controlling Device Manufacturing ,2,2,0.0,0.0,0.0,0.0,15.0089708978,0.0,0.0,0.0
2,4,"Manufacturing: Computer, Peripheral and Communications Equipment",,,00,000,21780,Evansville MSA,2019,334610,Manufacturing and Reproducing Magnetic and Optical Media ,2,2,0.0,0.0,0.0,0.0,0.0,0.0,0.0,0.0
2,4,"Manufacturing: Computer, Peripheral and Communications Equipment",,,00,000,21780,Evansville MSA,2020,333242,Semiconductor Machinery Manufacturing ,2,2,0.0,0.0,0.0,0.0,0.0,0.0,0.0,0.0
2,4,"Manufacturing: Computer, Peripheral and Communications Equipment",,,00,000,21780,Evansville MSA,2020,334111,Electronic Computer Manufacturing ,2,2,0.0,0.0,0.0,0.0,0.0,0.0,0.0,0.0
2,4,"Manufacturing: Computer, Peripheral and Communications Equipment",,,00,000,21780,Evansville MSA,2020,334112,Computer Storage Device Manufacturing ,2,2,0.0,0.0,0.0,0.0,0.0,0.0,0.0,0.0
2,4,"Manufacturing: Computer, Peripheral and Communications Equipment",,,00,000,21780,Evansville MSA,2020,334118,Computer Terminal and Other Computer Peripheral Equipment Manufacturing ,2,2,0.0,0.0,0.0,0.0,0.0,0.0,0.0,0.0
2,4,"Manufacturing: Computer, Peripheral and Communications Equipment",,,00,000,21780,Evansville MSA,2020,334210,Telephone Apparatus Manufacturing,2,2,0.0,0.0,0.0,0.0,0.0,0.0,0.0,0.0
2,4,"Manufacturing: Computer, Peripheral and Communications Equipment",,,00,000,21780,Evansville MSA,2020,334220,Radio and Television Broadcasting and Wireless Communications Equipment Manufacturing,2,2,2.0501477925,9.75288971871,0.0,5.63108454158,192.373050119,0.0,0.0830959298119,0.0
2,4,"Manufacturing: Computer, Peripheral and Communications Equipment",,,00,000,21780,Evansville MSA,2020,334290,Other Communications Equipment Manufacturing,2,2,0.0,0.0,0.0,0.0,1.20214797113,0.0,0.0,0.0
2,4,"Manufacturing: Computer, Peripheral and Communications Equipment",,,00,000,21780,Evansville MSA,2020,334310,Audio and Video Equipment Manufacturing,2,2,0.0,0.0,0.0,0.0,0.0,0.0,0.0,0.0
2,4,"Manufacturing: Computer, Peripheral and Communications Equipment",,,00,000,21780,Evansville MSA,2020,334412,Bare Printed Circuit Board Manufacturing  ,2,2,0.0,0.0,0.0,0.0,0.0,0.0,0.0,0.0
2,4,"Manufacturing: Computer, Peripheral and Communications Equipment",,,00,000,21780,Evansville MSA,2020,334413,Semiconductor and Related Device Manufacturing ,2,2,0.0,0.0,0.0,0.0,0.0,0.0,0.0,0.0
2,4,"Manufacturing: Computer, Peripheral and Communications Equipment",,,00,000,21780,Evansville MSA,2020,334416,"Capacitor, Resistor, Coil, Transformer, and Other Inductor Manufacturing ",2,2,0.0,0.0,0.0,0.0,0.0,0.0,0.0,0.0
2,4,"Manufacturing: Computer, Peripheral and Communications Equipment",,,00,000,21780,Evansville MSA,2020,334417,Electronic Connector Manufacturing ,2,2,0.0,0.0,0.0,0.0,0.0,0.0,0.0,0.0
2,4,"Manufacturing: Computer, Peripheral and Communications Equipment",,,00,000,21780,Evansville MSA,2020,334418,Printed Circuit Assembly (Electronic Assembly) Manufacturing ,2,2,0.0,0.0,0.0,0.0,0.0,0.0,0.0,0.0
2,4,"Manufacturing: Computer, Peripheral and Communications Equipment",,,00,000,21780,Evansville MSA,2020,334419,Other Electronic Component Manufacturing ,2,2,0.0,0.0,0.0,0.0,1.26183254029,0.0,0.0,0.0
2,4,"Manufacturing: Computer, Peripheral and Communications Equipment",,,00,000,21780,Evansville MSA,2020,334510,Electromedical and Electrotherapeutic Apparatus Manufacturing ,2,2,0.0,0.0,0.0,0.0,7.61281056254,0.0,0.0,0.0
2,4,"Manufacturing: Computer, Peripheral and Communications Equipment",,,00,000,21780,Evansville MSA,2020,334511,"Search, Detection, Navigation, Guidance, Aeronautical, and Nautical System and Instrument Manufacturing ",2,2,0.0,0.0,0.0,0.0,0.0,0.0,0.0,0.0
2,4,"Manufacturing: Computer, Peripheral and Communications Equipment",,,00,000,21780,Evansville MSA,2020,334512,"Automatic Environmental Control Manufacturing for Residential, Commercial, and Appliance Use ",2,2,0.0,0.0,0.0,0.0,0.0,0.0,0.0,0.0
2,4,"Manufacturing: Computer, Peripheral and Communications Equipment",,,00,000,21780,Evansville MSA,2020,334513,"Instruments and Related Products Manufacturing for Measuring, Displaying, and Controlling Industrial Process Variables ",2,2,0.0,0.0,0.0,0.0,0.59941252322,0.0,0.0,0.0
2,4,"Manufacturing: Computer, Peripheral and Communications Equipment",,,00,000,21780,Evansville MSA,2020,334514,Totalizing Fluid Meter and Counting Device Manufacturing ,2,2,0.0,0.0,0.0,0.0,0.0,0.0,0.0,0.0
2,4,"Manufacturing: Computer, Peripheral and Communications Equipment",,,00,000,21780,Evansville MSA,2020,334515,Instrument Manufacturing for Measuring and Testing Electricity and Electrical Signals ,2,2,0.0,0.0,0.0,0.0,0.0,0.0,0.0,0.0
2,4,"Manufacturing: Computer, Peripheral and Communications Equipment",,,00,000,21780,Evansville MSA,2020,334516,Analytical Laboratory Instrument Manufacturing ,2,2,0.0,0.0,0.0,0.0,0.0,0.0,0.0,0.0
2,4,"Manufacturing: Computer, Peripheral and Communications Equipment",,,00,000,21780,Evansville MSA,2020,334517,Irradiation Apparatus Manufacturing ,2,2,0.0,0.0,0.0,0.0,0.0,0.0,0.0,0.0
2,4,"Manufacturing: Computer, Peripheral and Communications Equipment",,,00,000,21780,Evansville MSA,2020,334519,Other Measuring and Controlling Device Manufacturing ,2,2,0.0,0.0,0.0,0.0,7.74047641559,0.0,0.0,0.0
2,4,"Manufacturing: Computer, Peripheral and Communications Equipment",,,00,000,21780,Evansville MSA,2020,334610,Manufacturing and Reproducing Magnetic and Optical Media ,2,2,0.0,0.0,0.0,0.0,0.0,0.0,0.0,0.0
2,4,"Manufacturing: Computer, Peripheral and Communications Equipment",,,00,000,21780,Evansville MSA,2021,333242,Semiconductor Machinery Manufacturing ,2,2,0.0,0.0,0.0,0.0,0.0,0.0,0.0,0.0
2,4,"Manufacturing: Computer, Peripheral and Communications Equipment",,,00,000,21780,Evansville MSA,2021,334111,Electronic Computer Manufacturing ,2,2,0.0,0.0,0.0,0.0,0.0,0.0,0.0,0.0
2,4,"Manufacturing: Computer, Peripheral and Communications Equipment",,,00,000,21780,Evansville MSA,2021,334112,Computer Storage Device Manufacturing ,2,2,0.0,0.0,0.0,0.0,0.0,0.0,0.0,0.0
2,4,"Manufacturing: Computer, Peripheral and Communications Equipment",,,00,000,21780,Evansville MSA,2021,334118,Computer Terminal and Other Computer Peripheral Equipment Manufacturing ,2,2,0.0,0.0,0.0,0.0,0.0,0.0,0.0,0.0
2,4,"Manufacturing: Computer, Peripheral and Communications Equipment",,,00,000,21780,Evansville MSA,2021,334210,Telephone Apparatus Manufacturing,2,2,0.0,0.0,0.0,0.0,0.0,0.0,0.0,0.0
2,4,"Manufacturing: Computer, Peripheral and Communications Equipment",,,00,000,21780,Evansville MSA,2021,334220,Radio and Television Broadcasting and Wireless Communications Equipment Manufacturing,2,2,3.06077540788,3.37090859139,0.0,3.67280487147,182.653416973,0.0,0.0524206196707,0.0
2,4,"Manufacturing: Computer, Peripheral and Communications Equipment",,,00,000,21780,Evansville MSA,2021,334290,Other Communications Equipment Manufacturing,2,2,0.0,0.0,0.0,0.0,0.371338813229,0.0,0.0,0.0
2,4,"Manufacturing: Computer, Peripheral and Communications Equipment",,,00,000,21780,Evansville MSA,2021,334310,Audio and Video Equipment Manufacturing,2,2,0.0,0.0,0.0,0.0,0.0,0.0,0.0,0.0
2,4,"Manufacturing: Computer, Peripheral and Communications Equipment",,,00,000,21780,Evansville MSA,2021,334412,Bare Printed Circuit Board Manufacturing  ,2,2,0.0,0.0,0.0,0.0,0.0,0.0,0.0,0.0
2,4,"Manufacturing: Computer, Peripheral and Communications Equipment",,,00,000,21780,Evansville MSA,2021,334413,Semiconductor and Related Device Manufacturing ,2,2,0.0,0.0,0.0,0.0,0.0,0.0,0.0,0.0
2,4,"Manufacturing: Computer, Peripheral and Communications Equipment",,,00,000,21780,Evansville MSA,2021,334416,"Capacitor, Resistor, Coil, Transformer, and Other Inductor Manufacturing ",2,2,0.0,0.0,0.0,0.0,0.0,0.0,0.0,0.0
2,4,"Manufacturing: Computer, Peripheral and Communications Equipment",,,00,000,21780,Evansville MSA,2021,334417,Electronic Connector Manufacturing ,2,2,0.0,0.0,0.0,0.0,0.0,0.0,0.0,0.0
2,4,"Manufacturing: Computer, Peripheral and Communications Equipment",,,00,000,21780,Evansville MSA,2021,334418,Printed Circuit Assembly (Electronic Assembly) Manufacturing ,2,2,0.0,0.0,0.0,0.0,0.0,0.0,0.0,0.0
2,4,"Manufacturing: Computer, Peripheral and Communications Equipment",,,00,000,21780,Evansville MSA,2021,334419,Other Electronic Component Manufacturing ,2,2,0.0,0.0,0.0,0.0,1.0704841887,0.0,0.0,0.0
2,4,"Manufacturing: Computer, Peripheral and Communications Equipment",,,00,000,21780,Evansville MSA,2021,334510,Electromedical and Electrotherapeutic Apparatus Manufacturing ,2,2,0.0,0.0,0.0,0.0,0.789689928578,0.0,0.0,0.0
2,4,"Manufacturing: Computer, Peripheral and Communications Equipment",,,00,000,21780,Evansville MSA,2021,334511,"Search, Detection, Navigation, Guidance, Aeronautical, and Nautical System and Instrument Manufacturing ",2,2,0.0,0.0,0.0,0.0,0.0,0.0,0.0,0.0
2,4,"Manufacturing: Computer, Peripheral and Communications Equipment",,,00,000,21780,Evansville MSA,2021,334512,"Automatic Environmental Control Manufacturing for Residential, Commercial, and Appliance Use ",2,2,0.0,0.0,0.0,0.0,0.0,0.0,0.0,0.0
2,4,"Manufacturing: Computer, Peripheral and Communications Equipment",,,00,000,21780,Evansville MSA,2021,334513,"Instruments and Related Products Manufacturing for Measuring, Displaying, and Controlling Industrial Process Variables ",2,2,0.0,0.0,0.0,0.0,2.84868663214,0.0,0.0,0.0
2,4,"Manufacturing: Computer, Peripheral and Communications Equipment",,,00,000,21780,Evansville MSA,2021,334514,Totalizing Fluid Meter and Counting Device Manufacturing ,2,2,0.0,0.0,0.0,0.0,0.0,0.0,0.0,0.0
2,4,"Manufacturing: Computer, Peripheral and Communications Equipment",,,00,000,21780,Evansville MSA,2021,334515,Instrument Manufacturing for Measuring and Testing Electricity and Electrical Signals ,2,2,0.0,0.0,0.0,0.0,0.0,0.0,0.0,0.0
2,4,"Manufacturing: Computer, Peripheral and Communications Equipment",,,00,000,21780,Evansville MSA,2021,334516,Analytical Laboratory Instrument Manufacturing ,2,2,0.0,0.0,0.0,0.0,0.0,0.0,0.0,0.0
2,4,"Manufacturing: Computer, Peripheral and Communications Equipment",,,00,000,21780,Evansville MSA,2021,334517,Irradiation Apparatus Manufacturing ,2,2,0.0,0.0,0.0,0.0,0.0,0.0,0.0,0.0
2,4,"Manufacturing: Computer, Peripheral and Communications Equipment",,,00,000,21780,Evansville MSA,2021,334519,Other Measuring and Controlling Device Manufacturing ,2,2,0.0,0.0,0.0,0.0,13.3291463906,0.0,0.0,0.0
2,4,"Manufacturing: Computer, Peripheral and Communications Equipment",,,00,000,21780,Evansville MSA,2021,334610,Manufacturing and Reproducing Magnetic and Optical Media ,2,2,0.0,0.0,0.0,0.0,37.1284017967,0.0,0.0,0.0
2,4,"Manufacturing: Computer, Peripheral and Communications Equipment",,,00,000,21780,Evansville MSA,2022,333242,Semiconductor Machinery Manufacturing ,2,2,0.0,0.0,0.0,0.0,0.0,0.0,0.0,0.0
2,4,"Manufacturing: Computer, Peripheral and Communications Equipment",,,00,000,21780,Evansville MSA,2022,334111,Electronic Computer Manufacturing ,2,2,0.0,0.0,0.0,0.0,0.0,0.0,0.0,0.0
2,4,"Manufacturing: Computer, Peripheral and Communications Equipment",,,00,000,21780,Evansville MSA,2022,334112,Computer Storage Device Manufacturing ,2,2,0.0,0.0,0.0,0.0,0.0,0.0,0.0,0.0
2,4,"Manufacturing: Computer, Peripheral and Communications Equipment",,,00,000,21780,Evansville MSA,2022,334118,Computer Terminal and Other Computer Peripheral Equipment Manufacturing ,2,2,0.0,0.0,0.0,0.0,0.0,0.0,0.0,0.0
2,4,"Manufacturing: Computer, Peripheral and Communications Equipment",,,00,000,21780,Evansville MSA,2022,334210,Telephone Apparatus Manufacturing,2,2,0.0,0.0,0.0,0.0,0.0,0.0,0.0,0.0
2,4,"Manufacturing: Computer, Peripheral and Communications Equipment",,,00,000,21780,Evansville MSA,2022,334220,Radio and Television Broadcasting and Wireless Communications Equipment Manufacturing,2,2,0.0,0.0,0.0,2.51701973953,196.319701068,0.0,0.0126587268655,0.0
2,4,"Manufacturing: Computer, Peripheral and Communications Equipment",,,00,000,21780,Evansville MSA,2022,334290,Other Communications Equipment Manufacturing,2,2,0.0,0.0,0.0,0.0,0.333334127389,0.0,0.0,0.0
2,4,"Manufacturing: Computer, Peripheral and Communications Equipment",,,00,000,21780,Evansville MSA,2022,334310,Audio and Video Equipment Manufacturing,2,2,0.0,0.0,0.0,0.0,0.0,0.0,0.0,0.0
2,4,"Manufacturing: Computer, Peripheral and Communications Equipment",,,00,000,21780,Evansville MSA,2022,334412,Bare Printed Circuit Board Manufacturing  ,2,2,0.0,0.0,0.0,0.0,0.0,0.0,0.0,0.0
2,4,"Manufacturing: Computer, Peripheral and Communications Equipment",,,00,000,21780,Evansville MSA,2022,334413,Semiconductor and Related Device Manufacturing ,2,2,0.0,0.0,0.0,0.0,0.0,0.0,0.0,0.0
2,4,"Manufacturing: Computer, Peripheral and Communications Equipment",,,00,000,21780,Evansville MSA,2022,334416,"Capacitor, Resistor, Coil, Transformer, and Other Inductor Manufacturing ",2,2,0.0,0.0,0.0,0.0,0.0,0.0,0.0,0.0
2,4,"Manufacturing: Computer, Peripheral and Communications Equipment",,,00,000,21780,Evansville MSA,2022,334417,Electronic Connector Manufacturing ,2,2,0.0,0.0,0.0,0.0,0.0,0.0,0.0,0.0
2,4,"Manufacturing: Computer, Peripheral and Communications Equipment",,,00,000,21780,Evansville MSA,2022,334418,Printed Circuit Assembly (Electronic Assembly) Manufacturing ,2,2,0.0,0.0,0.0,0.0,0.0,0.0,0.0,0.0
2,4,"Manufacturing: Computer, Peripheral and Communications Equipment",,,00,000,21780,Evansville MSA,2022,334419,Other Electronic Component Manufacturing ,2,2,0.0,0.0,0.0,0.0,0.0,0.0,0.0,0.0
2,4,"Manufacturing: Computer, Peripheral and Communications Equipment",,,00,000,21780,Evansville MSA,2022,334510,Electromedical and Electrotherapeutic Apparatus Manufacturing ,2,2,0.0,0.0,0.0,0.0,0.225323873271,0.0,0.0,0.0
2,4,"Manufacturing: Computer, Peripheral and Communications Equipment",,,00,000,21780,Evansville MSA,2022,334511,"Search, Detection, Navigation, Guidance, Aeronautical, and Nautical System and Instrument Manufacturing ",2,2,0.0,0.0,0.0,0.0,0.0,0.0,0.0,0.0
2,4,"Manufacturing: Computer, Peripheral and Communications Equipment",,,00,000,21780,Evansville MSA,2022,334512,"Automatic Environmental Control Manufacturing for Residential, Commercial, and Appliance Use ",2,2,0.0,0.0,0.0,0.0,0.0,0.0,0.0,0.0
2,4,"Manufacturing: Computer, Peripheral and Communications Equipment",,,00,000,21780,Evansville MSA,2022,334513,"Instruments and Related Products Manufacturing for Measuring, Displaying, and Controlling Industrial Process Variables ",2,2,0.0,0.0,0.0,0.0,2.77277363932,0.0,0.0,0.0
2,4,"Manufacturing: Computer, Peripheral and Communications Equipment",,,00,000,21780,Evansville MSA,2022,334514,Totalizing Fluid Meter and Counting Device Manufacturing ,2,2,0.0,0.0,0.0,0.0,0.0,0.0,0.0,0.0
2,4,"Manufacturing: Computer, Peripheral and Communications Equipment",,,00,000,21780,Evansville MSA,2022,334515,Instrument Manufacturing for Measuring and Testing Electricity and Electrical Signals ,2,2,0.0,0.0,0.0,0.0,0.0,0.0,0.0,0.0
2,4,"Manufacturing: Computer, Peripheral and Communications Equipment",,,00,000,21780,Evansville MSA,2022,334516,Analytical Laboratory Instrument Manufacturing ,2,2,0.0,0.0,0.0,0.0,0.0,0.0,0.0,0.0
2,4,"Manufacturing: Computer, Peripheral and Communications Equipment",,,00,000,21780,Evansville MSA,2022,334517,Irradiation Apparatus Manufacturing ,2,2,0.0,0.0,0.0,0.0,0.0,0.0,0.0,0.0
2,4,"Manufacturing: Computer, Peripheral and Communications Equipment",,,00,000,21780,Evansville MSA,2022,334519,Other Measuring and Controlling Device Manufacturing ,2,2,0.0,0.0,0.0,0.0,11.0852400886,0.0,0.0,0.0
2,4,"Manufacturing: Computer, Peripheral and Communications Equipment",,,00,000,21780,Evansville MSA,2022,334610,Manufacturing and Reproducing Magnetic and Optical Media ,2,2,1.08784663354,0.0,0.0,0.0,16.3440950744,0.0,0.0624053620514,0.0
2,4,"Manufacturing: Computer, Peripheral and Communications Equipment",,,00,000,21780,Evansville MSA,2023,333242,Semiconductor Machinery Manufacturing ,2,2,0.0,0.0,0.0,0.0,0.0,0.0,0.0,0.0
2,4,"Manufacturing: Computer, Peripheral and Communications Equipment",,,00,000,21780,Evansville MSA,2023,334111,Electronic Computer Manufacturing ,2,2,0.0,0.0,0.0,0.0,0.0,0.0,0.0,0.0
2,4,"Manufacturing: Computer, Peripheral and Communications Equipment",,,00,000,21780,Evansville MSA,2023,334112,Computer Storage Device Manufacturing ,2,2,0.0,0.0,0.0,0.0,0.0,0.0,0.0,0.0
2,4,"Manufacturing: Computer, Peripheral and Communications Equipment",,,00,000,21780,Evansville MSA,2023,334118,Computer Terminal and Other Computer Peripheral Equipment Manufacturing ,2,2,0.0,0.0,0.0,0.0,0.0,0.0,0.0,0.0
2,4,"Manufacturing: Computer, Peripheral and Communications Equipment",,,00,000,21780,Evansville MSA,2023,334210,Telephone Apparatus Manufacturing,2,2,0.0,0.0,0.0,0.0,0.0,0.0,0.0,0.0
2,4,"Manufacturing: Computer, Peripheral and Communications Equipment",,,00,000,21780,Evansville MSA,2023,334220,Radio and Television Broadcasting and Wireless Communications Equipment Manufacturing,2,2,0.0,0.593303744035,0.0,8.13199757773,167.502610801,0.0,0.0495114605664,0.0
2,4,"Manufacturing: Computer, Peripheral and Communications Equipment",,,00,000,21780,Evansville MSA,2023,334290,Other Communications Equipment Manufacturing,2,2,0.0,0.0,0.0,0.0,0.495106419261,0.0,0.0,0.0
2,4,"Manufacturing: Computer, Peripheral and Communications Equipment",,,00,000,21780,Evansville MSA,2023,334310,Audio and Video Equipment Manufacturing,2,2,0.0,0.0,0.0,0.0,0.0,0.0,0.0,0.0
2,4,"Manufacturing: Computer, Peripheral and Communications Equipment",,,00,000,21780,Evansville MSA,2023,334412,Bare Printed Circuit Board Manufacturing  ,2,2,0.0,0.0,0.0,0.0,0.0,0.0,0.0,0.0
2,4,"Manufacturing: Computer, Peripheral and Communications Equipment",,,00,000,21780,Evansville MSA,2023,334413,Semiconductor and Related Device Manufacturing ,2,2,0.0,0.0,0.0,0.0,0.0,0.0,0.0,0.0
2,4,"Manufacturing: Computer, Peripheral and Communications Equipment",,,00,000,21780,Evansville MSA,2023,334416,"Capacitor, Resistor, Coil, Transformer, and Other Inductor Manufacturing ",2,2,0.0,0.0,0.0,0.0,0.0,0.0,0.0,0.0
2,4,"Manufacturing: Computer, Peripheral and Communications Equipment",,,00,000,21780,Evansville MSA,2023,334417,Electronic Connector Manufacturing ,2,2,0.0,0.0,0.0,0.0,0.0,0.0,0.0,0.0
2,4,"Manufacturing: Computer, Peripheral and Communications Equipment",,,00,000,21780,Evansville MSA,2023,334418,Printed Circuit Assembly (Electronic Assembly) Manufacturing ,2,2,0.0,0.0,0.0,0.0,0.0,0.0,0.0,0.0
2,4,"Manufacturing: Computer, Peripheral and Communications Equipment",,,00,000,21780,Evansville MSA,2023,334419,Other Electronic Component Manufacturing ,2,2,0.0,0.0,0.0,0.0,0.0,0.0,0.0,0.0
2,4,"Manufacturing: Computer, Peripheral and Communications Equipment",,,00,000,21780,Evansville MSA,2023,334510,Electromedical and Electrotherapeutic Apparatus Manufacturing ,2,2,0.0,0.0,0.0,0.0,0.0,0.0,0.0,0.0
2,4,"Manufacturing: Computer, Peripheral and Communications Equipment",,,00,000,21780,Evansville MSA,2023,334511,"Search, Detection, Navigation, Guidance, Aeronautical, and Nautical System and Instrument Manufacturing ",2,2,0.0,0.0,0.0,0.0,0.0,0.0,0.0,0.0
2,4,"Manufacturing: Computer, Peripheral and Communications Equipment",,,00,000,21780,Evansville MSA,2023,334512,"Automatic Environmental Control Manufacturing for Residential, Commercial, and Appliance Use ",2,2,0.0,0.0,0.0,0.0,0.0,0.0,0.0,0.0
2,4,"Manufacturing: Computer, Peripheral and Communications Equipment",,,00,000,21780,Evansville MSA,2023,334513,"Instruments and Related Products Manufacturing for Measuring, Displaying, and Controlling Industrial Process Variables ",2,2,0.0,0.0,0.0,0.0,3.81519532471,0.0,0.0,0.0
2,4,"Manufacturing: Computer, Peripheral and Communications Equipment",,,00,000,21780,Evansville MSA,2023,334514,Totalizing Fluid Meter and Counting Device Manufacturing ,2,2,0.0,0.0,0.0,0.0,0.0,0.0,0.0,0.0
2,4,"Manufacturing: Computer, Peripheral and Communications Equipment",,,00,000,21780,Evansville MSA,2023,334515,Instrument Manufacturing for Measuring and Testing Electricity and Electrical Signals ,2,2,0.0,0.0,0.0,0.0,0.0,0.0,0.0,0.0
2,4,"Manufacturing: Computer, Peripheral and Communications Equipment",,,00,000,21780,Evansville MSA,2023,334516,Analytical Laboratory Instrument Manufacturing ,2,2,0.0,0.0,0.0,0.0,0.0,0.0,0.0,0.0
2,4,"Manufacturing: Computer, Peripheral and Communications Equipment",,,00,000,21780,Evansville MSA,2023,334517,Irradiation Apparatus Manufacturing ,2,2,0.0,0.0,0.0,0.0,0.0,0.0,0.0,0.0
2,4,"Manufacturing: Computer, Peripheral and Communications Equipment",,,00,000,21780,Evansville MSA,2023,334519,Other Measuring and Controlling Device Manufacturing ,2,2,0.0,0.0,0.0,0.0,8.43953083224,0.0,0.0,0.0
2,4,"Manufacturing: Computer, Peripheral and Communications Equipment",,,00,000,21780,Evansville MSA,2023,334610,Manufacturing and Reproducing Magnetic and Optical Media ,2,2,0.0,0.0,0.0,0.0,0.0,0.0,0.0,0.0
2,4,"Manufacturing: Computer, Peripheral and Communications Equipment",,,00,000,23060,Fort Wayne MSA,2019,333242,Semiconductor Machinery Manufacturing ,2,2,0.0,0.0,0.0,0.0,0.0,0.0,0.0,0.0
2,4,"Manufacturing: Computer, Peripheral and Communications Equipment",,,00,000,23060,Fort Wayne MSA,2019,334111,Electronic Computer Manufacturing ,2,2,0.0,0.0,0.0,0.0,0.0,0.0,0.0,0.0
2,4,"Manufacturing: Computer, Peripheral and Communications Equipment",,,00,000,23060,Fort Wayne MSA,2019,334112,Computer Storage Device Manufacturing ,2,2,0.0,0.0,0.0,0.0,0.0,0.0,0.0,0.0
2,4,"Manufacturing: Computer, Peripheral and Communications Equipment",,,00,000,23060,Fort Wayne MSA,2019,334118,Computer Terminal and Other Computer Peripheral Equipment Manufacturing ,2,2,0.0,0.0,0.0,0.0,0.784138999804,0.0,0.0,0.0
2,4,"Manufacturing: Computer, Peripheral and Communications Equipment",,,00,000,23060,Fort Wayne MSA,2019,334210,Telephone Apparatus Manufacturing,2,2,3.69264709252,2.71398543704,0.0,2.64861710157,91.8676819469,0.0,0.0950925229735,0.598698289332
2,4,"Manufacturing: Computer, Peripheral and Communications Equipment",,,00,000,23060,Fort Wayne MSA,2019,334220,Radio and Television Broadcasting and Wireless Communications Equipment Manufacturing,2,2,38.822659877,28.5334966741,0.724362439546,31.416206337,965.851239111,3.25265943032,0.10144599935,6.29441684334
2,4,"Manufacturing: Computer, Peripheral and Communications Equipment",,,00,000,23060,Fort Wayne MSA,2019,334290,Other Communications Equipment Manufacturing,2,2,0.0,0.0,0.0,0.0,0.0,0.0,0.0,0.0
2,4,"Manufacturing: Computer, Peripheral and Communications Equipment",,,00,000,23060,Fort Wayne MSA,2019,334310,Audio and Video Equipment Manufacturing,2,2,0.0,0.0,0.0,0.0,0.0,0.0,0.0,0.0
2,4,"Manufacturing: Computer, Peripheral and Communications Equipment",,,00,000,23060,Fort Wayne MSA,2019,334412,Bare Printed Circuit Board Manufacturing  ,2,2,0.0,3.59278755624,0.0,1.28609828416,18.2826463476,0.0,0.210646074742,0.0
2,4,"Manufacturing: Computer, Peripheral and Communications Equipment",,,00,000,23060,Fort Wayne MSA,2019,334413,Semiconductor and Related Device Manufacturing ,2,2,0.0,0.0,0.0,0.0,0.0,0.0,0.0,0.0
2,4,"Manufacturing: Computer, Peripheral and Communications Equipment",,,00,000,23060,Fort Wayne MSA,2019,334416,"Capacitor, Resistor, Coil, Transformer, and Other Inductor Manufacturing ",2,2,0.0,0.0,0.0,0.0,0.393850324894,0.0,0.0,0.0
2,4,"Manufacturing: Computer, Peripheral and Communications Equipment",,,00,000,23060,Fort Wayne MSA,2019,334417,Electronic Connector Manufacturing ,2,2,0.0,10.0640283278,0.0,3.60258694998,51.2129002534,0.0,0.222538006564,0.992386485642
2,4,"Manufacturing: Computer, Peripheral and Communications Equipment",,,00,000,23060,Fort Wayne MSA,2019,334418,Printed Circuit Assembly (Electronic Assembly) Manufacturing ,2,2,0.0,7.58037225931,0.0,2.71352079782,38.5743000471,0.0,0.222538006564,0.747479909758
2,4,"Manufacturing: Computer, Peripheral and Communications Equipment",,,00,000,23060,Fort Wayne MSA,2019,334419,Other Electronic Component Manufacturing ,2,2,0.0,0.704644681373,0.0,0.0,3.58573094251,0.0,0.164238459088,0.0
2,4,"Manufacturing: Computer, Peripheral and Communications Equipment",,,00,000,23060,Fort Wayne MSA,2019,334510,Electromedical and Electrotherapeutic Apparatus Manufacturing ,2,2,0.0,0.0,0.0,0.0,0.0,0.0,0.0,0.0
2,4,"Manufacturing: Computer, Peripheral and Communications Equipment",,,00,000,23060,Fort Wayne MSA,2019,334511,"Search, Detection, Navigation, Guidance, Aeronautical, and Nautical System and Instrument Manufacturing ",2,2,9.67386958164,39.7562943961,0.0,19.7526063504,540.692581608,0.506800727858,0.128553050803,10.0716593619
2,4,"Manufacturing: Computer, Peripheral and Communications Equipment",,,00,000,23060,Fort Wayne MSA,2019,334512,"Automatic Environmental Control Manufacturing for Residential, Commercial, and Appliance Use ",2,2,0.0,0.0,0.0,0.0,0.0,0.0,0.0,0.0
2,4,"Manufacturing: Computer, Peripheral and Communications Equipment",,,00,000,23060,Fort Wayne MSA,2019,334513,"Instruments and Related Products Manufacturing for Measuring, Displaying, and Controlling Industrial Process Variables ",2,2,1.52386960932,5.35948962055,0.0,2.74265782958,56.2516194297,0.0,0.155239109195,0.711169931644
2,4,"Manufacturing: Computer, Peripheral and Communications Equipment",,,00,000,23060,Fort Wayne MSA,2019,334514,Totalizing Fluid Meter and Counting Device Manufacturing ,2,2,1.3729076982,4.82855259628,0.0,2.47095684875,49.4728835384,0.0,0.158424321703,0.640717990509
2,4,"Manufacturing: Computer, Peripheral and Communications Equipment",,,00,000,23060,Fort Wayne MSA,2019,334515,Instrument Manufacturing for Measuring and Testing Electricity and Electrical Signals ,2,2,0.0,0.0,0.0,0.0,0.0,0.0,0.0,0.0
2,4,"Manufacturing: Computer, Peripheral and Communications Equipment",,,00,000,23060,Fort Wayne MSA,2019,334516,Analytical Laboratory Instrument Manufacturing ,2,2,0.0,0.0,0.0,0.0,0.0,0.0,0.0,0.0
2,4,"Manufacturing: Computer, Peripheral and Communications Equipment",,,00,000,23060,Fort Wayne MSA,2019,334517,Irradiation Apparatus Manufacturing ,2,2,0.0,0.0,0.0,0.0,0.0,0.0,0.0,0.0
2,4,"Manufacturing: Computer, Peripheral and Communications Equipment",,,00,000,23060,Fort Wayne MSA,2019,334519,Other Measuring and Controlling Device Manufacturing ,2,2,22.5254904314,79.2227441418,0.0,47.0528869919,811.708584794,3.37955155868,0.166967113191,10.5123505268
2,4,"Manufacturing: Computer, Peripheral and Communications Equipment",,,00,000,23060,Fort Wayne MSA,2019,334610,Manufacturing and Reproducing Magnetic and Optical Media ,2,2,0.0,0.0,0.0,0.0,7.46579827054,0.0,0.0,0.0
2,4,"Manufacturing: Computer, Peripheral and Communications Equipment",,,00,000,23060,Fort Wayne MSA,2020,333242,Semiconductor Machinery Manufacturing ,2,2,0.0,0.0,0.0,0.0,0.0,0.0,0.0,0.0
2,4,"Manufacturing: Computer, Peripheral and Communications Equipment",,,00,000,23060,Fort Wayne MSA,2020,334111,Electronic Computer Manufacturing ,2,2,0.0,0.0,0.0,0.0,0.0,0.0,0.0,0.0
2,4,"Manufacturing: Computer, Peripheral and Communications Equipment",,,00,000,23060,Fort Wayne MSA,2020,334112,Computer Storage Device Manufacturing ,2,2,0.0,0.0,0.0,0.0,0.0,0.0,0.0,0.0
2,4,"Manufacturing: Computer, Peripheral and Communications Equipment",,,00,000,23060,Fort Wayne MSA,2020,334118,Computer Terminal and Other Computer Peripheral Equipment Manufacturing ,2,2,0.0,0.0,0.0,0.0,0.931257967964,0.0,0.0,0.0
2,4,"Manufacturing: Computer, Peripheral and Communications Equipment",,,00,000,23060,Fort Wayne MSA,2020,334210,Telephone Apparatus Manufacturing,2,2,2.00026449359,1.47313991135,0.0,1.56377231858,47.56269423,0.0,0.0957640509798,0.0
2,4,"Manufacturing: Computer, Peripheral and Communications Equipment",,,00,000,23060,Fort Wayne MSA,2020,334220,Radio and Television Broadcasting and Wireless Communications Equipment Manufacturing,2,2,42.8677013679,31.570885748,1.53696894949,36.26119932,1019.31688486,2.97881151817,0.106698331081,6.53435727227
2,4,"Manufacturing: Computer, Peripheral and Communications Equipment",,,00,000,23060,Fort Wayne MSA,2020,334290,Other Communications Equipment Manufacturing,2,2,0.0,0.0,0.0,0.0,0.0,0.0,0.0,0.0
2,4,"Manufacturing: Computer, Peripheral and Communications Equipment",,,00,000,23060,Fort Wayne MSA,2020,334310,Audio and Video Equipment Manufacturing,2,2,0.0,0.0,0.0,0.0,0.0,0.0,0.0,0.0
2,4,"Manufacturing: Computer, Peripheral and Communications Equipment",,,00,000,23060,Fort Wayne MSA,2020,334412,Bare Printed Circuit Board Manufacturing  ,2,2,0.0,4.18412033847,0.0,1.05492269424,20.1322754877,0.0,0.206494708917,0.0
2,4,"Manufacturing: Computer, Peripheral and Communications Equipment",,,00,000,23060,Fort Wayne MSA,2020,334413,Semiconductor and Related Device Manufacturing ,2,2,0.0,0.0,0.0,0.0,0.0,0.0,0.0,0.0
2,4,"Manufacturing: Computer, Peripheral and Communications Equipment",,,00,000,23060,Fort Wayne MSA,2020,334416,"Capacitor, Resistor, Coil, Transformer, and Other Inductor Manufacturing ",2,2,0.0,0.0,0.0,0.0,0.982997134723,0.0,0.0,0.0
2,4,"Manufacturing: Computer, Peripheral and Communications Equipment",,,00,000,23060,Fort Wayne MSA,2020,334417,Electronic Connector Manufacturing ,2,2,0.0,6.72156756602,0.0,1.69467739756,32.3414335635,0.0,0.220903536617,0.753783895783
2,4,"Manufacturing: Computer, Peripheral and Communications Equipment",,,00,000,23060,Fort Wayne MSA,2020,334418,Printed Circuit Assembly (Electronic Assembly) Manufacturing ,2,2,0.0,6.70394776125,0.0,1.69023499858,32.2566542706,0.0,0.220903536617,0.751807939289
2,4,"Manufacturing: Computer, Peripheral and Communications Equipment",,,00,000,23060,Fort Wayne MSA,2020,334419,Other Electronic Component Manufacturing ,2,2,0.0,3.5838708491,0.0,0.903584597501,17.2441204864,0.0,0.206494708917,0.0
2,4,"Manufacturing: Computer, Peripheral and Communications Equipment",,,00,000,23060,Fort Wayne MSA,2020,334510,Electromedical and Electrotherapeutic Apparatus Manufacturing ,2,2,0.0,0.0,0.0,0.0,0.0,0.0,0.0,0.0
2,4,"Manufacturing: Computer, Peripheral and Communications Equipment",,,00,000,23060,Fort Wayne MSA,2020,334511,"Search, Detection, Navigation, Guidance, Aeronautical, and Nautical System and Instrument Manufacturing ",2,2,3.60488656042,37.9510426901,0.0,12.6702062957,499.392334797,0.0,0.103474631634,3.4124318688
2,4,"Manufacturing: Computer, Peripheral and Communications Equipment",,,00,000,23060,Fort Wayne MSA,2020,334512,"Automatic Environmental Control Manufacturing for Residential, Commercial, and Appliance Use ",2,2,0.0,0.0,0.0,0.0,0.0,0.0,0.0,0.0
2,4,"Manufacturing: Computer, Peripheral and Communications Equipment",,,00,000,23060,Fort Wayne MSA,2020,334513,"Instruments and Related Products Manufacturing for Measuring, Displaying, and Controlling Industrial Process Variables ",2,2,1.61354169447,4.63203465152,0.0,2.49860849234,51.8784660623,0.0,0.152432548056,0.586006821333
2,4,"Manufacturing: Computer, Peripheral and Communications Equipment",,,00,000,23060,Fort Wayne MSA,2020,334514,Totalizing Fluid Meter and Counting Device Manufacturing ,2,2,0.0,0.0,0.0,0.0,0.336107058783,0.0,0.0,0.0
2,4,"Manufacturing: Computer, Peripheral and Communications Equipment",,,00,000,23060,Fort Wayne MSA,2020,334515,Instrument Manufacturing for Measuring and Testing Electricity and Electrical Signals ,2,2,0.0,0.0,0.0,0.0,0.0,0.0,0.0,0.0
2,4,"Manufacturing: Computer, Peripheral and Communications Equipment",,,00,000,23060,Fort Wayne MSA,2020,334516,Analytical Laboratory Instrument Manufacturing ,2,2,0.0,0.0,0.0,0.0,0.0,0.0,0.0,0.0
2,4,"Manufacturing: Computer, Peripheral and Communications Equipment",,,00,000,23060,Fort Wayne MSA,2020,334517,Irradiation Apparatus Manufacturing ,2,2,0.0,0.0,0.0,0.0,0.0,0.0,0.0,0.0
2,4,"Manufacturing: Computer, Peripheral and Communications Equipment",,,00,000,23060,Fort Wayne MSA,2020,334519,Other Measuring and Controlling Device Manufacturing ,2,2,24.4471155417,70.1809483493,0.0,43.0931470845,780.335122157,5.07869478398,0.16274290129,8.8787147667
2,4,"Manufacturing: Computer, Peripheral and Communications Equipment",,,00,000,23060,Fort Wayne MSA,2020,334610,Manufacturing and Reproducing Magnetic and Optical Media ,2,2,0.0,0.0,0.0,0.0,7.81876873429,0.0,0.0,0.0
2,4,"Manufacturing: Computer, Peripheral and Communications Equipment",,,00,000,23060,Fort Wayne MSA,2021,333242,Semiconductor Machinery Manufacturing ,2,2,0.0,0.0,0.0,0.0,0.0,0.0,0.0,0.0
2,4,"Manufacturing: Computer, Peripheral and Communications Equipment",,,00,000,23060,Fort Wayne MSA,2021,334111,Electronic Computer Manufacturing ,2,2,0.0,0.0,0.0,0.0,0.0,0.0,0.0,0.0
2,4,"Manufacturing: Computer, Peripheral and Communications Equipment",,,00,000,23060,Fort Wayne MSA,2021,334112,Computer Storage Device Manufacturing ,2,2,0.0,0.0,0.0,0.0,0.0,0.0,0.0,0.0
2,4,"Manufacturing: Computer, Peripheral and Communications Equipment",,,00,000,23060,Fort Wayne MSA,2021,334118,Computer Terminal and Other Computer Peripheral Equipment Manufacturing ,2,2,0.87009612073,0.0,0.0,0.0,1.57844894436,0.0,0.355352300081,0.0
2,4,"Manufacturing: Computer, Peripheral and Communications Equipment",,,00,000,23060,Fort Wayne MSA,2021,334210,Telephone Apparatus Manufacturing,2,2,1.74910438451,1.52717237926,0.0,1.97009831643,45.7835755305,0.0,0.102809722867,0.0
2,4,"Manufacturing: Computer, Peripheral and Communications Equipment",,,00,000,23060,Fort Wayne MSA,2021,334220,Radio and Television Broadcasting and Wireless Communications Equipment Manufacturing,2,2,39.118668654,34.1551658156,1.36108752653,48.7240329309,1023.94833426,3.99183056063,0.117136318351,8.50431938308
2,4,"Manufacturing: Computer, Peripheral and Communications Equipment",,,00,000,23060,Fort Wayne MSA,2021,334290,Other Communications Equipment Manufacturing,2,2,0.0,0.0,0.0,0.0,0.0,0.0,0.0,0.0
2,4,"Manufacturing: Computer, Peripheral and Communications Equipment",,,00,000,23060,Fort Wayne MSA,2021,334310,Audio and Video Equipment Manufacturing,2,2,0.0,0.0,0.0,0.0,0.0,0.0,0.0,0.0
2,4,"Manufacturing: Computer, Peripheral and Communications Equipment",,,00,000,23060,Fort Wayne MSA,2021,334412,Bare Printed Circuit Board Manufacturing  ,2,2,0.0,2.67706975073,0.0,1.32109838353,40.7020944195,0.0,0.107987288467,0.9292378931
2,4,"Manufacturing: Computer, Peripheral and Communications Equipment",,,00,000,23060,Fort Wayne MSA,2021,334413,Semiconductor and Related Device Manufacturing ,2,2,0.0,0.0,0.0,0.0,0.0,0.0,0.0,0.0
2,4,"Manufacturing: Computer, Peripheral and Communications Equipment",,,00,000,23060,Fort Wayne MSA,2021,334416,"Capacitor, Resistor, Coil, Transformer, and Other Inductor Manufacturing ",2,2,0.0,0.0,0.0,0.0,0.0840094723566,0.0,0.0,0.0
2,4,"Manufacturing: Computer, Peripheral and Communications Equipment",,,00,000,23060,Fort Wayne MSA,2021,334417,Electronic Connector Manufacturing ,2,2,0.0,0.0,0.0,0.0,4.89288249723,0.0,0.0,0.0
2,4,"Manufacturing: Computer, Peripheral and Communications Equipment",,,00,000,23060,Fort Wayne MSA,2021,334418,Printed Circuit Assembly (Electronic Assembly) Manufacturing ,2,2,0.0,1.32809617659,0.0,0.655397832498,20.1923375224,0.0,0.0894439519109,0.0
2,4,"Manufacturing: Computer, Peripheral and Communications Equipment",,,00,000,23060,Fort Wayne MSA,2021,334419,Other Electronic Component Manufacturing ,2,2,0.0,2.01408982477,0.0,1.15329624296,29.951982335,0.0,0.0956354610757,0.0
2,4,"Manufacturing: Computer, Peripheral and Communications Equipment",,,00,000,23060,Fort Wayne MSA,2021,334510,Electromedical and Electrotherapeutic Apparatus Manufacturing ,2,2,0.0,0.0,0.0,0.0,0.0,0.0,0.0,0.0
2,4,"Manufacturing: Computer, Peripheral and Communications Equipment",,,00,000,23060,Fort Wayne MSA,2021,334511,"Search, Detection, Navigation, Guidance, Aeronautical, and Nautical System and Instrument Manufacturing ",2,2,5.85046345003,41.7511744883,0.0,18.9351811825,571.704503749,1.77712263533,0.113149383939,4.62733067824
2,4,"Manufacturing: Computer, Peripheral and Communications Equipment",,,00,000,23060,Fort Wayne MSA,2021,334512,"Automatic Environmental Control Manufacturing for Residential, Commercial, and Appliance Use ",2,2,0.0,0.0,0.0,0.0,5.81594030812,0.0,0.0,0.0
2,4,"Manufacturing: Computer, Peripheral and Communications Equipment",,,00,000,23060,Fort Wayne MSA,2021,334513,"Instruments and Related Products Manufacturing for Measuring, Displaying, and Controlling Industrial Process Variables ",2,2,1.78819034892,4.64963707285,0.0,2.91935994165,60.3390240668,0.0,0.134256757597,0.0
2,4,"Manufacturing: Computer, Peripheral and Communications Equipment",,,00,000,23060,Fort Wayne MSA,2021,334514,Totalizing Fluid Meter and Counting Device Manufacturing ,2,2,0.548048805651,1.42503176243,0.0,0.894732336662,18.2028496292,0.0,0.136104543468,0.0
2,4,"Manufacturing: Computer, Peripheral and Communications Equipment",,,00,000,23060,Fort Wayne MSA,2021,334515,Instrument Manufacturing for Measuring and Testing Electricity and Electrical Signals ,2,2,0.0,0.0,0.0,0.0,0.0,0.0,0.0,0.0
2,4,"Manufacturing: Computer, Peripheral and Communications Equipment",,,00,000,23060,Fort Wayne MSA,2021,334516,Analytical Laboratory Instrument Manufacturing ,2,2,0.0,0.0,0.0,0.0,0.0,0.0,0.0,0.0
2,4,"Manufacturing: Computer, Peripheral and Communications Equipment",,,00,000,23060,Fort Wayne MSA,2021,334517,Irradiation Apparatus Manufacturing ,2,2,0.0,0.0,0.0,0.0,0.0,0.0,0.0,0.0
2,4,"Manufacturing: Computer, Peripheral and Communications Equipment",,,00,000,23060,Fort Wayne MSA,2021,334519,Other Measuring and Controlling Device Manufacturing ,2,2,24.6504473457,64.0958798988,0.0,42.9449784726,818.738005992,3.4739188011,0.145736426604,4.51057933649
2,4,"Manufacturing: Computer, Peripheral and Communications Equipment",,,00,000,23060,Fort Wayne MSA,2021,334610,Manufacturing and Reproducing Magnetic and Optical Media ,2,2,0.0,0.0,0.0,0.0,5.80145550855,0.0,0.0,0.0
2,4,"Manufacturing: Computer, Peripheral and Communications Equipment",,,00,000,23060,Fort Wayne MSA,2022,333242,Semiconductor Machinery Manufacturing ,2,2,0.0,0.0,0.0,0.0,0.0,0.0,0.0,0.0
2,4,"Manufacturing: Computer, Peripheral and Communications Equipment",,,00,000,23060,Fort Wayne MSA,2022,334111,Electronic Computer Manufacturing ,2,2,0.0,0.0,0.0,0.0,0.0,0.0,0.0,0.0
2,4,"Manufacturing: Computer, Peripheral and Communications Equipment",,,00,000,23060,Fort Wayne MSA,2022,334112,Computer Storage Device Manufacturing ,2,2,0.0,0.0,0.0,0.0,0.0,0.0,0.0,0.0
2,4,"Manufacturing: Computer, Peripheral and Communications Equipment",,,00,000,23060,Fort Wayne MSA,2022,334118,Computer Terminal and Other Computer Peripheral Equipment Manufacturing ,2,2,0.547601638854,0.0,0.0,0.0,3.6921056805,0.0,0.129160245651,0.0
2,4,"Manufacturing: Computer, Peripheral and Communications Equipment",,,00,000,23060,Fort Wayne MSA,2022,334210,Telephone Apparatus Manufacturing,2,2,1.43918334154,1.51557094725,0.0,1.91420411324,40.5719631061,0.0,0.107149200334,0.0
2,4,"Manufacturing: Computer, Peripheral and Communications Equipment",,,00,000,23060,Fort Wayne MSA,2022,334220,Radio and Television Broadcasting and Wireless Communications Equipment Manufacturing,2,2,35.5512814042,37.4382385333,0.613201177058,53.841093772,1001.69502161,2.08946704788,0.121451721088,8.94241405259
2,4,"Manufacturing: Computer, Peripheral and Communications Equipment",,,00,000,23060,Fort Wayne MSA,2022,334290,Other Communications Equipment Manufacturing,2,2,0.0,0.0,0.0,0.0,0.0,0.0,0.0,0.0
2,4,"Manufacturing: Computer, Peripheral and Communications Equipment",,,00,000,23060,Fort Wayne MSA,2022,334310,Audio and Video Equipment Manufacturing,2,2,0.0,0.0,0.0,0.0,0.0,0.0,0.0,0.0
2,4,"Manufacturing: Computer, Peripheral and Communications Equipment",,,00,000,23060,Fort Wayne MSA,2022,334412,Bare Printed Circuit Board Manufacturing  ,2,2,0.0,1.21299468099,0.0,2.11086134046,52.3305558015,0.0,0.0719989263194,0.736208064957
2,4,"Manufacturing: Computer, Peripheral and Communications Equipment",,,00,000,23060,Fort Wayne MSA,2022,334413,Semiconductor and Related Device Manufacturing ,2,2,0.0,0.0,0.0,0.0,0.0,0.0,0.0,0.0
2,4,"Manufacturing: Computer, Peripheral and Communications Equipment",,,00,000,23060,Fort Wayne MSA,2022,334416,"Capacitor, Resistor, Coil, Transformer, and Other Inductor Manufacturing ",2,2,0.0,0.0,0.0,0.0,0.0,0.0,0.0,0.0
2,4,"Manufacturing: Computer, Peripheral and Communications Equipment",,,00,000,23060,Fort Wayne MSA,2022,334417,Electronic Connector Manufacturing ,2,2,0.0,0.0,0.0,0.0,10.0244529724,0.0,0.0,0.0
2,4,"Manufacturing: Computer, Peripheral and Communications Equipment",,,00,000,23060,Fort Wayne MSA,2022,334418,Printed Circuit Assembly (Electronic Assembly) Manufacturing ,2,2,0.0,0.0,0.0,0.0,10.4355115054,0.0,0.0,0.0
2,4,"Manufacturing: Computer, Peripheral and Communications Equipment",,,00,000,23060,Fort Wayne MSA,2022,334419,Other Electronic Component Manufacturing ,2,2,0.0,0.942982318426,0.0,1.5396534463,28.4248411223,0.0,0.0803247632862,0.0
2,4,"Manufacturing: Computer, Peripheral and Communications Equipment",,,00,000,23060,Fort Wayne MSA,2022,334510,Electromedical and Electrotherapeutic Apparatus Manufacturing ,2,2,0.0,0.0,0.0,0.0,0.0,0.0,0.0,0.0
2,4,"Manufacturing: Computer, Peripheral and Communications Equipment",,,00,000,23060,Fort Wayne MSA,2022,334511,"Search, Detection, Navigation, Guidance, Aeronautical, and Nautical System and Instrument Manufacturing ",2,2,8.64243315349,43.9699695203,0.0,25.231751998,643.064333201,1.39642483127,0.123713194641,11.5465264235
2,4,"Manufacturing: Computer, Peripheral and Communications Equipment",,,00,000,23060,Fort Wayne MSA,2022,334512,"Automatic Environmental Control Manufacturing for Residential, Commercial, and Appliance Use ",2,2,0.0,0.0,0.0,0.0,0.453322950724,0.0,0.0,0.0
2,4,"Manufacturing: Computer, Peripheral and Communications Equipment",,,00,000,23060,Fort Wayne MSA,2022,334513,"Instruments and Related Products Manufacturing for Measuring, Displaying, and Controlling Industrial Process Variables ",2,2,2.2684774111,4.79039759836,0.0,2.8716278846,63.9553710262,0.531136368622,0.146771807686,0.539925736398
2,4,"Manufacturing: Computer, Peripheral and Communications Equipment",,,00,000,23060,Fort Wayne MSA,2022,334514,Totalizing Fluid Meter and Counting Device Manufacturing ,2,2,1.53822948767,3.24831572374,0.0,1.94721916475,42.8451716891,0.0,0.13581905766,0.0
2,4,"Manufacturing: Computer, Peripheral and Communications Equipment",,,00,000,23060,Fort Wayne MSA,2022,334515,Instrument Manufacturing for Measuring and Testing Electricity and Electrical Signals ,2,2,0.0,0.0,0.0,0.0,0.0,0.0,0.0,0.0
2,4,"Manufacturing: Computer, Peripheral and Communications Equipment",,,00,000,23060,Fort Wayne MSA,2022,334516,Analytical Laboratory Instrument Manufacturing ,2,2,0.0,0.0,0.0,0.0,0.0,0.0,0.0,0.0
2,4,"Manufacturing: Computer, Peripheral and Communications Equipment",,,00,000,23060,Fort Wayne MSA,2022,334517,Irradiation Apparatus Manufacturing ,2,2,0.0,0.0,0.0,0.0,0.0,0.0,0.0,0.0
2,4,"Manufacturing: Computer, Peripheral and Communications Equipment",,,00,000,23060,Fort Wayne MSA,2022,334519,Other Measuring and Controlling Device Manufacturing ,2,2,28.4894284748,60.161802395,0.0,41.1044621012,793.644920132,6.67045283773,0.152859787541,6.78083703788
2,4,"Manufacturing: Computer, Peripheral and Communications Equipment",,,00,000,23060,Fort Wayne MSA,2022,334610,Manufacturing and Reproducing Magnetic and Optical Media ,2,2,0.0,0.0,0.0,0.0,12.8300626296,0.0,0.0,0.0
2,4,"Manufacturing: Computer, Peripheral and Communications Equipment",,,00,000,23060,Fort Wayne MSA,2023,333242,Semiconductor Machinery Manufacturing ,2,2,0.0,0.0,0.0,0.0,0.0,0.0,0.0,0.0
2,4,"Manufacturing: Computer, Peripheral and Communications Equipment",,,00,000,23060,Fort Wayne MSA,2023,334111,Electronic Computer Manufacturing ,2,2,0.0,0.0,0.0,0.0,0.0,0.0,0.0,0.0
2,4,"Manufacturing: Computer, Peripheral and Communications Equipment",,,00,000,23060,Fort Wayne MSA,2023,334112,Computer Storage Device Manufacturing ,2,2,0.0,0.0,0.0,0.0,0.0,0.0,0.0,0.0
2,4,"Manufacturing: Computer, Peripheral and Communications Equipment",,,00,000,23060,Fort Wayne MSA,2023,334118,Computer Terminal and Other Computer Peripheral Equipment Manufacturing ,2,2,0.0,0.0,0.0,0.0,0.564447746216,0.0,0.0,0.0
2,4,"Manufacturing: Computer, Peripheral and Communications Equipment",,,00,000,23060,Fort Wayne MSA,2023,334210,Telephone Apparatus Manufacturing,2,2,1.11489148034,1.11885033149,0.0,1.6561812269,31.762724769,0.0,0.10910614717,0.0
2,4,"Manufacturing: Computer, Peripheral and Communications Equipment",,,00,000,23060,Fort Wayne MSA,2023,334220,Radio and Television Broadcasting and Wireless Communications Equipment Manufacturing,2,2,18.1568895976,18.2213626198,0.0,28.8681492525,517.31617973,1.82248510943,0.124344450973,6.39081617656
2,4,"Manufacturing: Computer, Peripheral and Communications Equipment",,,00,000,23060,Fort Wayne MSA,2023,334290,Other Communications Equipment Manufacturing,2,2,0.0,0.0,0.0,0.0,0.0,0.0,0.0,0.0
2,4,"Manufacturing: Computer, Peripheral and Communications Equipment",,,00,000,23060,Fort Wayne MSA,2023,334310,Audio and Video Equipment Manufacturing,2,2,0.0,0.277572024511,0.0,0.0,0.0,0.0,1.0,0.0
2,4,"Manufacturing: Computer, Peripheral and Communications Equipment",,,00,000,23060,Fort Wayne MSA,2023,334412,Bare Printed Circuit Board Manufacturing  ,2,2,0.0,0.0,0.0,1.97229201675,57.8688315271,0.0,0.0506945742736,1.11800505569
2,4,"Manufacturing: Computer, Peripheral and Communications Equipment",,,00,000,23060,Fort Wayne MSA,2023,334413,Semiconductor and Related Device Manufacturing ,2,2,0.0,0.0,0.0,0.0,0.0,0.0,0.0,0.0
2,4,"Manufacturing: Computer, Peripheral and Communications Equipment",,,00,000,23060,Fort Wayne MSA,2023,334416,"Capacitor, Resistor, Coil, Transformer, and Other Inductor Manufacturing ",2,2,0.0,0.0,0.0,0.0,0.0,0.0,0.0,0.0
2,4,"Manufacturing: Computer, Peripheral and Communications Equipment",,,00,000,23060,Fort Wayne MSA,2023,334417,Electronic Connector Manufacturing ,2,2,0.0,0.0,0.0,0.0,11.575972921,0.0,0.0,0.0
2,4,"Manufacturing: Computer, Peripheral and Communications Equipment",,,00,000,23060,Fort Wayne MSA,2023,334418,Printed Circuit Assembly (Electronic Assembly) Manufacturing ,2,2,0.0,0.0,0.0,0.540844793716,15.7819099508,0.0,0.0331344066722,0.0
2,4,"Manufacturing: Computer, Peripheral and Communications Equipment",,,00,000,23060,Fort Wayne MSA,2023,334419,Other Electronic Component Manufacturing ,2,2,0.0,2.39589604762,0.0,1.58394045615,34.2058114774,0.54381772025,0.139228807754,1.00909872258
2,4,"Manufacturing: Computer, Peripheral and Communications Equipment",,,00,000,23060,Fort Wayne MSA,2023,334510,Electromedical and Electrotherapeutic Apparatus Manufacturing ,2,2,0.0,0.0,0.0,0.0,0.0,0.0,0.0,0.0
2,4,"Manufacturing: Computer, Peripheral and Communications Equipment",,,00,000,23060,Fort Wayne MSA,2023,334511,"Search, Detection, Navigation, Guidance, Aeronautical, and Nautical System and Instrument Manufacturing ",2,2,10.0706854199,38.5929159039,0.0,32.3818340972,640.365589445,2.33968155668,0.135071584605,16.6176038874
2,4,"Manufacturing: Computer, Peripheral and Communications Equipment",,,00,000,23060,Fort Wayne MSA,2023,334512,"Automatic Environmental Control Manufacturing for Residential, Commercial, and Appliance Use ",2,2,0.0,1.33698681221,0.0,0.76568357321,12.627287303,0.0,0.142747890381,0.0
2,4,"Manufacturing: Computer, Peripheral and Communications Equipment",,,00,000,23060,Fort Wayne MSA,2023,334513,"Instruments and Related Products Manufacturing for Measuring, Displaying, and Controlling Industrial Process Variables ",2,2,2.4976336628,6.77558161465,0.0,3.88033112512,64.8671834814,0.0,0.181912823231,1.27055510795
2,4,"Manufacturing: Computer, Peripheral and Communications Equipment",,,00,000,23060,Fort Wayne MSA,2023,334514,Totalizing Fluid Meter and Counting Device Manufacturing ,2,2,0.785950218015,2.13212607058,0.0,1.22105460828,20.371099022,0.0,0.168873605452,0.0
2,4,"Manufacturing: Computer, Peripheral and Communications Equipment",,,00,000,23060,Fort Wayne MSA,2023,334515,Instrument Manufacturing for Measuring and Testing Electricity and Electrical Signals ,2,2,0.0,0.0,0.0,0.0,0.0,0.0,0.0,0.0
2,4,"Manufacturing: Computer, Peripheral and Communications Equipment",,,00,000,23060,Fort Wayne MSA,2023,334516,Analytical Laboratory Instrument Manufacturing ,2,2,0.0,0.0,0.0,0.0,0.0,0.0,0.0,0.0
2,4,"Manufacturing: Computer, Peripheral and Communications Equipment",,,00,000,23060,Fort Wayne MSA,2023,334517,Irradiation Apparatus Manufacturing ,2,2,0.0,0.0,0.0,0.0,0.0,0.0,0.0,0.0
2,4,"Manufacturing: Computer, Peripheral and Communications Equipment",,,00,000,23060,Fort Wayne MSA,2023,334519,Other Measuring and Controlling Device Manufacturing ,2,2,35.0322606801,95.0355309982,0.0,62.3932766968,900.835902472,6.64048501187,0.194069282791,17.8210353315
2,4,"Manufacturing: Computer, Peripheral and Communications Equipment",,,00,000,23060,Fort Wayne MSA,2023,334610,Manufacturing and Reproducing Magnetic and Optical Media ,2,2,0.0,0.613085010902,0.0,0.0,11.5089236223,0.0,0.0505761899247,0.0
2,4,"Manufacturing: Computer, Peripheral and Communications Equipment",,,00,000,26900,Indianapolis-Carmel-Greenwood MSA,2019,333242,Semiconductor Machinery Manufacturing ,2,2,0.0,0.0,0.0,0.0,0.0,0.0,0.0,0.0
2,4,"Manufacturing: Computer, Peripheral and Communications Equipment",,,00,000,26900,Indianapolis-Carmel-Greenwood MSA,2019,334111,Electronic Computer Manufacturing ,2,2,31.3398774193,121.349504158,0.532669652887,34.0633689285,91.048338298,0.575224297651,0.674968096803,1.21225273844
2,4,"Manufacturing: Computer, Peripheral and Communications Equipment",,,00,000,26900,Indianapolis-Carmel-Greenwood MSA,2019,334112,Computer Storage Device Manufacturing ,2,2,0.0,0.0,0.0,0.0,0.0,0.0,0.0,0.0
2,4,"Manufacturing: Computer, Peripheral and Communications Equipment",,,00,000,26900,Indianapolis-Carmel-Greenwood MSA,2019,334118,Computer Terminal and Other Computer Peripheral Equipment Manufacturing ,2,2,0.58893159324,0.0,0.0,0.0,0.0,0.0,1.0,0.0
2,4,"Manufacturing: Computer, Peripheral and Communications Equipment",,,00,000,26900,Indianapolis-Carmel-Greenwood MSA,2019,334210,Telephone Apparatus Manufacturing,2,2,2.0893827187,0.771314203337,0.0,0.690311227507,17.6368144839,0.0,0.167596652614,0.0
2,4,"Manufacturing: Computer, Peripheral and Communications Equipment",,,00,000,26900,Indianapolis-Carmel-Greenwood MSA,2019,334220,Radio and Television Broadcasting and Wireless Communications Equipment Manufacturing,2,2,9.81889950961,4.33584670052,0.0,7.14777242404,120.16180665,0.0,0.159008455026,1.41678614694
2,4,"Manufacturing: Computer, Peripheral and Communications Equipment",,,00,000,26900,Indianapolis-Carmel-Greenwood MSA,2019,334290,Other Communications Equipment Manufacturing,2,2,1.5046036564,0.841337366576,0.0,4.61858406651,52.0329079112,0.0,0.118047934211,0.0
2,4,"Manufacturing: Computer, Peripheral and Communications Equipment",,,00,000,26900,Indianapolis-Carmel-Greenwood MSA,2019,334310,Audio and Video Equipment Manufacturing,2,2,0.0,0.0,0.0,0.0,5.96683383292,0.0,0.0,0.0
2,4,"Manufacturing: Computer, Peripheral and Communications Equipment",,,00,000,26900,Indianapolis-Carmel-Greenwood MSA,2019,334412,Bare Printed Circuit Board Manufacturing  ,2,2,0.0,0.0,0.0,0.0,0.901743395453,0.0,0.0,0.0
2,4,"Manufacturing: Computer, Peripheral and Communications Equipment",,,00,000,26900,Indianapolis-Carmel-Greenwood MSA,2019,334413,Semiconductor and Related Device Manufacturing ,2,2,0.57015481335,0.0,0.0,0.0,4.61486156784,0.0,0.109962008108,0.0
2,4,"Manufacturing: Computer, Peripheral and Communications Equipment",,,00,000,26900,Indianapolis-Carmel-Greenwood MSA,2019,334416,"Capacitor, Resistor, Coil, Transformer, and Other Inductor Manufacturing ",2,2,2.58546099991,21.2098505838,0.0,4.57089257221,87.7059994108,0.0,0.251699790072,1.13476530379
2,4,"Manufacturing: Computer, Peripheral and Communications Equipment",,,00,000,26900,Indianapolis-Carmel-Greenwood MSA,2019,334417,Electronic Connector Manufacturing ,2,2,9.93677496658,0.0,0.0,1.49940064719,47.3741700143,0.0,0.194458568329,0.0
2,4,"Manufacturing: Computer, Peripheral and Communications Equipment",,,00,000,26900,Indianapolis-Carmel-Greenwood MSA,2019,334418,Printed Circuit Assembly (Electronic Assembly) Manufacturing ,2,2,1.94376517389,19.6248393345,0.0,8.14269198088,203.22050211,2.42500252836,0.138717988921,0.594373395686
2,4,"Manufacturing: Computer, Peripheral and Communications Equipment",,,00,000,26900,Indianapolis-Carmel-Greenwood MSA,2019,334419,Other Electronic Component Manufacturing ,2,2,6.77909131426,27.2547955549,0.0,6.27961176721,138.695198252,0.0,0.231320722381,1.42442039511
2,4,"Manufacturing: Computer, Peripheral and Communications Equipment",,,00,000,26900,Indianapolis-Carmel-Greenwood MSA,2019,334510,Electromedical and Electrotherapeutic Apparatus Manufacturing ,2,2,7.72669346254,10.6894112478,0.0,3.83873854825,140.790252514,0.0,0.142883364444,1.21522385447
2,4,"Manufacturing: Computer, Peripheral and Communications Equipment",,,00,000,26900,Indianapolis-Carmel-Greenwood MSA,2019,334511,"Search, Detection, Navigation, Guidance, Aeronautical, and Nautical System and Instrument Manufacturing ",2,2,41.3548918489,55.2209342321,0.55835308086,23.513943179,753.99687359,0.999615196064,0.144962119334,6.18400797828
2,4,"Manufacturing: Computer, Peripheral and Communications Equipment",,,00,000,26900,Indianapolis-Carmel-Greenwood MSA,2019,334512,"Automatic Environmental Control Manufacturing for Residential, Commercial, and Appliance Use ",2,2,3.58828344825,5.93153519952,0.0,2.48191527455,112.127939399,0.0,0.101091942791,0.608266782545
2,4,"Manufacturing: Computer, Peripheral and Communications Equipment",,,00,000,26900,Indianapolis-Carmel-Greenwood MSA,2019,334513,"Instruments and Related Products Manufacturing for Measuring, Displaying, and Controlling Industrial Process Variables ",2,2,29.3339642456,50.2585349155,0.0,23.7375932892,789.131539823,0.0,0.123228989218,7.58128670831
2,4,"Manufacturing: Computer, Peripheral and Communications Equipment",,,00,000,26900,Indianapolis-Carmel-Greenwood MSA,2019,334514,Totalizing Fluid Meter and Counting Device Manufacturing ,2,2,0.0,0.0,0.0,0.0,0.0,0.0,0.0,0.0
2,4,"Manufacturing: Computer, Peripheral and Communications Equipment",,,00,000,26900,Indianapolis-Carmel-Greenwood MSA,2019,334515,Instrument Manufacturing for Measuring and Testing Electricity and Electrical Signals ,2,2,7.83302905876,11.6797782088,0.0,4.19439516416,148.718150018,0.0,0.144083797481,1.32781354981
2,4,"Manufacturing: Computer, Peripheral and Communications Equipment",,,00,000,26900,Indianapolis-Carmel-Greenwood MSA,2019,334516,Analytical Laboratory Instrument Manufacturing ,2,2,1.35031119931,1.22144597271,0.0,0.53360096513,57.0143321041,0.0,0.0516529297586,0.0
2,4,"Manufacturing: Computer, Peripheral and Communications Equipment",,,00,000,26900,Indianapolis-Carmel-Greenwood MSA,2019,334517,Irradiation Apparatus Manufacturing ,2,2,0.0,0.0,0.0,0.0,3.96327826119,0.0,0.0,0.0
2,4,"Manufacturing: Computer, Peripheral and Communications Equipment",,,00,000,26900,Indianapolis-Carmel-Greenwood MSA,2019,334519,Other Measuring and Controlling Device Manufacturing ,2,2,1.40439004266,3.11779164585,0.0,4.41320463148,161.864549879,0.0,0.0523149277385,0.0
2,4,"Manufacturing: Computer, Peripheral and Communications Equipment",,,00,000,26900,Indianapolis-Carmel-Greenwood MSA,2019,334610,Manufacturing and Reproducing Magnetic and Optical Media ,2,2,0.0,0.0,0.0,0.0,4.62662873662,0.0,0.0,0.0
2,4,"Manufacturing: Computer, Peripheral and Communications Equipment",,,00,000,26900,Indianapolis-Carmel-Greenwood MSA,2020,333242,Semiconductor Machinery Manufacturing ,2,2,0.0,0.0,0.0,0.0,0.0,0.0,0.0,0.0
2,4,"Manufacturing: Computer, Peripheral and Communications Equipment",,,00,000,26900,Indianapolis-Carmel-Greenwood MSA,2020,334111,Electronic Computer Manufacturing ,2,2,16.357883823,113.897658894,1.30942894002,28.0109313306,93.8121877349,0.0,0.632996369779,2.22842096784
2,4,"Manufacturing: Computer, Peripheral and Communications Equipment",,,00,000,26900,Indianapolis-Carmel-Greenwood MSA,2020,334112,Computer Storage Device Manufacturing ,2,2,0.0,0.0,0.0,0.0,0.0,0.0,0.0,0.0
2,4,"Manufacturing: Computer, Peripheral and Communications Equipment",,,00,000,26900,Indianapolis-Carmel-Greenwood MSA,2020,334118,Computer Terminal and Other Computer Peripheral Equipment Manufacturing ,2,2,0.0,0.0,0.0,0.0,0.95276118977,0.0,0.0,0.0
2,4,"Manufacturing: Computer, Peripheral and Communications Equipment",,,00,000,26900,Indianapolis-Carmel-Greenwood MSA,2020,334210,Telephone Apparatus Manufacturing,2,2,0.783691551171,0.0,0.0,0.0,8.58933680129,0.0,0.0836113496835,0.0
2,4,"Manufacturing: Computer, Peripheral and Communications Equipment",,,00,000,26900,Indianapolis-Carmel-Greenwood MSA,2020,334220,Radio and Television Broadcasting and Wireless Communications Equipment Manufacturing,2,2,8.36030065965,4.33372422166,0.0,6.63412248465,97.2287234144,0.0,0.181637792706,2.25204115107
2,4,"Manufacturing: Computer, Peripheral and Communications Equipment",,,00,000,26900,Indianapolis-Carmel-Greenwood MSA,2020,334290,Other Communications Equipment Manufacturing,2,2,6.39448415851,4.05899162403,0.0,11.1259704505,117.943470837,0.80185662761,0.167831617011,1.40552181469
2,4,"Manufacturing: Computer, Peripheral and Communications Equipment",,,00,000,26900,Indianapolis-Carmel-Greenwood MSA,2020,334310,Audio and Video Equipment Manufacturing,2,2,0.0,0.0,0.0,0.0,6.20097177714,0.0,0.0,0.0
2,4,"Manufacturing: Computer, Peripheral and Communications Equipment",,,00,000,26900,Indianapolis-Carmel-Greenwood MSA,2020,334412,Bare Printed Circuit Board Manufacturing  ,2,2,0.0,0.0,0.0,0.0,0.572210412275,0.0,0.0,0.0
2,4,"Manufacturing: Computer, Peripheral and Communications Equipment",,,00,000,26900,Indianapolis-Carmel-Greenwood MSA,2020,334413,Semiconductor and Related Device Manufacturing ,2,2,0.0,0.0,0.0,0.0,0.279407696659,0.0,0.0,0.0
2,4,"Manufacturing: Computer, Peripheral and Communications Equipment",,,00,000,26900,Indianapolis-Carmel-Greenwood MSA,2020,334416,"Capacitor, Resistor, Coil, Transformer, and Other Inductor Manufacturing ",2,2,3.64091043386,17.1874048234,0.0,5.27591599738,79.3065230096,0.0,0.254415159775,0.957453256836
2,4,"Manufacturing: Computer, Peripheral and Communications Equipment",,,00,000,26900,Indianapolis-Carmel-Greenwood MSA,2020,334417,Electronic Connector Manufacturing ,2,2,11.1308359709,0.0,0.0,2.40869261274,57.0327097151,0.0,0.191853466887,0.0
2,4,"Manufacturing: Computer, Peripheral and Communications Equipment",,,00,000,26900,Indianapolis-Carmel-Greenwood MSA,2020,334418,Printed Circuit Assembly (Electronic Assembly) Manufacturing ,2,2,2.59189529946,20.4370283531,0.0,8.48307978794,231.36411867,1.7813412562,0.133031339441,2.20814457913
2,4,"Manufacturing: Computer, Peripheral and Communications Equipment",,,00,000,26900,Indianapolis-Carmel-Greenwood MSA,2020,334419,Other Electronic Component Manufacturing ,2,2,6.61060845149,24.453051564,0.0,7.50620860196,128.168318688,0.0,0.237548931156,1.36219831324
2,4,"Manufacturing: Computer, Peripheral and Communications Equipment",,,00,000,26900,Indianapolis-Carmel-Greenwood MSA,2020,334510,Electromedical and Electrotherapeutic Apparatus Manufacturing ,2,2,6.19721388147,6.89384081871,0.0,2.29602411465,99.8389756877,0.0,0.140386492179,0.91797392339
2,4,"Manufacturing: Computer, Peripheral and Communications Equipment",,,00,000,26900,Indianapolis-Carmel-Greenwood MSA,2020,334511,"Search, Detection, Navigation, Guidance, Aeronautical, and Nautical System and Instrument Manufacturing ",2,2,47.4261424442,56.2479484333,0.546036506925,24.8775190584,779.096915029,0.556314719343,0.149557684282,7.35701335036
2,4,"Manufacturing: Computer, Peripheral and Communications Equipment",,,00,000,26900,Indianapolis-Carmel-Greenwood MSA,2020,334512,"Automatic Environmental Control Manufacturing for Residential, Commercial, and Appliance Use ",2,2,1.92142647143,2.90912250432,0.0,2.58839556342,83.1257624271,0.0,0.0819368109716,0.0
2,4,"Manufacturing: Computer, Peripheral and Communications Equipment",,,00,000,26900,Indianapolis-Carmel-Greenwood MSA,2020,334513,"Instruments and Related Products Manufacturing for Measuring, Displaying, and Controlling Industrial Process Variables ",2,2,32.0375856579,49.5826416658,0.0,23.4542289379,772.132629772,0.0,0.128582580031,8.85809017066
2,4,"Manufacturing: Computer, Peripheral and Communications Equipment",,,00,000,26900,Indianapolis-Carmel-Greenwood MSA,2020,334514,Totalizing Fluid Meter and Counting Device Manufacturing ,2,2,0.0,0.0,0.0,0.0,0.0,0.0,0.0,0.0
2,4,"Manufacturing: Computer, Peripheral and Communications Equipment",,,00,000,26900,Indianapolis-Carmel-Greenwood MSA,2020,334515,Instrument Manufacturing for Measuring and Testing Electricity and Electrical Signals ,2,2,7.54951500157,9.81560149989,0.0,3.26912940641,128.8810708,0.0,0.145477626882,1.30703137137
2,4,"Manufacturing: Computer, Peripheral and Communications Equipment",,,00,000,26900,Indianapolis-Carmel-Greenwood MSA,2020,334516,Analytical Laboratory Instrument Manufacturing ,2,2,0.0,0.0,0.0,1.0515649767,31.0863627893,0.0,0.0327203727743,0.0
2,4,"Manufacturing: Computer, Peripheral and Communications Equipment",,,00,000,26900,Indianapolis-Carmel-Greenwood MSA,2020,334517,Irradiation Apparatus Manufacturing ,2,2,4.70946372794,6.12307137903,0.0,2.03931595053,78.2208313562,0.0,0.148922696465,0.815339373917
2,4,"Manufacturing: Computer, Peripheral and Communications Equipment",,,00,000,26900,Indianapolis-Carmel-Greenwood MSA,2020,334519,Other Measuring and Controlling Device Manufacturing ,2,2,3.16300043435,3.73362404081,0.0,5.49142663174,107.702026872,0.0,0.103156324947,0.0
2,4,"Manufacturing: Computer, Peripheral and Communications Equipment",,,00,000,26900,Indianapolis-Carmel-Greenwood MSA,2020,334610,Manufacturing and Reproducing Magnetic and Optical Media ,2,2,0.0,0.0,0.0,0.0,5.83881749268,0.0,0.0,0.0
2,4,"Manufacturing: Computer, Peripheral and Communications Equipment",,,00,000,26900,Indianapolis-Carmel-Greenwood MSA,2021,333242,Semiconductor Machinery Manufacturing ,2,2,0.0,0.0,0.0,0.0,0.0,0.0,0.0,0.0
2,4,"Manufacturing: Computer, Peripheral and Communications Equipment",,,00,000,26900,Indianapolis-Carmel-Greenwood MSA,2021,334111,Electronic Computer Manufacturing ,2,2,14.8857663287,81.1379667851,0.0,38.0059362334,95.691374979,0.0,0.589199409088,3.21770283211
2,4,"Manufacturing: Computer, Peripheral and Communications Equipment",,,00,000,26900,Indianapolis-Carmel-Greenwood MSA,2021,334112,Computer Storage Device Manufacturing ,2,2,0.0,0.0,0.0,0.0,0.0,0.0,0.0,0.0
2,4,"Manufacturing: Computer, Peripheral and Communications Equipment",,,00,000,26900,Indianapolis-Carmel-Greenwood MSA,2021,334118,Computer Terminal and Other Computer Peripheral Equipment Manufacturing ,2,2,0.0,0.0,0.0,0.0,0.339450743285,0.0,0.0,0.0
2,4,"Manufacturing: Computer, Peripheral and Communications Equipment",,,00,000,26900,Indianapolis-Carmel-Greenwood MSA,2021,334210,Telephone Apparatus Manufacturing,2,2,0.0,0.0,0.0,0.0,1.01728275256,0.0,0.0,0.0
2,4,"Manufacturing: Computer, Peripheral and Communications Equipment",,,00,000,26900,Indianapolis-Carmel-Greenwood MSA,2021,334220,Radio and Television Broadcasting and Wireless Communications Equipment Manufacturing,2,2,7.4509722154,5.78325160517,0.0,5.49118531289,95.802083948,0.0,0.176729868238,1.84024607471
2,4,"Manufacturing: Computer, Peripheral and Communications Equipment",,,00,000,26900,Indianapolis-Carmel-Greenwood MSA,2021,334290,Other Communications Equipment Manufacturing,2,2,7.16785037075,6.95463077631,0.0,9.74072667151,120.808339687,0.0,0.175767501956,1.89915915029
2,4,"Manufacturing: Computer, Peripheral and Communications Equipment",,,00,000,26900,Indianapolis-Carmel-Greenwood MSA,2021,334310,Audio and Video Equipment Manufacturing,2,2,2.41468344787,0.807869319314,0.0,2.7642452185,69.009391485,0.0,0.0864264341715,0.541669839432
2,4,"Manufacturing: Computer, Peripheral and Communications Equipment",,,00,000,26900,Indianapolis-Carmel-Greenwood MSA,2021,334412,Bare Printed Circuit Board Manufacturing  ,2,2,0.0,0.0,0.0,0.0,3.99985269322,0.0,0.0,0.0
2,4,"Manufacturing: Computer, Peripheral and Communications Equipment",,,00,000,26900,Indianapolis-Carmel-Greenwood MSA,2021,334413,Semiconductor and Related Device Manufacturing ,2,2,0.0,0.0,0.0,0.0,0.742511075054,0.0,0.0,0.0
2,4,"Manufacturing: Computer, Peripheral and Communications Equipment",,,00,000,26900,Indianapolis-Carmel-Greenwood MSA,2021,334416,"Capacitor, Resistor, Coil, Transformer, and Other Inductor Manufacturing ",2,2,3.65282186472,11.6206385456,0.0,3.60807327273,82.3033608146,0.0,0.197405063013,1.36167914954
2,4,"Manufacturing: Computer, Peripheral and Communications Equipment",,,00,000,26900,Indianapolis-Carmel-Greenwood MSA,2021,334417,Electronic Connector Manufacturing ,2,2,10.7568316546,0.0,0.0,2.6008903184,62.3937358241,0.0,0.176336170438,0.0
2,4,"Manufacturing: Computer, Peripheral and Communications Equipment",,,00,000,26900,Indianapolis-Carmel-Greenwood MSA,2021,334418,Printed Circuit Assembly (Electronic Assembly) Manufacturing ,2,2,7.52340670765,17.9505079264,0.0,13.9856065959,299.162595654,1.21490291173,0.131747471458,4.72010594769
2,4,"Manufacturing: Computer, Peripheral and Communications Equipment",,,00,000,26900,Indianapolis-Carmel-Greenwood MSA,2021,334419,Other Electronic Component Manufacturing ,2,2,5.57173389305,17.7252294367,0.0,5.50347782805,143.122376376,0.0,0.177456748165,2.07700078184
2,4,"Manufacturing: Computer, Peripheral and Communications Equipment",,,00,000,26900,Indianapolis-Carmel-Greenwood MSA,2021,334510,Electromedical and Electrotherapeutic Apparatus Manufacturing ,2,2,8.24122947876,9.04360847707,0.0,3.02778836176,125.146484451,0.0,0.14674783509,1.21087683591
2,4,"Manufacturing: Computer, Peripheral and Communications Equipment",,,00,000,26900,Indianapolis-Carmel-Greenwood MSA,2021,334511,"Search, Detection, Navigation, Guidance, Aeronautical, and Nautical System and Instrument Manufacturing ",2,2,49.7325772438,59.5509950683,0.0,27.7301962398,788.781428742,0.0,0.155176771485,7.86926897423
2,4,"Manufacturing: Computer, Peripheral and Communications Equipment",,,00,000,26900,Indianapolis-Carmel-Greenwood MSA,2021,334512,"Automatic Environmental Control Manufacturing for Residential, Commercial, and Appliance Use ",2,2,4.34806676026,5.61324836589,0.0,2.45245010135,88.7899293741,0.0,0.127276903033,0.535252932509
2,4,"Manufacturing: Computer, Peripheral and Communications Equipment",,,00,000,26900,Indianapolis-Carmel-Greenwood MSA,2021,334513,"Instruments and Related Products Manufacturing for Measuring, Displaying, and Controlling Industrial Process Variables ",2,2,33.3719149706,47.2018405526,0.0,27.7205715184,750.916072008,1.22712839322,0.135889507506,8.56716412217
2,4,"Manufacturing: Computer, Peripheral and Communications Equipment",,,00,000,26900,Indianapolis-Carmel-Greenwood MSA,2021,334514,Totalizing Fluid Meter and Counting Device Manufacturing ,2,2,0.0,0.0,0.0,0.0,0.0,0.0,0.0,0.0
2,4,"Manufacturing: Computer, Peripheral and Communications Equipment",,,00,000,26900,Indianapolis-Carmel-Greenwood MSA,2021,334515,Instrument Manufacturing for Measuring and Testing Electricity and Electrical Signals ,2,2,6.93983427176,9.34768510885,0.0,3.1295928228,114.551061776,0.0,0.152852675557,1.25159060085
2,4,"Manufacturing: Computer, Peripheral and Communications Equipment",,,00,000,26900,Indianapolis-Carmel-Greenwood MSA,2021,334516,Analytical Laboratory Instrument Manufacturing ,2,2,1.42252548412,1.21135849643,0.0,0.0,30.098410172,0.0,0.0804674419787,0.0
2,4,"Manufacturing: Computer, Peripheral and Communications Equipment",,,00,000,26900,Indianapolis-Carmel-Greenwood MSA,2021,334517,Irradiation Apparatus Manufacturing ,2,2,0.0,0.0,0.0,0.0,8.26083562179,0.0,0.0,0.0
2,4,"Manufacturing: Computer, Peripheral and Communications Equipment",,,00,000,26900,Indianapolis-Carmel-Greenwood MSA,2021,334519,Other Measuring and Controlling Device Manufacturing ,2,2,6.8137326242,3.91467784749,0.0,3.0183353142,66.7331007829,0.0,0.170809791171,0.0
2,4,"Manufacturing: Computer, Peripheral and Communications Equipment",,,00,000,26900,Indianapolis-Carmel-Greenwood MSA,2021,334610,Manufacturing and Reproducing Magnetic and Optical Media ,2,2,0.0,0.0,0.0,0.0,6.10595480359,0.0,0.0,0.0
2,4,"Manufacturing: Computer, Peripheral and Communications Equipment",,,00,000,26900,Indianapolis-Carmel-Greenwood MSA,2022,333242,Semiconductor Machinery Manufacturing ,2,2,0.0,0.0,0.0,0.0,0.0,0.0,0.0,0.0
2,4,"Manufacturing: Computer, Peripheral and Communications Equipment",,,00,000,26900,Indianapolis-Carmel-Greenwood MSA,2022,334111,Electronic Computer Manufacturing ,2,2,3.51448626067,9.19946962388,0.0,7.24801725801,25.9605481197,0.0,0.434688091896,0.0
2,4,"Manufacturing: Computer, Peripheral and Communications Equipment",,,00,000,26900,Indianapolis-Carmel-Greenwood MSA,2022,334112,Computer Storage Device Manufacturing ,2,2,0.393250656467,0.0,0.0,0.0,0.0,0.0,1.0,0.0
2,4,"Manufacturing: Computer, Peripheral and Communications Equipment",,,00,000,26900,Indianapolis-Carmel-Greenwood MSA,2022,334118,Computer Terminal and Other Computer Peripheral Equipment Manufacturing ,2,2,0.333333333333,0.969648310184,0.0,0.69225988432,0.761466410883,0.0,0.723776900633,0.0
2,4,"Manufacturing: Computer, Peripheral and Communications Equipment",,,00,000,26900,Indianapolis-Carmel-Greenwood MSA,2022,334210,Telephone Apparatus Manufacturing,2,2,0.0,0.0,0.0,0.0,1.62089848367,0.0,0.0,0.0
2,4,"Manufacturing: Computer, Peripheral and Communications Equipment",,,00,000,26900,Indianapolis-Carmel-Greenwood MSA,2022,334220,Radio and Television Broadcasting and Wireless Communications Equipment Manufacturing,2,2,6.71805899424,8.30071578884,0.0,3.17644483058,93.278220131,0.0,0.169201216255,0.801905328056
2,4,"Manufacturing: Computer, Peripheral and Communications Equipment",,,00,000,26900,Indianapolis-Carmel-Greenwood MSA,2022,334290,Other Communications Equipment Manufacturing,2,2,9.97367766192,10.8915858787,0.0,4.90247381851,118.878973448,0.0,0.185552627067,1.31603325554
2,4,"Manufacturing: Computer, Peripheral and Communications Equipment",,,00,000,26900,Indianapolis-Carmel-Greenwood MSA,2022,334310,Audio and Video Equipment Manufacturing,2,2,5.15449644193,3.10165182292,0.0,3.21199287215,63.7810728449,0.0,0.158507022675,0.545919861801
2,4,"Manufacturing: Computer, Peripheral and Communications Equipment",,,00,000,26900,Indianapolis-Carmel-Greenwood MSA,2022,334412,Bare Printed Circuit Board Manufacturing  ,2,2,0.693437283332,2.89936484425,0.0,0.914956406378,18.5299155676,0.0,0.195668994798,0.0
2,4,"Manufacturing: Computer, Peripheral and Communications Equipment",,,00,000,26900,Indianapolis-Carmel-Greenwood MSA,2022,334413,Semiconductor and Related Device Manufacturing ,2,2,0.0,0.0,0.0,0.0,0.0,0.0,0.0,0.0
2,4,"Manufacturing: Computer, Peripheral and Communications Equipment",,,00,000,26900,Indianapolis-Carmel-Greenwood MSA,2022,334416,"Capacitor, Resistor, Coil, Transformer, and Other Inductor Manufacturing ",2,2,3.23258625357,13.5159259026,0.0,4.26523864951,86.7096374911,0.0,0.208833947485,1.87387919912
2,4,"Manufacturing: Computer, Peripheral and Communications Equipment",,,00,000,26900,Indianapolis-Carmel-Greenwood MSA,2022,334417,Electronic Connector Manufacturing ,2,2,12.5997488674,0.0,0.0,3.35965775256,70.2353878555,0.0,0.185155109622,0.0
2,4,"Manufacturing: Computer, Peripheral and Communications Equipment",,,00,000,26900,Indianapolis-Carmel-Greenwood MSA,2022,334418,Printed Circuit Assembly (Electronic Assembly) Manufacturing ,2,2,3.33867125136,16.9449025327,0.0,12.7409128253,327.429378861,1.27367929481,0.107944775107,5.32302533846
2,4,"Manufacturing: Computer, Peripheral and Communications Equipment",,,00,000,26900,Indianapolis-Carmel-Greenwood MSA,2022,334419,Other Electronic Component Manufacturing ,2,2,4.23543945398,17.7090049064,0.0,5.58845414776,144.094536894,0.0,0.172263665526,2.45521736139
2,4,"Manufacturing: Computer, Peripheral and Communications Equipment",,,00,000,26900,Indianapolis-Carmel-Greenwood MSA,2022,334510,Electromedical and Electrotherapeutic Apparatus Manufacturing ,2,2,8.94686743286,7.21504802068,0.0,5.15754429403,117.844845079,0.0,0.161001443054,1.29463172738
2,4,"Manufacturing: Computer, Peripheral and Communications Equipment",,,00,000,26900,Indianapolis-Carmel-Greenwood MSA,2022,334511,"Search, Detection, Navigation, Guidance, Aeronautical, and Nautical System and Instrument Manufacturing ",2,2,50.1598633046,45.7395422718,0.0,33.4283791954,675.350319813,0.0,0.169050408266,8.06712873799
2,4,"Manufacturing: Computer, Peripheral and Communications Equipment",,,00,000,26900,Indianapolis-Carmel-Greenwood MSA,2022,334512,"Automatic Environmental Control Manufacturing for Residential, Commercial, and Appliance Use ",2,2,5.96869836249,6.74417154321,0.0,4.31921753984,109.588643724,0.0,0.142212479274,1.13659926034
2,4,"Manufacturing: Computer, Peripheral and Communications Equipment",,,00,000,26900,Indianapolis-Carmel-Greenwood MSA,2022,334513,"Instruments and Related Products Manufacturing for Measuring, Displaying, and Controlling Industrial Process Variables ",2,2,37.546176938,47.0201035786,0.0,38.7498033716,813.542992314,2.11628082882,0.13976377253,6.74509316047
2,4,"Manufacturing: Computer, Peripheral and Communications Equipment",,,00,000,26900,Indianapolis-Carmel-Greenwood MSA,2022,334514,Totalizing Fluid Meter and Counting Device Manufacturing ,2,2,0.0,0.0,0.0,0.0,0.0,0.0,0.0,0.0
2,4,"Manufacturing: Computer, Peripheral and Communications Equipment",,,00,000,26900,Indianapolis-Carmel-Greenwood MSA,2022,334515,Instrument Manufacturing for Measuring and Testing Electricity and Electrical Signals ,2,2,9.49233535409,7.9319704771,0.0,5.67002311797,125.457244482,0.0,0.163478091521,1.42327266719
2,4,"Manufacturing: Computer, Peripheral and Communications Equipment",,,00,000,26900,Indianapolis-Carmel-Greenwood MSA,2022,334516,Analytical Laboratory Instrument Manufacturing ,2,2,2.07023598568,1.4886423627,0.0,0.0,36.5337835494,0.0,0.0887663273008,0.0
2,4,"Manufacturing: Computer, Peripheral and Communications Equipment",,,00,000,26900,Indianapolis-Carmel-Greenwood MSA,2022,334517,Irradiation Apparatus Manufacturing ,2,2,0.0,0.0,0.0,0.0,3.29327803899,0.0,0.0,0.0
2,4,"Manufacturing: Computer, Peripheral and Communications Equipment",,,00,000,26900,Indianapolis-Carmel-Greenwood MSA,2022,334519,Other Measuring and Controlling Device Manufacturing ,2,2,6.00519571665,2.56601941468,0.0,2.16270298407,61.6367826817,0.0,0.14831855982,0.0
2,4,"Manufacturing: Computer, Peripheral and Communications Equipment",,,00,000,26900,Indianapolis-Carmel-Greenwood MSA,2022,334610,Manufacturing and Reproducing Magnetic and Optical Media ,2,2,0.0,0.0,0.0,0.0,0.833344246995,0.0,0.0,0.0
2,4,"Manufacturing: Computer, Peripheral and Communications Equipment",,,00,000,26900,Indianapolis-Carmel-Greenwood MSA,2023,333242,Semiconductor Machinery Manufacturing ,2,2,0.0,0.0,0.0,0.0,0.0,0.0,0.0,0.0
2,4,"Manufacturing: Computer, Peripheral and Communications Equipment",,,00,000,26900,Indianapolis-Carmel-Greenwood MSA,2023,334111,Electronic Computer Manufacturing ,2,2,2.36166625025,1.7144996972,0.0,2.11662361498,13.2707302033,0.0,0.31817418622,0.0
2,4,"Manufacturing: Computer, Peripheral and Communications Equipment",,,00,000,26900,Indianapolis-Carmel-Greenwood MSA,2023,334112,Computer Storage Device Manufacturing ,2,2,0.0,0.0,0.0,0.0,1.2528794191,0.0,0.0,0.0
2,4,"Manufacturing: Computer, Peripheral and Communications Equipment",,,00,000,26900,Indianapolis-Carmel-Greenwood MSA,2023,334118,Computer Terminal and Other Computer Peripheral Equipment Manufacturing ,2,2,0.0,0.0,0.0,0.0,3.56095234304,0.0,0.0,0.0
2,4,"Manufacturing: Computer, Peripheral and Communications Equipment",,,00,000,26900,Indianapolis-Carmel-Greenwood MSA,2023,334210,Telephone Apparatus Manufacturing,2,2,0.664673840248,0.755920466985,0.0,0.0,5.63080866051,0.0,0.201462647041,0.0
2,4,"Manufacturing: Computer, Peripheral and Communications Equipment",,,00,000,26900,Indianapolis-Carmel-Greenwood MSA,2023,334220,Radio and Television Broadcasting and Wireless Communications Equipment Manufacturing,2,2,19.8573923709,47.037940349,0.0,19.0032269683,551.574866825,3.42064725633,0.146988985876,5.72696358185
2,4,"Manufacturing: Computer, Peripheral and Communications Equipment",,,00,000,26900,Indianapolis-Carmel-Greenwood MSA,2023,334290,Other Communications Equipment Manufacturing,2,2,9.13894275289,12.9089066159,0.0,4.62269597689,120.678908791,0.0,0.191878194661,1.98311923726
2,4,"Manufacturing: Computer, Peripheral and Communications Equipment",,,00,000,26900,Indianapolis-Carmel-Greenwood MSA,2023,334310,Audio and Video Equipment Manufacturing,2,2,5.77483367885,5.06294701227,0.0,1.00839365519,81.4828660852,0.0,0.136063813898,0.986798395427
2,4,"Manufacturing: Computer, Peripheral and Communications Equipment",,,00,000,26900,Indianapolis-Carmel-Greenwood MSA,2023,334412,Bare Printed Circuit Board Manufacturing  ,2,2,1.56703731809,7.05638948204,0.0,1.63550932254,41.9452745763,0.0,0.210399865123,0.917961807833
2,4,"Manufacturing: Computer, Peripheral and Communications Equipment",,,00,000,26900,Indianapolis-Carmel-Greenwood MSA,2023,334413,Semiconductor and Related Device Manufacturing ,2,2,0.0,0.0,0.0,0.0,1.00132209854,0.0,0.0,0.0
2,4,"Manufacturing: Computer, Peripheral and Communications Equipment",,,00,000,26900,Indianapolis-Carmel-Greenwood MSA,2023,334416,"Capacitor, Resistor, Coil, Transformer, and Other Inductor Manufacturing ",2,2,1.16175821938,5.23141241457,0.0,1.21252147374,31.3713023087,0.0,0.208944942395,0.680551549744
2,4,"Manufacturing: Computer, Peripheral and Communications Equipment",,,00,000,26900,Indianapolis-Carmel-Greenwood MSA,2023,334417,Electronic Connector Manufacturing ,2,2,15.6939257415,0.0,0.0,4.37812970982,76.9230921262,0.0,0.206938758821,0.0
2,4,"Manufacturing: Computer, Peripheral and Communications Equipment",,,00,000,26900,Indianapolis-Carmel-Greenwood MSA,2023,334418,Printed Circuit Assembly (Electronic Assembly) Manufacturing ,2,2,0.878666828432,12.7896126195,0.0,7.62894488855,229.287177081,0.890109216813,0.106721858133,5.20609794053
2,4,"Manufacturing: Computer, Peripheral and Communications Equipment",,,00,000,26900,Indianapolis-Carmel-Greenwood MSA,2023,334419,Other Electronic Component Manufacturing ,2,2,3.96968709458,17.8755527631,0.0,4.14314335453,134.731394565,0.0,0.173656165544,2.32542077959
2,4,"Manufacturing: Computer, Peripheral and Communications Equipment",,,00,000,26900,Indianapolis-Carmel-Greenwood MSA,2023,334510,Electromedical and Electrotherapeutic Apparatus Manufacturing ,2,2,7.05489557232,7.62950758443,0.0,4.30896278155,109.01173053,0.0,0.157467681821,1.38071838751
2,4,"Manufacturing: Computer, Peripheral and Communications Equipment",,,00,000,26900,Indianapolis-Carmel-Greenwood MSA,2023,334511,"Search, Detection, Navigation, Guidance, Aeronautical, and Nautical System and Instrument Manufacturing ",2,2,41.9299982276,47.0076286846,0.0,33.9879376768,631.402464126,0.0,0.173527019834,9.64427198778
2,4,"Manufacturing: Computer, Peripheral and Communications Equipment",,,00,000,26900,Indianapolis-Carmel-Greenwood MSA,2023,334512,"Automatic Environmental Control Manufacturing for Residential, Commercial, and Appliance Use ",2,2,6.96708447782,8.4500007267,0.0,4.50830954016,126.556881802,0.0,0.145753930746,1.6681058279
2,4,"Manufacturing: Computer, Peripheral and Communications Equipment",,,00,000,26900,Indianapolis-Carmel-Greenwood MSA,2023,334513,"Instruments and Related Products Manufacturing for Measuring, Displaying, and Controlling Industrial Process Variables ",2,2,39.7269141417,52.8345298807,0.0,43.4851080511,849.499025173,2.55132300805,0.147138824159,7.96089817316
2,4,"Manufacturing: Computer, Peripheral and Communications Equipment",,,00,000,26900,Indianapolis-Carmel-Greenwood MSA,2023,334514,Totalizing Fluid Meter and Counting Device Manufacturing ,2,2,0.0,0.0,0.0,0.0,0.0,0.0,0.0,0.0
2,4,"Manufacturing: Computer, Peripheral and Communications Equipment",,,00,000,26900,Indianapolis-Carmel-Greenwood MSA,2023,334515,Instrument Manufacturing for Measuring and Testing Electricity and Electrical Signals ,2,2,8.20704523316,8.97082447513,0.0,5.58311476489,123.887072127,0.0,0.164825347499,1.68866764797
2,4,"Manufacturing: Computer, Peripheral and Communications Equipment",,,00,000,26900,Indianapolis-Carmel-Greenwood MSA,2023,334516,Analytical Laboratory Instrument Manufacturing ,2,2,1.38352583418,1.50459706811,0.0,0.0,32.8242859193,0.0,0.0808716913139,0.0
2,4,"Manufacturing: Computer, Peripheral and Communications Equipment",,,00,000,26900,Indianapolis-Carmel-Greenwood MSA,2023,334517,Irradiation Apparatus Manufacturing ,2,2,1.66745579869,0.710928898799,0.0,0.0,11.3420019889,0.0,0.173346768707,0.0
2,4,"Manufacturing: Computer, Peripheral and Communications Equipment",,,00,000,26900,Indianapolis-Carmel-Greenwood MSA,2023,334519,Other Measuring and Controlling Device Manufacturing ,2,2,3.07412489315,2.62079528654,0.0,2.09203264169,52.3754711886,0.0,0.129432165501,0.0
2,4,"Manufacturing: Computer, Peripheral and Communications Equipment",,,00,000,26900,Indianapolis-Carmel-Greenwood MSA,2023,334610,Manufacturing and Reproducing Magnetic and Optical Media ,2,2,0.0,0.0,0.0,0.0,1.79497547799,0.0,0.0,0.0
2,4,"Manufacturing: Computer, Peripheral and Communications Equipment",,,00,000,29020,Kokomo MSA,2019,333242,Semiconductor Machinery Manufacturing ,2,2,0.0,0.0,0.0,0.0,0.0,0.0,0.0,0.0
2,4,"Manufacturing: Computer, Peripheral and Communications Equipment",,,00,000,29020,Kokomo MSA,2019,334111,Electronic Computer Manufacturing ,2,2,0.0,0.0,0.0,0.0,0.0,0.0,0.0,0.0
2,4,"Manufacturing: Computer, Peripheral and Communications Equipment",,,00,000,29020,Kokomo MSA,2019,334112,Computer Storage Device Manufacturing ,2,2,0.0,0.0,0.0,0.0,0.0,0.0,0.0,0.0
2,4,"Manufacturing: Computer, Peripheral and Communications Equipment",,,00,000,29020,Kokomo MSA,2019,334118,Computer Terminal and Other Computer Peripheral Equipment Manufacturing ,2,2,0.0,0.0,0.0,0.0,0.0,0.0,0.0,0.0
2,4,"Manufacturing: Computer, Peripheral and Communications Equipment",,,00,000,29020,Kokomo MSA,2019,334210,Telephone Apparatus Manufacturing,2,2,0.0,0.0,0.0,0.0,0.0,0.0,0.0,0.0
2,4,"Manufacturing: Computer, Peripheral and Communications Equipment",,,00,000,29020,Kokomo MSA,2019,334220,Radio and Television Broadcasting and Wireless Communications Equipment Manufacturing,2,2,0.0,0.0,0.0,0.0,0.0,0.0,0.0,0.0
2,4,"Manufacturing: Computer, Peripheral and Communications Equipment",,,00,000,29020,Kokomo MSA,2019,334290,Other Communications Equipment Manufacturing,2,2,0.0,0.0,0.0,0.0,0.0,0.0,0.0,0.0
2,4,"Manufacturing: Computer, Peripheral and Communications Equipment",,,00,000,29020,Kokomo MSA,2019,334310,Audio and Video Equipment Manufacturing,2,2,0.0,0.0,0.0,0.0,12.2033480169,0.0,0.0,0.0
2,4,"Manufacturing: Computer, Peripheral and Communications Equipment",,,00,000,29020,Kokomo MSA,2019,334412,Bare Printed Circuit Board Manufacturing  ,2,2,0.0,0.0,0.0,0.0,0.0,0.0,0.0,0.0
2,4,"Manufacturing: Computer, Peripheral and Communications Equipment",,,00,000,29020,Kokomo MSA,2019,334413,Semiconductor and Related Device Manufacturing ,2,2,0.0,0.0,0.0,0.0,0.554168007945,0.0,0.0,0.0
2,4,"Manufacturing: Computer, Peripheral and Communications Equipment",,,00,000,29020,Kokomo MSA,2019,334416,"Capacitor, Resistor, Coil, Transformer, and Other Inductor Manufacturing ",2,2,0.0,0.0,0.0,0.0,0.0,0.0,0.0,0.0
2,4,"Manufacturing: Computer, Peripheral and Communications Equipment",,,00,000,29020,Kokomo MSA,2019,334417,Electronic Connector Manufacturing ,2,2,0.0,0.0,0.0,0.0,0.0,0.0,0.0,0.0
2,4,"Manufacturing: Computer, Peripheral and Communications Equipment",,,00,000,29020,Kokomo MSA,2019,334418,Printed Circuit Assembly (Electronic Assembly) Manufacturing ,2,2,0.0,0.0,0.0,0.0,34.4639976872,0.0,0.0,0.0
2,4,"Manufacturing: Computer, Peripheral and Communications Equipment",,,00,000,29020,Kokomo MSA,2019,334419,Other Electronic Component Manufacturing ,2,2,0.0,0.0,0.0,0.0,0.695123904984,0.0,0.0,0.0
2,4,"Manufacturing: Computer, Peripheral and Communications Equipment",,,00,000,29020,Kokomo MSA,2019,334510,Electromedical and Electrotherapeutic Apparatus Manufacturing ,2,2,0.0,0.0,0.0,0.0,0.0,0.0,0.0,0.0
2,4,"Manufacturing: Computer, Peripheral and Communications Equipment",,,00,000,29020,Kokomo MSA,2019,334511,"Search, Detection, Navigation, Guidance, Aeronautical, and Nautical System and Instrument Manufacturing ",2,2,0.0,0.0,0.0,0.0,0.0,0.0,0.0,0.0
2,4,"Manufacturing: Computer, Peripheral and Communications Equipment",,,00,000,29020,Kokomo MSA,2019,334512,"Automatic Environmental Control Manufacturing for Residential, Commercial, and Appliance Use ",2,2,0.0,0.0,0.0,0.0,0.0,0.0,0.0,0.0
2,4,"Manufacturing: Computer, Peripheral and Communications Equipment",,,00,000,29020,Kokomo MSA,2019,334513,"Instruments and Related Products Manufacturing for Measuring, Displaying, and Controlling Industrial Process Variables ",2,2,0.0,0.0,0.0,0.0,0.0,0.0,0.0,0.0
2,4,"Manufacturing: Computer, Peripheral and Communications Equipment",,,00,000,29020,Kokomo MSA,2019,334514,Totalizing Fluid Meter and Counting Device Manufacturing ,2,2,0.0,0.0,0.0,0.0,0.0,0.0,0.0,0.0
2,4,"Manufacturing: Computer, Peripheral and Communications Equipment",,,00,000,29020,Kokomo MSA,2019,334515,Instrument Manufacturing for Measuring and Testing Electricity and Electrical Signals ,2,2,0.0,0.0,0.0,0.0,0.0,0.0,0.0,0.0
2,4,"Manufacturing: Computer, Peripheral and Communications Equipment",,,00,000,29020,Kokomo MSA,2019,334516,Analytical Laboratory Instrument Manufacturing ,2,2,0.0,0.0,0.0,0.0,0.0,0.0,0.0,0.0
2,4,"Manufacturing: Computer, Peripheral and Communications Equipment",,,00,000,29020,Kokomo MSA,2019,334517,Irradiation Apparatus Manufacturing ,2,2,0.0,0.0,0.0,0.0,0.0,0.0,0.0,0.0
2,4,"Manufacturing: Computer, Peripheral and Communications Equipment",,,00,000,29020,Kokomo MSA,2019,334519,Other Measuring and Controlling Device Manufacturing ,2,2,0.0,0.0,0.0,0.0,0.0,0.0,0.0,0.0
2,4,"Manufacturing: Computer, Peripheral and Communications Equipment",,,00,000,29020,Kokomo MSA,2019,334610,Manufacturing and Reproducing Magnetic and Optical Media ,2,2,0.0,0.0,0.0,0.0,0.0,0.0,0.0,0.0
2,4,"Manufacturing: Computer, Peripheral and Communications Equipment",,,00,000,29020,Kokomo MSA,2020,333242,Semiconductor Machinery Manufacturing ,2,2,0.0,0.0,0.0,0.0,0.0,0.0,0.0,0.0
2,4,"Manufacturing: Computer, Peripheral and Communications Equipment",,,00,000,29020,Kokomo MSA,2020,334111,Electronic Computer Manufacturing ,2,2,0.0,0.0,0.0,0.0,0.0,0.0,0.0,0.0
2,4,"Manufacturing: Computer, Peripheral and Communications Equipment",,,00,000,29020,Kokomo MSA,2020,334112,Computer Storage Device Manufacturing ,2,2,0.0,0.0,0.0,0.0,0.0,0.0,0.0,0.0
2,4,"Manufacturing: Computer, Peripheral and Communications Equipment",,,00,000,29020,Kokomo MSA,2020,334118,Computer Terminal and Other Computer Peripheral Equipment Manufacturing ,2,2,0.0,0.0,0.0,0.0,0.0,0.0,0.0,0.0
2,4,"Manufacturing: Computer, Peripheral and Communications Equipment",,,00,000,29020,Kokomo MSA,2020,334210,Telephone Apparatus Manufacturing,2,2,0.0,0.0,0.0,0.0,0.0,0.0,0.0,0.0
2,4,"Manufacturing: Computer, Peripheral and Communications Equipment",,,00,000,29020,Kokomo MSA,2020,334220,Radio and Television Broadcasting and Wireless Communications Equipment Manufacturing,2,2,0.0,0.0,0.0,0.0,0.0,0.0,0.0,0.0
2,4,"Manufacturing: Computer, Peripheral and Communications Equipment",,,00,000,29020,Kokomo MSA,2020,334290,Other Communications Equipment Manufacturing,2,2,0.0,0.0,0.0,0.0,0.0,0.0,0.0,0.0
2,4,"Manufacturing: Computer, Peripheral and Communications Equipment",,,00,000,29020,Kokomo MSA,2020,334310,Audio and Video Equipment Manufacturing,2,2,0.0,0.0,0.0,0.0,10.3776740409,0.0,0.0,0.0
2,4,"Manufacturing: Computer, Peripheral and Communications Equipment",,,00,000,29020,Kokomo MSA,2020,334412,Bare Printed Circuit Board Manufacturing  ,2,2,0.0,0.0,0.0,0.0,0.0,0.0,0.0,0.0
2,4,"Manufacturing: Computer, Peripheral and Communications Equipment",,,00,000,29020,Kokomo MSA,2020,334413,Semiconductor and Related Device Manufacturing ,2,2,0.0,0.0,0.0,0.0,0.787397994044,0.0,0.0,0.0
2,4,"Manufacturing: Computer, Peripheral and Communications Equipment",,,00,000,29020,Kokomo MSA,2020,334416,"Capacitor, Resistor, Coil, Transformer, and Other Inductor Manufacturing ",2,2,0.0,0.0,0.0,0.0,0.0,0.0,0.0,0.0
2,4,"Manufacturing: Computer, Peripheral and Communications Equipment",,,00,000,29020,Kokomo MSA,2020,334417,Electronic Connector Manufacturing ,2,2,0.0,0.0,0.0,0.0,0.0,0.0,0.0,0.0
2,4,"Manufacturing: Computer, Peripheral and Communications Equipment",,,00,000,29020,Kokomo MSA,2020,334418,Printed Circuit Assembly (Electronic Assembly) Manufacturing ,2,2,0.0,0.0,0.0,0.0,35.3024529348,0.0,0.0,0.0
2,4,"Manufacturing: Computer, Peripheral and Communications Equipment",,,00,000,29020,Kokomo MSA,2020,334419,Other Electronic Component Manufacturing ,2,2,0.0,0.0,0.0,0.0,0.365820693295,0.0,0.0,0.0
2,4,"Manufacturing: Computer, Peripheral and Communications Equipment",,,00,000,29020,Kokomo MSA,2020,334510,Electromedical and Electrotherapeutic Apparatus Manufacturing ,2,2,0.0,0.0,0.0,0.0,0.0,0.0,0.0,0.0
2,4,"Manufacturing: Computer, Peripheral and Communications Equipment",,,00,000,29020,Kokomo MSA,2020,334511,"Search, Detection, Navigation, Guidance, Aeronautical, and Nautical System and Instrument Manufacturing ",2,2,0.0,0.0,0.0,0.0,0.0,0.0,0.0,0.0
2,4,"Manufacturing: Computer, Peripheral and Communications Equipment",,,00,000,29020,Kokomo MSA,2020,334512,"Automatic Environmental Control Manufacturing for Residential, Commercial, and Appliance Use ",2,2,0.0,0.0,0.0,0.0,0.0,0.0,0.0,0.0
2,4,"Manufacturing: Computer, Peripheral and Communications Equipment",,,00,000,29020,Kokomo MSA,2020,334513,"Instruments and Related Products Manufacturing for Measuring, Displaying, and Controlling Industrial Process Variables ",2,2,0.0,0.0,0.0,0.0,0.0,0.0,0.0,0.0
2,4,"Manufacturing: Computer, Peripheral and Communications Equipment",,,00,000,29020,Kokomo MSA,2020,334514,Totalizing Fluid Meter and Counting Device Manufacturing ,2,2,0.0,0.0,0.0,0.0,0.0,0.0,0.0,0.0
2,4,"Manufacturing: Computer, Peripheral and Communications Equipment",,,00,000,29020,Kokomo MSA,2020,334515,Instrument Manufacturing for Measuring and Testing Electricity and Electrical Signals ,2,2,0.0,0.0,0.0,0.0,0.0,0.0,0.0,0.0
2,4,"Manufacturing: Computer, Peripheral and Communications Equipment",,,00,000,29020,Kokomo MSA,2020,334516,Analytical Laboratory Instrument Manufacturing ,2,2,0.0,0.0,0.0,0.0,0.0,0.0,0.0,0.0
2,4,"Manufacturing: Computer, Peripheral and Communications Equipment",,,00,000,29020,Kokomo MSA,2020,334517,Irradiation Apparatus Manufacturing ,2,2,0.0,0.0,0.0,0.0,0.0,0.0,0.0,0.0
2,4,"Manufacturing: Computer, Peripheral and Communications Equipment",,,00,000,29020,Kokomo MSA,2020,334519,Other Measuring and Controlling Device Manufacturing ,2,2,0.0,0.0,0.0,0.0,0.0,0.0,0.0,0.0
2,4,"Manufacturing: Computer, Peripheral and Communications Equipment",,,00,000,29020,Kokomo MSA,2020,334610,Manufacturing and Reproducing Magnetic and Optical Media ,2,2,0.0,0.0,0.0,0.0,0.0,0.0,0.0,0.0
2,4,"Manufacturing: Computer, Peripheral and Communications Equipment",,,00,000,29020,Kokomo MSA,2021,333242,Semiconductor Machinery Manufacturing ,2,2,0.0,0.0,0.0,0.0,0.0,0.0,0.0,0.0
2,4,"Manufacturing: Computer, Peripheral and Communications Equipment",,,00,000,29020,Kokomo MSA,2021,334111,Electronic Computer Manufacturing ,2,2,0.0,0.0,0.0,0.0,0.0,0.0,0.0,0.0
2,4,"Manufacturing: Computer, Peripheral and Communications Equipment",,,00,000,29020,Kokomo MSA,2021,334112,Computer Storage Device Manufacturing ,2,2,0.0,0.0,0.0,0.0,0.0,0.0,0.0,0.0
2,4,"Manufacturing: Computer, Peripheral and Communications Equipment",,,00,000,29020,Kokomo MSA,2021,334118,Computer Terminal and Other Computer Peripheral Equipment Manufacturing ,2,2,0.0,0.0,0.0,0.0,0.0,0.0,0.0,0.0
2,4,"Manufacturing: Computer, Peripheral and Communications Equipment",,,00,000,29020,Kokomo MSA,2021,334210,Telephone Apparatus Manufacturing,2,2,0.0,0.0,0.0,0.0,0.0,0.0,0.0,0.0
2,4,"Manufacturing: Computer, Peripheral and Communications Equipment",,,00,000,29020,Kokomo MSA,2021,334220,Radio and Television Broadcasting and Wireless Communications Equipment Manufacturing,2,2,0.0,0.0,0.0,0.0,0.0,0.0,0.0,0.0
2,4,"Manufacturing: Computer, Peripheral and Communications Equipment",,,00,000,29020,Kokomo MSA,2021,334290,Other Communications Equipment Manufacturing,2,2,0.0,0.0,0.0,0.0,0.0,0.0,0.0,0.0
2,4,"Manufacturing: Computer, Peripheral and Communications Equipment",,,00,000,29020,Kokomo MSA,2021,334310,Audio and Video Equipment Manufacturing,2,2,0.0,0.0,0.0,0.0,8.50135103231,0.0,0.0,0.0
2,4,"Manufacturing: Computer, Peripheral and Communications Equipment",,,00,000,29020,Kokomo MSA,2021,334412,Bare Printed Circuit Board Manufacturing  ,2,2,0.0,0.0,0.0,0.0,0.0,0.0,0.0,0.0
2,4,"Manufacturing: Computer, Peripheral and Communications Equipment",,,00,000,29020,Kokomo MSA,2021,334413,Semiconductor and Related Device Manufacturing ,2,2,0.0,0.0,0.0,0.0,0.794325154822,0.0,0.0,0.0
2,4,"Manufacturing: Computer, Peripheral and Communications Equipment",,,00,000,29020,Kokomo MSA,2021,334416,"Capacitor, Resistor, Coil, Transformer, and Other Inductor Manufacturing ",2,2,0.0,0.0,0.0,0.0,0.0,0.0,0.0,0.0
2,4,"Manufacturing: Computer, Peripheral and Communications Equipment",,,00,000,29020,Kokomo MSA,2021,334417,Electronic Connector Manufacturing ,2,2,0.0,0.0,0.0,0.0,0.0,0.0,0.0,0.0
2,4,"Manufacturing: Computer, Peripheral and Communications Equipment",,,00,000,29020,Kokomo MSA,2021,334418,Printed Circuit Assembly (Electronic Assembly) Manufacturing ,2,2,0.0,0.0,0.0,0.0,40.0376666926,0.0,0.0,0.0
2,4,"Manufacturing: Computer, Peripheral and Communications Equipment",,,00,000,29020,Kokomo MSA,2021,334419,Other Electronic Component Manufacturing ,2,2,0.0,0.0,0.0,0.0,0.0,0.0,0.0,0.0
2,4,"Manufacturing: Computer, Peripheral and Communications Equipment",,,00,000,29020,Kokomo MSA,2021,334510,Electromedical and Electrotherapeutic Apparatus Manufacturing ,2,2,0.0,0.0,0.0,0.0,0.0,0.0,0.0,0.0
2,4,"Manufacturing: Computer, Peripheral and Communications Equipment",,,00,000,29020,Kokomo MSA,2021,334511,"Search, Detection, Navigation, Guidance, Aeronautical, and Nautical System and Instrument Manufacturing ",2,2,0.0,0.0,0.0,0.0,0.0,0.0,0.0,0.0
2,4,"Manufacturing: Computer, Peripheral and Communications Equipment",,,00,000,29020,Kokomo MSA,2021,334512,"Automatic Environmental Control Manufacturing for Residential, Commercial, and Appliance Use ",2,2,0.0,0.0,0.0,0.0,0.0,0.0,0.0,0.0
2,4,"Manufacturing: Computer, Peripheral and Communications Equipment",,,00,000,29020,Kokomo MSA,2021,334513,"Instruments and Related Products Manufacturing for Measuring, Displaying, and Controlling Industrial Process Variables ",2,2,0.0,0.0,0.0,0.0,0.0,0.0,0.0,0.0
2,4,"Manufacturing: Computer, Peripheral and Communications Equipment",,,00,000,29020,Kokomo MSA,2021,334514,Totalizing Fluid Meter and Counting Device Manufacturing ,2,2,0.0,0.0,0.0,0.0,0.0,0.0,0.0,0.0
2,4,"Manufacturing: Computer, Peripheral and Communications Equipment",,,00,000,29020,Kokomo MSA,2021,334515,Instrument Manufacturing for Measuring and Testing Electricity and Electrical Signals ,2,2,0.0,0.0,0.0,0.0,0.0,0.0,0.0,0.0
2,4,"Manufacturing: Computer, Peripheral and Communications Equipment",,,00,000,29020,Kokomo MSA,2021,334516,Analytical Laboratory Instrument Manufacturing ,2,2,0.0,0.0,0.0,0.0,0.0,0.0,0.0,0.0
2,4,"Manufacturing: Computer, Peripheral and Communications Equipment",,,00,000,29020,Kokomo MSA,2021,334517,Irradiation Apparatus Manufacturing ,2,2,0.0,0.0,0.0,0.0,0.0,0.0,0.0,0.0
2,4,"Manufacturing: Computer, Peripheral and Communications Equipment",,,00,000,29020,Kokomo MSA,2021,334519,Other Measuring and Controlling Device Manufacturing ,2,2,0.0,0.0,0.0,0.0,0.0,0.0,0.0,0.0
2,4,"Manufacturing: Computer, Peripheral and Communications Equipment",,,00,000,29020,Kokomo MSA,2021,334610,Manufacturing and Reproducing Magnetic and Optical Media ,2,2,0.0,0.0,0.0,0.0,0.0,0.0,0.0,0.0
2,4,"Manufacturing: Computer, Peripheral and Communications Equipment",,,00,000,29020,Kokomo MSA,2022,333242,Semiconductor Machinery Manufacturing ,2,2,0.0,0.0,0.0,0.0,0.0,0.0,0.0,0.0
2,4,"Manufacturing: Computer, Peripheral and Communications Equipment",,,00,000,29020,Kokomo MSA,2022,334111,Electronic Computer Manufacturing ,2,2,0.0,0.0,0.0,0.0,0.0,0.0,0.0,0.0
2,4,"Manufacturing: Computer, Peripheral and Communications Equipment",,,00,000,29020,Kokomo MSA,2022,334112,Computer Storage Device Manufacturing ,2,2,0.0,0.0,0.0,0.0,0.0,0.0,0.0,0.0
2,4,"Manufacturing: Computer, Peripheral and Communications Equipment",,,00,000,29020,Kokomo MSA,2022,334118,Computer Terminal and Other Computer Peripheral Equipment Manufacturing ,2,2,0.0,0.0,0.0,0.0,0.0,0.0,0.0,0.0
2,4,"Manufacturing: Computer, Peripheral and Communications Equipment",,,00,000,29020,Kokomo MSA,2022,334210,Telephone Apparatus Manufacturing,2,2,0.0,0.0,0.0,0.0,0.0,0.0,0.0,0.0
2,4,"Manufacturing: Computer, Peripheral and Communications Equipment",,,00,000,29020,Kokomo MSA,2022,334220,Radio and Television Broadcasting and Wireless Communications Equipment Manufacturing,2,2,0.0,0.0,0.0,0.0,0.0,0.0,0.0,0.0
2,4,"Manufacturing: Computer, Peripheral and Communications Equipment",,,00,000,29020,Kokomo MSA,2022,334290,Other Communications Equipment Manufacturing,2,2,0.0,0.0,0.0,0.0,0.0,0.0,0.0,0.0
2,4,"Manufacturing: Computer, Peripheral and Communications Equipment",,,00,000,29020,Kokomo MSA,2022,334310,Audio and Video Equipment Manufacturing,2,2,0.0,0.0,0.0,0.0,8.9130831224,0.0,0.0,0.0
2,4,"Manufacturing: Computer, Peripheral and Communications Equipment",,,00,000,29020,Kokomo MSA,2022,334412,Bare Printed Circuit Board Manufacturing  ,2,2,0.0,0.0,0.0,0.0,0.0,0.0,0.0,0.0
2,4,"Manufacturing: Computer, Peripheral and Communications Equipment",,,00,000,29020,Kokomo MSA,2022,334413,Semiconductor and Related Device Manufacturing ,2,2,0.0,0.0,0.0,0.0,0.333333341267,0.0,0.0,0.0
2,4,"Manufacturing: Computer, Peripheral and Communications Equipment",,,00,000,29020,Kokomo MSA,2022,334416,"Capacitor, Resistor, Coil, Transformer, and Other Inductor Manufacturing ",2,2,0.0,0.0,0.0,0.0,0.0,0.0,0.0,0.0
2,4,"Manufacturing: Computer, Peripheral and Communications Equipment",,,00,000,29020,Kokomo MSA,2022,334417,Electronic Connector Manufacturing ,2,2,0.0,0.0,0.0,0.0,0.477381312563,0.0,0.0,0.0
2,4,"Manufacturing: Computer, Peripheral and Communications Equipment",,,00,000,29020,Kokomo MSA,2022,334418,Printed Circuit Assembly (Electronic Assembly) Manufacturing ,2,2,0.0,0.0,0.0,0.0,35.318242368,0.0,0.0,0.0
2,4,"Manufacturing: Computer, Peripheral and Communications Equipment",,,00,000,29020,Kokomo MSA,2022,334419,Other Electronic Component Manufacturing ,2,2,0.0,0.0,0.0,0.0,0.099320308875,0.0,0.0,0.0
2,4,"Manufacturing: Computer, Peripheral and Communications Equipment",,,00,000,29020,Kokomo MSA,2022,334510,Electromedical and Electrotherapeutic Apparatus Manufacturing ,2,2,0.0,0.0,0.0,0.0,0.0,0.0,0.0,0.0
2,4,"Manufacturing: Computer, Peripheral and Communications Equipment",,,00,000,29020,Kokomo MSA,2022,334511,"Search, Detection, Navigation, Guidance, Aeronautical, and Nautical System and Instrument Manufacturing ",2,2,0.0,0.0,0.0,0.0,0.0,0.0,0.0,0.0
2,4,"Manufacturing: Computer, Peripheral and Communications Equipment",,,00,000,29020,Kokomo MSA,2022,334512,"Automatic Environmental Control Manufacturing for Residential, Commercial, and Appliance Use ",2,2,0.0,0.0,0.0,0.0,0.0,0.0,0.0,0.0
2,4,"Manufacturing: Computer, Peripheral and Communications Equipment",,,00,000,29020,Kokomo MSA,2022,334513,"Instruments and Related Products Manufacturing for Measuring, Displaying, and Controlling Industrial Process Variables ",2,2,0.0,0.0,0.0,0.0,0.0,0.0,0.0,0.0
2,4,"Manufacturing: Computer, Peripheral and Communications Equipment",,,00,000,29020,Kokomo MSA,2022,334514,Totalizing Fluid Meter and Counting Device Manufacturing ,2,2,0.0,0.0,0.0,0.0,0.0,0.0,0.0,0.0
2,4,"Manufacturing: Computer, Peripheral and Communications Equipment",,,00,000,29020,Kokomo MSA,2022,334515,Instrument Manufacturing for Measuring and Testing Electricity and Electrical Signals ,2,2,0.0,0.0,0.0,0.0,0.0,0.0,0.0,0.0
2,4,"Manufacturing: Computer, Peripheral and Communications Equipment",,,00,000,29020,Kokomo MSA,2022,334516,Analytical Laboratory Instrument Manufacturing ,2,2,0.0,0.0,0.0,0.0,0.0,0.0,0.0,0.0
2,4,"Manufacturing: Computer, Peripheral and Communications Equipment",,,00,000,29020,Kokomo MSA,2022,334517,Irradiation Apparatus Manufacturing ,2,2,0.0,0.0,0.0,0.0,0.0,0.0,0.0,0.0
2,4,"Manufacturing: Computer, Peripheral and Communications Equipment",,,00,000,29020,Kokomo MSA,2022,334519,Other Measuring and Controlling Device Manufacturing ,2,2,0.0,0.0,0.0,0.0,0.0,0.0,0.0,0.0
2,4,"Manufacturing: Computer, Peripheral and Communications Equipment",,,00,000,29020,Kokomo MSA,2022,334610,Manufacturing and Reproducing Magnetic and Optical Media ,2,2,0.0,0.0,0.0,0.0,0.0833335252818,0.0,0.0,0.0
2,4,"Manufacturing: Computer, Peripheral and Communications Equipment",,,00,000,29020,Kokomo MSA,2023,333242,Semiconductor Machinery Manufacturing ,2,2,0.0,0.0,0.0,0.0,0.0,0.0,0.0,0.0
2,4,"Manufacturing: Computer, Peripheral and Communications Equipment",,,00,000,29020,Kokomo MSA,2023,334111,Electronic Computer Manufacturing ,2,2,0.0,0.0,0.0,0.0,0.0,0.0,0.0,0.0
2,4,"Manufacturing: Computer, Peripheral and Communications Equipment",,,00,000,29020,Kokomo MSA,2023,334112,Computer Storage Device Manufacturing ,2,2,0.0,0.0,0.0,0.0,0.0,0.0,0.0,0.0
2,4,"Manufacturing: Computer, Peripheral and Communications Equipment",,,00,000,29020,Kokomo MSA,2023,334118,Computer Terminal and Other Computer Peripheral Equipment Manufacturing ,2,2,0.0,0.0,0.0,0.0,0.0,0.0,0.0,0.0
2,4,"Manufacturing: Computer, Peripheral and Communications Equipment",,,00,000,29020,Kokomo MSA,2023,334210,Telephone Apparatus Manufacturing,2,2,0.0,0.0,0.0,0.0,0.0,0.0,0.0,0.0
2,4,"Manufacturing: Computer, Peripheral and Communications Equipment",,,00,000,29020,Kokomo MSA,2023,334220,Radio and Television Broadcasting and Wireless Communications Equipment Manufacturing,2,2,0.0,0.0,0.0,0.0,0.0,0.0,0.0,0.0
2,4,"Manufacturing: Computer, Peripheral and Communications Equipment",,,00,000,29020,Kokomo MSA,2023,334290,Other Communications Equipment Manufacturing,2,2,0.0,0.0,0.0,0.0,0.0,0.0,0.0,0.0
2,4,"Manufacturing: Computer, Peripheral and Communications Equipment",,,00,000,29020,Kokomo MSA,2023,334310,Audio and Video Equipment Manufacturing,2,2,0.0,0.0,0.0,0.0,9.36474133021,0.0,0.0,0.0
2,4,"Manufacturing: Computer, Peripheral and Communications Equipment",,,00,000,29020,Kokomo MSA,2023,334412,Bare Printed Circuit Board Manufacturing  ,2,2,0.0,0.0,0.0,0.0,0.0,0.0,0.0,0.0
2,4,"Manufacturing: Computer, Peripheral and Communications Equipment",,,00,000,29020,Kokomo MSA,2023,334413,Semiconductor and Related Device Manufacturing ,2,2,0.0,0.0,0.0,0.0,0.959071493092,0.0,0.0,0.0
2,4,"Manufacturing: Computer, Peripheral and Communications Equipment",,,00,000,29020,Kokomo MSA,2023,334416,"Capacitor, Resistor, Coil, Transformer, and Other Inductor Manufacturing ",2,2,0.0,0.0,0.0,0.0,0.0,0.0,0.0,0.0
2,4,"Manufacturing: Computer, Peripheral and Communications Equipment",,,00,000,29020,Kokomo MSA,2023,334417,Electronic Connector Manufacturing ,2,2,0.0,0.0,0.0,0.0,0.812541270493,0.0,0.0,0.0
2,4,"Manufacturing: Computer, Peripheral and Communications Equipment",,,00,000,29020,Kokomo MSA,2023,334418,Printed Circuit Assembly (Electronic Assembly) Manufacturing ,2,2,0.0,0.518112420921,0.0,0.0,45.8163016746,0.0,0.0111820216363,0.0
2,4,"Manufacturing: Computer, Peripheral and Communications Equipment",,,00,000,29020,Kokomo MSA,2023,334419,Other Electronic Component Manufacturing ,2,2,0.0,0.0,0.0,0.0,0.503293758216,0.0,0.0,0.0
2,4,"Manufacturing: Computer, Peripheral and Communications Equipment",,,00,000,29020,Kokomo MSA,2023,334510,Electromedical and Electrotherapeutic Apparatus Manufacturing ,2,2,0.0,0.0,0.0,0.0,0.0,0.0,0.0,0.0
2,4,"Manufacturing: Computer, Peripheral and Communications Equipment",,,00,000,29020,Kokomo MSA,2023,334511,"Search, Detection, Navigation, Guidance, Aeronautical, and Nautical System and Instrument Manufacturing ",2,2,0.0,0.0,0.0,0.0,0.0,0.0,0.0,0.0
2,4,"Manufacturing: Computer, Peripheral and Communications Equipment",,,00,000,29020,Kokomo MSA,2023,334512,"Automatic Environmental Control Manufacturing for Residential, Commercial, and Appliance Use ",2,2,0.0,0.0,0.0,0.0,0.0,0.0,0.0,0.0
2,4,"Manufacturing: Computer, Peripheral and Communications Equipment",,,00,000,29020,Kokomo MSA,2023,334513,"Instruments and Related Products Manufacturing for Measuring, Displaying, and Controlling Industrial Process Variables ",2,2,0.0,0.0,0.0,0.0,0.0,0.0,0.0,0.0
2,4,"Manufacturing: Computer, Peripheral and Communications Equipment",,,00,000,29020,Kokomo MSA,2023,334514,Totalizing Fluid Meter and Counting Device Manufacturing ,2,2,0.0,0.0,0.0,0.0,0.0,0.0,0.0,0.0
2,4,"Manufacturing: Computer, Peripheral and Communications Equipment",,,00,000,29020,Kokomo MSA,2023,334515,Instrument Manufacturing for Measuring and Testing Electricity and Electrical Signals ,2,2,0.0,0.0,0.0,0.0,0.0,0.0,0.0,0.0
2,4,"Manufacturing: Computer, Peripheral and Communications Equipment",,,00,000,29020,Kokomo MSA,2023,334516,Analytical Laboratory Instrument Manufacturing ,2,2,0.0,0.0,0.0,0.0,0.0,0.0,0.0,0.0
2,4,"Manufacturing: Computer, Peripheral and Communications Equipment",,,00,000,29020,Kokomo MSA,2023,334517,Irradiation Apparatus Manufacturing ,2,2,0.0,0.0,0.0,0.0,0.0,0.0,0.0,0.0
2,4,"Manufacturing: Computer, Peripheral and Communications Equipment",,,00,000,29020,Kokomo MSA,2023,334519,Other Measuring and Controlling Device Manufacturing ,2,2,0.0,0.0,0.0,0.0,0.0,0.0,0.0,0.0
2,4,"Manufacturing: Computer, Peripheral and Communications Equipment",,,00,000,29020,Kokomo MSA,2023,334610,Manufacturing and Reproducing Magnetic and Optical Media ,2,2,0.0,0.0,0.0,0.0,0.0,0.0,0.0,0.0
2,4,"Manufacturing: Computer, Peripheral and Communications Equipment",,,00,000,29200,Lafayette-West Lafayette MSA,2019,333242,Semiconductor Machinery Manufacturing ,2,2,0.0,0.0,0.0,0.0,0.0,0.0,0.0,0.0
2,4,"Manufacturing: Computer, Peripheral and Communications Equipment",,,00,000,29200,Lafayette-West Lafayette MSA,2019,334111,Electronic Computer Manufacturing ,2,2,0.0,0.0,0.0,0.0,0.0,0.0,0.0,0.0
2,4,"Manufacturing: Computer, Peripheral and Communications Equipment",,,00,000,29200,Lafayette-West Lafayette MSA,2019,334112,Computer Storage Device Manufacturing ,2,2,0.0,0.0,0.0,0.0,0.0,0.0,0.0,0.0
2,4,"Manufacturing: Computer, Peripheral and Communications Equipment",,,00,000,29200,Lafayette-West Lafayette MSA,2019,334118,Computer Terminal and Other Computer Peripheral Equipment Manufacturing ,2,2,0.0,0.0,0.0,0.0,0.0,0.0,0.0,0.0
2,4,"Manufacturing: Computer, Peripheral and Communications Equipment",,,00,000,29200,Lafayette-West Lafayette MSA,2019,334210,Telephone Apparatus Manufacturing,2,2,0.0,0.0,0.0,0.0,0.0,0.0,0.0,0.0
2,4,"Manufacturing: Computer, Peripheral and Communications Equipment",,,00,000,29200,Lafayette-West Lafayette MSA,2019,334220,Radio and Television Broadcasting and Wireless Communications Equipment Manufacturing,2,2,0.0,0.0,0.0,0.0,0.421865987992,0.0,0.0,0.0
2,4,"Manufacturing: Computer, Peripheral and Communications Equipment",,,00,000,29200,Lafayette-West Lafayette MSA,2019,334290,Other Communications Equipment Manufacturing,2,2,0.0,0.0,0.0,0.0,0.0,0.0,0.0,0.0
2,4,"Manufacturing: Computer, Peripheral and Communications Equipment",,,00,000,29200,Lafayette-West Lafayette MSA,2019,334310,Audio and Video Equipment Manufacturing,2,2,0.0,0.0,0.0,0.0,0.0,0.0,0.0,0.0
2,4,"Manufacturing: Computer, Peripheral and Communications Equipment",,,00,000,29200,Lafayette-West Lafayette MSA,2019,334412,Bare Printed Circuit Board Manufacturing  ,2,2,0.0,0.0,0.0,0.0,0.0,0.0,0.0,0.0
2,4,"Manufacturing: Computer, Peripheral and Communications Equipment",,,00,000,29200,Lafayette-West Lafayette MSA,2019,334413,Semiconductor and Related Device Manufacturing ,2,2,0.0,0.0,0.0,0.0,0.0,0.0,0.0,0.0
2,4,"Manufacturing: Computer, Peripheral and Communications Equipment",,,00,000,29200,Lafayette-West Lafayette MSA,2019,334416,"Capacitor, Resistor, Coil, Transformer, and Other Inductor Manufacturing ",2,2,0.0,0.65618169695,0.0,0.0,14.1631657278,0.0,0.0442787174187,0.0
2,4,"Manufacturing: Computer, Peripheral and Communications Equipment",,,00,000,29200,Lafayette-West Lafayette MSA,2019,334417,Electronic Connector Manufacturing ,2,2,0.0,0.0,0.0,0.0,0.0,0.0,0.0,0.0
2,4,"Manufacturing: Computer, Peripheral and Communications Equipment",,,00,000,29200,Lafayette-West Lafayette MSA,2019,334418,Printed Circuit Assembly (Electronic Assembly) Manufacturing ,2,2,0.0,0.0,0.0,0.0,0.0,0.0,0.0,0.0
2,4,"Manufacturing: Computer, Peripheral and Communications Equipment",,,00,000,29200,Lafayette-West Lafayette MSA,2019,334419,Other Electronic Component Manufacturing ,2,2,0.0,0.0,0.0,0.0,1.42545547436,0.0,0.0,0.0
2,4,"Manufacturing: Computer, Peripheral and Communications Equipment",,,00,000,29200,Lafayette-West Lafayette MSA,2019,334510,Electromedical and Electrotherapeutic Apparatus Manufacturing ,2,2,0.0,0.0,0.0,0.0,1.28101315002,0.0,0.0,0.0
2,4,"Manufacturing: Computer, Peripheral and Communications Equipment",,,00,000,29200,Lafayette-West Lafayette MSA,2019,334511,"Search, Detection, Navigation, Guidance, Aeronautical, and Nautical System and Instrument Manufacturing ",2,2,0.0,0.0,0.0,0.0,0.0,0.0,0.0,0.0
2,4,"Manufacturing: Computer, Peripheral and Communications Equipment",,,00,000,29200,Lafayette-West Lafayette MSA,2019,334512,"Automatic Environmental Control Manufacturing for Residential, Commercial, and Appliance Use ",2,2,0.0,0.0,0.0,0.0,0.0,0.0,0.0,0.0
2,4,"Manufacturing: Computer, Peripheral and Communications Equipment",,,00,000,29200,Lafayette-West Lafayette MSA,2019,334513,"Instruments and Related Products Manufacturing for Measuring, Displaying, and Controlling Industrial Process Variables ",2,2,0.0,0.0,0.0,0.0,0.0,0.0,0.0,0.0
2,4,"Manufacturing: Computer, Peripheral and Communications Equipment",,,00,000,29200,Lafayette-West Lafayette MSA,2019,334514,Totalizing Fluid Meter and Counting Device Manufacturing ,2,2,0.0,0.0,0.0,0.0,0.0,0.0,0.0,0.0
2,4,"Manufacturing: Computer, Peripheral and Communications Equipment",,,00,000,29200,Lafayette-West Lafayette MSA,2019,334515,Instrument Manufacturing for Measuring and Testing Electricity and Electrical Signals ,2,2,0.752028034961,0.922498740761,0.0,0.710307949281,30.0426931119,0.0,0.0735435256427,0.0
2,4,"Manufacturing: Computer, Peripheral and Communications Equipment",,,00,000,29200,Lafayette-West Lafayette MSA,2019,334516,Analytical Laboratory Instrument Manufacturing ,2,2,1.48142872806,1.817240944,0.0,1.39924384852,59.1814487962,0.0,0.0871399264291,0.951437615892
2,4,"Manufacturing: Computer, Peripheral and Communications Equipment",,,00,000,29200,Lafayette-West Lafayette MSA,2019,334517,Irradiation Apparatus Manufacturing ,2,2,0.0,0.0,0.0,0.0,0.0,0.0,0.0,0.0
2,4,"Manufacturing: Computer, Peripheral and Communications Equipment",,,00,000,29200,Lafayette-West Lafayette MSA,2019,334519,Other Measuring and Controlling Device Manufacturing ,2,2,3.51810775363,4.31559705451,0.0,3.32293450198,140.544536458,0.0,0.0871399264291,2.25948099302
2,4,"Manufacturing: Computer, Peripheral and Communications Equipment",,,00,000,29200,Lafayette-West Lafayette MSA,2019,334610,Manufacturing and Reproducing Magnetic and Optical Media ,2,2,0.0,0.0,0.0,0.0,0.0,0.0,0.0,0.0
2,4,"Manufacturing: Computer, Peripheral and Communications Equipment",,,00,000,29200,Lafayette-West Lafayette MSA,2020,333242,Semiconductor Machinery Manufacturing ,2,2,0.0,0.0,0.0,0.0,0.0,0.0,0.0,0.0
2,4,"Manufacturing: Computer, Peripheral and Communications Equipment",,,00,000,29200,Lafayette-West Lafayette MSA,2020,334111,Electronic Computer Manufacturing ,2,2,0.0,0.0,0.0,0.0,0.0,0.0,0.0,0.0
2,4,"Manufacturing: Computer, Peripheral and Communications Equipment",,,00,000,29200,Lafayette-West Lafayette MSA,2020,334112,Computer Storage Device Manufacturing ,2,2,0.0,0.0,0.0,0.0,0.0,0.0,0.0,0.0
2,4,"Manufacturing: Computer, Peripheral and Communications Equipment",,,00,000,29200,Lafayette-West Lafayette MSA,2020,334118,Computer Terminal and Other Computer Peripheral Equipment Manufacturing ,2,2,0.0,0.0,0.0,0.0,0.0,0.0,0.0,0.0
2,4,"Manufacturing: Computer, Peripheral and Communications Equipment",,,00,000,29200,Lafayette-West Lafayette MSA,2020,334210,Telephone Apparatus Manufacturing,2,2,0.0,0.0,0.0,0.0,0.0,0.0,0.0,0.0
2,4,"Manufacturing: Computer, Peripheral and Communications Equipment",,,00,000,29200,Lafayette-West Lafayette MSA,2020,334220,Radio and Television Broadcasting and Wireless Communications Equipment Manufacturing,2,2,0.0,0.0,0.0,0.0,1.51581309339,0.0,0.0,0.0
2,4,"Manufacturing: Computer, Peripheral and Communications Equipment",,,00,000,29200,Lafayette-West Lafayette MSA,2020,334290,Other Communications Equipment Manufacturing,2,2,0.0,0.0,0.0,0.0,0.0,0.0,0.0,0.0
2,4,"Manufacturing: Computer, Peripheral and Communications Equipment",,,00,000,29200,Lafayette-West Lafayette MSA,2020,334310,Audio and Video Equipment Manufacturing,2,2,0.0,0.0,0.0,0.0,0.0,0.0,0.0,0.0
2,4,"Manufacturing: Computer, Peripheral and Communications Equipment",,,00,000,29200,Lafayette-West Lafayette MSA,2020,334412,Bare Printed Circuit Board Manufacturing  ,2,2,0.0,0.0,0.0,0.0,0.0,0.0,0.0,0.0
2,4,"Manufacturing: Computer, Peripheral and Communications Equipment",,,00,000,29200,Lafayette-West Lafayette MSA,2020,334413,Semiconductor and Related Device Manufacturing ,2,2,0.0,0.0,0.0,0.0,2.38840369233,0.0,0.0,0.0
2,4,"Manufacturing: Computer, Peripheral and Communications Equipment",,,00,000,29200,Lafayette-West Lafayette MSA,2020,334416,"Capacitor, Resistor, Coil, Transformer, and Other Inductor Manufacturing ",2,2,0.0,0.0,0.0,0.0,10.011207759,0.0,0.0,0.0
2,4,"Manufacturing: Computer, Peripheral and Communications Equipment",,,00,000,29200,Lafayette-West Lafayette MSA,2020,334417,Electronic Connector Manufacturing ,2,2,0.0,0.0,0.0,0.0,0.0,0.0,0.0,0.0
2,4,"Manufacturing: Computer, Peripheral and Communications Equipment",,,00,000,29200,Lafayette-West Lafayette MSA,2020,334418,Printed Circuit Assembly (Electronic Assembly) Manufacturing ,2,2,0.0,0.0,0.0,0.0,0.0,0.0,0.0,0.0
2,4,"Manufacturing: Computer, Peripheral and Communications Equipment",,,00,000,29200,Lafayette-West Lafayette MSA,2020,334419,Other Electronic Component Manufacturing ,2,2,0.0,0.0,0.0,0.0,0.501253205757,0.0,0.0,0.0
2,4,"Manufacturing: Computer, Peripheral and Communications Equipment",,,00,000,29200,Lafayette-West Lafayette MSA,2020,334510,Electromedical and Electrotherapeutic Apparatus Manufacturing ,2,2,0.0,0.0,0.0,0.0,7.86183584843,0.0,0.0,0.0
2,4,"Manufacturing: Computer, Peripheral and Communications Equipment",,,00,000,29200,Lafayette-West Lafayette MSA,2020,334511,"Search, Detection, Navigation, Guidance, Aeronautical, and Nautical System and Instrument Manufacturing ",2,2,3.40047284482,3.48473152872,0.0,2.78157453044,107.942209188,0.0,0.0993835809831,2.2447108955
2,4,"Manufacturing: Computer, Peripheral and Communications Equipment",,,00,000,29200,Lafayette-West Lafayette MSA,2020,334512,"Automatic Environmental Control Manufacturing for Residential, Commercial, and Appliance Use ",2,2,0.0,0.0,0.0,0.0,0.0,0.0,0.0,0.0
2,4,"Manufacturing: Computer, Peripheral and Communications Equipment",,,00,000,29200,Lafayette-West Lafayette MSA,2020,334513,"Instruments and Related Products Manufacturing for Measuring, Displaying, and Controlling Industrial Process Variables ",2,2,0.0,0.0,0.0,0.0,0.0,0.0,0.0,0.0
2,4,"Manufacturing: Computer, Peripheral and Communications Equipment",,,00,000,29200,Lafayette-West Lafayette MSA,2020,334514,Totalizing Fluid Meter and Counting Device Manufacturing ,2,2,0.0,0.0,0.0,0.0,0.0,0.0,0.0,0.0
2,4,"Manufacturing: Computer, Peripheral and Communications Equipment",,,00,000,29200,Lafayette-West Lafayette MSA,2020,334515,Instrument Manufacturing for Measuring and Testing Electricity and Electrical Signals ,2,2,1.82129923868,1.86642833802,0.0,1.48981621257,57.8140371611,0.0,0.0993835809831,1.20227110511
2,4,"Manufacturing: Computer, Peripheral and Communications Equipment",,,00,000,29200,Lafayette-West Lafayette MSA,2020,334516,Analytical Laboratory Instrument Manufacturing ,2,2,1.23604428573,1.2666716336,0.0,1.01107977054,39.2361171357,0.0,0.0993835809831,0.815934195657
2,4,"Manufacturing: Computer, Peripheral and Communications Equipment",,,00,000,29200,Lafayette-West Lafayette MSA,2020,334517,Irradiation Apparatus Manufacturing ,2,2,0.0,0.0,0.0,0.0,0.0,0.0,0.0,0.0
2,4,"Manufacturing: Computer, Peripheral and Communications Equipment",,,00,000,29200,Lafayette-West Lafayette MSA,2020,334519,Other Measuring and Controlling Device Manufacturing ,2,2,1.07174055141,1.09829669594,0.0,0.876679908084,34.020575395,0.0,0.0993835809831,0.707474460959
2,4,"Manufacturing: Computer, Peripheral and Communications Equipment",,,00,000,29200,Lafayette-West Lafayette MSA,2020,334610,Manufacturing and Reproducing Magnetic and Optical Media ,2,2,0.0,0.0,0.0,0.0,0.0,0.0,0.0,0.0
2,4,"Manufacturing: Computer, Peripheral and Communications Equipment",,,00,000,29200,Lafayette-West Lafayette MSA,2021,333242,Semiconductor Machinery Manufacturing ,2,2,0.0,0.0,0.0,0.0,0.0,0.0,0.0,0.0
2,4,"Manufacturing: Computer, Peripheral and Communications Equipment",,,00,000,29200,Lafayette-West Lafayette MSA,2021,334111,Electronic Computer Manufacturing ,2,2,0.0,0.0,0.0,0.0,0.0,0.0,0.0,0.0
2,4,"Manufacturing: Computer, Peripheral and Communications Equipment",,,00,000,29200,Lafayette-West Lafayette MSA,2021,334112,Computer Storage Device Manufacturing ,2,2,0.0,0.0,0.0,0.0,0.0,0.0,0.0,0.0
2,4,"Manufacturing: Computer, Peripheral and Communications Equipment",,,00,000,29200,Lafayette-West Lafayette MSA,2021,334118,Computer Terminal and Other Computer Peripheral Equipment Manufacturing ,2,2,0.0,0.0,0.0,0.0,0.0,0.0,0.0,0.0
2,4,"Manufacturing: Computer, Peripheral and Communications Equipment",,,00,000,29200,Lafayette-West Lafayette MSA,2021,334210,Telephone Apparatus Manufacturing,2,2,0.0,0.0,0.0,0.0,0.0,0.0,0.0,0.0
2,4,"Manufacturing: Computer, Peripheral and Communications Equipment",,,00,000,29200,Lafayette-West Lafayette MSA,2021,334220,Radio and Television Broadcasting and Wireless Communications Equipment Manufacturing,2,2,0.0,0.0,0.0,0.0,0.398483865985,0.0,0.0,0.0
2,4,"Manufacturing: Computer, Peripheral and Communications Equipment",,,00,000,29200,Lafayette-West Lafayette MSA,2021,334290,Other Communications Equipment Manufacturing,2,2,0.0,0.0,0.0,0.0,0.0,0.0,0.0,0.0
2,4,"Manufacturing: Computer, Peripheral and Communications Equipment",,,00,000,29200,Lafayette-West Lafayette MSA,2021,334310,Audio and Video Equipment Manufacturing,2,2,0.0,0.0,0.0,0.0,0.0,0.0,0.0,0.0
2,4,"Manufacturing: Computer, Peripheral and Communications Equipment",,,00,000,29200,Lafayette-West Lafayette MSA,2021,334412,Bare Printed Circuit Board Manufacturing  ,2,2,0.0,0.0,0.0,0.0,0.0,0.0,0.0,0.0
2,4,"Manufacturing: Computer, Peripheral and Communications Equipment",,,00,000,29200,Lafayette-West Lafayette MSA,2021,334413,Semiconductor and Related Device Manufacturing ,2,2,0.0,0.0,0.0,0.0,0.877275546636,0.0,0.0,0.0
2,4,"Manufacturing: Computer, Peripheral and Communications Equipment",,,00,000,29200,Lafayette-West Lafayette MSA,2021,334416,"Capacitor, Resistor, Coil, Transformer, and Other Inductor Manufacturing ",2,2,0.0,0.60520395937,0.0,0.0,17.4595892975,0.0,0.0335018480845,0.0
2,4,"Manufacturing: Computer, Peripheral and Communications Equipment",,,00,000,29200,Lafayette-West Lafayette MSA,2021,334417,Electronic Connector Manufacturing ,2,2,0.0,0.0,0.0,0.0,0.0,0.0,0.0,0.0
2,4,"Manufacturing: Computer, Peripheral and Communications Equipment",,,00,000,29200,Lafayette-West Lafayette MSA,2021,334418,Printed Circuit Assembly (Electronic Assembly) Manufacturing ,2,2,0.0,0.0,0.0,0.0,0.0,0.0,0.0,0.0
2,4,"Manufacturing: Computer, Peripheral and Communications Equipment",,,00,000,29200,Lafayette-West Lafayette MSA,2021,334419,Other Electronic Component Manufacturing ,2,2,0.0,0.0,0.0,0.0,0.742787324463,0.0,0.0,0.0
2,4,"Manufacturing: Computer, Peripheral and Communications Equipment",,,00,000,29200,Lafayette-West Lafayette MSA,2021,334510,Electromedical and Electrotherapeutic Apparatus Manufacturing ,2,2,0.0,0.0,0.0,0.0,0.333535553614,0.0,0.0,0.0
2,4,"Manufacturing: Computer, Peripheral and Communications Equipment",,,00,000,29200,Lafayette-West Lafayette MSA,2021,334511,"Search, Detection, Navigation, Guidance, Aeronautical, and Nautical System and Instrument Manufacturing ",2,2,4.08413091474,3.97150053341,0.0,6.06606465269,117.459048395,0.0,0.123167064107,2.37755427113
2,4,"Manufacturing: Computer, Peripheral and Communications Equipment",,,00,000,29200,Lafayette-West Lafayette MSA,2021,334512,"Automatic Environmental Control Manufacturing for Residential, Commercial, and Appliance Use ",2,2,0.0,0.0,0.0,0.0,0.0,0.0,0.0,0.0
2,4,"Manufacturing: Computer, Peripheral and Communications Equipment",,,00,000,29200,Lafayette-West Lafayette MSA,2021,334513,"Instruments and Related Products Manufacturing for Measuring, Displaying, and Controlling Industrial Process Variables ",2,2,0.0,0.0,0.0,0.0,0.0,0.0,0.0,0.0
2,4,"Manufacturing: Computer, Peripheral and Communications Equipment",,,00,000,29200,Lafayette-West Lafayette MSA,2021,334514,Totalizing Fluid Meter and Counting Device Manufacturing ,2,2,0.0,0.0,0.0,0.0,0.0,0.0,0.0,0.0
2,4,"Manufacturing: Computer, Peripheral and Communications Equipment",,,00,000,29200,Lafayette-West Lafayette MSA,2021,334515,Instrument Manufacturing for Measuring and Testing Electricity and Electrical Signals ,2,2,1.78450810887,1.73529572244,0.0,2.65048838728,51.3222099626,0.0,0.123167064107,1.03884154663
2,4,"Manufacturing: Computer, Peripheral and Communications Equipment",,,00,000,29200,Lafayette-West Lafayette MSA,2021,334516,Analytical Laboratory Instrument Manufacturing ,2,2,3.10319372031,3.01761519716,0.0,4.60910145395,89.2474283961,0.0,0.123167064107,1.80650709733
2,4,"Manufacturing: Computer, Peripheral and Communications Equipment",,,00,000,29200,Lafayette-West Lafayette MSA,2021,334517,Irradiation Apparatus Manufacturing ,2,2,0.0,0.0,0.0,0.0,0.0,0.0,0.0,0.0
2,4,"Manufacturing: Computer, Peripheral and Communications Equipment",,,00,000,29200,Lafayette-West Lafayette MSA,2021,334519,Other Measuring and Controlling Device Manufacturing ,2,2,0.0,0.0,0.0,0.549973756586,13.3429940827,0.0,0.0395864845402,0.0
2,4,"Manufacturing: Computer, Peripheral and Communications Equipment",,,00,000,29200,Lafayette-West Lafayette MSA,2021,334610,Manufacturing and Reproducing Magnetic and Optical Media ,2,2,0.0,0.0,0.0,0.0,0.0,0.0,0.0,0.0
2,4,"Manufacturing: Computer, Peripheral and Communications Equipment",,,00,000,29200,Lafayette-West Lafayette MSA,2022,333242,Semiconductor Machinery Manufacturing ,2,2,0.0,0.0,0.0,0.0,0.0,0.0,0.0,0.0
2,4,"Manufacturing: Computer, Peripheral and Communications Equipment",,,00,000,29200,Lafayette-West Lafayette MSA,2022,334111,Electronic Computer Manufacturing ,2,2,0.0,0.0,0.0,0.0,0.0,0.0,0.0,0.0
2,4,"Manufacturing: Computer, Peripheral and Communications Equipment",,,00,000,29200,Lafayette-West Lafayette MSA,2022,334112,Computer Storage Device Manufacturing ,2,2,0.0,0.0,0.0,0.0,0.0,0.0,0.0,0.0
2,4,"Manufacturing: Computer, Peripheral and Communications Equipment",,,00,000,29200,Lafayette-West Lafayette MSA,2022,334118,Computer Terminal and Other Computer Peripheral Equipment Manufacturing ,2,2,0.0,0.0,0.0,0.0,0.0,0.0,0.0,0.0
2,4,"Manufacturing: Computer, Peripheral and Communications Equipment",,,00,000,29200,Lafayette-West Lafayette MSA,2022,334210,Telephone Apparatus Manufacturing,2,2,0.0,0.0,0.0,0.0,0.0,0.0,0.0,0.0
2,4,"Manufacturing: Computer, Peripheral and Communications Equipment",,,00,000,29200,Lafayette-West Lafayette MSA,2022,334220,Radio and Television Broadcasting and Wireless Communications Equipment Manufacturing,2,2,0.0,0.0,0.0,0.333333333333,0.0,0.0,1.0,0.0
2,4,"Manufacturing: Computer, Peripheral and Communications Equipment",,,00,000,29200,Lafayette-West Lafayette MSA,2022,334290,Other Communications Equipment Manufacturing,2,2,0.0,0.0,0.0,0.0,0.0,0.0,0.0,0.0
2,4,"Manufacturing: Computer, Peripheral and Communications Equipment",,,00,000,29200,Lafayette-West Lafayette MSA,2022,334310,Audio and Video Equipment Manufacturing,2,2,0.0,0.0,0.0,0.0,0.0,0.0,0.0,0.0
2,4,"Manufacturing: Computer, Peripheral and Communications Equipment",,,00,000,29200,Lafayette-West Lafayette MSA,2022,334412,Bare Printed Circuit Board Manufacturing  ,2,2,0.0,0.0,0.0,0.0,0.0,0.0,0.0,0.0
2,4,"Manufacturing: Computer, Peripheral and Communications Equipment",,,00,000,29200,Lafayette-West Lafayette MSA,2022,334413,Semiconductor and Related Device Manufacturing ,2,2,0.0,0.0,0.0,0.0,0.333333333333,0.0,0.0,0.0
2,4,"Manufacturing: Computer, Peripheral and Communications Equipment",,,00,000,29200,Lafayette-West Lafayette MSA,2022,334416,"Capacitor, Resistor, Coil, Transformer, and Other Inductor Manufacturing ",2,2,0.0,0.0,0.0,0.0,19.0720303452,0.0,0.0,0.0
2,4,"Manufacturing: Computer, Peripheral and Communications Equipment",,,00,000,29200,Lafayette-West Lafayette MSA,2022,334417,Electronic Connector Manufacturing ,2,2,0.0,0.0,0.0,0.0,0.0,0.0,0.0,0.0
2,4,"Manufacturing: Computer, Peripheral and Communications Equipment",,,00,000,29200,Lafayette-West Lafayette MSA,2022,334418,Printed Circuit Assembly (Electronic Assembly) Manufacturing ,2,2,0.0,0.0,0.0,0.0,0.0,0.0,0.0,0.0
2,4,"Manufacturing: Computer, Peripheral and Communications Equipment",,,00,000,29200,Lafayette-West Lafayette MSA,2022,334419,Other Electronic Component Manufacturing ,2,2,0.0,0.0,0.0,0.0,1.51131621047,0.0,0.0,0.0
2,4,"Manufacturing: Computer, Peripheral and Communications Equipment",,,00,000,29200,Lafayette-West Lafayette MSA,2022,334510,Electromedical and Electrotherapeutic Apparatus Manufacturing ,2,2,0.0,0.0,0.0,0.0,1.11683147176,0.0,0.0,0.0
2,4,"Manufacturing: Computer, Peripheral and Communications Equipment",,,00,000,29200,Lafayette-West Lafayette MSA,2022,334511,"Search, Detection, Navigation, Guidance, Aeronautical, and Nautical System and Instrument Manufacturing ",2,2,5.57162621881,5.31423429273,0.0,11.0376136712,167.433733538,0.563249208914,0.127301479875,1.93701695946
2,4,"Manufacturing: Computer, Peripheral and Communications Equipment",,,00,000,29200,Lafayette-West Lafayette MSA,2022,334512,"Automatic Environmental Control Manufacturing for Residential, Commercial, and Appliance Use ",2,2,0.0,0.0,0.0,0.0,0.0,0.0,0.0,0.0
2,4,"Manufacturing: Computer, Peripheral and Communications Equipment",,,00,000,29200,Lafayette-West Lafayette MSA,2022,334513,"Instruments and Related Products Manufacturing for Measuring, Displaying, and Controlling Industrial Process Variables ",2,2,0.0,0.0,0.0,0.0,0.0,0.0,0.0,0.0
2,4,"Manufacturing: Computer, Peripheral and Communications Equipment",,,00,000,29200,Lafayette-West Lafayette MSA,2022,334514,Totalizing Fluid Meter and Counting Device Manufacturing ,2,2,0.0,0.0,0.0,0.0,0.0,0.0,0.0,0.0
2,4,"Manufacturing: Computer, Peripheral and Communications Equipment",,,00,000,29200,Lafayette-West Lafayette MSA,2022,334515,Instrument Manufacturing for Measuring and Testing Electricity and Electrical Signals ,2,2,0.978201002307,0.933011136693,0.0,1.58783662454,29.4058130908,0.0,0.106338351427,0.0
2,4,"Manufacturing: Computer, Peripheral and Communications Equipment",,,00,000,29200,Lafayette-West Lafayette MSA,2022,334516,Analytical Laboratory Instrument Manufacturing ,2,2,3.94407533377,3.76187123269,0.0,7.81337048015,118.660332118,0.0,0.124606416498,1.37118688707
2,4,"Manufacturing: Computer, Peripheral and Communications Equipment",,,00,000,29200,Lafayette-West Lafayette MSA,2022,334517,Irradiation Apparatus Manufacturing ,2,2,0.0,0.0,0.0,0.0,0.0,0.0,0.0,0.0
2,4,"Manufacturing: Computer, Peripheral and Communications Equipment",,,00,000,29200,Lafayette-West Lafayette MSA,2022,334519,Other Measuring and Controlling Device Manufacturing ,2,2,1.0718290952,1.02231390082,0.0,1.73981573174,32.2449795608,0.0,0.106265841226,0.0
2,4,"Manufacturing: Computer, Peripheral and Communications Equipment",,,00,000,29200,Lafayette-West Lafayette MSA,2022,334610,Manufacturing and Reproducing Magnetic and Optical Media ,2,2,0.0,0.0,0.0,0.0,0.833332036805,0.0,0.0,0.0
2,4,"Manufacturing: Computer, Peripheral and Communications Equipment",,,00,000,29200,Lafayette-West Lafayette MSA,2023,333242,Semiconductor Machinery Manufacturing ,2,2,0.0,0.0,0.0,0.0,0.0,0.0,0.0,0.0
2,4,"Manufacturing: Computer, Peripheral and Communications Equipment",,,00,000,29200,Lafayette-West Lafayette MSA,2023,334111,Electronic Computer Manufacturing ,2,2,0.0,0.0,0.0,0.0,0.0,0.0,0.0,0.0
2,4,"Manufacturing: Computer, Peripheral and Communications Equipment",,,00,000,29200,Lafayette-West Lafayette MSA,2023,334112,Computer Storage Device Manufacturing ,2,2,0.0,0.0,0.0,0.0,0.0,0.0,0.0,0.0
2,4,"Manufacturing: Computer, Peripheral and Communications Equipment",,,00,000,29200,Lafayette-West Lafayette MSA,2023,334118,Computer Terminal and Other Computer Peripheral Equipment Manufacturing ,2,2,0.0,0.0,0.0,0.0,0.0,0.0,0.0,0.0
2,4,"Manufacturing: Computer, Peripheral and Communications Equipment",,,00,000,29200,Lafayette-West Lafayette MSA,2023,334210,Telephone Apparatus Manufacturing,2,2,0.0,0.0,0.0,0.0,0.0,0.0,0.0,0.0
2,4,"Manufacturing: Computer, Peripheral and Communications Equipment",,,00,000,29200,Lafayette-West Lafayette MSA,2023,334220,Radio and Television Broadcasting and Wireless Communications Equipment Manufacturing,2,2,0.0,0.0,0.0,0.364392896759,0.0,0.0,1.0,0.0
2,4,"Manufacturing: Computer, Peripheral and Communications Equipment",,,00,000,29200,Lafayette-West Lafayette MSA,2023,334290,Other Communications Equipment Manufacturing,2,2,0.0,0.0,0.0,0.0,0.0,0.0,0.0,0.0
2,4,"Manufacturing: Computer, Peripheral and Communications Equipment",,,00,000,29200,Lafayette-West Lafayette MSA,2023,334310,Audio and Video Equipment Manufacturing,2,2,0.0,0.0,0.0,0.0,0.0,0.0,0.0,0.0
2,4,"Manufacturing: Computer, Peripheral and Communications Equipment",,,00,000,29200,Lafayette-West Lafayette MSA,2023,334412,Bare Printed Circuit Board Manufacturing  ,2,2,0.0,0.0,0.0,0.0,0.0,0.0,0.0,0.0
2,4,"Manufacturing: Computer, Peripheral and Communications Equipment",,,00,000,29200,Lafayette-West Lafayette MSA,2023,334413,Semiconductor and Related Device Manufacturing ,2,2,0.0,0.0,0.0,0.0,0.907421109598,0.0,0.0,0.0
2,4,"Manufacturing: Computer, Peripheral and Communications Equipment",,,00,000,29200,Lafayette-West Lafayette MSA,2023,334416,"Capacitor, Resistor, Coil, Transformer, and Other Inductor Manufacturing ",2,2,0.0,0.0,0.0,0.825084191882,11.0043596646,0.0,0.0697483501246,0.0
2,4,"Manufacturing: Computer, Peripheral and Communications Equipment",,,00,000,29200,Lafayette-West Lafayette MSA,2023,334417,Electronic Connector Manufacturing ,2,2,0.0,0.0,0.0,0.0,0.0,0.0,0.0,0.0
2,4,"Manufacturing: Computer, Peripheral and Communications Equipment",,,00,000,29200,Lafayette-West Lafayette MSA,2023,334418,Printed Circuit Assembly (Electronic Assembly) Manufacturing ,2,2,0.0,0.0,0.0,0.0,0.0,0.0,0.0,0.0
2,4,"Manufacturing: Computer, Peripheral and Communications Equipment",,,00,000,29200,Lafayette-West Lafayette MSA,2023,334419,Other Electronic Component Manufacturing ,2,2,0.0,0.0,0.0,0.0,0.346379046654,0.0,0.0,0.0
2,4,"Manufacturing: Computer, Peripheral and Communications Equipment",,,00,000,29200,Lafayette-West Lafayette MSA,2023,334510,Electromedical and Electrotherapeutic Apparatus Manufacturing ,2,2,0.0,0.0,0.0,0.0,0.349801550256,0.0,0.0,0.0
2,4,"Manufacturing: Computer, Peripheral and Communications Equipment",,,00,000,29200,Lafayette-West Lafayette MSA,2023,334511,"Search, Detection, Navigation, Guidance, Aeronautical, and Nautical System and Instrument Manufacturing ",2,2,6.96901597455,7.77928467739,0.547210240919,12.8127991609,169.385542762,0.0,0.152023015079,2.25867086611
2,4,"Manufacturing: Computer, Peripheral and Communications Equipment",,,00,000,29200,Lafayette-West Lafayette MSA,2023,334512,"Automatic Environmental Control Manufacturing for Residential, Commercial, and Appliance Use ",2,2,0.0,0.0,0.0,0.0,0.0,0.0,0.0,0.0
2,4,"Manufacturing: Computer, Peripheral and Communications Equipment",,,00,000,29200,Lafayette-West Lafayette MSA,2023,334513,"Instruments and Related Products Manufacturing for Measuring, Displaying, and Controlling Industrial Process Variables ",2,2,0.0,0.0,0.0,0.0,0.0,0.0,0.0,0.0
2,4,"Manufacturing: Computer, Peripheral and Communications Equipment",,,00,000,29200,Lafayette-West Lafayette MSA,2023,334514,Totalizing Fluid Meter and Counting Device Manufacturing ,2,2,0.0,0.0,0.0,0.0,0.0,0.0,0.0,0.0
2,4,"Manufacturing: Computer, Peripheral and Communications Equipment",,,00,000,29200,Lafayette-West Lafayette MSA,2023,334515,Instrument Manufacturing for Measuring and Testing Electricity and Electrical Signals ,2,2,2.672069727,2.98274407177,0.0,4.49429739712,64.922065983,0.0,0.145055834494,0.866022702005
2,4,"Manufacturing: Computer, Peripheral and Communications Equipment",,,00,000,29200,Lafayette-West Lafayette MSA,2023,334516,Analytical Laboratory Instrument Manufacturing ,2,2,5.53607929998,6.17974431805,0.0,9.31142871637,134.658604473,0.0,0.14491675016,1.79425346032
2,4,"Manufacturing: Computer, Peripheral and Communications Equipment",,,00,000,29200,Lafayette-West Lafayette MSA,2023,334517,Irradiation Apparatus Manufacturing ,2,2,0.0,0.0,0.0,0.0,0.0,0.0,0.0,0.0
2,4,"Manufacturing: Computer, Peripheral and Communications Equipment",,,00,000,29200,Lafayette-West Lafayette MSA,2023,334519,Other Measuring and Controlling Device Manufacturing ,2,2,1.54861656021,1.72867003348,0.0,2.60470125662,37.7333301227,0.0,0.144703048888,0.501909469014
2,4,"Manufacturing: Computer, Peripheral and Communications Equipment",,,00,000,29200,Lafayette-West Lafayette MSA,2023,334610,Manufacturing and Reproducing Magnetic and Optical Media ,2,2,0.0,0.0,0.0,0.0,0.552274191073,0.0,0.0,0.0
2,4,"Manufacturing: Computer, Peripheral and Communications Equipment",,,00,000,31140,Louisville/Jefferson County MSA,2019,333242,Semiconductor Machinery Manufacturing ,2,2,0.0,0.0,0.0,0.0,0.0,0.0,0.0,0.0
2,4,"Manufacturing: Computer, Peripheral and Communications Equipment",,,00,000,31140,Louisville/Jefferson County MSA,2019,334111,Electronic Computer Manufacturing ,2,2,2.35586898138,3.26217998039,0.0,4.4164286506,65.4041585423,0.0,0.155133030581,1.97492232222
2,4,"Manufacturing: Computer, Peripheral and Communications Equipment",,,00,000,31140,Louisville/Jefferson County MSA,2019,334112,Computer Storage Device Manufacturing ,2,2,0.0,0.0,0.0,0.0,0.0,0.0,0.0,0.0
2,4,"Manufacturing: Computer, Peripheral and Communications Equipment",,,00,000,31140,Louisville/Jefferson County MSA,2019,334118,Computer Terminal and Other Computer Peripheral Equipment Manufacturing ,2,2,0.0,0.0,0.0,0.0,0.0,0.0,0.0,0.0
2,4,"Manufacturing: Computer, Peripheral and Communications Equipment",,,00,000,31140,Louisville/Jefferson County MSA,2019,334210,Telephone Apparatus Manufacturing,2,2,0.0,0.0,0.0,0.0,0.0,0.0,0.0,0.0
2,4,"Manufacturing: Computer, Peripheral and Communications Equipment",,,00,000,31140,Louisville/Jefferson County MSA,2019,334220,Radio and Television Broadcasting and Wireless Communications Equipment Manufacturing,2,2,0.0,0.0,0.0,0.0,5.97191738297,0.0,0.0,0.0
2,4,"Manufacturing: Computer, Peripheral and Communications Equipment",,,00,000,31140,Louisville/Jefferson County MSA,2019,334290,Other Communications Equipment Manufacturing,2,2,11.1368393336,20.29379732,0.0,13.730953269,258.855596043,0.0,0.159948115302,4.12520471062
2,4,"Manufacturing: Computer, Peripheral and Communications Equipment",,,00,000,31140,Louisville/Jefferson County MSA,2019,334310,Audio and Video Equipment Manufacturing,2,2,0.0,0.0,0.0,0.0,1.48688107169,0.0,0.0,0.0
2,4,"Manufacturing: Computer, Peripheral and Communications Equipment",,,00,000,31140,Louisville/Jefferson County MSA,2019,334412,Bare Printed Circuit Board Manufacturing  ,2,2,0.0,0.0,0.0,0.0,0.0,0.0,0.0,0.0
2,4,"Manufacturing: Computer, Peripheral and Communications Equipment",,,00,000,31140,Louisville/Jefferson County MSA,2019,334413,Semiconductor and Related Device Manufacturing ,2,2,0.0,0.0,0.0,0.0,1.6098790948,0.0,0.0,0.0
2,4,"Manufacturing: Computer, Peripheral and Communications Equipment",,,00,000,31140,Louisville/Jefferson County MSA,2019,334416,"Capacitor, Resistor, Coil, Transformer, and Other Inductor Manufacturing ",2,2,0.0,0.0,0.0,0.0,0.0,0.0,0.0,0.0
2,4,"Manufacturing: Computer, Peripheral and Communications Equipment",,,00,000,31140,Louisville/Jefferson County MSA,2019,334417,Electronic Connector Manufacturing ,2,2,13.092490086,21.5533078844,1.63812838442,9.08173675672,1082.45578903,3.22792465617,0.0473841714062,5.24896775938
2,4,"Manufacturing: Computer, Peripheral and Communications Equipment",,,00,000,31140,Louisville/Jefferson County MSA,2019,334418,Printed Circuit Assembly (Electronic Assembly) Manufacturing ,2,2,0.0,0.0,0.0,0.0,0.0,0.0,0.0,0.0
2,4,"Manufacturing: Computer, Peripheral and Communications Equipment",,,00,000,31140,Louisville/Jefferson County MSA,2019,334419,Other Electronic Component Manufacturing ,2,2,1.0048988237,5.32974730238,0.0,5.1472487363,192.654734267,0.0,0.0643639601326,1.77114489601
2,4,"Manufacturing: Computer, Peripheral and Communications Equipment",,,00,000,31140,Louisville/Jefferson County MSA,2019,334510,Electromedical and Electrotherapeutic Apparatus Manufacturing ,2,2,2.12896150406,1.17849486523,0.0,0.0,10.1853457346,0.0,0.245127464542,0.0
2,4,"Manufacturing: Computer, Peripheral and Communications Equipment",,,00,000,31140,Louisville/Jefferson County MSA,2019,334511,"Search, Detection, Navigation, Guidance, Aeronautical, and Nautical System and Instrument Manufacturing ",2,2,9.09061875208,5.03214712929,0.0,1.18850112405,24.1957024653,0.0,0.387558631061,0.0
2,4,"Manufacturing: Computer, Peripheral and Communications Equipment",,,00,000,31140,Louisville/Jefferson County MSA,2019,334512,"Automatic Environmental Control Manufacturing for Residential, Commercial, and Appliance Use ",2,2,13.5047200048,7.4755899304,0.0,2.40314162143,35.9443285462,0.0,0.394140005173,0.0
2,4,"Manufacturing: Computer, Peripheral and Communications Equipment",,,00,000,31140,Louisville/Jefferson County MSA,2019,334513,"Instruments and Related Products Manufacturing for Measuring, Displaying, and Controlling Industrial Process Variables ",2,2,0.0,0.0,0.0,0.0,1.36977854524,0.0,0.0,0.0
2,4,"Manufacturing: Computer, Peripheral and Communications Equipment",,,00,000,31140,Louisville/Jefferson County MSA,2019,334514,Totalizing Fluid Meter and Counting Device Manufacturing ,2,2,0.0,0.0,0.0,0.0,0.0,0.0,0.0,0.0
2,4,"Manufacturing: Computer, Peripheral and Communications Equipment",,,00,000,31140,Louisville/Jefferson County MSA,2019,334515,Instrument Manufacturing for Measuring and Testing Electricity and Electrical Signals ,2,2,1.50246740845,0.831696638315,0.0,0.0,3.99898569835,0.0,0.36856290167,0.0
2,4,"Manufacturing: Computer, Peripheral and Communications Equipment",,,00,000,31140,Louisville/Jefferson County MSA,2019,334516,Analytical Laboratory Instrument Manufacturing ,2,2,5.48870455037,3.03829360794,0.0,0.717589385896,14.6088034096,0.0,0.387558631061,0.0
2,4,"Manufacturing: Computer, Peripheral and Communications Equipment",,,00,000,31140,Louisville/Jefferson County MSA,2019,334517,Irradiation Apparatus Manufacturing ,2,2,0.0,0.0,0.0,0.0,0.0,0.0,0.0,0.0
2,4,"Manufacturing: Computer, Peripheral and Communications Equipment",,,00,000,31140,Louisville/Jefferson County MSA,2019,334519,Other Measuring and Controlling Device Manufacturing ,2,2,1.46372107902,5.16583793036,0.0,2.68980985298,62.8308313161,0.0,0.12916622323,0.0
2,4,"Manufacturing: Computer, Peripheral and Communications Equipment",,,00,000,31140,Louisville/Jefferson County MSA,2019,334610,Manufacturing and Reproducing Magnetic and Optical Media ,2,2,0.0,0.0,0.0,1.35369070722,14.7232066917,0.0,0.0842009918722,0.0
2,4,"Manufacturing: Computer, Peripheral and Communications Equipment",,,00,000,31140,Louisville/Jefferson County MSA,2020,333242,Semiconductor Machinery Manufacturing ,2,2,0.0,0.0,0.0,0.0,0.0,0.0,0.0,0.0
2,4,"Manufacturing: Computer, Peripheral and Communications Equipment",,,00,000,31140,Louisville/Jefferson County MSA,2020,334111,Electronic Computer Manufacturing ,2,2,2.98419112347,1.18209036905,0.0,1.59541248197,18.4704307131,0.0,0.25493178213,0.558129775173
2,4,"Manufacturing: Computer, Peripheral and Communications Equipment",,,00,000,31140,Louisville/Jefferson County MSA,2020,334112,Computer Storage Device Manufacturing ,2,2,0.0,0.0,0.0,0.0,0.0,0.0,0.0,0.0
2,4,"Manufacturing: Computer, Peripheral and Communications Equipment",,,00,000,31140,Louisville/Jefferson County MSA,2020,334118,Computer Terminal and Other Computer Peripheral Equipment Manufacturing ,2,2,0.0,0.0,0.0,0.0,0.382067620281,0.0,0.0,0.0
2,4,"Manufacturing: Computer, Peripheral and Communications Equipment",,,00,000,31140,Louisville/Jefferson County MSA,2020,334210,Telephone Apparatus Manufacturing,2,2,0.0,0.0,0.0,0.0,0.0,0.0,0.0,0.0
2,4,"Manufacturing: Computer, Peripheral and Communications Equipment",,,00,000,31140,Louisville/Jefferson County MSA,2020,334220,Radio and Television Broadcasting and Wireless Communications Equipment Manufacturing,2,2,0.0,0.0,0.0,0.0,0.416666666667,0.0,0.0,0.0
2,4,"Manufacturing: Computer, Peripheral and Communications Equipment",,,00,000,31140,Louisville/Jefferson County MSA,2020,334290,Other Communications Equipment Manufacturing,2,2,11.5565515942,18.815423884,0.0,15.4129151417,227.255885072,0.0,0.175875395739,2.71350211633
2,4,"Manufacturing: Computer, Peripheral and Communications Equipment",,,00,000,31140,Louisville/Jefferson County MSA,2020,334310,Audio and Video Equipment Manufacturing,2,2,0.694812590274,0.0,0.0,2.73130281784,39.6828871345,0.0,0.108472282516,1.40210614897
2,4,"Manufacturing: Computer, Peripheral and Communications Equipment",,,00,000,31140,Louisville/Jefferson County MSA,2020,334412,Bare Printed Circuit Board Manufacturing  ,2,2,0.0,0.0,0.0,0.0,0.0,0.0,0.0,0.0
2,4,"Manufacturing: Computer, Peripheral and Communications Equipment",,,00,000,31140,Louisville/Jefferson County MSA,2020,334413,Semiconductor and Related Device Manufacturing ,2,2,0.0,0.0,0.0,0.0,8.55926148071,0.0,0.0,0.0
2,4,"Manufacturing: Computer, Peripheral and Communications Equipment",,,00,000,31140,Louisville/Jefferson County MSA,2020,334416,"Capacitor, Resistor, Coil, Transformer, and Other Inductor Manufacturing ",2,2,0.0,0.0,0.0,0.0,0.0,0.0,0.0,0.0
2,4,"Manufacturing: Computer, Peripheral and Communications Equipment",,,00,000,31140,Louisville/Jefferson County MSA,2020,334417,Electronic Connector Manufacturing ,2,2,11.8491079017,22.4774398201,2.03601266743,11.8299001804,1096.30646396,3.40330142872,0.0502378267672,6.39354919155
2,4,"Manufacturing: Computer, Peripheral and Communications Equipment",,,00,000,31140,Louisville/Jefferson County MSA,2020,334418,Printed Circuit Assembly (Electronic Assembly) Manufacturing ,2,2,0.0,0.0,0.0,0.0,16.0088960652,0.0,0.0,0.0
2,4,"Manufacturing: Computer, Peripheral and Communications Equipment",,,00,000,31140,Louisville/Jefferson County MSA,2020,334419,Other Electronic Component Manufacturing ,2,2,1.08287141607,2.27954956191,0.0,2.7616808172,122.866726679,0.0,0.0599910482324,1.71721047372
2,4,"Manufacturing: Computer, Peripheral and Communications Equipment",,,00,000,31140,Louisville/Jefferson County MSA,2020,334510,Electromedical and Electrotherapeutic Apparatus Manufacturing ,2,2,2.51532215372,1.25768812852,0.0,0.0,11.1956072756,0.0,0.252061372245,0.0
2,4,"Manufacturing: Computer, Peripheral and Communications Equipment",,,00,000,31140,Louisville/Jefferson County MSA,2020,334511,"Search, Detection, Navigation, Guidance, Aeronautical, and Nautical System and Instrument Manufacturing ",2,2,11.699181887,5.84971676524,0.0,1.05244213653,32.2652958414,0.0,0.3656884359,0.0
2,4,"Manufacturing: Computer, Peripheral and Communications Equipment",,,00,000,31140,Louisville/Jefferson County MSA,2020,334512,"Automatic Environmental Control Manufacturing for Residential, Commercial, and Appliance Use ",2,2,3.21457138984,1.60732026683,0.0,0.0,8.86549998952,0.0,0.352287110745,0.0
2,4,"Manufacturing: Computer, Peripheral and Communications Equipment",,,00,000,31140,Louisville/Jefferson County MSA,2020,334513,"Instruments and Related Products Manufacturing for Measuring, Displaying, and Controlling Industrial Process Variables ",2,2,0.0,0.0,0.0,0.0,1.10307867595,0.0,0.0,0.0
2,4,"Manufacturing: Computer, Peripheral and Communications Equipment",,,00,000,31140,Louisville/Jefferson County MSA,2020,334514,Totalizing Fluid Meter and Counting Device Manufacturing ,2,2,0.0,0.0,0.0,0.0,0.0,0.0,0.0,0.0
2,4,"Manufacturing: Computer, Peripheral and Communications Equipment",,,00,000,31140,Louisville/Jefferson County MSA,2020,334515,Instrument Manufacturing for Measuring and Testing Electricity and Electrical Signals ,2,2,16.3784278634,8.18939007756,0.0,1.47338059875,45.1702371614,0.0,0.3656884359,0.0
2,4,"Manufacturing: Computer, Peripheral and Communications Equipment",,,00,000,31140,Louisville/Jefferson County MSA,2020,334516,Analytical Laboratory Instrument Manufacturing ,2,2,0.0,0.0,0.0,0.0,0.43104006567,0.0,0.0,0.0
2,4,"Manufacturing: Computer, Peripheral and Communications Equipment",,,00,000,31140,Louisville/Jefferson County MSA,2020,334517,Irradiation Apparatus Manufacturing ,2,2,0.0,0.0,0.0,0.0,0.0,0.0,0.0,0.0
2,4,"Manufacturing: Computer, Peripheral and Communications Equipment",,,00,000,31140,Louisville/Jefferson County MSA,2020,334519,Other Measuring and Controlling Device Manufacturing ,2,2,1.86615600999,0.862879161171,0.0,0.686369126533,80.8546728267,0.0,0.0405292651228,0.0
2,4,"Manufacturing: Computer, Peripheral and Communications Equipment",,,00,000,31140,Louisville/Jefferson County MSA,2020,334610,Manufacturing and Reproducing Magnetic and Optical Media ,2,2,0.0,0.0,0.0,5.05801799667,71.2877722942,0.0,0.0662514328217,0.0
2,4,"Manufacturing: Computer, Peripheral and Communications Equipment",,,00,000,31140,Louisville/Jefferson County MSA,2021,333242,Semiconductor Machinery Manufacturing ,2,2,0.0,0.0,0.0,0.0,0.735922265931,0.0,0.0,0.0
2,4,"Manufacturing: Computer, Peripheral and Communications Equipment",,,00,000,31140,Louisville/Jefferson County MSA,2021,334111,Electronic Computer Manufacturing ,2,2,0.0,0.0,0.0,0.0,12.2064634823,0.0,0.0,0.0
2,4,"Manufacturing: Computer, Peripheral and Communications Equipment",,,00,000,31140,Louisville/Jefferson County MSA,2021,334112,Computer Storage Device Manufacturing ,2,2,0.0,0.0,0.0,0.0,0.0,0.0,0.0,0.0
2,4,"Manufacturing: Computer, Peripheral and Communications Equipment",,,00,000,31140,Louisville/Jefferson County MSA,2021,334118,Computer Terminal and Other Computer Peripheral Equipment Manufacturing ,2,2,0.0,0.0,0.0,0.0,2.18616722085,0.0,0.0,0.0
2,4,"Manufacturing: Computer, Peripheral and Communications Equipment",,,00,000,31140,Louisville/Jefferson County MSA,2021,334210,Telephone Apparatus Manufacturing,2,2,0.0,0.0,0.0,0.0,0.0,0.0,0.0,0.0
2,4,"Manufacturing: Computer, Peripheral and Communications Equipment",,,00,000,31140,Louisville/Jefferson County MSA,2021,334220,Radio and Television Broadcasting and Wireless Communications Equipment Manufacturing,2,2,0.0,0.0,0.0,0.0,2.98269797866,0.0,0.0,0.0
2,4,"Manufacturing: Computer, Peripheral and Communications Equipment",,,00,000,31140,Louisville/Jefferson County MSA,2021,334290,Other Communications Equipment Manufacturing,2,2,7.71994207398,17.9248291768,0.0,14.1955147946,203.134754959,0.0,0.171273868371,2.1418283765
2,4,"Manufacturing: Computer, Peripheral and Communications Equipment",,,00,000,31140,Louisville/Jefferson County MSA,2021,334310,Audio and Video Equipment Manufacturing,2,2,3.0476999305,1.25289840703,0.0,4.51448156516,66.9310301362,0.0,0.123555934091,0.620463413586
2,4,"Manufacturing: Computer, Peripheral and Communications Equipment",,,00,000,31140,Louisville/Jefferson County MSA,2021,334412,Bare Printed Circuit Board Manufacturing  ,2,2,0.0,0.0,0.0,0.0,0.0,0.0,0.0,0.0
2,4,"Manufacturing: Computer, Peripheral and Communications Equipment",,,00,000,31140,Louisville/Jefferson County MSA,2021,334413,Semiconductor and Related Device Manufacturing ,2,2,0.0,0.0,0.0,0.0,6.1895290548,0.0,0.0,0.0
2,4,"Manufacturing: Computer, Peripheral and Communications Equipment",,,00,000,31140,Louisville/Jefferson County MSA,2021,334416,"Capacitor, Resistor, Coil, Transformer, and Other Inductor Manufacturing ",2,2,0.0,0.0,0.0,0.0,0.0,0.0,0.0,0.0
2,4,"Manufacturing: Computer, Peripheral and Communications Equipment",,,00,000,31140,Louisville/Jefferson County MSA,2021,334417,Electronic Connector Manufacturing ,2,2,11.1517233025,23.0733611472,2.20933185563,11.6568364241,1122.19657684,3.65138204406,0.0494912186379,6.68804701295
2,4,"Manufacturing: Computer, Peripheral and Communications Equipment",,,00,000,31140,Louisville/Jefferson County MSA,2021,334418,Printed Circuit Assembly (Electronic Assembly) Manufacturing ,2,2,0.912353280963,2.968710788,0.0,0.812395373403,35.9466858151,0.0,0.131415849163,0.745235514766
2,4,"Manufacturing: Computer, Peripheral and Communications Equipment",,,00,000,31140,Louisville/Jefferson County MSA,2021,334419,Other Electronic Component Manufacturing ,2,2,0.0,0.647616345305,0.0,1.31221212619,131.329705337,0.0,0.0233446441253,1.17929856624
2,4,"Manufacturing: Computer, Peripheral and Communications Equipment",,,00,000,31140,Louisville/Jefferson County MSA,2021,334510,Electromedical and Electrotherapeutic Apparatus Manufacturing ,2,2,3.36220353997,1.54759539387,0.0,0.541117956573,16.0004944067,0.0,0.254105280763,0.0
2,4,"Manufacturing: Computer, Peripheral and Communications Equipment",,,00,000,31140,Louisville/Jefferson County MSA,2021,334511,"Search, Detection, Navigation, Guidance, Aeronautical, and Nautical System and Instrument Manufacturing ",2,2,2.76366115737,1.27209112313,0.0,0.0,8.22543648274,0.0,0.329148531878,0.0
2,4,"Manufacturing: Computer, Peripheral and Communications Equipment",,,00,000,31140,Louisville/Jefferson County MSA,2021,334512,"Automatic Environmental Control Manufacturing for Residential, Commercial, and Appliance Use ",2,2,2.88368401469,1.32733668424,0.0,0.0,8.58265841885,0.0,0.329148531878,0.0
2,4,"Manufacturing: Computer, Peripheral and Communications Equipment",,,00,000,31140,Louisville/Jefferson County MSA,2021,334513,"Instruments and Related Products Manufacturing for Measuring, Displaying, and Controlling Industrial Process Variables ",2,2,0.0,0.0,0.0,0.0,1.09281402148,0.0,0.0,0.0
2,4,"Manufacturing: Computer, Peripheral and Communications Equipment",,,00,000,31140,Louisville/Jefferson County MSA,2021,334514,Totalizing Fluid Meter and Counting Device Manufacturing ,2,2,0.0,0.0,0.0,0.0,0.0,0.0,0.0,0.0
2,4,"Manufacturing: Computer, Peripheral and Communications Equipment",,,00,000,31140,Louisville/Jefferson County MSA,2021,334515,Instrument Manufacturing for Measuring and Testing Electricity and Electrical Signals ,2,2,21.3938145764,9.84740171202,0.0,2.67336350055,63.6740370479,0.0,0.352279120392,0.71612993371
2,4,"Manufacturing: Computer, Peripheral and Communications Equipment",,,00,000,31140,Louisville/Jefferson County MSA,2021,334516,Analytical Laboratory Instrument Manufacturing ,2,2,1.53422274083,0.706190454755,0.0,0.0,4.56628037466,0.0,0.329148531878,0.0
2,4,"Manufacturing: Computer, Peripheral and Communications Equipment",,,00,000,31140,Louisville/Jefferson County MSA,2021,334517,Irradiation Apparatus Manufacturing ,2,2,0.0,0.0,0.0,0.0,0.0,0.0,0.0,0.0
2,4,"Manufacturing: Computer, Peripheral and Communications Equipment",,,00,000,31140,Louisville/Jefferson County MSA,2021,334519,Other Measuring and Controlling Device Manufacturing ,2,2,0.0,0.0,0.0,0.0,57.6119054712,0.604338669405,0.0103809285248,0.0
2,4,"Manufacturing: Computer, Peripheral and Communications Equipment",,,00,000,31140,Louisville/Jefferson County MSA,2021,334610,Manufacturing and Reproducing Magnetic and Optical Media ,2,2,0.0,0.0,0.0,5.42584427363,47.3821693835,0.0,0.115273942632,0.747738418774
2,4,"Manufacturing: Computer, Peripheral and Communications Equipment",,,00,000,31140,Louisville/Jefferson County MSA,2022,333242,Semiconductor Machinery Manufacturing ,2,2,0.0,0.0,0.0,0.0,0.971904808169,0.0,0.0,0.0
2,4,"Manufacturing: Computer, Peripheral and Communications Equipment",,,00,000,31140,Louisville/Jefferson County MSA,2022,334111,Electronic Computer Manufacturing ,2,2,0.0,0.0,0.0,0.0,1.13332773282,0.0,0.0,0.0
2,4,"Manufacturing: Computer, Peripheral and Communications Equipment",,,00,000,31140,Louisville/Jefferson County MSA,2022,334112,Computer Storage Device Manufacturing ,2,2,0.0,0.0,0.0,0.0,0.0,0.0,0.0,0.0
2,4,"Manufacturing: Computer, Peripheral and Communications Equipment",,,00,000,31140,Louisville/Jefferson County MSA,2022,334118,Computer Terminal and Other Computer Peripheral Equipment Manufacturing ,2,2,0.0,1.47118964753,0.0,0.0,4.97877257373,0.0,0.2280927542,0.0
2,4,"Manufacturing: Computer, Peripheral and Communications Equipment",,,00,000,31140,Louisville/Jefferson County MSA,2022,334210,Telephone Apparatus Manufacturing,2,2,0.0,0.0,0.0,0.0,0.834433385806,0.0,0.0,0.0
2,4,"Manufacturing: Computer, Peripheral and Communications Equipment",,,00,000,31140,Louisville/Jefferson County MSA,2022,334220,Radio and Television Broadcasting and Wireless Communications Equipment Manufacturing,2,2,0.0,0.0,0.0,0.0,1.01670820576,0.0,0.0,0.0
2,4,"Manufacturing: Computer, Peripheral and Communications Equipment",,,00,000,31140,Louisville/Jefferson County MSA,2022,334290,Other Communications Equipment Manufacturing,2,2,8.12902617401,15.3877483293,0.0,15.4367748463,203.774347542,0.0,0.167505152588,2.04760913767
2,4,"Manufacturing: Computer, Peripheral and Communications Equipment",,,00,000,31140,Louisville/Jefferson County MSA,2022,334310,Audio and Video Equipment Manufacturing,2,2,2.98913518126,3.05866306952,0.0,8.04439098105,72.7164344599,0.0,0.174497506904,1.27885644074
2,4,"Manufacturing: Computer, Peripheral and Communications Equipment",,,00,000,31140,Louisville/Jefferson County MSA,2022,334412,Bare Printed Circuit Board Manufacturing  ,2,2,0.0,0.0,0.0,0.0,0.0,0.0,0.0,0.0
2,4,"Manufacturing: Computer, Peripheral and Communications Equipment",,,00,000,31140,Louisville/Jefferson County MSA,2022,334413,Semiconductor and Related Device Manufacturing ,2,2,0.582787214916,0.921734030575,0.0,0.0,11.3060566622,0.0,0.11744366697,0.0
2,4,"Manufacturing: Computer, Peripheral and Communications Equipment",,,00,000,31140,Louisville/Jefferson County MSA,2022,334416,"Capacitor, Resistor, Coil, Transformer, and Other Inductor Manufacturing ",2,2,0.0,0.0,0.0,0.0,0.0,0.0,0.0,0.0
2,4,"Manufacturing: Computer, Peripheral and Communications Equipment",,,00,000,31140,Louisville/Jefferson County MSA,2022,334417,Electronic Connector Manufacturing ,2,2,10.0376391177,26.5475456755,2.33600649067,13.5408590654,1227.56797889,3.34965779834,0.0499164368024,8.6834813416
2,4,"Manufacturing: Computer, Peripheral and Communications Equipment",,,00,000,31140,Louisville/Jefferson County MSA,2022,334418,Printed Circuit Assembly (Electronic Assembly) Manufacturing ,2,2,0.852751046044,1.32912735943,0.0,0.531315967869,28.9858810927,0.0,0.0855922241721,0.0
2,4,"Manufacturing: Computer, Peripheral and Communications Equipment",,,00,000,31140,Louisville/Jefferson County MSA,2022,334419,Other Electronic Component Manufacturing ,2,2,4.63532619525,2.59537374954,0.0,2.43144437823,96.4629801844,0.0,0.104490123968,1.59337504935
2,4,"Manufacturing: Computer, Peripheral and Communications Equipment",,,00,000,31140,Louisville/Jefferson County MSA,2022,334510,Electromedical and Electrotherapeutic Apparatus Manufacturing ,2,2,3.56903472178,2.09537314083,0.0,0.0,20.1384197225,0.0,0.219526633038,0.0
2,4,"Manufacturing: Computer, Peripheral and Communications Equipment",,,00,000,31140,Louisville/Jefferson County MSA,2022,334511,"Search, Detection, Navigation, Guidance, Aeronautical, and Nautical System and Instrument Manufacturing ",2,2,10.0635069877,5.90826480783,0.0,0.726463946988,38.541885331,0.0,0.317985557999,1.27171057905
2,4,"Manufacturing: Computer, Peripheral and Communications Equipment",,,00,000,31140,Louisville/Jefferson County MSA,2022,334512,"Automatic Environmental Control Manufacturing for Residential, Commercial, and Appliance Use ",2,2,3.31743123346,1.94765723648,0.0,0.0,12.7053177734,0.0,0.292986613584,0.0
2,4,"Manufacturing: Computer, Peripheral and Communications Equipment",,,00,000,31140,Louisville/Jefferson County MSA,2022,334513,"Instruments and Related Products Manufacturing for Measuring, Displaying, and Controlling Industrial Process Variables ",2,2,2.05639988968,1.0115594473,0.0,0.333333333333,6.93212493989,0.0,0.329154670663,0.0
2,4,"Manufacturing: Computer, Peripheral and Communications Equipment",,,00,000,31140,Louisville/Jefferson County MSA,2022,334514,Totalizing Fluid Meter and Counting Device Manufacturing ,2,2,0.0,0.0,0.0,0.0,0.0,0.0,0.0,0.0
2,4,"Manufacturing: Computer, Peripheral and Communications Equipment",,,00,000,31140,Louisville/Jefferson County MSA,2022,334515,Instrument Manufacturing for Measuring and Testing Electricity and Electrical Signals ,2,2,2.31290590574,1.35790242739,0.0,0.0,8.85812016715,0.0,0.292986613584,0.0
2,4,"Manufacturing: Computer, Peripheral and Communications Equipment",,,00,000,31140,Louisville/Jefferson County MSA,2022,334516,Analytical Laboratory Instrument Manufacturing ,2,2,5.39485884626,3.16731082946,0.0,0.0,21.0925013969,0.0,0.304713366293,0.681740378939
2,4,"Manufacturing: Computer, Peripheral and Communications Equipment",,,00,000,31140,Louisville/Jefferson County MSA,2022,334517,Irradiation Apparatus Manufacturing ,2,2,0.0,0.0,0.0,0.0,0.0,0.0,0.0,0.0
2,4,"Manufacturing: Computer, Peripheral and Communications Equipment",,,00,000,31140,Louisville/Jefferson County MSA,2022,334519,Other Measuring and Controlling Device Manufacturing ,2,2,0.828180290923,0.0,0.531118116894,2.79932656372,69.3352852624,0.0,0.0565846198454,0.0
2,4,"Manufacturing: Computer, Peripheral and Communications Equipment",,,00,000,31140,Louisville/Jefferson County MSA,2022,334610,Manufacturing and Reproducing Magnetic and Optical Media ,2,2,0.0,0.0,0.0,2.57639297924,62.1036473015,0.0,0.0398328907659,0.0
2,4,"Manufacturing: Computer, Peripheral and Communications Equipment",,,00,000,31140,Louisville/Jefferson County MSA,2023,333242,Semiconductor Machinery Manufacturing ,2,2,0.0,0.0,0.0,0.0,3.60621076072,0.0,0.0,0.0
2,4,"Manufacturing: Computer, Peripheral and Communications Equipment",,,00,000,31140,Louisville/Jefferson County MSA,2023,334111,Electronic Computer Manufacturing ,2,2,0.0,0.0,0.0,0.0,1.06958010174,0.0,0.0,0.0
2,4,"Manufacturing: Computer, Peripheral and Communications Equipment",,,00,000,31140,Louisville/Jefferson County MSA,2023,334112,Computer Storage Device Manufacturing ,2,2,0.0,0.0,0.0,0.0,0.0833333333333,0.0,0.0,0.0
2,4,"Manufacturing: Computer, Peripheral and Communications Equipment",,,00,000,31140,Louisville/Jefferson County MSA,2023,334118,Computer Terminal and Other Computer Peripheral Equipment Manufacturing ,2,2,0.0,0.0,0.0,0.0,6.34706408248,0.0,0.0,0.0
2,4,"Manufacturing: Computer, Peripheral and Communications Equipment",,,00,000,31140,Louisville/Jefferson County MSA,2023,334210,Telephone Apparatus Manufacturing,2,2,0.0,0.0,0.0,0.0,0.416724361819,0.0,0.0,0.0
2,4,"Manufacturing: Computer, Peripheral and Communications Equipment",,,00,000,31140,Louisville/Jefferson County MSA,2023,334220,Radio and Television Broadcasting and Wireless Communications Equipment Manufacturing,2,2,0.0,0.0,0.0,0.0,1.6505298979,0.0,0.0,0.0
2,4,"Manufacturing: Computer, Peripheral and Communications Equipment",,,00,000,31140,Louisville/Jefferson County MSA,2023,334290,Other Communications Equipment Manufacturing,2,2,8.85887706495,14.2708071509,0.0,11.6611242555,214.175003254,0.0,0.148026280916,2.42105439108
2,4,"Manufacturing: Computer, Peripheral and Communications Equipment",,,00,000,31140,Louisville/Jefferson County MSA,2023,334310,Audio and Video Equipment Manufacturing,2,2,5.1206195384,3.61897640319,0.0,7.30092802865,70.5169739987,0.0,0.185316400619,0.0
2,4,"Manufacturing: Computer, Peripheral and Communications Equipment",,,00,000,31140,Louisville/Jefferson County MSA,2023,334412,Bare Printed Circuit Board Manufacturing  ,2,2,0.0,0.0,0.0,0.0,0.0,0.0,0.0,0.0
2,4,"Manufacturing: Computer, Peripheral and Communications Equipment",,,00,000,31140,Louisville/Jefferson County MSA,2023,334413,Semiconductor and Related Device Manufacturing ,2,2,0.0,1.78375925512,0.0,0.0,12.6328069746,0.0,0.123729827665,0.0
2,4,"Manufacturing: Computer, Peripheral and Communications Equipment",,,00,000,31140,Louisville/Jefferson County MSA,2023,334416,"Capacitor, Resistor, Coil, Transformer, and Other Inductor Manufacturing ",2,2,0.0,0.0,0.0,0.0,0.0,0.0,0.0,0.0
2,4,"Manufacturing: Computer, Peripheral and Communications Equipment",,,00,000,31140,Louisville/Jefferson County MSA,2023,334417,Electronic Connector Manufacturing ,2,2,9.61359294746,26.882367461,2.27550646287,12.7547555813,1272.27260966,3.33196805174,0.0490812952122,10.8096602076
2,4,"Manufacturing: Computer, Peripheral and Communications Equipment",,,00,000,31140,Louisville/Jefferson County MSA,2023,334418,Printed Circuit Assembly (Electronic Assembly) Manufacturing ,2,2,0.0,1.60059348184,0.0,0.0,10.7034378273,0.0,0.13008691555,0.0
2,4,"Manufacturing: Computer, Peripheral and Communications Equipment",,,00,000,31140,Louisville/Jefferson County MSA,2023,334419,Other Electronic Component Manufacturing ,2,2,0.0,0.916284019429,0.0,0.0,90.5091030483,0.0,0.0172263240994,0.670184138282
2,4,"Manufacturing: Computer, Peripheral and Communications Equipment",,,00,000,31140,Louisville/Jefferson County MSA,2023,334510,Electromedical and Electrotherapeutic Apparatus Manufacturing ,2,2,3.19687412108,1.71660460423,0.0,0.0,15.1584433188,0.0,0.267914212536,0.633907215768
2,4,"Manufacturing: Computer, Peripheral and Communications Equipment",,,00,000,31140,Louisville/Jefferson County MSA,2023,334511,"Search, Detection, Navigation, Guidance, Aeronautical, and Nautical System and Instrument Manufacturing ",2,2,0.0,0.0,0.0,0.0,0.333333333333,0.0,0.0,0.0
2,4,"Manufacturing: Computer, Peripheral and Communications Equipment",,,00,000,31140,Louisville/Jefferson County MSA,2023,334512,"Automatic Environmental Control Manufacturing for Residential, Commercial, and Appliance Use ",2,2,0.0,0.0,0.0,0.0,0.770311609306,0.0,0.0,0.0
2,4,"Manufacturing: Computer, Peripheral and Communications Equipment",,,00,000,31140,Louisville/Jefferson County MSA,2023,334513,"Instruments and Related Products Manufacturing for Measuring, Displaying, and Controlling Industrial Process Variables ",2,2,6.84663874264,3.67639486072,0.0,0.0,32.486867879,0.0,0.267778133827,1.35761795377
2,4,"Manufacturing: Computer, Peripheral and Communications Equipment",,,00,000,31140,Louisville/Jefferson County MSA,2023,334514,Totalizing Fluid Meter and Counting Device Manufacturing ,2,2,0.0,0.0,0.0,0.0,0.0,0.0,0.0,0.0
2,4,"Manufacturing: Computer, Peripheral and Communications Equipment",,,00,000,31140,Louisville/Jefferson County MSA,2023,334515,Instrument Manufacturing for Measuring and Testing Electricity and Electrical Signals ,2,2,7.53604776493,4.04658231792,0.0,0.0,34.5117468795,0.0,0.274791103739,1.49432066313
2,4,"Manufacturing: Computer, Peripheral and Communications Equipment",,,00,000,31140,Louisville/Jefferson County MSA,2023,334516,Analytical Laboratory Instrument Manufacturing ,2,2,8.66048547384,4.65036428593,0.0,0.569039813009,39.4861815291,0.0,0.28315585205,1.71728508099
2,4,"Manufacturing: Computer, Peripheral and Communications Equipment",,,00,000,31140,Louisville/Jefferson County MSA,2023,334517,Irradiation Apparatus Manufacturing ,2,2,0.0,0.0,0.0,0.0,0.0,0.0,0.0,0.0
2,4,"Manufacturing: Computer, Peripheral and Communications Equipment",,,00,000,31140,Louisville/Jefferson County MSA,2023,334519,Other Measuring and Controlling Device Manufacturing ,2,2,2.1390369754,0.719348405681,0.885265353055,0.646812542322,80.5015933197,0.577990878794,0.0581309394582,0.0
2,4,"Manufacturing: Computer, Peripheral and Communications Equipment",,,00,000,31140,Louisville/Jefferson County MSA,2023,334610,Manufacturing and Reproducing Magnetic and Optical Media ,2,2,0.0,0.0,0.0,2.5071216956,60.2096211189,0.0,0.0598236650507,1.32403217709
2,4,"Manufacturing: Computer, Peripheral and Communications Equipment",,,00,000,33140,Michigan City-La Porte MSA,2019,333242,Semiconductor Machinery Manufacturing ,2,2,0.0,0.0,0.0,0.0,0.0,0.0,0.0,0.0
2,4,"Manufacturing: Computer, Peripheral and Communications Equipment",,,00,000,33140,Michigan City-La Porte MSA,2019,334111,Electronic Computer Manufacturing ,2,2,0.962182193455,0.0,0.0,0.0,0.0,0.0,1.0,0.0
2,4,"Manufacturing: Computer, Peripheral and Communications Equipment",,,00,000,33140,Michigan City-La Porte MSA,2019,334112,Computer Storage Device Manufacturing ,2,2,0.0,0.0,0.0,0.0,0.0,0.0,0.0,0.0
2,4,"Manufacturing: Computer, Peripheral and Communications Equipment",,,00,000,33140,Michigan City-La Porte MSA,2019,334118,Computer Terminal and Other Computer Peripheral Equipment Manufacturing ,2,2,0.0,0.0,0.0,0.0,0.0,0.0,0.0,0.0
2,4,"Manufacturing: Computer, Peripheral and Communications Equipment",,,00,000,33140,Michigan City-La Porte MSA,2019,334210,Telephone Apparatus Manufacturing,2,2,0.0,0.0,0.0,0.0,0.0,0.0,0.0,0.0
2,4,"Manufacturing: Computer, Peripheral and Communications Equipment",,,00,000,33140,Michigan City-La Porte MSA,2019,334220,Radio and Television Broadcasting and Wireless Communications Equipment Manufacturing,2,2,0.0,0.0,0.0,0.0,0.250006133322,0.0,0.0,0.0
2,4,"Manufacturing: Computer, Peripheral and Communications Equipment",,,00,000,33140,Michigan City-La Porte MSA,2019,334290,Other Communications Equipment Manufacturing,2,2,0.0,0.0,0.0,0.0,0.0,0.0,0.0,0.0
2,4,"Manufacturing: Computer, Peripheral and Communications Equipment",,,00,000,33140,Michigan City-La Porte MSA,2019,334310,Audio and Video Equipment Manufacturing,2,2,0.0,0.0,0.0,0.0,0.0,0.0,0.0,0.0
2,4,"Manufacturing: Computer, Peripheral and Communications Equipment",,,00,000,33140,Michigan City-La Porte MSA,2019,334412,Bare Printed Circuit Board Manufacturing  ,2,2,0.0,0.0,0.0,0.0,0.0,0.0,0.0,0.0
2,4,"Manufacturing: Computer, Peripheral and Communications Equipment",,,00,000,33140,Michigan City-La Porte MSA,2019,334413,Semiconductor and Related Device Manufacturing ,2,2,0.0,0.0,0.0,0.0,0.0,0.0,0.0,0.0
2,4,"Manufacturing: Computer, Peripheral and Communications Equipment",,,00,000,33140,Michigan City-La Porte MSA,2019,334416,"Capacitor, Resistor, Coil, Transformer, and Other Inductor Manufacturing ",2,2,0.0,0.0,0.0,0.0,0.0,0.0,0.0,0.0
2,4,"Manufacturing: Computer, Peripheral and Communications Equipment",,,00,000,33140,Michigan City-La Porte MSA,2019,334417,Electronic Connector Manufacturing ,2,2,0.0,0.0,0.0,0.0,0.0,0.0,0.0,0.0
2,4,"Manufacturing: Computer, Peripheral and Communications Equipment",,,00,000,33140,Michigan City-La Porte MSA,2019,334418,Printed Circuit Assembly (Electronic Assembly) Manufacturing ,2,2,0.0,0.0,0.0,0.0,0.357225418159,0.0,0.0,0.0
2,4,"Manufacturing: Computer, Peripheral and Communications Equipment",,,00,000,33140,Michigan City-La Porte MSA,2019,334419,Other Electronic Component Manufacturing ,2,2,0.0,0.0,0.0,0.0,0.0,0.0,0.0,0.0
2,4,"Manufacturing: Computer, Peripheral and Communications Equipment",,,00,000,33140,Michigan City-La Porte MSA,2019,334510,Electromedical and Electrotherapeutic Apparatus Manufacturing ,2,2,0.0,0.0,0.0,0.0,0.0,0.0,0.0,0.0
2,4,"Manufacturing: Computer, Peripheral and Communications Equipment",,,00,000,33140,Michigan City-La Porte MSA,2019,334511,"Search, Detection, Navigation, Guidance, Aeronautical, and Nautical System and Instrument Manufacturing ",2,2,0.0,0.0,0.0,0.0,0.0,0.0,0.0,0.0
2,4,"Manufacturing: Computer, Peripheral and Communications Equipment",,,00,000,33140,Michigan City-La Porte MSA,2019,334512,"Automatic Environmental Control Manufacturing for Residential, Commercial, and Appliance Use ",2,2,0.0,0.0,0.0,0.0,0.0,0.0,0.0,0.0
2,4,"Manufacturing: Computer, Peripheral and Communications Equipment",,,00,000,33140,Michigan City-La Porte MSA,2019,334513,"Instruments and Related Products Manufacturing for Measuring, Displaying, and Controlling Industrial Process Variables ",2,2,3.78726507358,15.349194604,0.0,19.4804328774,340.574731135,1.33228579277,0.114289040451,3.99739226136
2,4,"Manufacturing: Computer, Peripheral and Communications Equipment",,,00,000,33140,Michigan City-La Porte MSA,2019,334514,Totalizing Fluid Meter and Counting Device Manufacturing ,2,2,0.0,0.0,0.0,0.0,0.0,0.0,0.0,0.0
2,4,"Manufacturing: Computer, Peripheral and Communications Equipment",,,00,000,33140,Michigan City-La Porte MSA,2019,334515,Instrument Manufacturing for Measuring and Testing Electricity and Electrical Signals ,2,2,0.0,0.0,0.0,0.0,0.0,0.0,0.0,0.0
2,4,"Manufacturing: Computer, Peripheral and Communications Equipment",,,00,000,33140,Michigan City-La Porte MSA,2019,334516,Analytical Laboratory Instrument Manufacturing ,2,2,0.0,0.0,0.0,0.0,0.0,0.0,0.0,0.0
2,4,"Manufacturing: Computer, Peripheral and Communications Equipment",,,00,000,33140,Michigan City-La Porte MSA,2019,334517,Irradiation Apparatus Manufacturing ,2,2,0.0,0.0,0.0,0.0,0.0,0.0,0.0,0.0
2,4,"Manufacturing: Computer, Peripheral and Communications Equipment",,,00,000,33140,Michigan City-La Porte MSA,2019,334519,Other Measuring and Controlling Device Manufacturing ,2,2,0.0,0.0,0.0,0.0,0.0,0.0,0.0,0.0
2,4,"Manufacturing: Computer, Peripheral and Communications Equipment",,,00,000,33140,Michigan City-La Porte MSA,2019,334610,Manufacturing and Reproducing Magnetic and Optical Media ,2,2,0.0,0.0,0.0,0.0,0.0,0.0,0.0,0.0
2,4,"Manufacturing: Computer, Peripheral and Communications Equipment",,,00,000,33140,Michigan City-La Porte MSA,2020,333242,Semiconductor Machinery Manufacturing ,2,2,0.0,0.0,0.0,0.0,0.0,0.0,0.0,0.0
2,4,"Manufacturing: Computer, Peripheral and Communications Equipment",,,00,000,33140,Michigan City-La Porte MSA,2020,334111,Electronic Computer Manufacturing ,2,2,0.0,0.0,0.0,0.0,0.843934113226,0.0,0.0,0.0
2,4,"Manufacturing: Computer, Peripheral and Communications Equipment",,,00,000,33140,Michigan City-La Porte MSA,2020,334112,Computer Storage Device Manufacturing ,2,2,0.0,0.0,0.0,0.0,0.0,0.0,0.0,0.0
2,4,"Manufacturing: Computer, Peripheral and Communications Equipment",,,00,000,33140,Michigan City-La Porte MSA,2020,334118,Computer Terminal and Other Computer Peripheral Equipment Manufacturing ,2,2,0.0,0.0,0.0,0.0,0.0,0.0,0.0,0.0
2,4,"Manufacturing: Computer, Peripheral and Communications Equipment",,,00,000,33140,Michigan City-La Porte MSA,2020,334210,Telephone Apparatus Manufacturing,2,2,0.0,0.0,0.0,0.0,0.0,0.0,0.0,0.0
2,4,"Manufacturing: Computer, Peripheral and Communications Equipment",,,00,000,33140,Michigan City-La Porte MSA,2020,334220,Radio and Television Broadcasting and Wireless Communications Equipment Manufacturing,2,2,0.0,0.0,0.0,0.0,0.0,0.0,0.0,0.0
2,4,"Manufacturing: Computer, Peripheral and Communications Equipment",,,00,000,33140,Michigan City-La Porte MSA,2020,334290,Other Communications Equipment Manufacturing,2,2,0.0,0.0,0.0,0.0,0.0,0.0,0.0,0.0
2,4,"Manufacturing: Computer, Peripheral and Communications Equipment",,,00,000,33140,Michigan City-La Porte MSA,2020,334310,Audio and Video Equipment Manufacturing,2,2,0.0,0.0,0.0,0.0,0.0,0.0,0.0,0.0
2,4,"Manufacturing: Computer, Peripheral and Communications Equipment",,,00,000,33140,Michigan City-La Porte MSA,2020,334412,Bare Printed Circuit Board Manufacturing  ,2,2,0.0,0.0,0.0,0.0,0.0,0.0,0.0,0.0
2,4,"Manufacturing: Computer, Peripheral and Communications Equipment",,,00,000,33140,Michigan City-La Porte MSA,2020,334413,Semiconductor and Related Device Manufacturing ,2,2,0.0,0.0,0.0,0.0,0.0,0.0,0.0,0.0
2,4,"Manufacturing: Computer, Peripheral and Communications Equipment",,,00,000,33140,Michigan City-La Porte MSA,2020,334416,"Capacitor, Resistor, Coil, Transformer, and Other Inductor Manufacturing ",2,2,0.0,0.0,0.0,0.0,0.0,0.0,0.0,0.0
2,4,"Manufacturing: Computer, Peripheral and Communications Equipment",,,00,000,33140,Michigan City-La Porte MSA,2020,334417,Electronic Connector Manufacturing ,2,2,0.0,0.0,0.0,0.0,0.0,0.0,0.0,0.0
2,4,"Manufacturing: Computer, Peripheral and Communications Equipment",,,00,000,33140,Michigan City-La Porte MSA,2020,334418,Printed Circuit Assembly (Electronic Assembly) Manufacturing ,2,2,0.0,0.0,0.0,0.0,0.519968338426,0.0,0.0,0.0
2,4,"Manufacturing: Computer, Peripheral and Communications Equipment",,,00,000,33140,Michigan City-La Porte MSA,2020,334419,Other Electronic Component Manufacturing ,2,2,0.0,0.0,0.0,0.0,0.0,0.0,0.0,0.0
2,4,"Manufacturing: Computer, Peripheral and Communications Equipment",,,00,000,33140,Michigan City-La Porte MSA,2020,334510,Electromedical and Electrotherapeutic Apparatus Manufacturing ,2,2,0.0,0.0,0.0,0.0,0.0,0.0,0.0,0.0
2,4,"Manufacturing: Computer, Peripheral and Communications Equipment",,,00,000,33140,Michigan City-La Porte MSA,2020,334511,"Search, Detection, Navigation, Guidance, Aeronautical, and Nautical System and Instrument Manufacturing ",2,2,0.0,0.0,0.0,0.0,0.0,0.0,0.0,0.0
2,4,"Manufacturing: Computer, Peripheral and Communications Equipment",,,00,000,33140,Michigan City-La Porte MSA,2020,334512,"Automatic Environmental Control Manufacturing for Residential, Commercial, and Appliance Use ",2,2,0.0,0.0,0.0,0.0,0.0,0.0,0.0,0.0
2,4,"Manufacturing: Computer, Peripheral and Communications Equipment",,,00,000,33140,Michigan City-La Porte MSA,2020,334513,"Instruments and Related Products Manufacturing for Measuring, Displaying, and Controlling Industrial Process Variables ",2,2,2.87933389375,11.8665691476,0.0,13.3760432719,319.056759616,1.24743939337,0.100121183429,6.12910560769
2,4,"Manufacturing: Computer, Peripheral and Communications Equipment",,,00,000,33140,Michigan City-La Porte MSA,2020,334514,Totalizing Fluid Meter and Counting Device Manufacturing ,2,2,0.0,0.0,0.0,0.0,0.0,0.0,0.0,0.0
2,4,"Manufacturing: Computer, Peripheral and Communications Equipment",,,00,000,33140,Michigan City-La Porte MSA,2020,334515,Instrument Manufacturing for Measuring and Testing Electricity and Electrical Signals ,2,2,0.0,0.0,0.0,0.0,0.0,0.0,0.0,0.0
2,4,"Manufacturing: Computer, Peripheral and Communications Equipment",,,00,000,33140,Michigan City-La Porte MSA,2020,334516,Analytical Laboratory Instrument Manufacturing ,2,2,0.0,0.0,0.0,0.0,0.0,0.0,0.0,0.0
2,4,"Manufacturing: Computer, Peripheral and Communications Equipment",,,00,000,33140,Michigan City-La Porte MSA,2020,334517,Irradiation Apparatus Manufacturing ,2,2,0.0,0.0,0.0,0.0,0.0,0.0,0.0,0.0
2,4,"Manufacturing: Computer, Peripheral and Communications Equipment",,,00,000,33140,Michigan City-La Porte MSA,2020,334519,Other Measuring and Controlling Device Manufacturing ,2,2,0.0,0.0,0.0,0.0,0.0,0.0,0.0,0.0
2,4,"Manufacturing: Computer, Peripheral and Communications Equipment",,,00,000,33140,Michigan City-La Porte MSA,2020,334610,Manufacturing and Reproducing Magnetic and Optical Media ,2,2,0.0,0.0,0.0,0.0,0.0,0.0,0.0,0.0
2,4,"Manufacturing: Computer, Peripheral and Communications Equipment",,,00,000,33140,Michigan City-La Porte MSA,2021,333242,Semiconductor Machinery Manufacturing ,2,2,0.0,0.0,0.0,0.0,0.0,0.0,0.0,0.0
2,4,"Manufacturing: Computer, Peripheral and Communications Equipment",,,00,000,33140,Michigan City-La Porte MSA,2021,334111,Electronic Computer Manufacturing ,2,2,0.0,0.0,0.0,0.0,1.4652216875,0.0,0.0,0.0
2,4,"Manufacturing: Computer, Peripheral and Communications Equipment",,,00,000,33140,Michigan City-La Porte MSA,2021,334112,Computer Storage Device Manufacturing ,2,2,0.0,0.0,0.0,0.0,0.0,0.0,0.0,0.0
2,4,"Manufacturing: Computer, Peripheral and Communications Equipment",,,00,000,33140,Michigan City-La Porte MSA,2021,334118,Computer Terminal and Other Computer Peripheral Equipment Manufacturing ,2,2,0.0,0.0,0.0,0.0,0.0,0.0,0.0,0.0
2,4,"Manufacturing: Computer, Peripheral and Communications Equipment",,,00,000,33140,Michigan City-La Porte MSA,2021,334210,Telephone Apparatus Manufacturing,2,2,0.0,0.0,0.0,0.0,0.0,0.0,0.0,0.0
2,4,"Manufacturing: Computer, Peripheral and Communications Equipment",,,00,000,33140,Michigan City-La Porte MSA,2021,334220,Radio and Television Broadcasting and Wireless Communications Equipment Manufacturing,2,2,0.0,0.0,0.0,0.0,0.0,0.0,0.0,0.0
2,4,"Manufacturing: Computer, Peripheral and Communications Equipment",,,00,000,33140,Michigan City-La Porte MSA,2021,334290,Other Communications Equipment Manufacturing,2,2,0.0,0.0,0.0,0.0,0.0,0.0,0.0,0.0
2,4,"Manufacturing: Computer, Peripheral and Communications Equipment",,,00,000,33140,Michigan City-La Porte MSA,2021,334310,Audio and Video Equipment Manufacturing,2,2,0.0,0.0,0.0,0.0,0.0,0.0,0.0,0.0
2,4,"Manufacturing: Computer, Peripheral and Communications Equipment",,,00,000,33140,Michigan City-La Porte MSA,2021,334412,Bare Printed Circuit Board Manufacturing  ,2,2,0.0,0.0,0.0,0.0,0.0,0.0,0.0,0.0
2,4,"Manufacturing: Computer, Peripheral and Communications Equipment",,,00,000,33140,Michigan City-La Porte MSA,2021,334413,Semiconductor and Related Device Manufacturing ,2,2,0.0,0.0,0.0,0.0,0.0,0.0,0.0,0.0
2,4,"Manufacturing: Computer, Peripheral and Communications Equipment",,,00,000,33140,Michigan City-La Porte MSA,2021,334416,"Capacitor, Resistor, Coil, Transformer, and Other Inductor Manufacturing ",2,2,0.0,0.0,0.0,0.0,0.0,0.0,0.0,0.0
2,4,"Manufacturing: Computer, Peripheral and Communications Equipment",,,00,000,33140,Michigan City-La Porte MSA,2021,334417,Electronic Connector Manufacturing ,2,2,0.0,0.0,0.0,0.0,0.0,0.0,0.0,0.0
2,4,"Manufacturing: Computer, Peripheral and Communications Equipment",,,00,000,33140,Michigan City-La Porte MSA,2021,334418,Printed Circuit Assembly (Electronic Assembly) Manufacturing ,2,2,0.0,0.0,0.0,0.0,0.413983954278,0.0,0.0,0.0
2,4,"Manufacturing: Computer, Peripheral and Communications Equipment",,,00,000,33140,Michigan City-La Porte MSA,2021,334419,Other Electronic Component Manufacturing ,2,2,0.0,0.0,0.0,0.0,0.0,0.0,0.0,0.0
2,4,"Manufacturing: Computer, Peripheral and Communications Equipment",,,00,000,33140,Michigan City-La Porte MSA,2021,334510,Electromedical and Electrotherapeutic Apparatus Manufacturing ,2,2,0.0,0.0,0.0,0.0,0.0,0.0,0.0,0.0
2,4,"Manufacturing: Computer, Peripheral and Communications Equipment",,,00,000,33140,Michigan City-La Porte MSA,2021,334511,"Search, Detection, Navigation, Guidance, Aeronautical, and Nautical System and Instrument Manufacturing ",2,2,0.0,0.0,0.0,0.0,0.0,0.0,0.0,0.0
2,4,"Manufacturing: Computer, Peripheral and Communications Equipment",,,00,000,33140,Michigan City-La Porte MSA,2021,334512,"Automatic Environmental Control Manufacturing for Residential, Commercial, and Appliance Use ",2,2,0.0,0.0,0.0,0.0,0.0,0.0,0.0,0.0
2,4,"Manufacturing: Computer, Peripheral and Communications Equipment",,,00,000,33140,Michigan City-La Porte MSA,2021,334513,"Instruments and Related Products Manufacturing for Measuring, Displaying, and Controlling Industrial Process Variables ",2,2,2.36544833918,11.8373682044,0.0,16.6855535995,305.678262692,2.81415639304,0.117666613984,7.06225320546
2,4,"Manufacturing: Computer, Peripheral and Communications Equipment",,,00,000,33140,Michigan City-La Porte MSA,2021,334514,Totalizing Fluid Meter and Counting Device Manufacturing ,2,2,0.0,0.0,0.0,0.0,0.0,0.0,0.0,0.0
2,4,"Manufacturing: Computer, Peripheral and Communications Equipment",,,00,000,33140,Michigan City-La Porte MSA,2021,334515,Instrument Manufacturing for Measuring and Testing Electricity and Electrical Signals ,2,2,0.0,0.0,0.0,0.0,0.0,0.0,0.0,0.0
2,4,"Manufacturing: Computer, Peripheral and Communications Equipment",,,00,000,33140,Michigan City-La Porte MSA,2021,334516,Analytical Laboratory Instrument Manufacturing ,2,2,0.0,0.0,0.0,0.0,0.0,0.0,0.0,0.0
2,4,"Manufacturing: Computer, Peripheral and Communications Equipment",,,00,000,33140,Michigan City-La Porte MSA,2021,334517,Irradiation Apparatus Manufacturing ,2,2,0.0,0.0,0.0,0.0,0.0,0.0,0.0,0.0
2,4,"Manufacturing: Computer, Peripheral and Communications Equipment",,,00,000,33140,Michigan City-La Porte MSA,2021,334519,Other Measuring and Controlling Device Manufacturing ,2,2,0.0,0.0,0.0,0.0,0.0,0.0,0.0,0.0
2,4,"Manufacturing: Computer, Peripheral and Communications Equipment",,,00,000,33140,Michigan City-La Porte MSA,2021,334610,Manufacturing and Reproducing Magnetic and Optical Media ,2,2,0.0,0.0,0.0,0.0,0.0,0.0,0.0,0.0
2,4,"Manufacturing: Computer, Peripheral and Communications Equipment",,,00,000,33140,Michigan City-La Porte MSA,2022,333242,Semiconductor Machinery Manufacturing ,2,2,0.0,0.0,0.0,0.0,0.0,0.0,0.0,0.0
2,4,"Manufacturing: Computer, Peripheral and Communications Equipment",,,00,000,33140,Michigan City-La Porte MSA,2022,334111,Electronic Computer Manufacturing ,2,2,0.0,0.0,0.0,0.0,2.2467839368,0.0,0.0,0.0
2,4,"Manufacturing: Computer, Peripheral and Communications Equipment",,,00,000,33140,Michigan City-La Porte MSA,2022,334112,Computer Storage Device Manufacturing ,2,2,0.0,0.0,0.0,0.0,0.0,0.0,0.0,0.0
2,4,"Manufacturing: Computer, Peripheral and Communications Equipment",,,00,000,33140,Michigan City-La Porte MSA,2022,334118,Computer Terminal and Other Computer Peripheral Equipment Manufacturing ,2,2,0.0,0.0,0.0,0.0,0.0,0.0,0.0,0.0
2,4,"Manufacturing: Computer, Peripheral and Communications Equipment",,,00,000,33140,Michigan City-La Porte MSA,2022,334210,Telephone Apparatus Manufacturing,2,2,0.0,0.0,0.0,0.0,0.0,0.0,0.0,0.0
2,4,"Manufacturing: Computer, Peripheral and Communications Equipment",,,00,000,33140,Michigan City-La Porte MSA,2022,334220,Radio and Television Broadcasting and Wireless Communications Equipment Manufacturing,2,2,0.0,0.0,0.0,0.0,0.0,0.0,0.0,0.0
2,4,"Manufacturing: Computer, Peripheral and Communications Equipment",,,00,000,33140,Michigan City-La Porte MSA,2022,334290,Other Communications Equipment Manufacturing,2,2,0.0,0.0,0.0,0.0,0.0,0.0,0.0,0.0
2,4,"Manufacturing: Computer, Peripheral and Communications Equipment",,,00,000,33140,Michigan City-La Porte MSA,2022,334310,Audio and Video Equipment Manufacturing,2,2,0.0,0.0,0.0,0.0,0.0,0.0,0.0,0.0
2,4,"Manufacturing: Computer, Peripheral and Communications Equipment",,,00,000,33140,Michigan City-La Porte MSA,2022,334412,Bare Printed Circuit Board Manufacturing  ,2,2,0.0,0.0,0.0,0.0,0.0,0.0,0.0,0.0
2,4,"Manufacturing: Computer, Peripheral and Communications Equipment",,,00,000,33140,Michigan City-La Porte MSA,2022,334413,Semiconductor and Related Device Manufacturing ,2,2,0.0,0.0,0.0,0.0,0.0,0.0,0.0,0.0
2,4,"Manufacturing: Computer, Peripheral and Communications Equipment",,,00,000,33140,Michigan City-La Porte MSA,2022,334416,"Capacitor, Resistor, Coil, Transformer, and Other Inductor Manufacturing ",2,2,0.0,0.0,0.0,0.0,0.0,0.0,0.0,0.0
2,4,"Manufacturing: Computer, Peripheral and Communications Equipment",,,00,000,33140,Michigan City-La Porte MSA,2022,334417,Electronic Connector Manufacturing ,2,2,0.0,0.0,0.0,0.0,0.0,0.0,0.0,0.0
2,4,"Manufacturing: Computer, Peripheral and Communications Equipment",,,00,000,33140,Michigan City-La Porte MSA,2022,334418,Printed Circuit Assembly (Electronic Assembly) Manufacturing ,2,2,0.0,0.0,0.0,0.0,0.787931454844,0.0,0.0,0.0
2,4,"Manufacturing: Computer, Peripheral and Communications Equipment",,,00,000,33140,Michigan City-La Porte MSA,2022,334419,Other Electronic Component Manufacturing ,2,2,0.0,0.0,0.0,0.0,0.0,0.0,0.0,0.0
2,4,"Manufacturing: Computer, Peripheral and Communications Equipment",,,00,000,33140,Michigan City-La Porte MSA,2022,334510,Electromedical and Electrotherapeutic Apparatus Manufacturing ,2,2,0.0,0.0,0.0,0.0,0.0,0.0,0.0,0.0
2,4,"Manufacturing: Computer, Peripheral and Communications Equipment",,,00,000,33140,Michigan City-La Porte MSA,2022,334511,"Search, Detection, Navigation, Guidance, Aeronautical, and Nautical System and Instrument Manufacturing ",2,2,0.0,0.0,0.0,0.0,0.0,0.0,0.0,0.0
2,4,"Manufacturing: Computer, Peripheral and Communications Equipment",,,00,000,33140,Michigan City-La Porte MSA,2022,334512,"Automatic Environmental Control Manufacturing for Residential, Commercial, and Appliance Use ",2,2,0.0,0.0,0.0,0.0,0.0,0.0,0.0,0.0
2,4,"Manufacturing: Computer, Peripheral and Communications Equipment",,,00,000,33140,Michigan City-La Porte MSA,2022,334513,"Instruments and Related Products Manufacturing for Measuring, Displaying, and Controlling Industrial Process Variables ",2,2,1.83328943449,14.2547583108,0.0,20.3441259304,334.824264918,3.14929856885,0.12417166869,7.88866112107
2,4,"Manufacturing: Computer, Peripheral and Communications Equipment",,,00,000,33140,Michigan City-La Porte MSA,2022,334514,Totalizing Fluid Meter and Counting Device Manufacturing ,2,2,0.0,0.0,0.0,0.0,0.0,0.0,0.0,0.0
2,4,"Manufacturing: Computer, Peripheral and Communications Equipment",,,00,000,33140,Michigan City-La Porte MSA,2022,334515,Instrument Manufacturing for Measuring and Testing Electricity and Electrical Signals ,2,2,0.0,0.0,0.0,0.0,0.0,0.0,0.0,0.0
2,4,"Manufacturing: Computer, Peripheral and Communications Equipment",,,00,000,33140,Michigan City-La Porte MSA,2022,334516,Analytical Laboratory Instrument Manufacturing ,2,2,0.0,0.0,0.0,0.0,0.0,0.0,0.0,0.0
2,4,"Manufacturing: Computer, Peripheral and Communications Equipment",,,00,000,33140,Michigan City-La Porte MSA,2022,334517,Irradiation Apparatus Manufacturing ,2,2,0.0,0.0,0.0,0.0,0.0,0.0,0.0,0.0
2,4,"Manufacturing: Computer, Peripheral and Communications Equipment",,,00,000,33140,Michigan City-La Porte MSA,2022,334519,Other Measuring and Controlling Device Manufacturing ,2,2,0.0,0.0,0.0,0.0,0.0,0.0,0.0,0.0
2,4,"Manufacturing: Computer, Peripheral and Communications Equipment",,,00,000,33140,Michigan City-La Porte MSA,2022,334610,Manufacturing and Reproducing Magnetic and Optical Media ,2,2,0.0,0.0,0.0,0.0,0.0,0.0,0.0,0.0
2,4,"Manufacturing: Computer, Peripheral and Communications Equipment",,,00,000,33140,Michigan City-La Porte MSA,2023,333242,Semiconductor Machinery Manufacturing ,2,2,0.0,0.0,0.0,0.0,0.0,0.0,0.0,0.0
2,4,"Manufacturing: Computer, Peripheral and Communications Equipment",,,00,000,33140,Michigan City-La Porte MSA,2023,334111,Electronic Computer Manufacturing ,2,2,0.0,0.0,0.0,0.0,0.486603599681,0.0,0.0,0.0
2,4,"Manufacturing: Computer, Peripheral and Communications Equipment",,,00,000,33140,Michigan City-La Porte MSA,2023,334112,Computer Storage Device Manufacturing ,2,2,0.0,0.0,0.0,0.0,0.0,0.0,0.0,0.0
2,4,"Manufacturing: Computer, Peripheral and Communications Equipment",,,00,000,33140,Michigan City-La Porte MSA,2023,334118,Computer Terminal and Other Computer Peripheral Equipment Manufacturing ,2,2,0.0,0.0,0.0,0.0,0.0,0.0,0.0,0.0
2,4,"Manufacturing: Computer, Peripheral and Communications Equipment",,,00,000,33140,Michigan City-La Porte MSA,2023,334210,Telephone Apparatus Manufacturing,2,2,0.0,0.0,0.0,0.0,0.0,0.0,0.0,0.0
2,4,"Manufacturing: Computer, Peripheral and Communications Equipment",,,00,000,33140,Michigan City-La Porte MSA,2023,334220,Radio and Television Broadcasting and Wireless Communications Equipment Manufacturing,2,2,0.0,0.0,0.0,0.0,0.0,0.0,0.0,0.0
2,4,"Manufacturing: Computer, Peripheral and Communications Equipment",,,00,000,33140,Michigan City-La Porte MSA,2023,334290,Other Communications Equipment Manufacturing,2,2,0.0,0.0,0.0,0.0,0.0,0.0,0.0,0.0
2,4,"Manufacturing: Computer, Peripheral and Communications Equipment",,,00,000,33140,Michigan City-La Porte MSA,2023,334310,Audio and Video Equipment Manufacturing,2,2,0.0,0.0,0.0,0.0,0.0,0.0,0.0,0.0
2,4,"Manufacturing: Computer, Peripheral and Communications Equipment",,,00,000,33140,Michigan City-La Porte MSA,2023,334412,Bare Printed Circuit Board Manufacturing  ,2,2,0.0,0.0,0.0,0.0,0.0,0.0,0.0,0.0
2,4,"Manufacturing: Computer, Peripheral and Communications Equipment",,,00,000,33140,Michigan City-La Porte MSA,2023,334413,Semiconductor and Related Device Manufacturing ,2,2,0.0,0.0,0.0,0.0,0.0,0.0,0.0,0.0
2,4,"Manufacturing: Computer, Peripheral and Communications Equipment",,,00,000,33140,Michigan City-La Porte MSA,2023,334416,"Capacitor, Resistor, Coil, Transformer, and Other Inductor Manufacturing ",2,2,0.0,0.0,0.0,0.0,0.0,0.0,0.0,0.0
2,4,"Manufacturing: Computer, Peripheral and Communications Equipment",,,00,000,33140,Michigan City-La Porte MSA,2023,334417,Electronic Connector Manufacturing ,2,2,0.0,0.0,0.0,0.0,0.0,0.0,0.0,0.0
2,4,"Manufacturing: Computer, Peripheral and Communications Equipment",,,00,000,33140,Michigan City-La Porte MSA,2023,334418,Printed Circuit Assembly (Electronic Assembly) Manufacturing ,2,2,0.0,0.0,0.0,0.0,0.934843504095,0.0,0.0,0.0
2,4,"Manufacturing: Computer, Peripheral and Communications Equipment",,,00,000,33140,Michigan City-La Porte MSA,2023,334419,Other Electronic Component Manufacturing ,2,2,0.0,0.0,0.0,0.0,0.0,0.0,0.0,0.0
2,4,"Manufacturing: Computer, Peripheral and Communications Equipment",,,00,000,33140,Michigan City-La Porte MSA,2023,334510,Electromedical and Electrotherapeutic Apparatus Manufacturing ,2,2,0.0,0.0,0.0,0.0,0.0,0.0,0.0,0.0
2,4,"Manufacturing: Computer, Peripheral and Communications Equipment",,,00,000,33140,Michigan City-La Porte MSA,2023,334511,"Search, Detection, Navigation, Guidance, Aeronautical, and Nautical System and Instrument Manufacturing ",2,2,0.0,0.0,0.0,0.0,0.0,0.0,0.0,0.0
2,4,"Manufacturing: Computer, Peripheral and Communications Equipment",,,00,000,33140,Michigan City-La Porte MSA,2023,334512,"Automatic Environmental Control Manufacturing for Residential, Commercial, and Appliance Use ",2,2,0.0,0.0,0.0,0.0,0.0,0.0,0.0,0.0
2,4,"Manufacturing: Computer, Peripheral and Communications Equipment",,,00,000,33140,Michigan City-La Porte MSA,2023,334513,"Instruments and Related Products Manufacturing for Measuring, Displaying, and Controlling Industrial Process Variables ",2,2,2.71116536463,9.86704827636,0.0,13.5786752575,283.238216153,1.86846995608,0.105871788258,5.51226589908
2,4,"Manufacturing: Computer, Peripheral and Communications Equipment",,,00,000,33140,Michigan City-La Porte MSA,2023,334514,Totalizing Fluid Meter and Counting Device Manufacturing ,2,2,0.0,0.0,0.0,0.0,0.0,0.0,0.0,0.0
2,4,"Manufacturing: Computer, Peripheral and Communications Equipment",,,00,000,33140,Michigan City-La Porte MSA,2023,334515,Instrument Manufacturing for Measuring and Testing Electricity and Electrical Signals ,2,2,0.0,0.0,0.0,0.0,0.0,0.0,0.0,0.0
2,4,"Manufacturing: Computer, Peripheral and Communications Equipment",,,00,000,33140,Michigan City-La Porte MSA,2023,334516,Analytical Laboratory Instrument Manufacturing ,2,2,0.0,0.0,0.0,0.0,0.0,0.0,0.0,0.0
2,4,"Manufacturing: Computer, Peripheral and Communications Equipment",,,00,000,33140,Michigan City-La Porte MSA,2023,334517,Irradiation Apparatus Manufacturing ,2,2,0.0,0.0,0.0,0.0,0.0,0.0,0.0,0.0
2,4,"Manufacturing: Computer, Peripheral and Communications Equipment",,,00,000,33140,Michigan City-La Porte MSA,2023,334519,Other Measuring and Controlling Device Manufacturing ,2,2,0.0,0.0,0.0,0.0,0.0,0.0,0.0,0.0
2,4,"Manufacturing: Computer, Peripheral and Communications Equipment",,,00,000,33140,Michigan City-La Porte MSA,2023,334610,Manufacturing and Reproducing Magnetic and Optical Media ,2,2,0.0,0.0,0.0,0.0,0.0,0.0,0.0,0.0
2,4,"Manufacturing: Computer, Peripheral and Communications Equipment",,,00,000,34620,Muncie MSA,2019,333242,Semiconductor Machinery Manufacturing ,2,2,0.0,0.0,0.0,0.0,0.0,0.0,0.0,0.0
2,4,"Manufacturing: Computer, Peripheral and Communications Equipment",,,00,000,34620,Muncie MSA,2019,334111,Electronic Computer Manufacturing ,2,2,0.0,0.0,0.0,0.0,0.0,0.0,0.0,0.0
2,4,"Manufacturing: Computer, Peripheral and Communications Equipment",,,00,000,34620,Muncie MSA,2019,334112,Computer Storage Device Manufacturing ,2,2,0.0,0.0,0.0,0.0,0.0,0.0,0.0,0.0
2,4,"Manufacturing: Computer, Peripheral and Communications Equipment",,,00,000,34620,Muncie MSA,2019,334118,Computer Terminal and Other Computer Peripheral Equipment Manufacturing ,2,2,0.0,0.0,0.0,0.0,0.0,0.0,0.0,0.0
2,4,"Manufacturing: Computer, Peripheral and Communications Equipment",,,00,000,34620,Muncie MSA,2019,334210,Telephone Apparatus Manufacturing,2,2,0.0,0.0,0.0,0.0,0.0,0.0,0.0,0.0
2,4,"Manufacturing: Computer, Peripheral and Communications Equipment",,,00,000,34620,Muncie MSA,2019,334220,Radio and Television Broadcasting and Wireless Communications Equipment Manufacturing,2,2,0.0,0.0,0.0,0.0,0.0,0.0,0.0,0.0
2,4,"Manufacturing: Computer, Peripheral and Communications Equipment",,,00,000,34620,Muncie MSA,2019,334290,Other Communications Equipment Manufacturing,2,2,0.0,0.0,0.0,0.0,0.0,0.0,0.0,0.0
2,4,"Manufacturing: Computer, Peripheral and Communications Equipment",,,00,000,34620,Muncie MSA,2019,334310,Audio and Video Equipment Manufacturing,2,2,0.0,0.0,0.0,0.0,0.0,0.0,0.0,0.0
2,4,"Manufacturing: Computer, Peripheral and Communications Equipment",,,00,000,34620,Muncie MSA,2019,334412,Bare Printed Circuit Board Manufacturing  ,2,2,0.0,0.0,0.0,0.0,0.0,0.0,0.0,0.0
2,4,"Manufacturing: Computer, Peripheral and Communications Equipment",,,00,000,34620,Muncie MSA,2019,334413,Semiconductor and Related Device Manufacturing ,2,2,0.0,0.0,0.0,0.0,0.0,0.0,0.0,0.0
2,4,"Manufacturing: Computer, Peripheral and Communications Equipment",,,00,000,34620,Muncie MSA,2019,334416,"Capacitor, Resistor, Coil, Transformer, and Other Inductor Manufacturing ",2,2,0.0,0.0,0.0,0.0,0.0,0.0,0.0,0.0
2,4,"Manufacturing: Computer, Peripheral and Communications Equipment",,,00,000,34620,Muncie MSA,2019,334417,Electronic Connector Manufacturing ,2,2,0.0,0.0,0.0,0.0,0.0,0.0,0.0,0.0
2,4,"Manufacturing: Computer, Peripheral and Communications Equipment",,,00,000,34620,Muncie MSA,2019,334418,Printed Circuit Assembly (Electronic Assembly) Manufacturing ,2,2,0.0,0.0,0.0,0.0,0.0,0.0,0.0,0.0
2,4,"Manufacturing: Computer, Peripheral and Communications Equipment",,,00,000,34620,Muncie MSA,2019,334419,Other Electronic Component Manufacturing ,2,2,0.0,0.0,0.0,0.0,0.0,0.0,0.0,0.0
2,4,"Manufacturing: Computer, Peripheral and Communications Equipment",,,00,000,34620,Muncie MSA,2019,334510,Electromedical and Electrotherapeutic Apparatus Manufacturing ,2,2,0.0,0.0,0.0,0.0,0.0,0.0,0.0,0.0
2,4,"Manufacturing: Computer, Peripheral and Communications Equipment",,,00,000,34620,Muncie MSA,2019,334511,"Search, Detection, Navigation, Guidance, Aeronautical, and Nautical System and Instrument Manufacturing ",2,2,0.0,0.0,0.0,0.0,0.0,0.0,0.0,0.0
2,4,"Manufacturing: Computer, Peripheral and Communications Equipment",,,00,000,34620,Muncie MSA,2019,334512,"Automatic Environmental Control Manufacturing for Residential, Commercial, and Appliance Use ",2,2,0.0,0.0,0.0,0.0,0.0,0.0,0.0,0.0
2,4,"Manufacturing: Computer, Peripheral and Communications Equipment",,,00,000,34620,Muncie MSA,2019,334513,"Instruments and Related Products Manufacturing for Measuring, Displaying, and Controlling Industrial Process Variables ",2,2,0.0,0.0,0.0,0.0,0.0,0.0,0.0,0.0
2,4,"Manufacturing: Computer, Peripheral and Communications Equipment",,,00,000,34620,Muncie MSA,2019,334514,Totalizing Fluid Meter and Counting Device Manufacturing ,2,2,0.0,0.0,0.0,0.0,0.0,0.0,0.0,0.0
2,4,"Manufacturing: Computer, Peripheral and Communications Equipment",,,00,000,34620,Muncie MSA,2019,334515,Instrument Manufacturing for Measuring and Testing Electricity and Electrical Signals ,2,2,0.0,0.0,0.0,0.0,0.0,0.0,0.0,0.0
2,4,"Manufacturing: Computer, Peripheral and Communications Equipment",,,00,000,34620,Muncie MSA,2019,334516,Analytical Laboratory Instrument Manufacturing ,2,2,0.0,0.0,0.0,0.0,0.0,0.0,0.0,0.0
2,4,"Manufacturing: Computer, Peripheral and Communications Equipment",,,00,000,34620,Muncie MSA,2019,334517,Irradiation Apparatus Manufacturing ,2,2,0.0,0.0,0.0,0.0,0.0,0.0,0.0,0.0
2,4,"Manufacturing: Computer, Peripheral and Communications Equipment",,,00,000,34620,Muncie MSA,2019,334519,Other Measuring and Controlling Device Manufacturing ,2,2,0.0,0.0,0.0,0.0,0.0,0.0,0.0,0.0
2,4,"Manufacturing: Computer, Peripheral and Communications Equipment",,,00,000,34620,Muncie MSA,2019,334610,Manufacturing and Reproducing Magnetic and Optical Media ,2,2,0.0,0.0,0.0,0.0,0.0,0.0,0.0,0.0
2,4,"Manufacturing: Computer, Peripheral and Communications Equipment",,,00,000,34620,Muncie MSA,2020,333242,Semiconductor Machinery Manufacturing ,2,2,0.0,0.0,0.0,0.0,0.0,0.0,0.0,0.0
2,4,"Manufacturing: Computer, Peripheral and Communications Equipment",,,00,000,34620,Muncie MSA,2020,334111,Electronic Computer Manufacturing ,2,2,0.0,0.0,0.0,0.0,0.0,0.0,0.0,0.0
2,4,"Manufacturing: Computer, Peripheral and Communications Equipment",,,00,000,34620,Muncie MSA,2020,334112,Computer Storage Device Manufacturing ,2,2,0.0,0.0,0.0,0.0,0.0,0.0,0.0,0.0
2,4,"Manufacturing: Computer, Peripheral and Communications Equipment",,,00,000,34620,Muncie MSA,2020,334118,Computer Terminal and Other Computer Peripheral Equipment Manufacturing ,2,2,0.0,0.0,0.0,0.0,0.0,0.0,0.0,0.0
2,4,"Manufacturing: Computer, Peripheral and Communications Equipment",,,00,000,34620,Muncie MSA,2020,334210,Telephone Apparatus Manufacturing,2,2,0.0,0.0,0.0,0.0,0.0,0.0,0.0,0.0
2,4,"Manufacturing: Computer, Peripheral and Communications Equipment",,,00,000,34620,Muncie MSA,2020,334220,Radio and Television Broadcasting and Wireless Communications Equipment Manufacturing,2,2,0.0,0.0,0.0,0.0,0.0,0.0,0.0,0.0
2,4,"Manufacturing: Computer, Peripheral and Communications Equipment",,,00,000,34620,Muncie MSA,2020,334290,Other Communications Equipment Manufacturing,2,2,0.0,0.0,0.0,0.0,0.0,0.0,0.0,0.0
2,4,"Manufacturing: Computer, Peripheral and Communications Equipment",,,00,000,34620,Muncie MSA,2020,334310,Audio and Video Equipment Manufacturing,2,2,0.0,0.0,0.0,0.0,0.0,0.0,0.0,0.0
2,4,"Manufacturing: Computer, Peripheral and Communications Equipment",,,00,000,34620,Muncie MSA,2020,334412,Bare Printed Circuit Board Manufacturing  ,2,2,0.0,0.0,0.0,0.0,0.0,0.0,0.0,0.0
2,4,"Manufacturing: Computer, Peripheral and Communications Equipment",,,00,000,34620,Muncie MSA,2020,334413,Semiconductor and Related Device Manufacturing ,2,2,0.0,0.0,0.0,0.0,0.0,0.0,0.0,0.0
2,4,"Manufacturing: Computer, Peripheral and Communications Equipment",,,00,000,34620,Muncie MSA,2020,334416,"Capacitor, Resistor, Coil, Transformer, and Other Inductor Manufacturing ",2,2,0.0,0.0,0.0,0.0,0.0,0.0,0.0,0.0
2,4,"Manufacturing: Computer, Peripheral and Communications Equipment",,,00,000,34620,Muncie MSA,2020,334417,Electronic Connector Manufacturing ,2,2,0.0,0.0,0.0,0.0,0.0,0.0,0.0,0.0
2,4,"Manufacturing: Computer, Peripheral and Communications Equipment",,,00,000,34620,Muncie MSA,2020,334418,Printed Circuit Assembly (Electronic Assembly) Manufacturing ,2,2,0.0,0.0,0.0,0.0,0.0,0.0,0.0,0.0
2,4,"Manufacturing: Computer, Peripheral and Communications Equipment",,,00,000,34620,Muncie MSA,2020,334419,Other Electronic Component Manufacturing ,2,2,0.0,0.0,0.0,0.0,0.0,0.0,0.0,0.0
2,4,"Manufacturing: Computer, Peripheral and Communications Equipment",,,00,000,34620,Muncie MSA,2020,334510,Electromedical and Electrotherapeutic Apparatus Manufacturing ,2,2,0.0,0.0,0.0,0.0,0.0,0.0,0.0,0.0
2,4,"Manufacturing: Computer, Peripheral and Communications Equipment",,,00,000,34620,Muncie MSA,2020,334511,"Search, Detection, Navigation, Guidance, Aeronautical, and Nautical System and Instrument Manufacturing ",2,2,0.0,0.0,0.0,0.0,0.0,0.0,0.0,0.0
2,4,"Manufacturing: Computer, Peripheral and Communications Equipment",,,00,000,34620,Muncie MSA,2020,334512,"Automatic Environmental Control Manufacturing for Residential, Commercial, and Appliance Use ",2,2,0.0,0.0,0.0,0.0,0.0,0.0,0.0,0.0
2,4,"Manufacturing: Computer, Peripheral and Communications Equipment",,,00,000,34620,Muncie MSA,2020,334513,"Instruments and Related Products Manufacturing for Measuring, Displaying, and Controlling Industrial Process Variables ",2,2,0.0,0.0,0.0,0.0,0.0,0.0,0.0,0.0
2,4,"Manufacturing: Computer, Peripheral and Communications Equipment",,,00,000,34620,Muncie MSA,2020,334514,Totalizing Fluid Meter and Counting Device Manufacturing ,2,2,0.0,0.0,0.0,0.0,0.0,0.0,0.0,0.0
2,4,"Manufacturing: Computer, Peripheral and Communications Equipment",,,00,000,34620,Muncie MSA,2020,334515,Instrument Manufacturing for Measuring and Testing Electricity and Electrical Signals ,2,2,0.0,0.0,0.0,0.0,0.0,0.0,0.0,0.0
2,4,"Manufacturing: Computer, Peripheral and Communications Equipment",,,00,000,34620,Muncie MSA,2020,334516,Analytical Laboratory Instrument Manufacturing ,2,2,0.0,0.0,0.0,0.0,0.0,0.0,0.0,0.0
2,4,"Manufacturing: Computer, Peripheral and Communications Equipment",,,00,000,34620,Muncie MSA,2020,334517,Irradiation Apparatus Manufacturing ,2,2,0.0,0.0,0.0,0.0,0.0,0.0,0.0,0.0
2,4,"Manufacturing: Computer, Peripheral and Communications Equipment",,,00,000,34620,Muncie MSA,2020,334519,Other Measuring and Controlling Device Manufacturing ,2,2,0.0,0.0,0.0,0.0,0.0,0.0,0.0,0.0
2,4,"Manufacturing: Computer, Peripheral and Communications Equipment",,,00,000,34620,Muncie MSA,2020,334610,Manufacturing and Reproducing Magnetic and Optical Media ,2,2,0.0,0.0,0.0,0.0,0.0,0.0,0.0,0.0
2,4,"Manufacturing: Computer, Peripheral and Communications Equipment",,,00,000,34620,Muncie MSA,2021,333242,Semiconductor Machinery Manufacturing ,2,2,0.0,0.0,0.0,0.0,0.0,0.0,0.0,0.0
2,4,"Manufacturing: Computer, Peripheral and Communications Equipment",,,00,000,34620,Muncie MSA,2021,334111,Electronic Computer Manufacturing ,2,2,0.0,0.0,0.0,0.0,0.0,0.0,0.0,0.0
2,4,"Manufacturing: Computer, Peripheral and Communications Equipment",,,00,000,34620,Muncie MSA,2021,334112,Computer Storage Device Manufacturing ,2,2,0.0,0.0,0.0,0.0,0.0,0.0,0.0,0.0
2,4,"Manufacturing: Computer, Peripheral and Communications Equipment",,,00,000,34620,Muncie MSA,2021,334118,Computer Terminal and Other Computer Peripheral Equipment Manufacturing ,2,2,0.0,0.0,0.0,0.0,0.0,0.0,0.0,0.0
2,4,"Manufacturing: Computer, Peripheral and Communications Equipment",,,00,000,34620,Muncie MSA,2021,334210,Telephone Apparatus Manufacturing,2,2,0.0,0.0,0.0,0.0,0.0,0.0,0.0,0.0
2,4,"Manufacturing: Computer, Peripheral and Communications Equipment",,,00,000,34620,Muncie MSA,2021,334220,Radio and Television Broadcasting and Wireless Communications Equipment Manufacturing,2,2,0.0,0.0,0.0,0.0,0.0,0.0,0.0,0.0
2,4,"Manufacturing: Computer, Peripheral and Communications Equipment",,,00,000,34620,Muncie MSA,2021,334290,Other Communications Equipment Manufacturing,2,2,0.0,0.0,0.0,0.0,0.0,0.0,0.0,0.0
2,4,"Manufacturing: Computer, Peripheral and Communications Equipment",,,00,000,34620,Muncie MSA,2021,334310,Audio and Video Equipment Manufacturing,2,2,0.0,0.0,0.0,0.0,0.0,0.0,0.0,0.0
2,4,"Manufacturing: Computer, Peripheral and Communications Equipment",,,00,000,34620,Muncie MSA,2021,334412,Bare Printed Circuit Board Manufacturing  ,2,2,0.0,0.0,0.0,0.0,0.0,0.0,0.0,0.0
2,4,"Manufacturing: Computer, Peripheral and Communications Equipment",,,00,000,34620,Muncie MSA,2021,334413,Semiconductor and Related Device Manufacturing ,2,2,0.0,0.0,0.0,0.0,0.0,0.0,0.0,0.0
2,4,"Manufacturing: Computer, Peripheral and Communications Equipment",,,00,000,34620,Muncie MSA,2021,334416,"Capacitor, Resistor, Coil, Transformer, and Other Inductor Manufacturing ",2,2,0.0,0.0,0.0,0.0,0.0,0.0,0.0,0.0
2,4,"Manufacturing: Computer, Peripheral and Communications Equipment",,,00,000,34620,Muncie MSA,2021,334417,Electronic Connector Manufacturing ,2,2,0.0,0.0,0.0,0.0,0.0,0.0,0.0,0.0
2,4,"Manufacturing: Computer, Peripheral and Communications Equipment",,,00,000,34620,Muncie MSA,2021,334418,Printed Circuit Assembly (Electronic Assembly) Manufacturing ,2,2,0.0,0.0,0.0,0.0,0.0,0.0,0.0,0.0
2,4,"Manufacturing: Computer, Peripheral and Communications Equipment",,,00,000,34620,Muncie MSA,2021,334419,Other Electronic Component Manufacturing ,2,2,0.0,0.0,0.0,0.0,0.0,0.0,0.0,0.0
2,4,"Manufacturing: Computer, Peripheral and Communications Equipment",,,00,000,34620,Muncie MSA,2021,334510,Electromedical and Electrotherapeutic Apparatus Manufacturing ,2,2,0.0,0.0,0.0,0.0,0.0,0.0,0.0,0.0
2,4,"Manufacturing: Computer, Peripheral and Communications Equipment",,,00,000,34620,Muncie MSA,2021,334511,"Search, Detection, Navigation, Guidance, Aeronautical, and Nautical System and Instrument Manufacturing ",2,2,0.0,0.0,0.0,0.0,0.0,0.0,0.0,0.0
2,4,"Manufacturing: Computer, Peripheral and Communications Equipment",,,00,000,34620,Muncie MSA,2021,334512,"Automatic Environmental Control Manufacturing for Residential, Commercial, and Appliance Use ",2,2,0.0,0.0,0.0,0.0,0.0,0.0,0.0,0.0
2,4,"Manufacturing: Computer, Peripheral and Communications Equipment",,,00,000,34620,Muncie MSA,2021,334513,"Instruments and Related Products Manufacturing for Measuring, Displaying, and Controlling Industrial Process Variables ",2,2,0.0,0.0,0.0,0.0,0.0,0.0,0.0,0.0
2,4,"Manufacturing: Computer, Peripheral and Communications Equipment",,,00,000,34620,Muncie MSA,2021,334514,Totalizing Fluid Meter and Counting Device Manufacturing ,2,2,0.0,0.0,0.0,0.0,0.0,0.0,0.0,0.0
2,4,"Manufacturing: Computer, Peripheral and Communications Equipment",,,00,000,34620,Muncie MSA,2021,334515,Instrument Manufacturing for Measuring and Testing Electricity and Electrical Signals ,2,2,0.0,0.0,0.0,0.0,0.0,0.0,0.0,0.0
2,4,"Manufacturing: Computer, Peripheral and Communications Equipment",,,00,000,34620,Muncie MSA,2021,334516,Analytical Laboratory Instrument Manufacturing ,2,2,0.0,0.0,0.0,0.0,0.0,0.0,0.0,0.0
2,4,"Manufacturing: Computer, Peripheral and Communications Equipment",,,00,000,34620,Muncie MSA,2021,334517,Irradiation Apparatus Manufacturing ,2,2,0.0,0.0,0.0,0.0,0.0,0.0,0.0,0.0
2,4,"Manufacturing: Computer, Peripheral and Communications Equipment",,,00,000,34620,Muncie MSA,2021,334519,Other Measuring and Controlling Device Manufacturing ,2,2,0.0,0.0,0.0,0.0,0.0,0.0,0.0,0.0
2,4,"Manufacturing: Computer, Peripheral and Communications Equipment",,,00,000,34620,Muncie MSA,2021,334610,Manufacturing and Reproducing Magnetic and Optical Media ,2,2,0.0,0.0,0.0,0.0,0.0,0.0,0.0,0.0
2,4,"Manufacturing: Computer, Peripheral and Communications Equipment",,,00,000,34620,Muncie MSA,2022,333242,Semiconductor Machinery Manufacturing ,2,2,0.0,0.0,0.0,0.0,0.0,0.0,0.0,0.0
2,4,"Manufacturing: Computer, Peripheral and Communications Equipment",,,00,000,34620,Muncie MSA,2022,334111,Electronic Computer Manufacturing ,2,2,0.0,0.0,0.0,0.0,0.0,0.0,0.0,0.0
2,4,"Manufacturing: Computer, Peripheral and Communications Equipment",,,00,000,34620,Muncie MSA,2022,334112,Computer Storage Device Manufacturing ,2,2,0.0,0.0,0.0,0.0,0.0,0.0,0.0,0.0
2,4,"Manufacturing: Computer, Peripheral and Communications Equipment",,,00,000,34620,Muncie MSA,2022,334118,Computer Terminal and Other Computer Peripheral Equipment Manufacturing ,2,2,0.0,0.0,0.0,0.0,0.0,0.0,0.0,0.0
2,4,"Manufacturing: Computer, Peripheral and Communications Equipment",,,00,000,34620,Muncie MSA,2022,334210,Telephone Apparatus Manufacturing,2,2,0.0,0.0,0.0,0.0,0.0,0.0,0.0,0.0
2,4,"Manufacturing: Computer, Peripheral and Communications Equipment",,,00,000,34620,Muncie MSA,2022,334220,Radio and Television Broadcasting and Wireless Communications Equipment Manufacturing,2,2,0.0,0.0,0.0,0.0,0.0,0.0,0.0,0.0
2,4,"Manufacturing: Computer, Peripheral and Communications Equipment",,,00,000,34620,Muncie MSA,2022,334290,Other Communications Equipment Manufacturing,2,2,0.0,0.0,0.0,0.0,0.0,0.0,0.0,0.0
2,4,"Manufacturing: Computer, Peripheral and Communications Equipment",,,00,000,34620,Muncie MSA,2022,334310,Audio and Video Equipment Manufacturing,2,2,0.0,0.0,0.0,0.0,0.0,0.0,0.0,0.0
2,4,"Manufacturing: Computer, Peripheral and Communications Equipment",,,00,000,34620,Muncie MSA,2022,334412,Bare Printed Circuit Board Manufacturing  ,2,2,0.0,0.0,0.0,0.0,0.0,0.0,0.0,0.0
2,4,"Manufacturing: Computer, Peripheral and Communications Equipment",,,00,000,34620,Muncie MSA,2022,334413,Semiconductor and Related Device Manufacturing ,2,2,0.0,0.0,0.0,0.0,0.0,0.0,0.0,0.0
2,4,"Manufacturing: Computer, Peripheral and Communications Equipment",,,00,000,34620,Muncie MSA,2022,334416,"Capacitor, Resistor, Coil, Transformer, and Other Inductor Manufacturing ",2,2,0.0,0.0,0.0,0.0,0.0,0.0,0.0,0.0
2,4,"Manufacturing: Computer, Peripheral and Communications Equipment",,,00,000,34620,Muncie MSA,2022,334417,Electronic Connector Manufacturing ,2,2,0.0,0.0,0.0,0.0,0.0,0.0,0.0,0.0
2,4,"Manufacturing: Computer, Peripheral and Communications Equipment",,,00,000,34620,Muncie MSA,2022,334418,Printed Circuit Assembly (Electronic Assembly) Manufacturing ,2,2,0.0,0.0,0.0,0.0,0.0,0.0,0.0,0.0
2,4,"Manufacturing: Computer, Peripheral and Communications Equipment",,,00,000,34620,Muncie MSA,2022,334419,Other Electronic Component Manufacturing ,2,2,0.0,0.0,0.0,0.0,0.0,0.0,0.0,0.0
2,4,"Manufacturing: Computer, Peripheral and Communications Equipment",,,00,000,34620,Muncie MSA,2022,334510,Electromedical and Electrotherapeutic Apparatus Manufacturing ,2,2,0.0,0.0,0.0,0.0,0.0,0.0,0.0,0.0
2,4,"Manufacturing: Computer, Peripheral and Communications Equipment",,,00,000,34620,Muncie MSA,2022,334511,"Search, Detection, Navigation, Guidance, Aeronautical, and Nautical System and Instrument Manufacturing ",2,2,0.0,0.0,0.0,0.0,0.0,0.0,0.0,0.0
2,4,"Manufacturing: Computer, Peripheral and Communications Equipment",,,00,000,34620,Muncie MSA,2022,334512,"Automatic Environmental Control Manufacturing for Residential, Commercial, and Appliance Use ",2,2,0.0,0.0,0.0,0.0,0.0,0.0,0.0,0.0
2,4,"Manufacturing: Computer, Peripheral and Communications Equipment",,,00,000,34620,Muncie MSA,2022,334513,"Instruments and Related Products Manufacturing for Measuring, Displaying, and Controlling Industrial Process Variables ",2,2,0.0,0.0,0.0,0.0,0.0,0.0,0.0,0.0
2,4,"Manufacturing: Computer, Peripheral and Communications Equipment",,,00,000,34620,Muncie MSA,2022,334514,Totalizing Fluid Meter and Counting Device Manufacturing ,2,2,0.0,0.0,0.0,0.0,0.0,0.0,0.0,0.0
2,4,"Manufacturing: Computer, Peripheral and Communications Equipment",,,00,000,34620,Muncie MSA,2022,334515,Instrument Manufacturing for Measuring and Testing Electricity and Electrical Signals ,2,2,0.0,0.0,0.0,0.0,0.0,0.0,0.0,0.0
2,4,"Manufacturing: Computer, Peripheral and Communications Equipment",,,00,000,34620,Muncie MSA,2022,334516,Analytical Laboratory Instrument Manufacturing ,2,2,0.0,0.0,0.0,0.0,0.0,0.0,0.0,0.0
2,4,"Manufacturing: Computer, Peripheral and Communications Equipment",,,00,000,34620,Muncie MSA,2022,334517,Irradiation Apparatus Manufacturing ,2,2,0.0,0.0,0.0,0.0,0.0,0.0,0.0,0.0
2,4,"Manufacturing: Computer, Peripheral and Communications Equipment",,,00,000,34620,Muncie MSA,2022,334519,Other Measuring and Controlling Device Manufacturing ,2,2,0.0,0.0,0.0,0.0,0.0,0.0,0.0,0.0
2,4,"Manufacturing: Computer, Peripheral and Communications Equipment",,,00,000,34620,Muncie MSA,2022,334610,Manufacturing and Reproducing Magnetic and Optical Media ,2,2,0.0,0.0,0.0,0.0,0.0,0.0,0.0,0.0
2,4,"Manufacturing: Computer, Peripheral and Communications Equipment",,,00,000,34620,Muncie MSA,2023,333242,Semiconductor Machinery Manufacturing ,2,2,0.0,0.0,0.0,0.0,0.0,0.0,0.0,0.0
2,4,"Manufacturing: Computer, Peripheral and Communications Equipment",,,00,000,34620,Muncie MSA,2023,334111,Electronic Computer Manufacturing ,2,2,0.0,0.0,0.0,0.0,0.0,0.0,0.0,0.0
2,4,"Manufacturing: Computer, Peripheral and Communications Equipment",,,00,000,34620,Muncie MSA,2023,334112,Computer Storage Device Manufacturing ,2,2,0.0,0.0,0.0,0.0,0.0,0.0,0.0,0.0
2,4,"Manufacturing: Computer, Peripheral and Communications Equipment",,,00,000,34620,Muncie MSA,2023,334118,Computer Terminal and Other Computer Peripheral Equipment Manufacturing ,2,2,0.0,0.0,0.0,0.0,0.0,0.0,0.0,0.0
2,4,"Manufacturing: Computer, Peripheral and Communications Equipment",,,00,000,34620,Muncie MSA,2023,334210,Telephone Apparatus Manufacturing,2,2,0.0,0.0,0.0,0.0,0.0,0.0,0.0,0.0
2,4,"Manufacturing: Computer, Peripheral and Communications Equipment",,,00,000,34620,Muncie MSA,2023,334220,Radio and Television Broadcasting and Wireless Communications Equipment Manufacturing,2,2,0.0,0.0,0.0,0.0,0.0,0.0,0.0,0.0
2,4,"Manufacturing: Computer, Peripheral and Communications Equipment",,,00,000,34620,Muncie MSA,2023,334290,Other Communications Equipment Manufacturing,2,2,0.0,0.0,0.0,0.0,0.0,0.0,0.0,0.0
2,4,"Manufacturing: Computer, Peripheral and Communications Equipment",,,00,000,34620,Muncie MSA,2023,334310,Audio and Video Equipment Manufacturing,2,2,0.0,0.0,0.0,0.0,0.0,0.0,0.0,0.0
2,4,"Manufacturing: Computer, Peripheral and Communications Equipment",,,00,000,34620,Muncie MSA,2023,334412,Bare Printed Circuit Board Manufacturing  ,2,2,0.0,0.0,0.0,0.0,0.0,0.0,0.0,0.0
2,4,"Manufacturing: Computer, Peripheral and Communications Equipment",,,00,000,34620,Muncie MSA,2023,334413,Semiconductor and Related Device Manufacturing ,2,2,0.0,0.0,0.0,0.0,0.0,0.0,0.0,0.0
2,4,"Manufacturing: Computer, Peripheral and Communications Equipment",,,00,000,34620,Muncie MSA,2023,334416,"Capacitor, Resistor, Coil, Transformer, and Other Inductor Manufacturing ",2,2,0.0,0.0,0.0,0.0,0.0,0.0,0.0,0.0
2,4,"Manufacturing: Computer, Peripheral and Communications Equipment",,,00,000,34620,Muncie MSA,2023,334417,Electronic Connector Manufacturing ,2,2,0.0,0.0,0.0,0.0,0.0,0.0,0.0,0.0
2,4,"Manufacturing: Computer, Peripheral and Communications Equipment",,,00,000,34620,Muncie MSA,2023,334418,Printed Circuit Assembly (Electronic Assembly) Manufacturing ,2,2,0.0,0.0,0.0,0.0,0.0,0.0,0.0,0.0
2,4,"Manufacturing: Computer, Peripheral and Communications Equipment",,,00,000,34620,Muncie MSA,2023,334419,Other Electronic Component Manufacturing ,2,2,0.0,0.0,0.0,0.0,0.0,0.0,0.0,0.0
2,4,"Manufacturing: Computer, Peripheral and Communications Equipment",,,00,000,34620,Muncie MSA,2023,334510,Electromedical and Electrotherapeutic Apparatus Manufacturing ,2,2,0.0,0.0,0.0,0.0,0.0,0.0,0.0,0.0
2,4,"Manufacturing: Computer, Peripheral and Communications Equipment",,,00,000,34620,Muncie MSA,2023,334511,"Search, Detection, Navigation, Guidance, Aeronautical, and Nautical System and Instrument Manufacturing ",2,2,0.0,0.0,0.0,0.0,0.0,0.0,0.0,0.0
2,4,"Manufacturing: Computer, Peripheral and Communications Equipment",,,00,000,34620,Muncie MSA,2023,334512,"Automatic Environmental Control Manufacturing for Residential, Commercial, and Appliance Use ",2,2,0.0,0.0,0.0,0.0,0.0,0.0,0.0,0.0
2,4,"Manufacturing: Computer, Peripheral and Communications Equipment",,,00,000,34620,Muncie MSA,2023,334513,"Instruments and Related Products Manufacturing for Measuring, Displaying, and Controlling Industrial Process Variables ",2,2,0.0,0.0,0.0,0.0,0.0,0.0,0.0,0.0
2,4,"Manufacturing: Computer, Peripheral and Communications Equipment",,,00,000,34620,Muncie MSA,2023,334514,Totalizing Fluid Meter and Counting Device Manufacturing ,2,2,0.0,0.0,0.0,0.0,0.0,0.0,0.0,0.0
2,4,"Manufacturing: Computer, Peripheral and Communications Equipment",,,00,000,34620,Muncie MSA,2023,334515,Instrument Manufacturing for Measuring and Testing Electricity and Electrical Signals ,2,2,0.0,0.0,0.0,0.0,0.0,0.0,0.0,0.0
2,4,"Manufacturing: Computer, Peripheral and Communications Equipment",,,00,000,34620,Muncie MSA,2023,334516,Analytical Laboratory Instrument Manufacturing ,2,2,0.0,0.0,0.0,0.0,0.0,0.0,0.0,0.0
2,4,"Manufacturing: Computer, Peripheral and Communications Equipment",,,00,000,34620,Muncie MSA,2023,334517,Irradiation Apparatus Manufacturing ,2,2,0.0,0.0,0.0,0.0,0.0,0.0,0.0,0.0
2,4,"Manufacturing: Computer, Peripheral and Communications Equipment",,,00,000,34620,Muncie MSA,2023,334519,Other Measuring and Controlling Device Manufacturing ,2,2,0.0,0.0,0.0,0.0,0.0,0.0,0.0,0.0
2,4,"Manufacturing: Computer, Peripheral and Communications Equipment",,,00,000,34620,Muncie MSA,2023,334610,Manufacturing and Reproducing Magnetic and Optical Media ,2,2,0.0,0.0,0.0,0.0,0.0,0.0,0.0,0.0
2,4,"Manufacturing: Computer, Peripheral and Communications Equipment",,,00,000,43780,South Bend-Mishawaka MSA,2019,333242,Semiconductor Machinery Manufacturing ,2,2,0.0,0.0,0.0,0.0,0.0,0.0,0.0,0.0
2,4,"Manufacturing: Computer, Peripheral and Communications Equipment",,,00,000,43780,South Bend-Mishawaka MSA,2019,334111,Electronic Computer Manufacturing ,2,2,0.0,0.0,0.0,0.0,0.0,0.0,0.0,0.0
2,4,"Manufacturing: Computer, Peripheral and Communications Equipment",,,00,000,43780,South Bend-Mishawaka MSA,2019,334112,Computer Storage Device Manufacturing ,2,2,0.0,0.0,0.0,0.0,0.0,0.0,0.0,0.0
2,4,"Manufacturing: Computer, Peripheral and Communications Equipment",,,00,000,43780,South Bend-Mishawaka MSA,2019,334118,Computer Terminal and Other Computer Peripheral Equipment Manufacturing ,2,2,0.0,0.961678610616,0.0,0.0,1.94736320877,0.0,0.330582600844,0.0
2,4,"Manufacturing: Computer, Peripheral and Communications Equipment",,,00,000,43780,South Bend-Mishawaka MSA,2019,334210,Telephone Apparatus Manufacturing,2,2,0.0,0.0,0.0,0.0,0.0,0.0,0.0,0.0
2,4,"Manufacturing: Computer, Peripheral and Communications Equipment",,,00,000,43780,South Bend-Mishawaka MSA,2019,334220,Radio and Television Broadcasting and Wireless Communications Equipment Manufacturing,2,2,0.649863407234,0.958397538128,0.0,0.0,9.01559389134,0.0,0.151382052003,0.0
2,4,"Manufacturing: Computer, Peripheral and Communications Equipment",,,00,000,43780,South Bend-Mishawaka MSA,2019,334290,Other Communications Equipment Manufacturing,2,2,0.0,0.0,0.0,0.0,0.0,0.0,0.0,0.0
2,4,"Manufacturing: Computer, Peripheral and Communications Equipment",,,00,000,43780,South Bend-Mishawaka MSA,2019,334310,Audio and Video Equipment Manufacturing,2,2,0.0,0.0,0.0,0.0,3.7170135709,0.0,0.0,0.0
2,4,"Manufacturing: Computer, Peripheral and Communications Equipment",,,00,000,43780,South Bend-Mishawaka MSA,2019,334412,Bare Printed Circuit Board Manufacturing  ,2,2,0.0,0.0,0.0,0.0,0.0,0.0,0.0,0.0
2,4,"Manufacturing: Computer, Peripheral and Communications Equipment",,,00,000,43780,South Bend-Mishawaka MSA,2019,334413,Semiconductor and Related Device Manufacturing ,2,2,0.0,0.0,0.0,0.0,0.4352443457,0.0,0.0,0.0
2,4,"Manufacturing: Computer, Peripheral and Communications Equipment",,,00,000,43780,South Bend-Mishawaka MSA,2019,334416,"Capacitor, Resistor, Coil, Transformer, and Other Inductor Manufacturing ",2,2,0.0,0.0,0.0,0.0,3.08427696199,0.0,0.0,0.0
2,4,"Manufacturing: Computer, Peripheral and Communications Equipment",,,00,000,43780,South Bend-Mishawaka MSA,2019,334417,Electronic Connector Manufacturing ,2,2,5.120108953,40.5061918964,0.543262556261,30.4491940031,225.062782301,2.730962925,0.278021253605,7.31797894087
2,4,"Manufacturing: Computer, Peripheral and Communications Equipment",,,00,000,43780,South Bend-Mishawaka MSA,2019,334418,Printed Circuit Assembly (Electronic Assembly) Manufacturing ,2,2,0.0,0.0,0.0,0.0,0.0,0.0,0.0,0.0
2,4,"Manufacturing: Computer, Peripheral and Communications Equipment",,,00,000,43780,South Bend-Mishawaka MSA,2019,334419,Other Electronic Component Manufacturing ,2,2,0.0,0.0,0.0,0.0,0.333335006647,0.0,0.0,0.0
2,4,"Manufacturing: Computer, Peripheral and Communications Equipment",,,00,000,43780,South Bend-Mishawaka MSA,2019,334510,Electromedical and Electrotherapeutic Apparatus Manufacturing ,2,2,0.0,0.0,0.0,0.0,0.934216801225,0.0,0.0,0.0
2,4,"Manufacturing: Computer, Peripheral and Communications Equipment",,,00,000,43780,South Bend-Mishawaka MSA,2019,334511,"Search, Detection, Navigation, Guidance, Aeronautical, and Nautical System and Instrument Manufacturing ",2,2,0.0,0.0,0.0,0.0,0.639309722671,0.0,0.0,0.0
2,4,"Manufacturing: Computer, Peripheral and Communications Equipment",,,00,000,43780,South Bend-Mishawaka MSA,2019,334512,"Automatic Environmental Control Manufacturing for Residential, Commercial, and Appliance Use ",2,2,0.0,0.0,0.0,0.0,0.0,0.0,0.0,0.0
2,4,"Manufacturing: Computer, Peripheral and Communications Equipment",,,00,000,43780,South Bend-Mishawaka MSA,2019,334513,"Instruments and Related Products Manufacturing for Measuring, Displaying, and Controlling Industrial Process Variables ",2,2,3.50834899916,2.66840621268,0.0,1.7154653148,43.5468084705,0.0,0.177248726893,1.48924944364
2,4,"Manufacturing: Computer, Peripheral and Communications Equipment",,,00,000,43780,South Bend-Mishawaka MSA,2019,334514,Totalizing Fluid Meter and Counting Device Manufacturing ,2,2,0.0,0.0,0.0,0.0,0.0,0.0,0.0,0.0
2,4,"Manufacturing: Computer, Peripheral and Communications Equipment",,,00,000,43780,South Bend-Mishawaka MSA,2019,334515,Instrument Manufacturing for Measuring and Testing Electricity and Electrical Signals ,2,2,0.0,0.0,0.0,0.0,0.0,0.0,0.0,0.0
2,4,"Manufacturing: Computer, Peripheral and Communications Equipment",,,00,000,43780,South Bend-Mishawaka MSA,2019,334516,Analytical Laboratory Instrument Manufacturing ,2,2,0.0,0.0,0.0,0.0,2.97434655916,0.0,0.0,0.0
2,4,"Manufacturing: Computer, Peripheral and Communications Equipment",,,00,000,43780,South Bend-Mishawaka MSA,2019,334517,Irradiation Apparatus Manufacturing ,2,2,0.0,0.0,0.0,0.0,3.24922661044,0.0,0.0,0.0
2,4,"Manufacturing: Computer, Peripheral and Communications Equipment",,,00,000,43780,South Bend-Mishawaka MSA,2019,334519,Other Measuring and Controlling Device Manufacturing ,2,2,1.15300833676,0.876963668616,0.0,0.563782511335,11.7412054867,0.0,0.18093908292,0.0
2,4,"Manufacturing: Computer, Peripheral and Communications Equipment",,,00,000,43780,South Bend-Mishawaka MSA,2019,334610,Manufacturing and Reproducing Magnetic and Optical Media ,2,2,0.0,0.0,0.0,0.0,0.0,0.0,0.0,0.0
2,4,"Manufacturing: Computer, Peripheral and Communications Equipment",,,00,000,43780,South Bend-Mishawaka MSA,2020,333242,Semiconductor Machinery Manufacturing ,2,2,0.0,0.0,0.0,0.0,0.0,0.0,0.0,0.0
2,4,"Manufacturing: Computer, Peripheral and Communications Equipment",,,00,000,43780,South Bend-Mishawaka MSA,2020,334111,Electronic Computer Manufacturing ,2,2,0.0,0.0,0.0,0.0,0.0,0.0,0.0,0.0
2,4,"Manufacturing: Computer, Peripheral and Communications Equipment",,,00,000,43780,South Bend-Mishawaka MSA,2020,334112,Computer Storage Device Manufacturing ,2,2,0.0,0.0,0.0,0.0,0.0,0.0,0.0,0.0
2,4,"Manufacturing: Computer, Peripheral and Communications Equipment",,,00,000,43780,South Bend-Mishawaka MSA,2020,334118,Computer Terminal and Other Computer Peripheral Equipment Manufacturing ,2,2,2.00956243577,0.0,0.0,0.0,8.23259537138,0.0,0.196204986645,0.0
2,4,"Manufacturing: Computer, Peripheral and Communications Equipment",,,00,000,43780,South Bend-Mishawaka MSA,2020,334210,Telephone Apparatus Manufacturing,2,2,0.0,0.0,0.0,0.0,0.0,0.0,0.0,0.0
2,4,"Manufacturing: Computer, Peripheral and Communications Equipment",,,00,000,43780,South Bend-Mishawaka MSA,2020,334220,Radio and Television Broadcasting and Wireless Communications Equipment Manufacturing,2,2,0.0,0.0,0.0,0.0,1.90414676494,0.0,0.0,0.0
2,4,"Manufacturing: Computer, Peripheral and Communications Equipment",,,00,000,43780,South Bend-Mishawaka MSA,2020,334290,Other Communications Equipment Manufacturing,2,2,0.0,0.0,0.0,0.0,0.0,0.0,0.0,0.0
2,4,"Manufacturing: Computer, Peripheral and Communications Equipment",,,00,000,43780,South Bend-Mishawaka MSA,2020,334310,Audio and Video Equipment Manufacturing,2,2,0.0,0.0,0.0,0.0,9.93704652034,0.0,0.0,0.0
2,4,"Manufacturing: Computer, Peripheral and Communications Equipment",,,00,000,43780,South Bend-Mishawaka MSA,2020,334412,Bare Printed Circuit Board Manufacturing  ,2,2,0.0,0.0,0.0,0.0,0.0,0.0,0.0,0.0
2,4,"Manufacturing: Computer, Peripheral and Communications Equipment",,,00,000,43780,South Bend-Mishawaka MSA,2020,334413,Semiconductor and Related Device Manufacturing ,2,2,0.0,0.9226252321,0.0,0.511302104337,4.15739745957,0.0,0.256455739695,0.0
2,4,"Manufacturing: Computer, Peripheral and Communications Equipment",,,00,000,43780,South Bend-Mishawaka MSA,2020,334416,"Capacitor, Resistor, Coil, Transformer, and Other Inductor Manufacturing ",2,2,0.0,0.904458862819,0.0,0.0,4.07553885125,0.0,0.181618328913,0.0
2,4,"Manufacturing: Computer, Peripheral and Communications Equipment",,,00,000,43780,South Bend-Mishawaka MSA,2020,334417,Electronic Connector Manufacturing ,2,2,3.11732459032,44.0168009619,0.0,27.7939993244,198.34200294,1.71674065521,0.29783128205,7.48370856972
2,4,"Manufacturing: Computer, Peripheral and Communications Equipment",,,00,000,43780,South Bend-Mishawaka MSA,2020,334418,Printed Circuit Assembly (Electronic Assembly) Manufacturing ,2,2,0.0,0.0,0.0,0.0,0.0,0.0,0.0,0.0
2,4,"Manufacturing: Computer, Peripheral and Communications Equipment",,,00,000,43780,South Bend-Mishawaka MSA,2020,334419,Other Electronic Component Manufacturing ,2,2,0.0,1.35441981651,0.0,0.750594800839,6.10308639786,0.0,0.256455739695,0.0
2,4,"Manufacturing: Computer, Peripheral and Communications Equipment",,,00,000,43780,South Bend-Mishawaka MSA,2020,334510,Electromedical and Electrotherapeutic Apparatus Manufacturing ,2,2,0.0,0.0,0.0,0.0,4.33131701325,0.0,0.0,0.0
2,4,"Manufacturing: Computer, Peripheral and Communications Equipment",,,00,000,43780,South Bend-Mishawaka MSA,2020,334511,"Search, Detection, Navigation, Guidance, Aeronautical, and Nautical System and Instrument Manufacturing ",2,2,0.0,0.0,0.0,0.0,0.436466497771,0.0,0.0,0.0
2,4,"Manufacturing: Computer, Peripheral and Communications Equipment",,,00,000,43780,South Bend-Mishawaka MSA,2020,334512,"Automatic Environmental Control Manufacturing for Residential, Commercial, and Appliance Use ",2,2,0.0,0.0,0.0,0.0,0.0,0.0,0.0,0.0
2,4,"Manufacturing: Computer, Peripheral and Communications Equipment",,,00,000,43780,South Bend-Mishawaka MSA,2020,334513,"Instruments and Related Products Manufacturing for Measuring, Displaying, and Controlling Industrial Process Variables ",2,2,0.994025120013,3.0116272998,0.0,0.94878847649,21.9108387186,0.0,0.20830396771,0.810542701927
2,4,"Manufacturing: Computer, Peripheral and Communications Equipment",,,00,000,43780,South Bend-Mishawaka MSA,2020,334514,Totalizing Fluid Meter and Counting Device Manufacturing ,2,2,0.0,0.0,0.0,0.0,0.0,0.0,0.0,0.0
2,4,"Manufacturing: Computer, Peripheral and Communications Equipment",,,00,000,43780,South Bend-Mishawaka MSA,2020,334515,Instrument Manufacturing for Measuring and Testing Electricity and Electrical Signals ,2,2,0.0,0.0,0.0,0.0,0.0,0.0,0.0,0.0
2,4,"Manufacturing: Computer, Peripheral and Communications Equipment",,,00,000,43780,South Bend-Mishawaka MSA,2020,334516,Analytical Laboratory Instrument Manufacturing ,2,2,0.0,1.05360336507,0.0,0.0,6.2449375876,0.0,0.144358080869,0.0
2,4,"Manufacturing: Computer, Peripheral and Communications Equipment",,,00,000,43780,South Bend-Mishawaka MSA,2020,334517,Irradiation Apparatus Manufacturing ,2,2,0.0,0.0,0.0,0.0,1.91720690332,0.0,0.0,0.0
2,4,"Manufacturing: Computer, Peripheral and Communications Equipment",,,00,000,43780,South Bend-Mishawaka MSA,2020,334519,Other Measuring and Controlling Device Manufacturing ,2,2,1.11203744019,3.36917271591,0.0,1.0614302269,19.9698235884,0.0,0.244118041516,0.906771683399
2,4,"Manufacturing: Computer, Peripheral and Communications Equipment",,,00,000,43780,South Bend-Mishawaka MSA,2020,334610,Manufacturing and Reproducing Magnetic and Optical Media ,2,2,0.0,0.0,0.0,0.0,0.0,0.0,0.0,0.0
2,4,"Manufacturing: Computer, Peripheral and Communications Equipment",,,00,000,43780,South Bend-Mishawaka MSA,2021,333242,Semiconductor Machinery Manufacturing ,2,2,0.0,0.0,0.0,0.0,0.0,0.0,0.0,0.0
2,4,"Manufacturing: Computer, Peripheral and Communications Equipment",,,00,000,43780,South Bend-Mishawaka MSA,2021,334111,Electronic Computer Manufacturing ,2,2,0.0,0.0,0.0,0.0,0.0,0.0,0.0,0.0
2,4,"Manufacturing: Computer, Peripheral and Communications Equipment",,,00,000,43780,South Bend-Mishawaka MSA,2021,334112,Computer Storage Device Manufacturing ,2,2,0.0,0.0,0.0,0.0,0.0,0.0,0.0,0.0
2,4,"Manufacturing: Computer, Peripheral and Communications Equipment",,,00,000,43780,South Bend-Mishawaka MSA,2021,334118,Computer Terminal and Other Computer Peripheral Equipment Manufacturing ,2,2,7.27177670859,0.550060951896,0.0,0.0,4.51561812722,0.0,0.633991140076,0.0
2,4,"Manufacturing: Computer, Peripheral and Communications Equipment",,,00,000,43780,South Bend-Mishawaka MSA,2021,334210,Telephone Apparatus Manufacturing,2,2,0.0,0.0,0.0,0.0,0.0,0.0,0.0,0.0
2,4,"Manufacturing: Computer, Peripheral and Communications Equipment",,,00,000,43780,South Bend-Mishawaka MSA,2021,334220,Radio and Television Broadcasting and Wireless Communications Equipment Manufacturing,2,2,0.0,0.0,0.0,0.0,0.524864311761,0.0,0.0,0.0
2,4,"Manufacturing: Computer, Peripheral and Communications Equipment",,,00,000,43780,South Bend-Mishawaka MSA,2021,334290,Other Communications Equipment Manufacturing,2,2,0.0,0.0,0.0,0.0,0.904876391928,0.0,0.0,0.0
2,4,"Manufacturing: Computer, Peripheral and Communications Equipment",,,00,000,43780,South Bend-Mishawaka MSA,2021,334310,Audio and Video Equipment Manufacturing,2,2,0.551234485215,0.650365651792,0.0,0.0,7.94786690406,0.0,0.131330068911,0.0
2,4,"Manufacturing: Computer, Peripheral and Communications Equipment",,,00,000,43780,South Bend-Mishawaka MSA,2021,334412,Bare Printed Circuit Board Manufacturing  ,2,2,0.0,0.0,0.0,0.0,0.0,0.0,0.0,0.0
2,4,"Manufacturing: Computer, Peripheral and Communications Equipment",,,00,000,43780,South Bend-Mishawaka MSA,2021,334413,Semiconductor and Related Device Manufacturing ,2,2,0.0,0.0,0.0,0.0,1.09110225822,0.0,0.0,0.0
2,4,"Manufacturing: Computer, Peripheral and Communications Equipment",,,00,000,43780,South Bend-Mishawaka MSA,2021,334416,"Capacitor, Resistor, Coil, Transformer, and Other Inductor Manufacturing ",2,2,0.0,2.81524821414,0.0,1.68211286767,13.3575821341,0.0,0.251883247536,0.0
2,4,"Manufacturing: Computer, Peripheral and Communications Equipment",,,00,000,43780,South Bend-Mishawaka MSA,2021,334417,Electronic Connector Manufacturing ,2,2,3.64203530846,40.9788034534,0.0,26.6462777059,194.433204909,0.592475228341,0.289089128847,7.20591159933
2,4,"Manufacturing: Computer, Peripheral and Communications Equipment",,,00,000,43780,South Bend-Mishawaka MSA,2021,334418,Printed Circuit Assembly (Electronic Assembly) Manufacturing ,2,2,0.0,0.883574670794,0.0,0.527936512249,4.19231994447,0.0,0.251883247536,0.0
2,4,"Manufacturing: Computer, Peripheral and Communications Equipment",,,00,000,43780,South Bend-Mishawaka MSA,2021,334419,Other Electronic Component Manufacturing ,2,2,0.0,1.59535325609,0.0,0.953224737726,7.5695144905,0.0,0.251883247536,0.0
2,4,"Manufacturing: Computer, Peripheral and Communications Equipment",,,00,000,43780,South Bend-Mishawaka MSA,2021,334510,Electromedical and Electrotherapeutic Apparatus Manufacturing ,2,2,0.0,0.0,0.0,0.0,0.126604018744,0.0,0.0,0.0
2,4,"Manufacturing: Computer, Peripheral and Communications Equipment",,,00,000,43780,South Bend-Mishawaka MSA,2021,334511,"Search, Detection, Navigation, Guidance, Aeronautical, and Nautical System and Instrument Manufacturing ",2,2,0.0,0.0,0.0,0.0,0.0,0.0,0.0,0.0
2,4,"Manufacturing: Computer, Peripheral and Communications Equipment",,,00,000,43780,South Bend-Mishawaka MSA,2021,334512,"Automatic Environmental Control Manufacturing for Residential, Commercial, and Appliance Use ",2,2,0.0,0.0,0.0,0.0,0.0,0.0,0.0,0.0
2,4,"Manufacturing: Computer, Peripheral and Communications Equipment",,,00,000,43780,South Bend-Mishawaka MSA,2021,334513,"Instruments and Related Products Manufacturing for Measuring, Displaying, and Controlling Industrial Process Variables ",2,2,0.867820034644,2.6013136094,0.0,1.38738225652,25.5868064988,0.0,0.175089380909,0.574348978181
2,4,"Manufacturing: Computer, Peripheral and Communications Equipment",,,00,000,43780,South Bend-Mishawaka MSA,2021,334514,Totalizing Fluid Meter and Counting Device Manufacturing ,2,2,0.0,0.0,0.0,0.0,0.0,0.0,0.0,0.0
2,4,"Manufacturing: Computer, Peripheral and Communications Equipment",,,00,000,43780,South Bend-Mishawaka MSA,2021,334515,Instrument Manufacturing for Measuring and Testing Electricity and Electrical Signals ,2,2,0.0,0.0,0.0,0.0,0.0,0.0,0.0,0.0
2,4,"Manufacturing: Computer, Peripheral and Communications Equipment",,,00,000,43780,South Bend-Mishawaka MSA,2021,334516,Analytical Laboratory Instrument Manufacturing ,2,2,0.0,0.0,0.0,0.0,0.339130359915,0.0,0.0,0.0
2,4,"Manufacturing: Computer, Peripheral and Communications Equipment",,,00,000,43780,South Bend-Mishawaka MSA,2021,334517,Irradiation Apparatus Manufacturing ,2,2,0.0,0.0,0.0,0.0,4.48718472142,0.0,0.0,0.0
2,4,"Manufacturing: Computer, Peripheral and Communications Equipment",,,00,000,43780,South Bend-Mishawaka MSA,2021,334519,Other Measuring and Controlling Device Manufacturing ,2,2,0.0,1.2768008013,0.0,0.680967788902,11.9145557246,0.0,0.141127654297,0.0
2,4,"Manufacturing: Computer, Peripheral and Communications Equipment",,,00,000,43780,South Bend-Mishawaka MSA,2021,334610,Manufacturing and Reproducing Magnetic and Optical Media ,2,2,0.0,0.0,0.0,0.0,0.0,0.0,0.0,0.0
2,4,"Manufacturing: Computer, Peripheral and Communications Equipment",,,00,000,43780,South Bend-Mishawaka MSA,2022,333242,Semiconductor Machinery Manufacturing ,2,2,0.0,0.0,0.0,0.0,0.0,0.0,0.0,0.0
2,4,"Manufacturing: Computer, Peripheral and Communications Equipment",,,00,000,43780,South Bend-Mishawaka MSA,2022,334111,Electronic Computer Manufacturing ,2,2,1.757483031,0.0,0.0,0.0,1.00553202053,0.0,0.636074360154,0.0
2,4,"Manufacturing: Computer, Peripheral and Communications Equipment",,,00,000,43780,South Bend-Mishawaka MSA,2022,334112,Computer Storage Device Manufacturing ,2,2,0.0,0.0,0.0,0.0,0.0,0.0,0.0,0.0
2,4,"Manufacturing: Computer, Peripheral and Communications Equipment",,,00,000,43780,South Bend-Mishawaka MSA,2022,334118,Computer Terminal and Other Computer Peripheral Equipment Manufacturing ,2,2,0.333333333333,0.0,0.0,0.0,0.0,0.0,1.0,0.0
2,4,"Manufacturing: Computer, Peripheral and Communications Equipment",,,00,000,43780,South Bend-Mishawaka MSA,2022,334210,Telephone Apparatus Manufacturing,2,2,0.0,0.0,0.0,0.0,0.0,0.0,0.0,0.0
2,4,"Manufacturing: Computer, Peripheral and Communications Equipment",,,00,000,43780,South Bend-Mishawaka MSA,2022,334220,Radio and Television Broadcasting and Wireless Communications Equipment Manufacturing,2,2,0.0,0.0,0.0,0.0,0.333333333333,0.0,0.0,0.0
2,4,"Manufacturing: Computer, Peripheral and Communications Equipment",,,00,000,43780,South Bend-Mishawaka MSA,2022,334290,Other Communications Equipment Manufacturing,2,2,0.0,0.0,0.0,0.0,1.88020024731,0.0,0.0,0.0
2,4,"Manufacturing: Computer, Peripheral and Communications Equipment",,,00,000,43780,South Bend-Mishawaka MSA,2022,334310,Audio and Video Equipment Manufacturing,2,2,1.0411059418,2.07791611182,0.0,1.82002557622,12.2163460927,0.0,0.287900569916,0.0
2,4,"Manufacturing: Computer, Peripheral and Communications Equipment",,,00,000,43780,South Bend-Mishawaka MSA,2022,334412,Bare Printed Circuit Board Manufacturing  ,2,2,0.0,0.0,0.0,0.0,0.0,0.0,0.0,0.0
2,4,"Manufacturing: Computer, Peripheral and Communications Equipment",,,00,000,43780,South Bend-Mishawaka MSA,2022,334413,Semiconductor and Related Device Manufacturing ,2,2,0.0,0.0,0.0,0.0,0.333333333333,0.0,0.0,0.0
2,4,"Manufacturing: Computer, Peripheral and Communications Equipment",,,00,000,43780,South Bend-Mishawaka MSA,2022,334416,"Capacitor, Resistor, Coil, Transformer, and Other Inductor Manufacturing ",2,2,0.565263659469,6.6644397451,0.0,3.06286969123,23.2066334159,0.0,0.325590580255,0.911097876789
2,4,"Manufacturing: Computer, Peripheral and Communications Equipment",,,00,000,43780,South Bend-Mishawaka MSA,2022,334417,Electronic Connector Manufacturing ,2,2,4.36099877849,51.4160305564,0.0,26.151682019,178.681417494,0.862901326206,0.334525148477,7.02910343023
2,4,"Manufacturing: Computer, Peripheral and Communications Equipment",,,00,000,43780,South Bend-Mishawaka MSA,2022,334418,Printed Circuit Assembly (Electronic Assembly) Manufacturing ,2,2,0.0,2.08343482414,0.0,0.957513252512,7.21006667874,0.0,0.29664849278,0.0
2,4,"Manufacturing: Computer, Peripheral and Communications Equipment",,,00,000,43780,South Bend-Mishawaka MSA,2022,334419,Other Electronic Component Manufacturing ,2,2,0.832670755263,9.81716051085,0.0,4.51180962432,34.2434299488,0.0,0.325215093394,1.34210742983
2,4,"Manufacturing: Computer, Peripheral and Communications Equipment",,,00,000,43780,South Bend-Mishawaka MSA,2022,334510,Electromedical and Electrotherapeutic Apparatus Manufacturing ,2,2,0.0,0.0,0.0,0.0,0.0,0.0,0.0,0.0
2,4,"Manufacturing: Computer, Peripheral and Communications Equipment",,,00,000,43780,South Bend-Mishawaka MSA,2022,334511,"Search, Detection, Navigation, Guidance, Aeronautical, and Nautical System and Instrument Manufacturing ",2,2,0.0,0.0,0.0,0.0,0.0,0.0,0.0,0.0
2,4,"Manufacturing: Computer, Peripheral and Communications Equipment",,,00,000,43780,South Bend-Mishawaka MSA,2022,334512,"Automatic Environmental Control Manufacturing for Residential, Commercial, and Appliance Use ",2,2,0.0,0.0,0.0,0.0,0.0,0.0,0.0,0.0
2,4,"Manufacturing: Computer, Peripheral and Communications Equipment",,,00,000,43780,South Bend-Mishawaka MSA,2022,334513,"Instruments and Related Products Manufacturing for Measuring, Displaying, and Controlling Industrial Process Variables ",2,2,0.0,3.56707306375,0.0,1.01597733204,33.0888983331,0.0,0.121656844162,0.0
2,4,"Manufacturing: Computer, Peripheral and Communications Equipment",,,00,000,43780,South Bend-Mishawaka MSA,2022,334514,Totalizing Fluid Meter and Counting Device Manufacturing ,2,2,0.0,0.0,0.0,0.0,0.0,0.0,0.0,0.0
2,4,"Manufacturing: Computer, Peripheral and Communications Equipment",,,00,000,43780,South Bend-Mishawaka MSA,2022,334515,Instrument Manufacturing for Measuring and Testing Electricity and Electrical Signals ,2,2,0.0,0.0,0.0,0.0,0.0,0.0,0.0,0.0
2,4,"Manufacturing: Computer, Peripheral and Communications Equipment",,,00,000,43780,South Bend-Mishawaka MSA,2022,334516,Analytical Laboratory Instrument Manufacturing ,2,2,0.0,0.0,0.0,0.0,0.362512194194,0.0,0.0,0.0
2,4,"Manufacturing: Computer, Peripheral and Communications Equipment",,,00,000,43780,South Bend-Mishawaka MSA,2022,334517,Irradiation Apparatus Manufacturing ,2,2,0.0,0.0,0.0,0.0,3.27863552347,0.0,0.0,0.0
2,4,"Manufacturing: Computer, Peripheral and Communications Equipment",,,00,000,43780,South Bend-Mishawaka MSA,2022,334519,Other Measuring and Controlling Device Manufacturing ,2,2,0.0,0.0,0.0,0.0,0.0,0.0,0.0,0.0
2,4,"Manufacturing: Computer, Peripheral and Communications Equipment",,,00,000,43780,South Bend-Mishawaka MSA,2022,334610,Manufacturing and Reproducing Magnetic and Optical Media ,2,2,0.0,0.0,0.0,0.0,2.86809747388,0.0,0.0,0.0
2,4,"Manufacturing: Computer, Peripheral and Communications Equipment",,,00,000,43780,South Bend-Mishawaka MSA,2023,333242,Semiconductor Machinery Manufacturing ,2,2,0.0,0.0,0.0,0.0,0.0,0.0,0.0,0.0
2,4,"Manufacturing: Computer, Peripheral and Communications Equipment",,,00,000,43780,South Bend-Mishawaka MSA,2023,334111,Electronic Computer Manufacturing ,2,2,10.1533123489,0.739223553113,0.0,0.0,9.99800780543,0.0,0.521409880689,0.0
2,4,"Manufacturing: Computer, Peripheral and Communications Equipment",,,00,000,43780,South Bend-Mishawaka MSA,2023,334112,Computer Storage Device Manufacturing ,2,2,0.0,0.0,0.0,0.0,0.0,0.0,0.0,0.0
2,4,"Manufacturing: Computer, Peripheral and Communications Equipment",,,00,000,43780,South Bend-Mishawaka MSA,2023,334118,Computer Terminal and Other Computer Peripheral Equipment Manufacturing ,2,2,0.736143742056,0.0,0.0,0.0,0.724883725237,0.0,0.503853458293,0.0
2,4,"Manufacturing: Computer, Peripheral and Communications Equipment",,,00,000,43780,South Bend-Mishawaka MSA,2023,334210,Telephone Apparatus Manufacturing,2,2,0.0,0.0,0.0,0.0,0.0,0.0,0.0,0.0
2,4,"Manufacturing: Computer, Peripheral and Communications Equipment",,,00,000,43780,South Bend-Mishawaka MSA,2023,334220,Radio and Television Broadcasting and Wireless Communications Equipment Manufacturing,2,2,0.0,0.0,0.0,0.0,0.503135204113,0.0,0.0,0.0
2,4,"Manufacturing: Computer, Peripheral and Communications Equipment",,,00,000,43780,South Bend-Mishawaka MSA,2023,334290,Other Communications Equipment Manufacturing,2,2,0.0,0.0,0.0,0.0,0.454870997681,0.0,0.0,0.0
2,4,"Manufacturing: Computer, Peripheral and Communications Equipment",,,00,000,43780,South Bend-Mishawaka MSA,2023,334310,Audio and Video Equipment Manufacturing,2,2,0.0,0.0,0.0,0.0,0.0,0.0,0.0,0.0
2,4,"Manufacturing: Computer, Peripheral and Communications Equipment",,,00,000,43780,South Bend-Mishawaka MSA,2023,334412,Bare Printed Circuit Board Manufacturing  ,2,2,0.0,0.0,0.0,0.0,0.0,0.0,0.0,0.0
2,4,"Manufacturing: Computer, Peripheral and Communications Equipment",,,00,000,43780,South Bend-Mishawaka MSA,2023,334413,Semiconductor and Related Device Manufacturing ,2,2,0.0,0.0,0.0,0.0,1.26486083688,0.0,0.0,0.0
2,4,"Manufacturing: Computer, Peripheral and Communications Equipment",,,00,000,43780,South Bend-Mishawaka MSA,2023,334416,"Capacitor, Resistor, Coil, Transformer, and Other Inductor Manufacturing ",2,2,1.2862779144,15.7956094167,0.0,7.05558616519,58.2874713172,0.0,0.30918941604,1.95053041887
2,4,"Manufacturing: Computer, Peripheral and Communications Equipment",,,00,000,43780,South Bend-Mishawaka MSA,2023,334417,Electronic Connector Manufacturing ,2,2,2.1504019012,26.4071303253,0.0,12.3806294122,97.898628219,0.0,0.311047013092,3.26090052088
2,4,"Manufacturing: Computer, Peripheral and Communications Equipment",,,00,000,43780,South Bend-Mishawaka MSA,2023,334418,Printed Circuit Assembly (Electronic Assembly) Manufacturing ,2,2,1.12551224121,13.8213923732,0.0,6.17374247736,50.8017751569,0.0,0.310031901549,1.70674302863
2,4,"Manufacturing: Computer, Peripheral and Communications Equipment",,,00,000,43780,South Bend-Mishawaka MSA,2023,334419,Other Electronic Component Manufacturing ,2,2,0.796650881838,9.78294506193,0.0,4.36984797565,36.2747199665,0.0,0.308159712046,1.20805291053
2,4,"Manufacturing: Computer, Peripheral and Communications Equipment",,,00,000,43780,South Bend-Mishawaka MSA,2023,334510,Electromedical and Electrotherapeutic Apparatus Manufacturing ,2,2,0.0,0.0,0.0,0.0,0.0,0.0,0.0,0.0
2,4,"Manufacturing: Computer, Peripheral and Communications Equipment",,,00,000,43780,South Bend-Mishawaka MSA,2023,334511,"Search, Detection, Navigation, Guidance, Aeronautical, and Nautical System and Instrument Manufacturing ",2,2,0.0,0.0,0.0,0.0,0.0,0.0,0.0,0.0
2,4,"Manufacturing: Computer, Peripheral and Communications Equipment",,,00,000,43780,South Bend-Mishawaka MSA,2023,334512,"Automatic Environmental Control Manufacturing for Residential, Commercial, and Appliance Use ",2,2,0.0,0.0,0.0,0.0,0.0,0.0,0.0,0.0
2,4,"Manufacturing: Computer, Peripheral and Communications Equipment",,,00,000,43780,South Bend-Mishawaka MSA,2023,334513,"Instruments and Related Products Manufacturing for Measuring, Displaying, and Controlling Industrial Process Variables ",2,2,0.0,7.71213657604,0.0,2.59853681003,38.4786352927,0.0,0.211330589944,0.0
2,4,"Manufacturing: Computer, Peripheral and Communications Equipment",,,00,000,43780,South Bend-Mishawaka MSA,2023,334514,Totalizing Fluid Meter and Counting Device Manufacturing ,2,2,0.0,0.0,0.0,0.0,0.0,0.0,0.0,0.0
2,4,"Manufacturing: Computer, Peripheral and Communications Equipment",,,00,000,43780,South Bend-Mishawaka MSA,2023,334515,Instrument Manufacturing for Measuring and Testing Electricity and Electrical Signals ,2,2,0.0,0.0,0.0,0.0,0.0,0.0,0.0,0.0
2,4,"Manufacturing: Computer, Peripheral and Communications Equipment",,,00,000,43780,South Bend-Mishawaka MSA,2023,334516,Analytical Laboratory Instrument Manufacturing ,2,2,0.0,0.0,0.0,0.0,0.450217194712,0.0,0.0,0.0
2,4,"Manufacturing: Computer, Peripheral and Communications Equipment",,,00,000,43780,South Bend-Mishawaka MSA,2023,334517,Irradiation Apparatus Manufacturing ,2,2,0.0,0.0,0.0,0.0,3.1955131975,0.0,0.0,0.0
2,4,"Manufacturing: Computer, Peripheral and Communications Equipment",,,00,000,43780,South Bend-Mishawaka MSA,2023,334519,Other Measuring and Controlling Device Manufacturing ,2,2,0.0,0.0,0.0,0.0,0.0,0.0,0.0,0.0
2,4,"Manufacturing: Computer, Peripheral and Communications Equipment",,,00,000,43780,South Bend-Mishawaka MSA,2023,334610,Manufacturing and Reproducing Magnetic and Optical Media ,2,2,0.0,0.0,0.0,0.0,10.4930882499,0.0,0.0,0.0
2,4,"Manufacturing: Computer, Peripheral and Communications Equipment",,,00,000,45460,Terre Haute MSA,2019,333242,Semiconductor Machinery Manufacturing ,2,2,0.0,0.0,0.0,0.0,0.0,0.0,0.0,0.0
2,4,"Manufacturing: Computer, Peripheral and Communications Equipment",,,00,000,45460,Terre Haute MSA,2019,334111,Electronic Computer Manufacturing ,2,2,0.0,0.0,0.0,0.0,0.0,0.0,0.0,0.0
2,4,"Manufacturing: Computer, Peripheral and Communications Equipment",,,00,000,45460,Terre Haute MSA,2019,334112,Computer Storage Device Manufacturing ,2,2,0.0,0.0,0.0,0.0,0.0,0.0,0.0,0.0
2,4,"Manufacturing: Computer, Peripheral and Communications Equipment",,,00,000,45460,Terre Haute MSA,2019,334118,Computer Terminal and Other Computer Peripheral Equipment Manufacturing ,2,2,0.0,0.0,0.0,0.0,0.0,0.0,0.0,0.0
2,4,"Manufacturing: Computer, Peripheral and Communications Equipment",,,00,000,45460,Terre Haute MSA,2019,334210,Telephone Apparatus Manufacturing,2,2,0.0,0.0,0.0,0.0,0.0,0.0,0.0,0.0
2,4,"Manufacturing: Computer, Peripheral and Communications Equipment",,,00,000,45460,Terre Haute MSA,2019,334220,Radio and Television Broadcasting and Wireless Communications Equipment Manufacturing,2,2,0.0,0.0,0.0,0.0,0.0,0.0,0.0,0.0
2,4,"Manufacturing: Computer, Peripheral and Communications Equipment",,,00,000,45460,Terre Haute MSA,2019,334290,Other Communications Equipment Manufacturing,2,2,0.0,0.0,0.0,0.0,0.0,0.0,0.0,0.0
2,4,"Manufacturing: Computer, Peripheral and Communications Equipment",,,00,000,45460,Terre Haute MSA,2019,334310,Audio and Video Equipment Manufacturing,2,2,0.0,0.0,0.0,0.0,0.0,0.0,0.0,0.0
2,4,"Manufacturing: Computer, Peripheral and Communications Equipment",,,00,000,45460,Terre Haute MSA,2019,334412,Bare Printed Circuit Board Manufacturing  ,2,2,0.0,0.0,0.0,0.0,0.0,0.0,0.0,0.0
2,4,"Manufacturing: Computer, Peripheral and Communications Equipment",,,00,000,45460,Terre Haute MSA,2019,334413,Semiconductor and Related Device Manufacturing ,2,2,0.0,0.0,0.0,0.0,0.0,0.0,0.0,0.0
2,4,"Manufacturing: Computer, Peripheral and Communications Equipment",,,00,000,45460,Terre Haute MSA,2019,334416,"Capacitor, Resistor, Coil, Transformer, and Other Inductor Manufacturing ",2,2,0.0,0.0,0.0,0.0,0.0,0.0,0.0,0.0
2,4,"Manufacturing: Computer, Peripheral and Communications Equipment",,,00,000,45460,Terre Haute MSA,2019,334417,Electronic Connector Manufacturing ,2,2,0.0,0.0,0.0,0.0,0.0,0.0,0.0,0.0
2,4,"Manufacturing: Computer, Peripheral and Communications Equipment",,,00,000,45460,Terre Haute MSA,2019,334418,Printed Circuit Assembly (Electronic Assembly) Manufacturing ,2,2,0.0,0.0,0.0,0.0,0.0,0.0,0.0,0.0
2,4,"Manufacturing: Computer, Peripheral and Communications Equipment",,,00,000,45460,Terre Haute MSA,2019,334419,Other Electronic Component Manufacturing ,2,2,0.0,0.0,0.0,0.0,0.0,0.0,0.0,0.0
2,4,"Manufacturing: Computer, Peripheral and Communications Equipment",,,00,000,45460,Terre Haute MSA,2019,334510,Electromedical and Electrotherapeutic Apparatus Manufacturing ,2,2,0.0,0.0,0.0,0.0,0.0,0.0,0.0,0.0
2,4,"Manufacturing: Computer, Peripheral and Communications Equipment",,,00,000,45460,Terre Haute MSA,2019,334511,"Search, Detection, Navigation, Guidance, Aeronautical, and Nautical System and Instrument Manufacturing ",2,2,0.0,0.0,0.0,0.0,0.0,0.0,0.0,0.0
2,4,"Manufacturing: Computer, Peripheral and Communications Equipment",,,00,000,45460,Terre Haute MSA,2019,334512,"Automatic Environmental Control Manufacturing for Residential, Commercial, and Appliance Use ",2,2,0.0,0.0,0.0,0.0,0.0,0.0,0.0,0.0
2,4,"Manufacturing: Computer, Peripheral and Communications Equipment",,,00,000,45460,Terre Haute MSA,2019,334513,"Instruments and Related Products Manufacturing for Measuring, Displaying, and Controlling Industrial Process Variables ",2,2,0.0,0.0,0.0,0.0,0.0,0.0,0.0,0.0
2,4,"Manufacturing: Computer, Peripheral and Communications Equipment",,,00,000,45460,Terre Haute MSA,2019,334514,Totalizing Fluid Meter and Counting Device Manufacturing ,2,2,0.0,0.0,0.0,0.0,0.0,0.0,0.0,0.0
2,4,"Manufacturing: Computer, Peripheral and Communications Equipment",,,00,000,45460,Terre Haute MSA,2019,334515,Instrument Manufacturing for Measuring and Testing Electricity and Electrical Signals ,2,2,0.0,0.0,0.0,0.0,0.0,0.0,0.0,0.0
2,4,"Manufacturing: Computer, Peripheral and Communications Equipment",,,00,000,45460,Terre Haute MSA,2019,334516,Analytical Laboratory Instrument Manufacturing ,2,2,0.0,0.0,0.0,0.0,0.0,0.0,0.0,0.0
2,4,"Manufacturing: Computer, Peripheral and Communications Equipment",,,00,000,45460,Terre Haute MSA,2019,334517,Irradiation Apparatus Manufacturing ,2,2,0.0,0.0,0.0,0.0,0.0,0.0,0.0,0.0
2,4,"Manufacturing: Computer, Peripheral and Communications Equipment",,,00,000,45460,Terre Haute MSA,2019,334519,Other Measuring and Controlling Device Manufacturing ,2,2,0.0,0.0,0.0,0.0,0.0,0.0,0.0,0.0
2,4,"Manufacturing: Computer, Peripheral and Communications Equipment",,,00,000,45460,Terre Haute MSA,2019,334610,Manufacturing and Reproducing Magnetic and Optical Media ,2,2,8.95108978262,19.1135239509,0.0,6.81236714137,304.680496754,0.0,0.115790013131,5.02186582887
2,4,"Manufacturing: Computer, Peripheral and Communications Equipment",,,00,000,45460,Terre Haute MSA,2020,333242,Semiconductor Machinery Manufacturing ,2,2,0.0,0.0,0.0,0.0,0.0,0.0,0.0,0.0
2,4,"Manufacturing: Computer, Peripheral and Communications Equipment",,,00,000,45460,Terre Haute MSA,2020,334111,Electronic Computer Manufacturing ,2,2,0.0,0.0,0.0,0.0,0.0,0.0,0.0,0.0
2,4,"Manufacturing: Computer, Peripheral and Communications Equipment",,,00,000,45460,Terre Haute MSA,2020,334112,Computer Storage Device Manufacturing ,2,2,0.0,0.0,0.0,0.0,0.0,0.0,0.0,0.0
2,4,"Manufacturing: Computer, Peripheral and Communications Equipment",,,00,000,45460,Terre Haute MSA,2020,334118,Computer Terminal and Other Computer Peripheral Equipment Manufacturing ,2,2,0.0,0.0,0.0,0.0,0.0,0.0,0.0,0.0
2,4,"Manufacturing: Computer, Peripheral and Communications Equipment",,,00,000,45460,Terre Haute MSA,2020,334210,Telephone Apparatus Manufacturing,2,2,0.0,0.0,0.0,0.0,0.0,0.0,0.0,0.0
2,4,"Manufacturing: Computer, Peripheral and Communications Equipment",,,00,000,45460,Terre Haute MSA,2020,334220,Radio and Television Broadcasting and Wireless Communications Equipment Manufacturing,2,2,0.0,0.0,0.0,0.0,0.0,0.0,0.0,0.0
2,4,"Manufacturing: Computer, Peripheral and Communications Equipment",,,00,000,45460,Terre Haute MSA,2020,334290,Other Communications Equipment Manufacturing,2,2,0.0,0.0,0.0,0.0,0.0,0.0,0.0,0.0
2,4,"Manufacturing: Computer, Peripheral and Communications Equipment",,,00,000,45460,Terre Haute MSA,2020,334310,Audio and Video Equipment Manufacturing,2,2,0.0,0.0,0.0,0.0,0.0,0.0,0.0,0.0
2,4,"Manufacturing: Computer, Peripheral and Communications Equipment",,,00,000,45460,Terre Haute MSA,2020,334412,Bare Printed Circuit Board Manufacturing  ,2,2,0.0,0.0,0.0,0.0,0.0,0.0,0.0,0.0
2,4,"Manufacturing: Computer, Peripheral and Communications Equipment",,,00,000,45460,Terre Haute MSA,2020,334413,Semiconductor and Related Device Manufacturing ,2,2,0.0,0.0,0.0,0.0,0.0,0.0,0.0,0.0
2,4,"Manufacturing: Computer, Peripheral and Communications Equipment",,,00,000,45460,Terre Haute MSA,2020,334416,"Capacitor, Resistor, Coil, Transformer, and Other Inductor Manufacturing ",2,2,0.0,0.0,0.0,0.0,0.0,0.0,0.0,0.0
2,4,"Manufacturing: Computer, Peripheral and Communications Equipment",,,00,000,45460,Terre Haute MSA,2020,334417,Electronic Connector Manufacturing ,2,2,0.0,0.0,0.0,0.0,0.0,0.0,0.0,0.0
2,4,"Manufacturing: Computer, Peripheral and Communications Equipment",,,00,000,45460,Terre Haute MSA,2020,334418,Printed Circuit Assembly (Electronic Assembly) Manufacturing ,2,2,0.0,0.0,0.0,0.0,0.0,0.0,0.0,0.0
2,4,"Manufacturing: Computer, Peripheral and Communications Equipment",,,00,000,45460,Terre Haute MSA,2020,334419,Other Electronic Component Manufacturing ,2,2,0.0,0.0,0.0,0.0,0.0,0.0,0.0,0.0
2,4,"Manufacturing: Computer, Peripheral and Communications Equipment",,,00,000,45460,Terre Haute MSA,2020,334510,Electromedical and Electrotherapeutic Apparatus Manufacturing ,2,2,0.0,0.0,0.0,0.0,0.0,0.0,0.0,0.0
2,4,"Manufacturing: Computer, Peripheral and Communications Equipment",,,00,000,45460,Terre Haute MSA,2020,334511,"Search, Detection, Navigation, Guidance, Aeronautical, and Nautical System and Instrument Manufacturing ",2,2,0.0,0.0,0.0,0.0,0.0,0.0,0.0,0.0
2,4,"Manufacturing: Computer, Peripheral and Communications Equipment",,,00,000,45460,Terre Haute MSA,2020,334512,"Automatic Environmental Control Manufacturing for Residential, Commercial, and Appliance Use ",2,2,0.0,0.0,0.0,0.0,0.0,0.0,0.0,0.0
2,4,"Manufacturing: Computer, Peripheral and Communications Equipment",,,00,000,45460,Terre Haute MSA,2020,334513,"Instruments and Related Products Manufacturing for Measuring, Displaying, and Controlling Industrial Process Variables ",2,2,0.0,0.0,0.0,0.0,0.0,0.0,0.0,0.0
2,4,"Manufacturing: Computer, Peripheral and Communications Equipment",,,00,000,45460,Terre Haute MSA,2020,334514,Totalizing Fluid Meter and Counting Device Manufacturing ,2,2,0.0,0.0,0.0,0.0,0.0,0.0,0.0,0.0
2,4,"Manufacturing: Computer, Peripheral and Communications Equipment",,,00,000,45460,Terre Haute MSA,2020,334515,Instrument Manufacturing for Measuring and Testing Electricity and Electrical Signals ,2,2,0.0,0.0,0.0,0.0,0.0,0.0,0.0,0.0
2,4,"Manufacturing: Computer, Peripheral and Communications Equipment",,,00,000,45460,Terre Haute MSA,2020,334516,Analytical Laboratory Instrument Manufacturing ,2,2,0.0,0.0,0.0,0.0,0.0,0.0,0.0,0.0
2,4,"Manufacturing: Computer, Peripheral and Communications Equipment",,,00,000,45460,Terre Haute MSA,2020,334517,Irradiation Apparatus Manufacturing ,2,2,0.0,0.0,0.0,0.0,0.0,0.0,0.0,0.0
2,4,"Manufacturing: Computer, Peripheral and Communications Equipment",,,00,000,45460,Terre Haute MSA,2020,334519,Other Measuring and Controlling Device Manufacturing ,2,2,0.0,0.0,0.0,0.0,0.0,0.0,0.0,0.0
2,4,"Manufacturing: Computer, Peripheral and Communications Equipment",,,00,000,45460,Terre Haute MSA,2020,334610,Manufacturing and Reproducing Magnetic and Optical Media ,2,2,8.97653979114,6.48612603001,0.0,2.87289580041,207.183073972,0.0,0.0959839284048,3.66210630015
2,4,"Manufacturing: Computer, Peripheral and Communications Equipment",,,00,000,45460,Terre Haute MSA,2021,333242,Semiconductor Machinery Manufacturing ,2,2,0.0,0.0,0.0,0.0,0.0,0.0,0.0,0.0
2,4,"Manufacturing: Computer, Peripheral and Communications Equipment",,,00,000,45460,Terre Haute MSA,2021,334111,Electronic Computer Manufacturing ,2,2,0.0,0.0,0.0,0.0,0.0,0.0,0.0,0.0
2,4,"Manufacturing: Computer, Peripheral and Communications Equipment",,,00,000,45460,Terre Haute MSA,2021,334112,Computer Storage Device Manufacturing ,2,2,0.0,0.0,0.0,0.0,0.0,0.0,0.0,0.0
2,4,"Manufacturing: Computer, Peripheral and Communications Equipment",,,00,000,45460,Terre Haute MSA,2021,334118,Computer Terminal and Other Computer Peripheral Equipment Manufacturing ,2,2,0.0,0.0,0.0,0.0,0.0,0.0,0.0,0.0
2,4,"Manufacturing: Computer, Peripheral and Communications Equipment",,,00,000,45460,Terre Haute MSA,2021,334210,Telephone Apparatus Manufacturing,2,2,0.0,0.0,0.0,0.0,0.0,0.0,0.0,0.0
2,4,"Manufacturing: Computer, Peripheral and Communications Equipment",,,00,000,45460,Terre Haute MSA,2021,334220,Radio and Television Broadcasting and Wireless Communications Equipment Manufacturing,2,2,0.0,0.0,0.0,0.0,0.0,0.0,0.0,0.0
2,4,"Manufacturing: Computer, Peripheral and Communications Equipment",,,00,000,45460,Terre Haute MSA,2021,334290,Other Communications Equipment Manufacturing,2,2,0.0,0.0,0.0,0.0,0.0,0.0,0.0,0.0
2,4,"Manufacturing: Computer, Peripheral and Communications Equipment",,,00,000,45460,Terre Haute MSA,2021,334310,Audio and Video Equipment Manufacturing,2,2,0.0,0.0,0.0,0.0,0.0,0.0,0.0,0.0
2,4,"Manufacturing: Computer, Peripheral and Communications Equipment",,,00,000,45460,Terre Haute MSA,2021,334412,Bare Printed Circuit Board Manufacturing  ,2,2,0.0,0.0,0.0,0.0,0.0,0.0,0.0,0.0
2,4,"Manufacturing: Computer, Peripheral and Communications Equipment",,,00,000,45460,Terre Haute MSA,2021,334413,Semiconductor and Related Device Manufacturing ,2,2,0.0,0.0,0.0,0.0,0.0,0.0,0.0,0.0
2,4,"Manufacturing: Computer, Peripheral and Communications Equipment",,,00,000,45460,Terre Haute MSA,2021,334416,"Capacitor, Resistor, Coil, Transformer, and Other Inductor Manufacturing ",2,2,0.0,0.0,0.0,0.0,0.0,0.0,0.0,0.0
2,4,"Manufacturing: Computer, Peripheral and Communications Equipment",,,00,000,45460,Terre Haute MSA,2021,334417,Electronic Connector Manufacturing ,2,2,0.0,0.0,0.0,0.0,0.0,0.0,0.0,0.0
2,4,"Manufacturing: Computer, Peripheral and Communications Equipment",,,00,000,45460,Terre Haute MSA,2021,334418,Printed Circuit Assembly (Electronic Assembly) Manufacturing ,2,2,0.0,0.0,0.0,0.0,0.0,0.0,0.0,0.0
2,4,"Manufacturing: Computer, Peripheral and Communications Equipment",,,00,000,45460,Terre Haute MSA,2021,334419,Other Electronic Component Manufacturing ,2,2,0.0,0.0,0.0,0.0,0.0,0.0,0.0,0.0
2,4,"Manufacturing: Computer, Peripheral and Communications Equipment",,,00,000,45460,Terre Haute MSA,2021,334510,Electromedical and Electrotherapeutic Apparatus Manufacturing ,2,2,0.0,0.0,0.0,0.0,0.0,0.0,0.0,0.0
2,4,"Manufacturing: Computer, Peripheral and Communications Equipment",,,00,000,45460,Terre Haute MSA,2021,334511,"Search, Detection, Navigation, Guidance, Aeronautical, and Nautical System and Instrument Manufacturing ",2,2,0.0,0.0,0.0,0.0,0.0,0.0,0.0,0.0
2,4,"Manufacturing: Computer, Peripheral and Communications Equipment",,,00,000,45460,Terre Haute MSA,2021,334512,"Automatic Environmental Control Manufacturing for Residential, Commercial, and Appliance Use ",2,2,0.0,0.0,0.0,0.0,0.0,0.0,0.0,0.0
2,4,"Manufacturing: Computer, Peripheral and Communications Equipment",,,00,000,45460,Terre Haute MSA,2021,334513,"Instruments and Related Products Manufacturing for Measuring, Displaying, and Controlling Industrial Process Variables ",2,2,0.0,0.0,0.0,0.0,0.0,0.0,0.0,0.0
2,4,"Manufacturing: Computer, Peripheral and Communications Equipment",,,00,000,45460,Terre Haute MSA,2021,334514,Totalizing Fluid Meter and Counting Device Manufacturing ,2,2,0.0,0.0,0.0,0.0,0.0,0.0,0.0,0.0
2,4,"Manufacturing: Computer, Peripheral and Communications Equipment",,,00,000,45460,Terre Haute MSA,2021,334515,Instrument Manufacturing for Measuring and Testing Electricity and Electrical Signals ,2,2,0.0,0.0,0.0,0.0,0.0,0.0,0.0,0.0
2,4,"Manufacturing: Computer, Peripheral and Communications Equipment",,,00,000,45460,Terre Haute MSA,2021,334516,Analytical Laboratory Instrument Manufacturing ,2,2,0.0,0.0,0.0,0.0,0.0,0.0,0.0,0.0
2,4,"Manufacturing: Computer, Peripheral and Communications Equipment",,,00,000,45460,Terre Haute MSA,2021,334517,Irradiation Apparatus Manufacturing ,2,2,0.0,0.0,0.0,0.0,0.0,0.0,0.0,0.0
2,4,"Manufacturing: Computer, Peripheral and Communications Equipment",,,00,000,45460,Terre Haute MSA,2021,334519,Other Measuring and Controlling Device Manufacturing ,2,2,0.0,0.0,0.0,0.0,0.0,0.0,0.0,0.0
2,4,"Manufacturing: Computer, Peripheral and Communications Equipment",,,00,000,45460,Terre Haute MSA,2021,334610,Manufacturing and Reproducing Magnetic and Optical Media ,2,2,9.34460655286,6.46602636215,0.0,2.79953271847,194.955986438,0.0,0.0989076773431,2.78902212771
2,4,"Manufacturing: Computer, Peripheral and Communications Equipment",,,00,000,45460,Terre Haute MSA,2022,333242,Semiconductor Machinery Manufacturing ,2,2,0.0,0.0,0.0,0.0,0.0,0.0,0.0,0.0
2,4,"Manufacturing: Computer, Peripheral and Communications Equipment",,,00,000,45460,Terre Haute MSA,2022,334111,Electronic Computer Manufacturing ,2,2,0.0,0.0,0.0,0.0,0.0,0.0,0.0,0.0
2,4,"Manufacturing: Computer, Peripheral and Communications Equipment",,,00,000,45460,Terre Haute MSA,2022,334112,Computer Storage Device Manufacturing ,2,2,0.0,0.0,0.0,0.0,0.0,0.0,0.0,0.0
2,4,"Manufacturing: Computer, Peripheral and Communications Equipment",,,00,000,45460,Terre Haute MSA,2022,334118,Computer Terminal and Other Computer Peripheral Equipment Manufacturing ,2,2,0.0,0.0,0.0,0.0,0.0,0.0,0.0,0.0
2,4,"Manufacturing: Computer, Peripheral and Communications Equipment",,,00,000,45460,Terre Haute MSA,2022,334210,Telephone Apparatus Manufacturing,2,2,0.0,0.0,0.0,0.0,0.0,0.0,0.0,0.0
2,4,"Manufacturing: Computer, Peripheral and Communications Equipment",,,00,000,45460,Terre Haute MSA,2022,334220,Radio and Television Broadcasting and Wireless Communications Equipment Manufacturing,2,2,0.0,0.0,0.0,0.0,0.0,0.0,0.0,0.0
2,4,"Manufacturing: Computer, Peripheral and Communications Equipment",,,00,000,45460,Terre Haute MSA,2022,334290,Other Communications Equipment Manufacturing,2,2,0.0,0.0,0.0,0.0,0.0,0.0,0.0,0.0
2,4,"Manufacturing: Computer, Peripheral and Communications Equipment",,,00,000,45460,Terre Haute MSA,2022,334310,Audio and Video Equipment Manufacturing,2,2,0.0,0.0,0.0,0.0,0.0,0.0,0.0,0.0
2,4,"Manufacturing: Computer, Peripheral and Communications Equipment",,,00,000,45460,Terre Haute MSA,2022,334412,Bare Printed Circuit Board Manufacturing  ,2,2,0.0,0.0,0.0,0.0,0.0,0.0,0.0,0.0
2,4,"Manufacturing: Computer, Peripheral and Communications Equipment",,,00,000,45460,Terre Haute MSA,2022,334413,Semiconductor and Related Device Manufacturing ,2,2,0.0,0.0,0.0,0.0,0.0,0.0,0.0,0.0
2,4,"Manufacturing: Computer, Peripheral and Communications Equipment",,,00,000,45460,Terre Haute MSA,2022,334416,"Capacitor, Resistor, Coil, Transformer, and Other Inductor Manufacturing ",2,2,0.0,0.0,0.0,0.0,0.0,0.0,0.0,0.0
2,4,"Manufacturing: Computer, Peripheral and Communications Equipment",,,00,000,45460,Terre Haute MSA,2022,334417,Electronic Connector Manufacturing ,2,2,0.0,0.0,0.0,0.0,0.0,0.0,0.0,0.0
2,4,"Manufacturing: Computer, Peripheral and Communications Equipment",,,00,000,45460,Terre Haute MSA,2022,334418,Printed Circuit Assembly (Electronic Assembly) Manufacturing ,2,2,0.0,0.0,0.0,0.0,0.0,0.0,0.0,0.0
2,4,"Manufacturing: Computer, Peripheral and Communications Equipment",,,00,000,45460,Terre Haute MSA,2022,334419,Other Electronic Component Manufacturing ,2,2,0.0,0.0,0.0,0.0,0.0,0.0,0.0,0.0
2,4,"Manufacturing: Computer, Peripheral and Communications Equipment",,,00,000,45460,Terre Haute MSA,2022,334510,Electromedical and Electrotherapeutic Apparatus Manufacturing ,2,2,0.0,0.0,0.0,0.0,0.0,0.0,0.0,0.0
2,4,"Manufacturing: Computer, Peripheral and Communications Equipment",,,00,000,45460,Terre Haute MSA,2022,334511,"Search, Detection, Navigation, Guidance, Aeronautical, and Nautical System and Instrument Manufacturing ",2,2,0.0,0.0,0.0,0.0,0.0,0.0,0.0,0.0
2,4,"Manufacturing: Computer, Peripheral and Communications Equipment",,,00,000,45460,Terre Haute MSA,2022,334512,"Automatic Environmental Control Manufacturing for Residential, Commercial, and Appliance Use ",2,2,0.0,0.0,0.0,0.0,0.0,0.0,0.0,0.0
2,4,"Manufacturing: Computer, Peripheral and Communications Equipment",,,00,000,45460,Terre Haute MSA,2022,334513,"Instruments and Related Products Manufacturing for Measuring, Displaying, and Controlling Industrial Process Variables ",2,2,0.0,0.0,0.0,0.0,0.0,0.0,0.0,0.0
2,4,"Manufacturing: Computer, Peripheral and Communications Equipment",,,00,000,45460,Terre Haute MSA,2022,334514,Totalizing Fluid Meter and Counting Device Manufacturing ,2,2,0.0,0.0,0.0,0.0,0.0,0.0,0.0,0.0
2,4,"Manufacturing: Computer, Peripheral and Communications Equipment",,,00,000,45460,Terre Haute MSA,2022,334515,Instrument Manufacturing for Measuring and Testing Electricity and Electrical Signals ,2,2,0.0,0.0,0.0,0.0,0.0,0.0,0.0,0.0
2,4,"Manufacturing: Computer, Peripheral and Communications Equipment",,,00,000,45460,Terre Haute MSA,2022,334516,Analytical Laboratory Instrument Manufacturing ,2,2,0.0,0.0,0.0,0.0,0.0,0.0,0.0,0.0
2,4,"Manufacturing: Computer, Peripheral and Communications Equipment",,,00,000,45460,Terre Haute MSA,2022,334517,Irradiation Apparatus Manufacturing ,2,2,0.0,0.0,0.0,0.0,0.0,0.0,0.0,0.0
2,4,"Manufacturing: Computer, Peripheral and Communications Equipment",,,00,000,45460,Terre Haute MSA,2022,334519,Other Measuring and Controlling Device Manufacturing ,2,2,0.0,0.0,0.0,0.0,0.0,0.0,0.0,0.0
2,4,"Manufacturing: Computer, Peripheral and Communications Equipment",,,00,000,45460,Terre Haute MSA,2022,334610,Manufacturing and Reproducing Magnetic and Optical Media ,2,2,6.10667095757,5.4977850348,0.0,1.44177593251,166.822415385,0.0,0.0846447914437,2.38018224353
2,4,"Manufacturing: Computer, Peripheral and Communications Equipment",,,00,000,45460,Terre Haute MSA,2023,333242,Semiconductor Machinery Manufacturing ,2,2,0.0,0.0,0.0,0.0,0.0,0.0,0.0,0.0
2,4,"Manufacturing: Computer, Peripheral and Communications Equipment",,,00,000,45460,Terre Haute MSA,2023,334111,Electronic Computer Manufacturing ,2,2,0.0,0.0,0.0,0.0,0.0,0.0,0.0,0.0
2,4,"Manufacturing: Computer, Peripheral and Communications Equipment",,,00,000,45460,Terre Haute MSA,2023,334112,Computer Storage Device Manufacturing ,2,2,0.0,0.0,0.0,0.0,0.0,0.0,0.0,0.0
2,4,"Manufacturing: Computer, Peripheral and Communications Equipment",,,00,000,45460,Terre Haute MSA,2023,334118,Computer Terminal and Other Computer Peripheral Equipment Manufacturing ,2,2,0.0,0.0,0.0,0.0,0.0,0.0,0.0,0.0
2,4,"Manufacturing: Computer, Peripheral and Communications Equipment",,,00,000,45460,Terre Haute MSA,2023,334210,Telephone Apparatus Manufacturing,2,2,0.0,0.0,0.0,0.0,0.0,0.0,0.0,0.0
2,4,"Manufacturing: Computer, Peripheral and Communications Equipment",,,00,000,45460,Terre Haute MSA,2023,334220,Radio and Television Broadcasting and Wireless Communications Equipment Manufacturing,2,2,0.0,0.0,0.0,0.0,0.0,0.0,0.0,0.0
2,4,"Manufacturing: Computer, Peripheral and Communications Equipment",,,00,000,45460,Terre Haute MSA,2023,334290,Other Communications Equipment Manufacturing,2,2,0.0,0.0,0.0,0.0,0.0,0.0,0.0,0.0
2,4,"Manufacturing: Computer, Peripheral and Communications Equipment",,,00,000,45460,Terre Haute MSA,2023,334310,Audio and Video Equipment Manufacturing,2,2,0.0,0.0,0.0,0.0,0.0,0.0,0.0,0.0
2,4,"Manufacturing: Computer, Peripheral and Communications Equipment",,,00,000,45460,Terre Haute MSA,2023,334412,Bare Printed Circuit Board Manufacturing  ,2,2,0.0,0.0,0.0,0.0,0.0,0.0,0.0,0.0
2,4,"Manufacturing: Computer, Peripheral and Communications Equipment",,,00,000,45460,Terre Haute MSA,2023,334413,Semiconductor and Related Device Manufacturing ,2,2,0.0,0.0,0.0,0.0,0.0,0.0,0.0,0.0
2,4,"Manufacturing: Computer, Peripheral and Communications Equipment",,,00,000,45460,Terre Haute MSA,2023,334416,"Capacitor, Resistor, Coil, Transformer, and Other Inductor Manufacturing ",2,2,0.0,0.0,0.0,0.0,0.0,0.0,0.0,0.0
2,4,"Manufacturing: Computer, Peripheral and Communications Equipment",,,00,000,45460,Terre Haute MSA,2023,334417,Electronic Connector Manufacturing ,2,2,0.0,0.0,0.0,0.0,0.0,0.0,0.0,0.0
2,4,"Manufacturing: Computer, Peripheral and Communications Equipment",,,00,000,45460,Terre Haute MSA,2023,334418,Printed Circuit Assembly (Electronic Assembly) Manufacturing ,2,2,0.0,0.0,0.0,0.0,0.0,0.0,0.0,0.0
2,4,"Manufacturing: Computer, Peripheral and Communications Equipment",,,00,000,45460,Terre Haute MSA,2023,334419,Other Electronic Component Manufacturing ,2,2,0.0,0.0,0.0,0.0,0.0,0.0,0.0,0.0
2,4,"Manufacturing: Computer, Peripheral and Communications Equipment",,,00,000,45460,Terre Haute MSA,2023,334510,Electromedical and Electrotherapeutic Apparatus Manufacturing ,2,2,0.0,0.0,0.0,0.0,0.0,0.0,0.0,0.0
2,4,"Manufacturing: Computer, Peripheral and Communications Equipment",,,00,000,45460,Terre Haute MSA,2023,334511,"Search, Detection, Navigation, Guidance, Aeronautical, and Nautical System and Instrument Manufacturing ",2,2,0.0,0.0,0.0,0.0,0.0,0.0,0.0,0.0
2,4,"Manufacturing: Computer, Peripheral and Communications Equipment",,,00,000,45460,Terre Haute MSA,2023,334512,"Automatic Environmental Control Manufacturing for Residential, Commercial, and Appliance Use ",2,2,0.0,0.0,0.0,0.0,0.0,0.0,0.0,0.0
2,4,"Manufacturing: Computer, Peripheral and Communications Equipment",,,00,000,45460,Terre Haute MSA,2023,334513,"Instruments and Related Products Manufacturing for Measuring, Displaying, and Controlling Industrial Process Variables ",2,2,1.10159090563,2.32473743548,0.0,2.75268912458,16.400163556,0.0,0.273659946291,0.0
2,4,"Manufacturing: Computer, Peripheral and Communications Equipment",,,00,000,45460,Terre Haute MSA,2023,334514,Totalizing Fluid Meter and Counting Device Manufacturing ,2,2,0.0,0.0,0.0,0.0,0.0,0.0,0.0,0.0
2,4,"Manufacturing: Computer, Peripheral and Communications Equipment",,,00,000,45460,Terre Haute MSA,2023,334515,Instrument Manufacturing for Measuring and Testing Electricity and Electrical Signals ,2,2,0.0,0.0,0.0,0.0,0.0,0.0,0.0,0.0
2,4,"Manufacturing: Computer, Peripheral and Communications Equipment",,,00,000,45460,Terre Haute MSA,2023,334516,Analytical Laboratory Instrument Manufacturing ,2,2,0.0,0.0,0.0,0.0,0.0,0.0,0.0,0.0
2,4,"Manufacturing: Computer, Peripheral and Communications Equipment",,,00,000,45460,Terre Haute MSA,2023,334517,Irradiation Apparatus Manufacturing ,2,2,0.0,0.0,0.0,0.0,0.0,0.0,0.0,0.0
2,4,"Manufacturing: Computer, Peripheral and Communications Equipment",,,00,000,45460,Terre Haute MSA,2023,334519,Other Measuring and Controlling Device Manufacturing ,2,2,0.0,0.0,0.0,0.0,0.0,0.0,0.0,0.0
2,4,"Manufacturing: Computer, Peripheral and Communications Equipment",,,00,000,45460,Terre Haute MSA,2023,334610,Manufacturing and Reproducing Magnetic and Optical Media ,2,2,7.35211237308,6.08853858765,0.0,2.44084377387,143.41938919,0.0,0.117673883468,3.24603212231
2,4,"Manufacturing: Computer, Peripheral and Communications Equipment",,,18,000,00000,Indiana,2019,333242,Semiconductor Machinery Manufacturing ,2,2,0.0,0.0,0.0,0.0,0.0,0.0,0.0,0.0
2,4,"Manufacturing: Computer, Peripheral and Communications Equipment",,,18,000,00000,Indiana,2019,334111,Electronic Computer Manufacturing ,2,2,37.6375488841,129.770845514,0.532669652887,36.9777925819,126.571569355,1.59912921434,0.621385328022,1.21225273844
2,4,"Manufacturing: Computer, Peripheral and Communications Equipment",,,18,000,00000,Indiana,2019,334112,Computer Storage Device Manufacturing ,2,2,0.0,0.0,0.0,0.0,0.0,0.0,0.0,0.0
2,4,"Manufacturing: Computer, Peripheral and Communications Equipment",,,18,000,00000,Indiana,2019,334118,Computer Terminal and Other Computer Peripheral Equipment Manufacturing ,2,2,1.25434141615,1.91283093475,0.0,0.0,5.19770265583,0.0,0.378627576426,0.0
2,4,"Manufacturing: Computer, Peripheral and Communications Equipment",,,18,000,00000,Indiana,2019,334210,Telephone Apparatus Manufacturing,2,2,5.78202981122,3.48529964037,0.0,3.33892832908,113.285694592,0.0,0.104394720091,0.598698289332
2,4,"Manufacturing: Computer, Peripheral and Communications Equipment",,,18,000,00000,Indiana,2019,334220,Radio and Television Broadcasting and Wireless Communications Equipment Manufacturing,2,2,50.4515158861,51.1794254595,0.724362439546,46.6515034148,1360.86266498,3.25265943032,0.105186193636,7.71120299028
2,4,"Manufacturing: Computer, Peripheral and Communications Equipment",,,18,000,00000,Indiana,2019,334290,Other Communications Equipment Manufacturing,2,2,4.53053846942,3.98689594173,0.0,6.45562544054,96.5362135919,0.0,0.134276364551,0.0
2,4,"Manufacturing: Computer, Peripheral and Communications Equipment",,,18,000,00000,Indiana,2019,334310,Audio and Video Equipment Manufacturing,2,2,0.0,0.0,0.0,0.0,31.9175876981,0.0,0.0,0.0
2,4,"Manufacturing: Computer, Peripheral and Communications Equipment",,,18,000,00000,Indiana,2019,334412,Bare Printed Circuit Board Manufacturing  ,2,2,4.40947295028,3.59278755624,0.0,4.19622268227,53.6109418057,0.0,0.18536073199,0.0
2,4,"Manufacturing: Computer, Peripheral and Communications Equipment",,,18,000,00000,Indiana,2019,334413,Semiconductor and Related Device Manufacturing ,2,2,0.57015481335,0.0,0.0,1.05755043226,49.0389740678,0.0,0.0321257534078,0.0
2,4,"Manufacturing: Computer, Peripheral and Communications Equipment",,,18,000,00000,Indiana,2019,334416,"Capacitor, Resistor, Coil, Transformer, and Other Inductor Manufacturing ",2,2,6.62325253525,28.5306255174,1.74066012604,9.25854737312,374.415411736,0.0,0.116423804136,3.18150128447
2,4,"Manufacturing: Computer, Peripheral and Communications Equipment",,,18,000,00000,Indiana,2019,334417,Electronic Connector Manufacturing ,2,2,31.4062158754,73.2585371183,2.18139094068,50.0864958244,1516.48971098,5.95888758116,0.104227439224,13.5593331859
2,4,"Manufacturing: Computer, Peripheral and Communications Equipment",,,18,000,00000,Indiana,2019,334418,Printed Circuit Assembly (Electronic Assembly) Manufacturing ,2,2,29.9873217637,51.7817719011,0.0,71.9155652873,1175.14279251,2.42500252836,0.126396139345,13.9142118582
2,4,"Manufacturing: Computer, Peripheral and Communications Equipment",,,18,000,00000,Indiana,2019,334419,Other Electronic Component Manufacturing ,2,2,6.77909131426,33.2304877281,0.0,14.595299086,571.241187413,0.0,0.09218723058,3.40393694315
2,4,"Manufacturing: Computer, Peripheral and Communications Equipment",,,18,000,00000,Indiana,2019,334510,Electromedical and Electrotherapeutic Apparatus Manufacturing ,2,2,9.28399933698,12.0779709305,0.0,5.75868775888,172.414120546,0.0,0.141150094836,1.21522385447
2,4,"Manufacturing: Computer, Peripheral and Communications Equipment",,,18,000,00000,Indiana,2019,334511,"Search, Detection, Navigation, Guidance, Aeronautical, and Nautical System and Instrument Manufacturing ",2,2,54.9628569349,97.7856621923,0.55835308086,70.9575803234,1393.88080928,1.50641592392,0.148515084276,17.3483248954
2,4,"Manufacturing: Computer, Peripheral and Communications Equipment",,,18,000,00000,Indiana,2019,334512,"Automatic Environmental Control Manufacturing for Residential, Commercial, and Appliance Use ",2,2,14.6083072519,38.1929996855,0.0,55.8936994487,537.928130322,5.1665101992,0.183926985952,7.37702208165
2,4,"Manufacturing: Computer, Peripheral and Communications Equipment",,,18,000,00000,Indiana,2019,334513,"Instruments and Related Products Manufacturing for Measuring, Displaying, and Controlling Industrial Process Variables ",2,2,46.2352345531,85.5861054261,0.0,67.1016454093,1589.25494149,1.33228579277,0.120460301982,17.406456437
2,4,"Manufacturing: Computer, Peripheral and Communications Equipment",,,18,000,00000,Indiana,2019,334514,Totalizing Fluid Meter and Counting Device Manufacturing ,2,2,2.79988396753,5.77900451389,0.0,9.09919540982,96.4332397991,0.0,0.159638134655,0.640717990509
2,4,"Manufacturing: Computer, Peripheral and Communications Equipment",,,18,000,00000,Indiana,2019,334515,Instrument Manufacturing for Measuring and Testing Electricity and Electrical Signals ,2,2,8.58505709372,12.6022769496,0.0,4.90470311344,244.49681843,0.0,0.100839168094,1.32781354981
2,4,"Manufacturing: Computer, Peripheral and Communications Equipment",,,18,000,00000,Indiana,2019,334516,Analytical Laboratory Instrument Manufacturing ,2,2,4.35878143002,4.05578829089,0.0,9.02588174056,175.858113362,0.0,0.0946815384626,0.951437615892
2,4,"Manufacturing: Computer, Peripheral and Communications Equipment",,,18,000,00000,Indiana,2019,334517,Irradiation Apparatus Manufacturing ,2,2,2.6774874154,0.766688826797,0.0,0.0,40.9444139684,0.0,0.0883926130626,0.525936103144
2,4,"Manufacturing: Computer, Peripheral and Communications Equipment",,,18,000,00000,Indiana,2019,334519,Other Measuring and Controlling Device Manufacturing ,2,2,29.3043469012,93.0276213153,0.0,59.0891968595,1266.09412087,3.37955155868,0.13498466033,12.7718315198
2,4,"Manufacturing: Computer, Peripheral and Communications Equipment",,,18,000,00000,Indiana,2019,334610,Manufacturing and Reproducing Magnetic and Optical Media ,2,2,8.95108978262,19.1135239509,0.0,8.16605784859,337.162672371,0.0,0.109013951724,5.02186582887
2,4,"Manufacturing: Computer, Peripheral and Communications Equipment",,,18,000,00000,Indiana,2020,333242,Semiconductor Machinery Manufacturing ,2,2,0.0,0.0,0.0,0.0,0.0,0.0,0.0,0.0
2,4,"Manufacturing: Computer, Peripheral and Communications Equipment",,,18,000,00000,Indiana,2020,334111,Electronic Computer Manufacturing ,2,2,16.9531359882,114.626275049,1.30942894002,28.0109313306,100.121812319,0.0,0.619670235246,2.22842096784
2,4,"Manufacturing: Computer, Peripheral and Communications Equipment",,,18,000,00000,Indiana,2020,334112,Computer Storage Device Manufacturing ,2,2,0.0,0.0,0.0,0.0,0.0,0.0,0.0,0.0
2,4,"Manufacturing: Computer, Peripheral and Communications Equipment",,,18,000,00000,Indiana,2020,334118,Computer Terminal and Other Computer Peripheral Equipment Manufacturing ,2,2,2.72563441885,0.557640911004,0.0,0.0,11.4667224612,0.0,0.222594970953,0.0
2,4,"Manufacturing: Computer, Peripheral and Communications Equipment",,,18,000,00000,Indiana,2020,334210,Telephone Apparatus Manufacturing,2,2,2.78395604477,1.47313991135,0.0,1.56377231858,56.7064482856,0.0,0.0930932046169,0.0
2,4,"Manufacturing: Computer, Peripheral and Communications Equipment",,,18,000,00000,Indiana,2020,334220,Radio and Television Broadcasting and Wireless Communications Equipment Manufacturing,2,2,53.27814982,49.7082682435,1.53696894949,50.6452156896,1355.15717587,2.97881151817,0.110254083385,9.77874253771
2,4,"Manufacturing: Computer, Peripheral and Communications Equipment",,,18,000,00000,Indiana,2020,334290,Other Communications Equipment Manufacturing,2,2,6.39448415851,4.05899162403,0.0,11.1259704505,130.352580355,0.80185662761,0.1543202056,1.40552181469
2,4,"Manufacturing: Computer, Peripheral and Communications Equipment",,,18,000,00000,Indiana,2020,334310,Audio and Video Equipment Manufacturing,2,2,0.0,0.626421140877,0.0,0.0,40.8937357085,0.0,0.0150871573812,0.0
2,4,"Manufacturing: Computer, Peripheral and Communications Equipment",,,18,000,00000,Indiana,2020,334412,Bare Printed Circuit Board Manufacturing  ,2,2,1.17399059278,4.18412033847,0.0,2.75432167768,44.7563874418,0.0,0.153444555811,0.0
2,4,"Manufacturing: Computer, Peripheral and Communications Equipment",,,18,000,00000,Indiana,2020,334413,Semiconductor and Related Device Manufacturing ,2,2,0.0,1.57274666215,0.0,1.03528555436,49.0586395197,0.0,0.0504780379472,0.0
2,4,"Manufacturing: Computer, Peripheral and Communications Equipment",,,18,000,00000,Indiana,2020,334416,"Capacitor, Resistor, Coil, Transformer, and Other Inductor Manufacturing ",2,2,9.11965746729,19.7869045082,0.0,9.89774816745,308.21518553,0.0,0.116861934051,1.9805049089
2,4,"Manufacturing: Computer, Peripheral and Communications Equipment",,,18,000,00000,Indiana,2020,334417,Electronic Connector Manufacturing ,2,2,27.9561728197,73.9781722055,2.03601266743,52.1037689862,1475.1392654,5.12004208393,0.106498481945,14.6310416571
2,4,"Manufacturing: Computer, Peripheral and Communications Equipment",,,18,000,00000,Indiana,2020,334418,Printed Circuit Assembly (Electronic Assembly) Manufacturing ,2,2,29.9596578016,49.0863592117,0.0,77.9449508402,1182.81779098,1.7813412562,0.128037014427,14.9099011155
2,4,"Manufacturing: Computer, Peripheral and Communications Equipment",,,18,000,00000,Indiana,2020,334419,Other Electronic Component Manufacturing ,2,2,9.31727660864,29.3913422296,0.0,13.4527360319,501.479031658,0.0,0.0980592957118,2.35961355365
2,4,"Manufacturing: Computer, Peripheral and Communications Equipment",,,18,000,00000,Indiana,2020,334510,Electromedical and Electrotherapeutic Apparatus Manufacturing ,2,2,6.77289094494,6.89384081871,0.0,2.29602411465,171.530881728,0.0,0.0936280964542,1.75636127053
2,4,"Manufacturing: Computer, Peripheral and Communications Equipment",,,18,000,00000,Indiana,2020,334511,"Search, Detection, Navigation, Guidance, Aeronautical, and Nautical System and Instrument Manufacturing ",2,2,58.5267361042,98.2921626638,0.546036506925,66.7504924485,1476.61903968,0.556314719343,0.139206777109,14.1258828943
2,4,"Manufacturing: Computer, Peripheral and Communications Equipment",,,18,000,00000,Indiana,2020,334512,"Automatic Environmental Control Manufacturing for Residential, Commercial, and Appliance Use ",2,2,20.3838410383,39.8032084084,0.0,52.9073637032,359.47034912,6.72708127833,0.260222224376,6.62482084048
2,4,"Manufacturing: Computer, Peripheral and Communications Equipment",,,18,000,00000,Indiana,2020,334513,"Instruments and Related Products Manufacturing for Measuring, Displaying, and Controlling Industrial Process Variables ",2,2,43.2333112946,76.0087260193,0.0,56.1913032652,1497.58913195,1.24743939337,0.116596884432,20.9800883977
2,4,"Manufacturing: Computer, Peripheral and Communications Equipment",,,18,000,00000,Indiana,2020,334514,Totalizing Fluid Meter and Counting Device Manufacturing ,2,2,0.0,0.0,0.0,0.536709534247,5.77305436784,0.0,0.0850601611368,0.0
2,4,"Manufacturing: Computer, Peripheral and Communications Equipment",,,18,000,00000,Indiana,2020,334515,Instrument Manufacturing for Measuring and Testing Electricity and Electrical Signals ,2,2,9.37081424025,11.6820298379,0.0,4.75894561898,220.512239507,0.0,0.113815508487,2.50930247648
2,4,"Manufacturing: Computer, Peripheral and Communications Equipment",,,18,000,00000,Indiana,2020,334516,Analytical Laboratory Instrument Manufacturing ,2,2,4.4321750945,4.21768428912,0.0,12.2018006037,173.851779992,0.0,0.114507056415,1.62989192532
2,4,"Manufacturing: Computer, Peripheral and Communications Equipment",,,18,000,00000,Indiana,2020,334517,Irradiation Apparatus Manufacturing ,2,2,6.90240364484,6.73561412327,0.0,2.03931595053,108.931491417,0.0,0.135054440745,1.33146122269
2,4,"Manufacturing: Computer, Peripheral and Communications Equipment",,,18,000,00000,Indiana,2020,334519,Other Measuring and Controlling Device Manufacturing ,2,2,31.2832937628,81.8301515687,0.0,53.4986442852,1097.35978682,5.07869478398,0.14318970308,11.6994276574
2,4,"Manufacturing: Computer, Peripheral and Communications Equipment",,,18,000,00000,Indiana,2020,334610,Manufacturing and Reproducing Magnetic and Optical Media ,2,2,8.97653979114,6.48612603001,0.0,7.93091379709,293.007811843,0.0,0.0845322447191,3.66210630015
2,4,"Manufacturing: Computer, Peripheral and Communications Equipment",,,18,000,00000,Indiana,2021,333242,Semiconductor Machinery Manufacturing ,2,2,0.0,0.0,0.0,0.0,0.0,0.0,0.0,0.0
2,4,"Manufacturing: Computer, Peripheral and Communications Equipment",,,18,000,00000,Indiana,2021,334111,Electronic Computer Manufacturing ,2,2,14.8857663287,81.9869204472,0.0,38.0059362334,99.0703408312,0.0,0.582275442746,3.21770283211
2,4,"Manufacturing: Computer, Peripheral and Communications Equipment",,,18,000,00000,Indiana,2021,334112,Computer Storage Device Manufacturing ,2,2,0.0,0.0,0.0,0.0,0.0,0.0,0.0,0.0
2,4,"Manufacturing: Computer, Peripheral and Communications Equipment",,,18,000,00000,Indiana,2021,334118,Computer Terminal and Other Computer Peripheral Equipment Manufacturing ,2,2,8.14187282932,0.550060951896,0.0,0.438068404728,7.03666447665,0.0,0.564742403396,0.0
2,4,"Manufacturing: Computer, Peripheral and Communications Equipment",,,18,000,00000,Indiana,2021,334210,Telephone Apparatus Manufacturing,2,2,1.74910438451,1.52717237926,0.0,1.97009831643,51.2536250634,0.0,0.0928561958738,0.0
2,4,"Manufacturing: Computer, Peripheral and Communications Equipment",,,18,000,00000,Indiana,2021,334220,Radio and Television Broadcasting and Wireless Communications Equipment Manufacturing,2,2,49.6304162773,49.3684943573,1.36108752653,60.5007735972,1369.10593997,3.99183056063,0.115326515591,13.6247911094
2,4,"Manufacturing: Computer, Peripheral and Communications Equipment",,,18,000,00000,Indiana,2021,334290,Other Communications Equipment Manufacturing,2,2,7.16785037075,6.95463077631,0.0,9.74072667151,132.73763309,0.0,0.162538592804,1.89915915029
2,4,"Manufacturing: Computer, Peripheral and Communications Equipment",,,18,000,00000,Indiana,2021,334310,Audio and Video Equipment Manufacturing,2,2,2.96591793309,4.53676347169,0.0,2.7642452185,96.2747369416,0.0,0.100936309313,0.541669839432
2,4,"Manufacturing: Computer, Peripheral and Communications Equipment",,,18,000,00000,Indiana,2021,334412,Bare Printed Circuit Board Manufacturing  ,2,2,1.00368626508,2.67706975073,0.0,3.48583013276,64.986813534,0.0,0.110776298041,0.9292378931
2,4,"Manufacturing: Computer, Peripheral and Communications Equipment",,,18,000,00000,Indiana,2021,334413,Semiconductor and Related Device Manufacturing ,2,2,0.0,0.650930782903,0.0,1.03763410003,56.4579605942,0.0,0.0430852444559,0.853464090484
2,4,"Manufacturing: Computer, Peripheral and Communications Equipment",,,18,000,00000,Indiana,2021,334416,"Capacitor, Resistor, Coil, Transformer, and Other Inductor Manufacturing ",2,2,7.5002337526,15.0410907191,0.0,11.4969584834,301.766561686,0.0,0.113971408369,4.77847799262
2,4,"Manufacturing: Computer, Peripheral and Communications Equipment",,,18,000,00000,Indiana,2021,334417,Electronic Connector Manufacturing ,2,2,28.6643999363,65.1871508005,2.20933185563,47.9115353036,1492.14088558,4.2438572724,0.0979961457384,13.8939586123
2,4,"Manufacturing: Computer, Peripheral and Communications Equipment",,,18,000,00000,Indiana,2021,334418,Printed Circuit Assembly (Electronic Assembly) Manufacturing ,2,2,33.1151689843,39.0398691545,0.0,77.1159149081,1259.25061813,1.21490291173,0.116211981938,15.0968483758
2,4,"Manufacturing: Computer, Peripheral and Communications Equipment",,,18,000,00000,Indiana,2021,334419,Other Electronic Component Manufacturing ,2,2,5.57173389305,22.529771803,0.0,11.5666024943,467.121231273,0.0,0.0855701645115,4.04398327432
2,4,"Manufacturing: Computer, Peripheral and Communications Equipment",,,18,000,00000,Indiana,2021,334510,Electromedical and Electrotherapeutic Apparatus Manufacturing ,2,2,8.24122947876,9.04360847707,0.0,3.02778836176,158.226505416,0.0,0.119741319206,1.21087683591
2,4,"Manufacturing: Computer, Peripheral and Communications Equipment",,,18,000,00000,Indiana,2021,334511,"Search, Detection, Navigation, Guidance, Aeronautical, and Nautical System and Instrument Manufacturing ",2,2,62.34071437,107.736179655,0.0,80.004861862,1555.27339732,1.77712263533,0.147445037792,17.1177329684
2,4,"Manufacturing: Computer, Peripheral and Communications Equipment",,,18,000,00000,Indiana,2021,334512,"Automatic Environmental Control Manufacturing for Residential, Commercial, and Appliance Use ",2,2,15.2189482618,20.9389213475,0.0,25.9665721837,433.571483641,0.0,0.132857047907,4.3040833242
2,4,"Manufacturing: Computer, Peripheral and Communications Equipment",,,18,000,00000,Indiana,2021,334513,"Instruments and Related Products Manufacturing for Measuring, Displaying, and Controlling Industrial Process Variables ",2,2,45.8924830183,72.9910636614,0.0,77.7706447823,1508.07318911,4.04128478626,0.127819259835,20.3146767295
2,4,"Manufacturing: Computer, Peripheral and Communications Equipment",,,18,000,00000,Indiana,2021,334514,Totalizing Fluid Meter and Counting Device Manufacturing ,2,2,1.75356655668,2.67642761395,0.0,3.99596057019,66.3234474464,0.0,0.112722704052,0.0
2,4,"Manufacturing: Computer, Peripheral and Communications Equipment",,,18,000,00000,Indiana,2021,334515,Instrument Manufacturing for Measuring and Testing Electricity and Electrical Signals ,2,2,8.72434238063,11.0829808313,0.0,5.78008121007,205.622172303,0.0,0.119391158502,2.29043214748
2,4,"Manufacturing: Computer, Peripheral and Communications Equipment",,,18,000,00000,Indiana,2021,334516,Analytical Laboratory Instrument Manufacturing ,2,2,6.26626697126,5.24724617635,0.0,9.08670941258,188.093279105,0.0,0.106445267101,1.80650709733
2,4,"Manufacturing: Computer, Peripheral and Communications Equipment",,,18,000,00000,Indiana,2021,334517,Irradiation Apparatus Manufacturing ,2,2,2.19432289216,0.0,0.0,0.0,62.9032824757,0.0,0.0445137379189,0.736185207726
2,4,"Manufacturing: Computer, Peripheral and Communications Equipment",,,18,000,00000,Indiana,2021,334519,Other Measuring and Controlling Device Manufacturing ,2,2,34.2437433271,73.9537613125,0.0,51.535620512,1082.30801257,4.67120106326,0.136284094955,6.3710029107
2,4,"Manufacturing: Computer, Peripheral and Communications Equipment",,,18,000,00000,Indiana,2021,334610,Manufacturing and Reproducing Magnetic and Optical Media ,2,2,9.34460655286,6.46602636215,0.0,8.2253769921,293.260572419,0.0,0.0859411001572,3.53676054649
2,4,"Manufacturing: Computer, Peripheral and Communications Equipment",,,18,000,00000,Indiana,2022,333242,Semiconductor Machinery Manufacturing ,2,2,0.0,0.0,0.0,0.0,0.0,0.0,0.0,0.0
2,4,"Manufacturing: Computer, Peripheral and Communications Equipment",,,18,000,00000,Indiana,2022,334111,Electronic Computer Manufacturing ,2,2,5.27196929167,10.0285169711,0.0,7.24801725801,31.3621302039,0.0,0.41825706661,0.0
2,4,"Manufacturing: Computer, Peripheral and Communications Equipment",,,18,000,00000,Indiana,2022,334112,Computer Storage Device Manufacturing ,2,2,0.393250656467,0.0,0.0,0.0,0.0,0.0,1.0,0.0
2,4,"Manufacturing: Computer, Peripheral and Communications Equipment",,,18,000,00000,Indiana,2022,334118,Computer Terminal and Other Computer Peripheral Equipment Manufacturing ,2,2,1.21426830552,0.969648310184,0.0,0.69225988432,5.17169533874,0.0,0.35738348692,0.0
2,4,"Manufacturing: Computer, Peripheral and Communications Equipment",,,18,000,00000,Indiana,2022,334210,Telephone Apparatus Manufacturing,2,2,1.43918334154,2.13026562655,0.0,1.91420411324,47.1848798298,0.0,0.104116305852,0.0
2,4,"Manufacturing: Computer, Peripheral and Communications Equipment",,,18,000,00000,Indiana,2022,334220,Radio and Television Broadcasting and Wireless Communications Equipment Manufacturing,2,2,42.6026738599,55.8838163815,0.613201177058,63.5493656653,1380.30988307,2.08946704788,0.114216413005,13.2440508387
2,4,"Manufacturing: Computer, Peripheral and Communications Equipment",,,18,000,00000,Indiana,2022,334290,Other Communications Equipment Manufacturing,2,2,9.97367766192,11.5971970801,0.0,4.90247381851,127.909465833,0.0,0.178481615218,1.31603325554
2,4,"Manufacturing: Computer, Peripheral and Communications Equipment",,,18,000,00000,Indiana,2022,334310,Audio and Video Equipment Manufacturing,2,2,6.19560238373,5.97190067492,0.0,5.03201844838,103.365690824,0.0,0.146521967449,0.545919861801
2,4,"Manufacturing: Computer, Peripheral and Communications Equipment",,,18,000,00000,Indiana,2022,334412,Bare Printed Circuit Board Manufacturing  ,2,2,1.40292218064,4.11235952524,0.0,4.7589975,89.918791302,0.0,0.109091112376,0.736208064957
2,4,"Manufacturing: Computer, Peripheral and Communications Equipment",,,18,000,00000,Indiana,2022,334413,Semiconductor and Related Device Manufacturing ,2,2,0.825068229414,0.0,0.0,0.0,56.6770580725,0.0,0.0143484820906,0.0
2,4,"Manufacturing: Computer, Peripheral and Communications Equipment",,,18,000,00000,Indiana,2022,334416,"Capacitor, Resistor, Coil, Transformer, and Other Inductor Manufacturing ",2,2,12.0114992517,21.3740384028,0.0,17.1126474592,318.171152674,0.0,0.150268659272,5.76801367146
2,4,"Manufacturing: Computer, Peripheral and Communications Equipment",,,18,000,00000,Indiana,2022,334417,Electronic Connector Manufacturing ,2,2,29.2121007349,78.9442728906,2.33600649067,53.1241080917,1616.88269659,4.21255912454,0.102309595946,16.446750462
2,4,"Manufacturing: Computer, Peripheral and Communications Equipment",,,18,000,00000,Indiana,2022,334418,Printed Circuit Assembly (Electronic Assembly) Manufacturing ,2,2,31.6624059583,47.0615739816,0.0,74.297033287,1237.82118527,1.27367929481,0.120606513568,15.4692412333
2,4,"Manufacturing: Computer, Peripheral and Communications Equipment",,,18,000,00000,Indiana,2022,334419,Other Electronic Component Manufacturing ,2,2,9.7034364045,32.792619304,0.0,18.4188794715,476.050298888,0.0,0.125600669141,7.46599098818
2,4,"Manufacturing: Computer, Peripheral and Communications Equipment",,,18,000,00000,Indiana,2022,334510,Electromedical and Electrotherapeutic Apparatus Manufacturing ,2,2,8.94686743286,7.21504802068,0.0,5.15754429403,185.419940092,0.0,0.10870380824,1.29463172738
2,4,"Manufacturing: Computer, Peripheral and Communications Equipment",,,18,000,00000,Indiana,2022,334511,"Search, Detection, Navigation, Guidance, Aeronautical, and Nautical System and Instrument Manufacturing ",2,2,65.5602561311,100.193531678,0.0,100.106530317,1569.70430015,1.95967404019,0.156729018557,23.922780682
2,4,"Manufacturing: Computer, Peripheral and Communications Equipment",,,18,000,00000,Indiana,2022,334512,"Automatic Environmental Control Manufacturing for Residential, Commercial, and Appliance Use ",2,2,24.5694172305,19.1823442768,0.0,25.231245077,450.610839256,0.0,0.141768584884,5.45199997629
2,4,"Manufacturing: Computer, Peripheral and Communications Equipment",,,18,000,00000,Indiana,2022,334513,"Instruments and Related Products Manufacturing for Measuring, Displaying, and Controlling Industrial Process Variables ",2,2,51.7336495823,81.7125770367,0.0,109.642630073,1603.86782896,5.79671576629,0.143904196042,20.7142894001
2,4,"Manufacturing: Computer, Peripheral and Communications Equipment",,,18,000,00000,Indiana,2022,334514,Totalizing Fluid Meter and Counting Device Manufacturing ,2,2,3.24208852562,4.50853463004,0.0,5.32188591991,92.3290919887,0.0,0.124025716342,0.0
2,4,"Manufacturing: Computer, Peripheral and Communications Equipment",,,18,000,00000,Indiana,2022,334515,Instrument Manufacturing for Measuring and Testing Electricity and Electrical Signals ,2,2,10.4705363564,8.86498161379,0.0,7.25785974251,202.418141302,0.0,0.121581685541,1.42327266719
2,4,"Manufacturing: Computer, Peripheral and Communications Equipment",,,18,000,00000,Indiana,2022,334516,Analytical Laboratory Instrument Manufacturing ,2,2,8.94956458408,7.42150402152,0.0,13.6269392024,233.998412473,0.0,0.120703414585,2.12358558983
2,4,"Manufacturing: Computer, Peripheral and Communications Equipment",,,18,000,00000,Indiana,2022,334517,Irradiation Apparatus Manufacturing ,2,2,1.69104142132,0.0,0.0,0.0,33.8800247636,0.0,0.0640309373584,0.626737904861
2,4,"Manufacturing: Computer, Peripheral and Communications Equipment",,,18,000,00000,Indiana,2022,334519,Other Measuring and Controlling Device Manufacturing ,2,2,36.9467760133,68.7060222473,0.531118116894,49.3637568997,1079.31967051,6.67045283773,0.136802342843,8.83592897635
2,4,"Manufacturing: Computer, Peripheral and Communications Equipment",,,18,000,00000,Indiana,2022,334610,Manufacturing and Reproducing Magnetic and Optical Media ,2,2,7.19451759111,5.4977850348,0.0,4.01816891175,265.174510384,0.0,0.0671579081357,2.38018224353
2,4,"Manufacturing: Computer, Peripheral and Communications Equipment",,,18,000,00000,Indiana,2023,333242,Semiconductor Machinery Manufacturing ,2,2,0.0,0.0,0.0,0.0,0.0,0.0,0.0,0.0
2,4,"Manufacturing: Computer, Peripheral and Communications Equipment",,,18,000,00000,Indiana,2023,334111,Electronic Computer Manufacturing ,2,2,12.5149785992,2.45372325031,0.0,2.11662361498,24.0956165874,0.0,0.41488427931,0.0
2,4,"Manufacturing: Computer, Peripheral and Communications Equipment",,,18,000,00000,Indiana,2023,334112,Computer Storage Device Manufacturing ,2,2,0.0,0.0,0.0,0.0,1.2528794191,0.0,0.0,0.0
2,4,"Manufacturing: Computer, Peripheral and Communications Equipment",,,18,000,00000,Indiana,2023,334118,Computer Terminal and Other Computer Peripheral Equipment Manufacturing ,2,2,0.736143742056,0.0,0.0,0.0,5.75316009065,0.0,0.113439555464,0.0
2,4,"Manufacturing: Computer, Peripheral and Communications Equipment",,,18,000,00000,Indiana,2023,334210,Telephone Apparatus Manufacturing,2,2,1.77956532059,2.40171740797,0.0,1.6561812269,43.5449923986,0.0,0.11820926674,0.0
2,4,"Manufacturing: Computer, Peripheral and Communications Equipment",,,18,000,00000,Indiana,2023,334220,Radio and Television Broadcasting and Wireless Communications Equipment Manufacturing,2,2,38.0142819685,75.1843588168,0.0,60.0592637108,1353.0071641,5.24313236575,0.124390734057,13.7097595201
2,4,"Manufacturing: Computer, Peripheral and Communications Equipment",,,18,000,00000,Indiana,2023,334290,Other Communications Equipment Manufacturing,2,2,9.13894275289,12.9089066159,0.0,4.62269597689,125.702248572,0.0,0.185633734382,1.98311923726
2,4,"Manufacturing: Computer, Peripheral and Communications Equipment",,,18,000,00000,Indiana,2023,334310,Audio and Video Equipment Manufacturing,2,2,5.77483367885,6.73221931716,0.0,1.00839365519,116.058134262,0.0,0.11107692183,0.986798395427
2,4,"Manufacturing: Computer, Peripheral and Communications Equipment",,,18,000,00000,Indiana,2023,334412,Bare Printed Circuit Board Manufacturing  ,2,2,1.56703731809,7.711243603,0.0,5.45542509599,119.909598708,0.0,0.122693607346,2.03596686353
2,4,"Manufacturing: Computer, Peripheral and Communications Equipment",,,18,000,00000,Indiana,2023,334413,Semiconductor and Related Device Manufacturing ,2,2,0.0,0.0,0.0,0.986209585817,53.0112870157,0.0,0.0182639871825,0.0
2,4,"Manufacturing: Computer, Peripheral and Communications Equipment",,,18,000,00000,Indiana,2023,334416,"Capacitor, Resistor, Coil, Transformer, and Other Inductor Manufacturing ",2,2,13.7732244676,25.8674974895,0.0,18.6321991086,255.217666779,0.0,0.196940411199,4.31604859692
2,4,"Manufacturing: Computer, Peripheral and Communications Equipment",,,18,000,00000,Indiana,2023,334417,Electronic Connector Manufacturing ,2,2,29.7871263641,55.2357084976,2.27550646287,41.7160386388,1599.18371532,3.33196805174,0.0844752229016,15.2098997148
2,4,"Manufacturing: Computer, Peripheral and Communications Equipment",,,18,000,00000,Indiana,2023,334418,Printed Circuit Assembly (Electronic Assembly) Manufacturing ,2,2,28.4635025905,55.5905985445,0.0,89.1799277066,1170.24680084,0.890109216813,0.142917265922,21.0127683102
2,4,"Manufacturing: Computer, Peripheral and Communications Equipment",,,18,000,00000,Indiana,2023,334419,Other Electronic Component Manufacturing ,2,2,4.76633797641,31.8803194973,0.0,14.6158005665,517.878308727,0.54381772025,0.100707303041,6.18833261544
2,4,"Manufacturing: Computer, Peripheral and Communications Equipment",,,18,000,00000,Indiana,2023,334510,Electromedical and Electrotherapeutic Apparatus Manufacturing ,2,2,7.38822890565,7.62950758443,0.0,5.4200282904,218.511321479,0.0,0.0907855902437,1.38071838751
2,4,"Manufacturing: Computer, Peripheral and Communications Equipment",,,18,000,00000,Indiana,2023,334511,"Search, Detection, Navigation, Guidance, Aeronautical, and Nautical System and Instrument Manufacturing ",2,2,62.5110029294,96.714694312,0.547210240919,106.893883871,1506.88850504,2.33968155668,0.165596351687,30.0517099478
2,4,"Manufacturing: Computer, Peripheral and Communications Equipment",,,18,000,00000,Indiana,2023,334512,"Automatic Environmental Control Manufacturing for Residential, Commercial, and Appliance Use ",2,2,20.5360947425,21.7284955855,0.0,22.8991451545,415.05780937,0.0,0.14561905647,5.57792494245
2,4,"Manufacturing: Computer, Peripheral and Communications Equipment",,,18,000,00000,Indiana,2023,334513,"Instruments and Related Products Manufacturing for Measuring, Displaying, and Controlling Industrial Process Variables ",2,2,53.9171365483,88.1483302399,0.0,106.428412239,1595.03626731,4.41979296413,0.145354182769,18.3626724867
2,4,"Manufacturing: Computer, Peripheral and Communications Equipment",,,18,000,00000,Indiana,2023,334514,Totalizing Fluid Meter and Counting Device Manufacturing ,2,2,1.36391098475,2.13212607058,0.0,1.94697141639,34.2918535204,0.0,0.136983198099,0.0
2,4,"Manufacturing: Computer, Peripheral and Communications Equipment",,,18,000,00000,Indiana,2023,334515,Instrument Manufacturing for Measuring and Testing Electricity and Electrical Signals ,2,2,10.8791149602,11.9535685469,0.0,10.077412162,226.949139077,0.0,0.135148262449,2.55469034998
2,4,"Manufacturing: Computer, Peripheral and Communications Equipment",,,18,000,00000,Indiana,2023,334516,Analytical Laboratory Instrument Manufacturing ,2,2,10.5844181567,9.93017010518,0.0,13.9144217303,256.574967842,0.0,0.123714078778,1.79425346032
2,4,"Manufacturing: Computer, Peripheral and Communications Equipment",,,18,000,00000,Indiana,2023,334517,Irradiation Apparatus Manufacturing ,2,2,3.14427962194,1.39233671694,0.0,0.510792536909,81.2108951163,0.0,0.0659933865701,0.690646848921
2,4,"Manufacturing: Computer, Peripheral and Communications Equipment",,,18,000,00000,Indiana,2023,334519,Other Measuring and Controlling Device Manufacturing ,2,2,44.7689263298,103.835207174,0.885265353055,71.1173259816,1192.16730222,7.86891543376,0.172284165315,19.6669467993
2,4,"Manufacturing: Computer, Peripheral and Communications Equipment",,,18,000,00000,Indiana,2023,334610,Manufacturing and Reproducing Magnetic and Optical Media ,2,2,7.35211237308,6.70162359856,0.0,4.94796546947,233.336631357,0.0,0.0917516360182,4.5700642994
