initiative,cagr_3yr,yoy_growth,jobs
BioCrossroads,4.055087646078626,2.3445894933351807,70189.07111633412
AgriNovus,3.5621466587665074,2.422811298565697,104348.15717344228
TechPoint,2.9178500829422083,0.26273378186592034,73721.65866738805
Advanced & Traded Industries,2.5535558556962767,0.3318970975657365,1110656.6114735648
Conexus,2.182718931983363,-0.18170395834870012,841356.8738149909
