initiative,gdp_growth_rate,jobs_growth_rate,productivity_change
AgriNovus,2.422811298565697,-90.60482276020504,93.02763405877073
TechPoint,0.26273378186592034,-91.23776592766045,91.50049970952637
BioCrossroads,2.3445894933351807,-32.73568693726965,35.080276430604826
Conexus,-0.18170395834866682,1098.7006815070856,-1098.8823854654343
Advanced & Traded Industries,0.3318970975657587,NA,NA
