sector_id,sector_name,statefips,countyfips,year,own,disc,naics,repunits,empl,wages
1,621 - Ambulatory Care,35,000,2023,0,0,621391,25.0,331.0,19828648.0
1,621 - Ambulatory Care,09,000,2019,0,0,621340,554.0,6209.75,294657253.0
1,621 - Ambulatory Care,35,000,2022,0,0,621491,11.0,446.33,32704672.0
1,621 - Ambulatory Care,37,000,2019,0,0,621491,17.0,68.91,3826420.0
1,621 - Ambulatory Care,42,000,2018,0,0,621610,1074.0,66173.25,2564760308.0
1,621 - Ambulatory Care,05,000,2024,0,0,621493,133.0,1465.58,78543275.0
1,621 - Ambulatory Care,05,000,2024,0,0,621999,102.0,264.66,16287811.0
1,621 - Ambulatory Care,12,000,2018,0,1,621493,613.0,13591.66,752768936.0
1,621 - Ambulatory Care,12,000,2022,0,0,621498,963.0,16472.33,1087862373.0
1,621 - Ambulatory Care,51,000,2023,0,0,621330,1244.0,5709.58,283244206.0
1,621 - Ambulatory Care,12,000,2019,0,0,621391,608.0,3265.83,167613880.0
1,621 - Ambulatory Care,51,000,2018,0,0,621112,315.0,1885.0,109350285.0
1,621 - Ambulatory Care,51,000,2019,0,1,621491,24.0,0.0,0.0
1,621 - Ambulatory Care,56,000,2018,0,0,621310,99.0,341.33,11406446.0
1,621 - Ambulatory Care,28,000,2021,0,0,621511,168.0,795.08,40516161.0
1,621 - Ambulatory Care,13,000,2023,0,0,621340,1370.0,14194.41,695324549.0
1,621 - Ambulatory Care,47,000,2018,0,0,621512,98.0,1605.5,134137722.0
1,621 - Ambulatory Care,47,000,2019,0,0,621493,146.0,3055.0,165900090.0
1,621 - Ambulatory Care,10,000,2019,0,0,621111,605.0,7503.66,658456548.0
1,621 - Ambulatory Care,25,000,2020,0,0,621399,364.0,1723.58,81393907.0
1,621 - Ambulatory Care,10,000,2020,0,0,621493,27.0,441.91,33254590.0
1,621 - Ambulatory Care,26,000,2022,0,1,621310,1229.0,4766.66,170276017.0
1,621 - Ambulatory Care,28,000,2024,0,0,621493,98.0,1178.75,57741392.0
1,621 - Ambulatory Care,47,000,2018,0,0,621391,124.0,592.16,27400979.0
1,621 - Ambulatory Care,26,000,2022,0,1,621210,3668.0,32095.0,1896987602.0
1,621 - Ambulatory Care,25,000,2024,0,0,621111,2805.0,57712.0,7687839358.0
1,621 - Ambulatory Care,25,000,2024,0,0,621498,183.0,7452.83,608640256.0
1,621 - Ambulatory Care,08,000,2024,0,0,621320,420.0,3076.91,184939099.0
1,621 - Ambulatory Care,42,000,2024,0,0,621320,809.0,5081.41,277766879.0
1,621 - Ambulatory Care,08,000,2023,0,0,621111,3379.0,43456.5,4850784426.0
1,621 - Ambulatory Care,50,000,2018,0,0,621512,7.0,20.25,1225907.0
1,621 - Ambulatory Care,50,000,2021,0,0,621493,8.0,149.33,6570038.0
1,621 - Ambulatory Care,23,000,2018,0,0,621111,586.0,10493.08,937537187.0
1,621 - Ambulatory Care,18,000,2021,0,0,621610,737.0,22667.75,838347315.0
1,621 - Ambulatory Care,41,000,2022,0,1,621410,40.0,402.16,24336270.0
1,621 - Ambulatory Care,41,000,2023,0,0,621493,115.0,2063.58,137951539.0
1,621 - Ambulatory Care,18,000,2020,0,1,621492,174.0,0.0,0.0
1,621 - Ambulatory Care,18,000,2018,0,0,621330,328.0,2911.0,100565220.0
1,621 - Ambulatory Care,18,000,2018,0,0,621910,93.0,3290.75,120311721.0
1,621 - Ambulatory Care,18,000,2019,0,0,621610,609.0,21661.0,727520182.0
1,621 - Ambulatory Care,30,000,2018,0,0,621310,233.0,705.08,21083839.0
1,621 - Ambulatory Care,30,000,2019,0,0,621493,23.0,441.08,23876956.0
1,621 - Ambulatory Care,53,000,2020,0,0,621511,181.0,4344.25,292743660.0
1,621 - Ambulatory Care,36,000,2019,0,1,621330,1556.0,6806.58,300536483.0
1,621 - Ambulatory Care,40,000,2019,0,1,621111,2455.0,26093.91,2412477835.0
1,621 - Ambulatory Care,21,000,2024,0,0,621340,779.0,6465.75,368484249.0
1,621 - Ambulatory Care,22,000,2018,0,0,621391,56.0,228.0,9675413.0
1,621 - Ambulatory Care,36,000,2020,0,0,621310,1858.0,4571.25,173676255.0
1,621 - Ambulatory Care,41,000,2020,0,1,621410,29.0,378.66,19272652.0
1,621 - Ambulatory Care,27,000,2018,0,0,621492,98.0,1070.33,61848673.0
1,621 - Ambulatory Care,38,000,2023,0,1,621391,4.0,0.0,0.0
1,621 - Ambulatory Care,15,000,2022,0,0,621330,224.0,929.25,46088566.0
1,621 - Ambulatory Care,15,000,2022,0,1,621910,13.0,375.16,35424719.0
1,621 - Ambulatory Care,19,000,2023,0,1,621498,94.0,976.5,71861613.0
1,621 - Ambulatory Care,15,000,2022,0,0,621420,50.0,390.08,17497106.0
1,621 - Ambulatory Care,19,000,2024,0,0,621310,827.0,2557.41,97751304.0
1,621 - Ambulatory Care,28,000,2019,0,0,621511,145.0,842.0,36277351.0
1,621 - Ambulatory Care,29,000,2020,0,0,621493,127.0,1768.5,99944219.0
1,621 - Ambulatory Care,10,000,2022,0,0,621112,81.0,229.0,12588170.0
1,621 - Ambulatory Care,15,000,2021,0,1,621910,14.0,383.08,34785356.0
1,621 - Ambulatory Care,15,000,2023,0,0,621610,122.0,3911.58,176362512.0
1,621 - Ambulatory Care,40,000,2021,0,0,621991,35.0,1448.66,74694837.0
1,621 - Ambulatory Care,19,000,2020,0,1,621491,3.0,0.0,0.0
1,621 - Ambulatory Care,05,000,2023,0,0,621498,99.0,1033.33,142476835.0
1,621 - Ambulatory Care,55,000,2019,0,0,621910,165.0,3484.0,101159111.0
1,621 - Ambulatory Care,49,000,2024,0,0,621493,68.0,994.16,62012612.0
1,621 - Ambulatory Care,12,000,2019,0,0,621991,202.0,5489.91,271203577.0
1,621 - Ambulatory Care,56,000,2023,0,0,621320,61.0,481.41,22935910.0
1,621 - Ambulatory Care,12,000,2020,0,0,621999,758.0,5259.83,412869098.0
1,621 - Ambulatory Care,01,000,2018,0,0,621320,344.0,2122.66,85920751.0
1,621 - Ambulatory Care,12,000,2022,0,0,621999,983.0,7393.5,635813825.0
1,621 - Ambulatory Care,12,000,2019,0,0,621340,3118.0,23214.41,1060307803.0
1,621 - Ambulatory Care,56,000,2022,0,0,621320,62.0,481.5,22811192.0
1,621 - Ambulatory Care,09,000,2018,0,0,621112,174.0,895.83,51621471.0
1,621 - Ambulatory Care,35,000,2019,0,0,621320,125.0,789.83,30103841.0
1,621 - Ambulatory Care,37,000,2019,0,0,621910,153.0,3635.25,136673013.0
1,621 - Ambulatory Care,55,000,2022,0,0,621511,119.0,6218.91,596170327.0
1,621 - Ambulatory Care,09,000,2019,0,0,621410,26.0,310.91,16575614.0
1,621 - Ambulatory Care,09,000,2019,0,1,621420,164.0,4306.08,214477713.0
1,621 - Ambulatory Care,09,000,2020,0,1,621420,171.0,4305.91,228017157.0
1,621 - Ambulatory Care,35,000,2019,0,0,621492,28.0,906.0,50554359.0
1,621 - Ambulatory Care,35,000,2020,0,0,621610,235.0,14209.41,313417490.0
1,621 - Ambulatory Care,37,000,2018,0,0,621511,1010.0,11445.25,812235391.0
1,621 - Ambulatory Care,55,000,2020,0,0,621210,1854.0,17011.0,1039428980.0
1,621 - Ambulatory Care,13,000,2019,0,0,621491,80.0,3471.66,448026815.0
1,621 - Ambulatory Care,33,000,2022,0,0,621340,213.0,1856.66,100057028.0
1,621 - Ambulatory Care,47,000,2018,0,1,621320,430.0,3055.33,128206491.0
1,621 - Ambulatory Care,06,000,2022,0,0,621910,420.0,19580.0,1245047822.0
1,621 - Ambulatory Care,25,000,2018,0,0,621512,94.0,1690.66,130845398.0
1,621 - Ambulatory Care,47,000,2021,0,0,621910,143.0,3373.08,167088992.0
1,621 - Ambulatory Care,34,000,2019,0,1,621910,206.0,5355.58,186053919.0
1,621 - Ambulatory Care,10,000,2019,0,0,621512,52.0,299.25,18922288.0
1,621 - Ambulatory Care,28,000,2022,0,0,621492,90.0,1551.75,91948580.0
1,621 - Ambulatory Care,33,000,2024,0,0,621330,206.0,997.16,56182493.0
1,621 - Ambulatory Care,33,000,2022,0,0,621399,154.0,601.0,34859793.0
1,621 - Ambulatory Care,47,000,2021,0,0,621512,114.0,1628.66,137550181.0
1,621 - Ambulatory Care,25,000,2021,0,0,621991,24.0,819.41,63121791.0
1,621 - Ambulatory Care,25,000,2022,0,0,621511,304.0,4441.91,402206681.0
1,621 - Ambulatory Care,29,000,2019,0,0,621210,1917.0,15280.33,841681119.0
1,621 - Ambulatory Care,25,000,2021,0,1,621910,86.0,5827.33,301020421.0
1,621 - Ambulatory Care,25,000,2023,0,0,621492,86.0,1947.58,150265107.0
1,621 - Ambulatory Care,50,000,2022,0,0,621610,68.0,2119.16,122845498.0
1,621 - Ambulatory Care,15,000,2020,0,1,621491,32.0,0.0,0.0
1,621 - Ambulatory Care,29,000,2021,0,0,621111,3402.0,42925.41,4900531686.0
1,621 - Ambulatory Care,29,000,2022,0,0,621498,183.0,4394.08,256203256.0
1,621 - Ambulatory Care,15,000,2022,0,0,621492,36.0,1160.25,93006661.0
1,621 - Ambulatory Care,15,000,2024,0,0,621511,46.0,1715.83,119896209.0
1,621 - Ambulatory Care,40,000,2023,0,0,621112,94.0,443.75,24187773.0
1,621 - Ambulatory Care,41,000,2022,0,0,621991,36.0,966.25,49916944.0
1,621 - Ambulatory Care,53,000,2024,0,0,621320,435.0,3524.75,173711471.0
1,621 - Ambulatory Care,02,000,2018,0,0,621391,10.0,54.33,3759249.0
1,621 - Ambulatory Care,02,000,2020,0,1,621493,37.0,0.0,0.0
1,621 - Ambulatory Care,47,000,2024,0,0,621330,743.0,5677.83,296709975.0
1,621 - Ambulatory Care,08,000,2021,0,0,621112,280.0,995.66,63501931.0
1,621 - Ambulatory Care,23,000,2018,0,0,621420,118.0,2133.5,81884006.0
1,621 - Ambulatory Care,08,000,2018,0,0,621112,234.0,783.91,41239837.0
1,621 - Ambulatory Care,23,000,2020,0,1,621910,83.0,844.25,31073607.0
1,621 - Ambulatory Care,23,000,2021,0,0,621420,139.0,2585.58,112851240.0
1,621 - Ambulatory Care,22,000,2020,0,0,621391,50.0,197.41,9014710.0
1,621 - Ambulatory Care,21,000,2022,0,0,621340,673.0,6110.66,295235853.0
1,621 - Ambulatory Care,30,000,2020,0,0,621340,249.0,1376.16,61554080.0
1,621 - Ambulatory Care,53,000,2018,0,0,621210,3223.0,27402.75,1202683110.0
1,621 - Ambulatory Care,39,000,2018,0,0,621512,165.0,1746.41,101910601.0
1,621 - Ambulatory Care,39,000,2018,0,1,621410,64.0,567.0,21335325.0
1,621 - Ambulatory Care,72,000,2020,0,1,621492,39.0,0.0,0.0
1,621 - Ambulatory Care,24,000,2018,0,0,621340,953.0,9073.83,421976514.0
1,621 - Ambulatory Care,05,000,2021,0,0,621112,94.0,281.5,20384294.0
1,621 - Ambulatory Care,17,000,2019,0,0,621493,126.0,2455.33,127164871.0
1,621 - Ambulatory Care,42,000,2018,0,0,621512,247.0,3454.33,241901054.0
1,621 - Ambulatory Care,01,000,2018,0,1,621511,417.0,2752.0,140896578.0
1,621 - Ambulatory Care,56,000,2019,0,0,621511,26.0,92.75,7155019.0
1,621 - Ambulatory Care,56,000,2023,0,1,621391,9.0,0.0,0.0
1,621 - Ambulatory Care,12,000,2020,0,0,621210,8415.0,56584.66,3144932214.0
1,621 - Ambulatory Care,51,000,2021,0,1,621511,772.0,6827.33,469795307.0
1,621 - Ambulatory Care,12,000,2018,0,0,621991,194.0,5396.0,273506987.0
1,621 - Ambulatory Care,49,000,2023,0,0,621493,64.0,904.75,51825468.0
1,621 - Ambulatory Care,49,000,2023,0,0,621210,1819.0,14690.25,656158533.0
1,621 - Ambulatory Care,12,000,2018,0,0,621410,132.0,973.25,37952023.0
1,621 - Ambulatory Care,51,000,2022,0,0,621410,52.0,484.33,35130548.0
1,621 - Ambulatory Care,35,000,2019,0,0,621410,12.0,66.75,2806091.0
1,621 - Ambulatory Care,35,000,2021,0,1,621111,937.0,10822.5,883202327.0
1,621 - Ambulatory Care,55,000,2024,0,0,621491,34.0,5123.33,574973956.0
1,621 - Ambulatory Care,35,000,2021,0,0,621491,10.0,478.25,35683047.0
1,621 - Ambulatory Care,55,000,2021,0,1,621610,330.0,12527.91,529802249.0
1,621 - Ambulatory Care,55,000,2022,0,0,621491,35.0,6236.66,692357218.0
1,621 - Ambulatory Care,09,000,2019,0,0,621511,179.0,2020.66,124769233.0
1,621 - Ambulatory Care,13,000,2019,0,0,621511,927.0,5853.16,358770674.0
1,621 - Ambulatory Care,55,000,2020,0,0,621491,36.0,6196.58,637577338.0
1,621 - Ambulatory Care,55,000,2023,0,0,621910,139.0,3263.91,137428496.0
1,621 - Ambulatory Care,28,000,2020,0,1,621399,339.0,1493.41,79470789.0
1,621 - Ambulatory Care,06,000,2021,0,1,621330,3561.0,24405.91,1045146270.0
1,621 - Ambulatory Care,34,000,2020,0,0,621991,16.0,1248.33,101804271.0
1,621 - Ambulatory Care,13,000,2022,0,0,621910,219.0,5801.91,279557787.0
1,621 - Ambulatory Care,06,000,2021,0,1,621340,4481.0,44472.33,2141249638.0
1,621 - Ambulatory Care,06,000,2023,0,0,621320,2608.0,16340.58,826255428.0
1,621 - Ambulatory Care,28,000,2022,0,0,621512,54.0,189.41,10964534.0
1,621 - Ambulatory Care,33,000,2023,0,0,621391,18.0,90.16,6468893.0
1,621 - Ambulatory Care,26,000,2023,0,0,621112,446.0,2983.66,202591543.0
1,621 - Ambulatory Care,10,000,2019,0,0,621399,53.0,226.08,9962698.0
1,621 - Ambulatory Care,13,000,2023,0,0,621910,220.0,5892.16,302086075.0
1,621 - Ambulatory Care,28,000,2021,0,0,621111,1742.0,22192.16,1923992226.0
1,621 - Ambulatory Care,47,000,2022,0,0,621330,384.0,2505.75,132183379.0
1,621 - Ambulatory Care,25,000,2022,0,0,621399,454.0,2387.75,135288636.0
1,621 - Ambulatory Care,25,000,2024,0,0,621210,2988.0,25544.58,1949600550.0
1,621 - Ambulatory Care,25,000,2024,0,0,621330,824.0,6807.08,423888044.0
1,621 - Ambulatory Care,50,000,2023,0,0,621910,37.0,641.41,29408102.0
1,621 - Ambulatory Care,50,000,2024,0,0,621340,114.0,710.66,40392727.0
1,621 - Ambulatory Care,51,000,2024,0,0,621111,5589.0,81437.33,9058076454.0
1,621 - Ambulatory Care,25,000,2023,0,0,621330,690.0,6151.83,363339579.0
1,621 - Ambulatory Care,50,000,2023,0,0,621340,110.0,708.83,38628159.0
1,621 - Ambulatory Care,08,000,2024,0,0,621512,139.0,1657.66,132777768.0
1,621 - Ambulatory Care,42,000,2021,0,0,621512,222.0,3240.25,265859143.0
1,621 - Ambulatory Care,50,000,2021,0,0,621420,59.0,3215.91,149205215.0
1,621 - Ambulatory Care,23,000,2019,0,0,621512,30.0,180.25,12640945.0
1,621 - Ambulatory Care,42,000,2020,0,0,621320,871.0,4490.91,201325701.0
1,621 - Ambulatory Care,48,000,2021,0,1,621512,741.0,9200.16,612557336.0
1,621 - Ambulatory Care,08,000,2024,0,0,621391,81.0,477.66,30380135.0
1,621 - Ambulatory Care,42,000,2020,0,1,621498,540.0,11347.16,1209406038.0
1,621 - Ambulatory Care,42,000,2021,0,0,621320,843.0,4907.41,237180232.0
1,621 - Ambulatory Care,27,000,2018,0,0,621493,41.0,1979.33,149317830.0
1,621 - Ambulatory Care,36,000,2024,0,1,621399,1878.0,5901.25,335436363.0
1,621 - Ambulatory Care,38,000,2022,0,0,621999,71.0,367.33,17947133.0
1,621 - Ambulatory Care,41,000,2018,0,1,621910,46.0,2295.5,118663140.0
1,621 - Ambulatory Care,27,000,2019,0,0,621999,187.0,1873.33,132661071.0
1,621 - Ambulatory Care,27,000,2023,0,0,621330,460.0,6219.0,368575685.0
1,621 - Ambulatory Care,09,000,2023,0,0,621991,17.0,369.83,27747418.0
1,621 - Ambulatory Care,27,000,2021,0,1,621330,363.0,5308.0,279825296.0
1,621 - Ambulatory Care,36,000,2022,0,0,621491,19.0,172.91,19475899.0
1,621 - Ambulatory Care,09,000,2021,0,0,621310,355.0,1177.33,46611433.0
1,621 - Ambulatory Care,29,000,2020,0,1,621410,52.0,299.25,11717215.0
1,621 - Ambulatory Care,29,000,2021,0,0,621420,336.0,8749.08,486765254.0
1,621 - Ambulatory Care,29,000,2024,0,0,621330,662.0,2859.25,138484371.0
1,621 - Ambulatory Care,0 ,000,2022,0,0,621420,15286.0,301288.0,16067823431.0
1,621 - Ambulatory Care,21,000,2020,0,0,621991,27.0,803.58,40707909.0
1,621 - Ambulatory Care,72,000,2021,0,0,621310,130.0,494.0,12705821.0
1,621 - Ambulatory Care,0 ,000,2024,0,0,621410,3057.0,30033.58,2053783684.0
1,621 - Ambulatory Care,04,000,2024,0,0,621330,1076.0,5942.08,302979983.0
1,621 - Ambulatory Care,11,000,2020,0,0,621112,60.0,504.33,55559194.0
1,621 - Ambulatory Care,21,000,2020,0,0,621420,304.0,5443.83,218266646.0
1,621 - Ambulatory Care,54,000,2020,0,0,621310,127.0,492.16,15563796.0
1,621 - Ambulatory Care,72,000,2023,0,0,621310,171.0,621.16,16431357.0
1,621 - Ambulatory Care,11,000,2020,0,0,621492,26.0,475.41,31757332.0
1,621 - Ambulatory Care,39,000,2020,0,1,621399,1108.0,3916.08,183056319.0
1,621 - Ambulatory Care,11,000,2019,0,0,621512,8.0,39.91,3339294.0
1,621 - Ambulatory Care,21,000,2018,0,0,621991,22.0,840.91,38315255.0
1,621 - Ambulatory Care,20,000,2020,0,0,621210,975.0,7980.75,426839261.0
1,621 - Ambulatory Care,20,000,2022,0,0,621498,97.0,2483.5,154831188.0
1,621 - Ambulatory Care,46,000,2019,0,0,621330,59.0,433.58,16440528.0
1,621 - Ambulatory Care,46,000,2019,0,1,621399,50.0,0.0,0.0
1,621 - Ambulatory Care,20,000,2024,0,0,621399,271.0,1417.0,94479298.0
1,621 - Ambulatory Care,24,000,2021,0,0,621330,396.0,2681.5,148968305.0
1,621 - Ambulatory Care,45,000,2020,0,0,621493,89.0,1463.25,90063258.0
1,621 - Ambulatory Care,45,000,2024,0,0,621320,247.0,1733.08,89224236.0
1,621 - Ambulatory Care,46,000,2020,0,0,621399,54.0,144.0,6780092.0
1,621 - Ambulatory Care,24,000,2023,0,0,621512,162.0,2470.83,210417660.0
1,621 - Ambulatory Care,45,000,2021,0,1,621410,26.0,131.91,5385308.0
1,621 - Ambulatory Care,22,000,2024,0,1,621491,7.0,0.0,0.0
1,621 - Ambulatory Care,22,000,2023,0,1,621493,212.0,2897.5,158199051.0
1,621 - Ambulatory Care,26,000,2019,0,0,621512,81.0,958.25,83790589.0
1,621 - Ambulatory Care,26,000,2020,0,0,621420,205.0,7306.66,389987008.0
1,621 - Ambulatory Care,26,000,2020,0,0,621999,271.0,2243.66,145752112.0
1,621 - Ambulatory Care,31,000,2018,0,1,621511,39.0,528.08,28740698.0
1,621 - Ambulatory Care,31,000,2021,0,0,621991,19.0,702.41,32078388.0
1,621 - Ambulatory Care,33,000,2019,0,0,621511,65.0,333.25,26430898.0
1,621 - Ambulatory Care,22,000,2022,0,1,621112,214.0,976.41,52703329.0
1,621 - Ambulatory Care,01,000,2019,0,0,621210,1541.0,12042.33,598481962.0
1,621 - Ambulatory Care,44,000,2023,0,0,621991,12.0,417.66,23950841.0
1,621 - Ambulatory Care,44,000,2024,0,0,621610,257.0,5624.83,265974804.0
1,621 - Ambulatory Care,44,000,2019,0,1,621320,74.0,0.0,0.0
1,621 - Ambulatory Care,01,000,2023,0,0,621320,378.0,2424.33,118292350.0
1,621 - Ambulatory Care,16,000,2020,0,0,621330,129.0,1171.83,35839530.0
1,621 - Ambulatory Care,16,000,2021,0,0,621999,84.0,283.66,20082835.0
1,621 - Ambulatory Care,34,000,2022,0,0,621210,4428.0,31103.83,1900171061.0
1,621 - Ambulatory Care,02,000,2024,0,0,621512,13.0,165.08,13435817.0
1,621 - Ambulatory Care,78,000,2020,0,0,621340,8.0,27.83,1077605.0
1,621 - Ambulatory Care,78,000,2020,0,1,621420,1.0,0.0,0.0
1,621 - Ambulatory Care,02,000,2024,0,0,621340,124.0,881.25,54197458.0
1,621 - Ambulatory Care,78,000,2020,0,1,621493,2.0,0.0,0.0
1,621 - Ambulatory Care,16,000,2020,0,0,621320,183.0,1146.5,39888783.0
1,621 - Ambulatory Care,78,000,2020,0,1,621910,1.0,0.0,0.0
1,621 - Ambulatory Care,32,000,2022,0,0,621410,25.0,156.41,9431794.0
1,621 - Ambulatory Care,32,000,2023,0,0,621320,318.0,1827.58,91723304.0
1,621 - Ambulatory Care,06,000,2019,0,1,621910,401.0,20883.91,1008911712.0
1,621 - Ambulatory Care,37,000,2021,0,0,621111,5277.0,83231.91,7985184675.0
1,621 - Ambulatory Care,48,000,2018,0,1,621420,358.0,5016.16,235478601.0
1,621 - Ambulatory Care,37,000,2024,0,0,621910,176.0,3380.0,173926203.0
1,621 - Ambulatory Care,35,000,2021,0,1,621420,87.0,1275.58,63065005.0
1,621 - Ambulatory Care,37,000,2019,0,0,621391,115.0,824.5,36970248.0
1,621 - Ambulatory Care,13,000,2020,0,0,621492,426.0,6141.58,376318523.0
1,621 - Ambulatory Care,32,000,2019,0,0,621340,350.0,3201.0,149986538.0
1,621 - Ambulatory Care,32,000,2019,0,0,621910,30.0,1631.91,86700486.0
1,621 - Ambulatory Care,37,000,2020,0,1,621340,1298.0,9373.66,433710594.0
1,621 - Ambulatory Care,54,000,2018,0,1,621410,2.0,0.0,0.0
1,621 - Ambulatory Care,72,000,2021,0,0,621410,6.0,24.0,506224.0
1,621 - Ambulatory Care,11,000,2020,0,1,621910,6.0,0.0,0.0
1,621 - Ambulatory Care,17,000,2024,0,0,621999,409.0,4176.91,356274757.0
1,621 - Ambulatory Care,39,000,2021,0,1,621112,300.0,2112.33,127914514.0
1,621 - Ambulatory Care,72,000,2020,0,1,621111,3500.0,14004.83,434976974.0
1,621 - Ambulatory Care,39,000,2019,0,1,621112,287.0,2044.91,115236966.0
1,621 - Ambulatory Care,54,000,2019,0,0,621512,17.0,146.33,8479725.0
1,621 - Ambulatory Care,0 ,000,2020,0,1,621999,7922.0,64787.58,4479004170.0
1,621 - Ambulatory Care,09,000,2024,0,0,621512,75.0,891.75,79230215.0
1,621 - Ambulatory Care,27,000,2018,0,0,621991,45.0,2731.58,168459564.0
1,621 - Ambulatory Care,27,000,2022,0,0,621511,126.0,2354.41,174818992.0
1,621 - Ambulatory Care,39,000,2024,0,0,621111,6996.0,104247.91,12423729957.0
1,621 - Ambulatory Care,39,000,2022,0,0,621320,861.0,5982.91,280903503.0
1,621 - Ambulatory Care,38,000,2024,0,0,621999,75.0,362.5,20073814.0
1,621 - Ambulatory Care,41,000,2021,0,1,621420,181.0,2781.83,142253632.0
1,621 - Ambulatory Care,0 ,000,2018,0,0,621610,36472.0,1472028.16,46279615260.0
1,621 - Ambulatory Care,38,000,2023,0,0,621493,11.0,134.66,8467935.0
1,621 - Ambulatory Care,37,000,2022,0,0,621493,213.0,2804.16,185168855.0
1,621 - Ambulatory Care,32,000,2021,0,0,621492,65.0,1290.83,83997116.0
1,621 - Ambulatory Care,48,000,2019,0,0,621320,1991.0,13524.0,591329061.0
1,621 - Ambulatory Care,48,000,2019,0,0,621491,69.0,7036.83,594093022.0
1,621 - Ambulatory Care,32,000,2022,0,0,621399,334.0,1322.41,94034015.0
1,621 - Ambulatory Care,37,000,2022,0,0,621310,1066.0,4048.08,173807468.0
1,621 - Ambulatory Care,48,000,2019,0,0,621910,633.0,15960.33,790545894.0
1,621 - Ambulatory Care,48,000,2019,0,0,621330,1313.0,5955.5,274978363.0
1,621 - Ambulatory Care,48,000,2020,0,1,621410,209.0,1834.41,98348670.0
1,621 - Ambulatory Care,05,000,2019,0,0,621420,128.0,2081.58,84387730.0
1,621 - Ambulatory Care,45,000,2023,0,1,621498,171.0,2551.75,162659036.0
1,621 - Ambulatory Care,05,000,2019,0,0,621410,22.0,117.0,3689309.0
1,621 - Ambulatory Care,24,000,2021,0,0,621910,72.0,2235.33,94974831.0
1,621 - Ambulatory Care,46,000,2021,0,0,621493,13.0,171.83,8364509.0
1,621 - Ambulatory Care,24,000,2021,0,0,621420,485.0,6640.41,315266776.0
1,621 - Ambulatory Care,46,000,2022,0,0,621112,20.0,67.66,4042686.0
1,621 - Ambulatory Care,24,000,2024,0,0,621410,42.0,374.5,27204988.0
1,621 - Ambulatory Care,46,000,2018,0,0,621320,104.0,641.41,25146901.0
1,621 - Ambulatory Care,02,000,2021,0,0,621910,19.0,405.41,40400955.0
1,621 - Ambulatory Care,34,000,2024,0,0,621410,69.0,1124.83,111151357.0
1,621 - Ambulatory Care,34,000,2021,0,0,621310,1128.0,4272.66,190883189.0
1,621 - Ambulatory Care,16,000,2024,0,0,621493,87.0,3706.16,212844659.0
1,621 - Ambulatory Care,02,000,2023,0,0,621410,8.0,79.75,3892865.0
1,621 - Ambulatory Care,44,000,2024,0,0,621420,111.0,1841.25,117480297.0
1,621 - Ambulatory Care,22,000,2022,0,0,621310,410.0,1734.91,72225490.0
1,621 - Ambulatory Care,33,000,2021,0,0,621210,580.0,5014.58,383795888.0
1,621 - Ambulatory Care,33,000,2021,0,0,621391,20.0,90.16,7027836.0
1,621 - Ambulatory Care,22,000,2022,0,1,621498,249.0,4722.75,330730687.0
1,621 - Ambulatory Care,31,000,2020,0,0,621112,98.0,653.25,52854618.0
1,621 - Ambulatory Care,05,000,2022,0,0,621310,356.0,1268.08,51264539.0
1,621 - Ambulatory Care,31,000,2022,0,0,621340,426.0,3283.75,151670760.0
1,621 - Ambulatory Care,45,000,2018,0,0,621111,2322.0,43110.5,3800696397.0
1,621 - Ambulatory Care,17,000,2019,0,0,621391,433.0,1908.25,95764649.0
1,621 - Ambulatory Care,12,000,2022,0,0,621493,690.0,13527.16,847275261.0
1,621 - Ambulatory Care,51,000,2019,0,0,621112,315.0,1836.75,114189708.0
1,621 - Ambulatory Care,56,000,2018,0,1,621498,27.0,296.25,17143892.0
1,621 - Ambulatory Care,38,000,2019,0,0,621492,5.0,59.33,3558914.0
1,621 - Ambulatory Care,56,000,2022,0,0,621310,104.0,376.41,14364977.0
1,621 - Ambulatory Care,56,000,2023,0,0,621999,64.0,231.0,12444562.0
1,621 - Ambulatory Care,38,000,2020,0,0,621492,5.0,62.25,3748941.0
1,621 - Ambulatory Care,49,000,2019,0,1,621111,1883.0,21844.41,1704462593.0
1,621 - Ambulatory Care,56,000,2023,0,0,621512,24.0,223.75,23693610.0
1,621 - Ambulatory Care,12,000,2022,0,0,621111,21072.0,239723.08,23321514514.0
1,621 - Ambulatory Care,15,000,2018,0,1,621493,34.0,600.58,55355987.0
1,621 - Ambulatory Care,56,000,2019,0,0,621310,104.0,362.08,12775476.0
1,621 - Ambulatory Care,31,000,2022,0,0,621391,31.0,179.58,9474666.0
1,621 - Ambulatory Care,31,000,2022,0,0,621498,142.0,7065.25,673647080.0
1,621 - Ambulatory Care,31,000,2024,0,0,621999,134.0,818.58,60687672.0
1,621 - Ambulatory Care,55,000,2018,0,0,621330,356.0,2605.58,98687425.0
1,621 - Ambulatory Care,49,000,2021,0,0,621610,421.0,8639.16,354512538.0
1,621 - Ambulatory Care,49,000,2024,0,0,621399,616.0,2084.75,109919815.0
1,621 - Ambulatory Care,51,000,2022,0,0,621391,156.0,822.58,52063831.0
1,621 - Ambulatory Care,12,000,2021,0,0,621320,1335.0,7834.33,415006099.0
1,621 - Ambulatory Care,01,000,2018,0,1,621491,7.0,0.0,0.0
1,621 - Ambulatory Care,01,000,2018,0,1,621493,74.0,208.25,14419442.0
1,621 - Ambulatory Care,38,000,2018,0,0,621310,220.0,715.83,27802886.0
1,621 - Ambulatory Care,56,000,2019,0,0,621320,67.0,455.58,18439013.0
1,621 - Ambulatory Care,56,000,2020,0,0,621310,104.0,366.83,13451368.0
1,621 - Ambulatory Care,13,000,2020,0,0,621112,359.0,1684.08,103151712.0
1,621 - Ambulatory Care,32,000,2018,0,0,621498,51.0,845.08,42427260.0
1,621 - Ambulatory Care,55,000,2022,0,0,621320,316.0,2439.41,106645480.0
1,621 - Ambulatory Care,13,000,2019,0,0,621492,396.0,6040.08,338700047.0
1,621 - Ambulatory Care,35,000,2019,0,0,621391,23.0,224.66,11123640.0
1,621 - Ambulatory Care,37,000,2019,0,1,621512,134.0,1803.41,97804918.0
1,621 - Ambulatory Care,37,000,2020,0,0,621410,47.0,385.41,17294694.0
1,621 - Ambulatory Care,10,000,2019,0,0,621410,5.0,135.0,9442151.0
1,621 - Ambulatory Care,34,000,2020,0,1,621420,326.0,6684.75,323171230.0
1,621 - Ambulatory Care,47,000,2019,0,0,621910,115.0,3332.66,141024236.0
1,621 - Ambulatory Care,13,000,2024,0,0,621391,192.0,1205.25,73114864.0
1,621 - Ambulatory Care,34,000,2020,0,0,621340,1579.0,12434.41,657494852.0
1,621 - Ambulatory Care,29,000,2019,0,1,621498,159.0,2941.41,155314803.0
1,621 - Ambulatory Care,29,000,2019,0,0,621420,320.0,8665.25,428438844.0
1,621 - Ambulatory Care,18,000,2020,0,0,621493,152.0,3655.33,233600545.0
1,621 - Ambulatory Care,23,000,2024,0,0,621340,382.0,2356.41,127670270.0
1,621 - Ambulatory Care,18,000,2020,0,0,621320,538.0,3973.66,177622494.0
1,621 - Ambulatory Care,02,000,2020,0,0,621330,34.0,499.91,22557191.0
1,621 - Ambulatory Care,02,000,2018,0,0,621420,36.0,613.25,30638615.0
1,621 - Ambulatory Care,49,000,2018,0,0,621399,292.0,1332.16,51966795.0
1,621 - Ambulatory Care,23,000,2022,0,0,621493,15.0,320.83,18453228.0
1,621 - Ambulatory Care,42,000,2023,0,0,621330,1236.0,8116.91,393958919.0
1,621 - Ambulatory Care,48,000,2022,0,0,621491,90.0,7305.08,767374953.0
1,621 - Ambulatory Care,08,000,2019,0,0,621111,2990.0,40388.16,3953726391.0
1,621 - Ambulatory Care,08,000,2022,0,0,621320,426.0,2944.83,163328329.0
1,621 - Ambulatory Care,42,000,2019,0,0,621111,7073.0,117579.66,12376187237.0
1,621 - Ambulatory Care,17,000,2022,0,1,621910,172.0,6727.83,348399346.0
1,621 - Ambulatory Care,0 ,000,2022,0,1,621330,32833.0,175389.33,8398281384.0
1,621 - Ambulatory Care,17,000,2023,0,0,621391,358.0,1586.0,89607175.0
1,621 - Ambulatory Care,54,000,2018,0,0,621320,136.0,898.5,31277974.0
1,621 - Ambulatory Care,54,000,2018,0,0,621391,34.0,137.16,5603723.0
1,621 - Ambulatory Care,72,000,2020,0,0,621910,142.0,1719.75,33972651.0
1,621 - Ambulatory Care,29,000,2020,0,0,621491,5.0,21.91,3171030.0
1,621 - Ambulatory Care,40,000,2024,0,0,621410,24.0,101.16,5244828.0
1,621 - Ambulatory Care,15,000,2020,0,0,621420,42.0,393.08,16643843.0
1,621 - Ambulatory Care,29,000,2021,0,0,621610,737.0,18371.16,641836522.0
1,621 - Ambulatory Care,10,000,2024,0,0,621112,122.0,356.0,23442193.0
1,621 - Ambulatory Care,28,000,2019,0,0,621111,1720.0,22081.5,1786788353.0
1,621 - Ambulatory Care,29,000,2020,0,0,621111,3427.0,42033.66,4645771133.0
1,621 - Ambulatory Care,29,000,2022,0,0,621511,323.0,2626.5,193154462.0
1,621 - Ambulatory Care,40,000,2021,0,0,621112,87.0,470.16,23162560.0
1,621 - Ambulatory Care,40,000,2022,0,1,621999,52.0,1378.16,52267841.0
1,621 - Ambulatory Care,40,000,2023,0,0,621391,41.0,201.91,11176918.0
1,621 - Ambulatory Care,38,000,2023,0,0,621310,233.0,776.83,34892947.0
1,621 - Ambulatory Care,09,000,2022,0,0,621610,264.0,12136.0,676102609.0
1,621 - Ambulatory Care,09,000,2023,0,0,621498,140.0,4741.66,358378083.0
1,621 - Ambulatory Care,36,000,2023,0,0,621310,1808.0,5408.91,239392663.0
1,621 - Ambulatory Care,27,000,2022,0,0,621330,418.0,5915.75,323725535.0
1,621 - Ambulatory Care,36,000,2024,0,0,621991,45.0,2381.83,197109807.0
1,621 - Ambulatory Care,27,000,2019,0,0,621492,97.0,1075.58,65302869.0
1,621 - Ambulatory Care,13,000,2020,0,0,621512,173.0,1374.58,88070256.0
1,621 - Ambulatory Care,35,000,2022,0,0,621498,152.0,2648.33,167643218.0
1,621 - Ambulatory Care,55,000,2022,0,0,621391,57.0,344.33,26362047.0
1,621 - Ambulatory Care,31,000,2023,0,0,621512,40.0,288.0,41916959.0
1,621 - Ambulatory Care,42,000,2018,0,0,621310,1752.0,6212.58,197527059.0
1,621 - Ambulatory Care,42,000,2018,0,0,621492,334.0,5128.91,290171872.0
1,621 - Ambulatory Care,05,000,2024,0,0,621910,118.0,2829.16,180030634.0
1,621 - Ambulatory Care,38,000,2019,0,0,621310,215.0,717.41,28016760.0
1,621 - Ambulatory Care,56,000,2018,0,0,621330,100.0,313.66,10338359.0
1,621 - Ambulatory Care,56,000,2019,0,0,621330,100.0,309.5,10563967.0
1,621 - Ambulatory Care,49,000,2019,0,1,621493,48.0,656.41,31145914.0
1,621 - Ambulatory Care,51,000,2018,0,0,621391,144.0,779.83,40319346.0
1,621 - Ambulatory Care,56,000,2022,0,0,621210,235.0,1843.66,91737245.0
1,621 - Ambulatory Care,56,000,2023,0,1,621420,49.0,505.75,26109748.0
1,621 - Ambulatory Care,49,000,2023,0,0,621112,198.0,697.16,44018542.0
1,621 - Ambulatory Care,49,000,2024,0,0,621310,502.0,1930.91,66010834.0
1,621 - Ambulatory Care,51,000,2018,0,1,621420,274.0,3775.83,154774987.0
1,621 - Ambulatory Care,38,000,2020,0,1,621111,262.0,6387.75,859476220.0
1,621 - Ambulatory Care,28,000,2024,0,0,621320,212.0,1630.33,71095507.0
1,621 - Ambulatory Care,47,000,2020,0,0,621320,438.0,3021.83,135147500.0
1,621 - Ambulatory Care,13,000,2024,0,0,621111,8621.0,122948.25,12115371224.0
1,621 - Ambulatory Care,28,000,2020,0,1,621493,76.0,913.33,38326984.0
1,621 - Ambulatory Care,28,000,2023,0,0,621111,1863.0,22706.16,2065158720.0
1,621 - Ambulatory Care,26,000,2023,0,0,621340,1089.0,15805.08,740255964.0
1,621 - Ambulatory Care,19,000,2019,0,0,621491,3.0,4.0,244751.0
1,621 - Ambulatory Care,06,000,2024,0,0,621340,5293.0,45570.08,2447031159.0
1,621 - Ambulatory Care,28,000,2020,0,0,621391,26.0,156.58,6019064.0
1,621 - Ambulatory Care,19,000,2019,0,0,621511,74.0,666.33,40193628.0
1,621 - Ambulatory Care,25,000,2022,0,0,621491,29.0,2639.91,269033573.0
1,621 - Ambulatory Care,50,000,2023,0,0,621111,276.0,5346.08,619273319.0
1,621 - Ambulatory Care,50,000,2022,0,0,621512,7.0,26.83,1701076.0
1,621 - Ambulatory Care,54,000,2024,0,0,621420,221.0,3449.16,160066378.0
1,621 - Ambulatory Care,08,000,2022,0,0,621112,302.0,1126.08,80729816.0
1,621 - Ambulatory Care,08,000,2023,0,0,621310,1100.0,3537.16,154670888.0
1,621 - Ambulatory Care,50,000,2018,0,0,621498,22.0,1165.83,51784985.0
1,621 - Ambulatory Care,50,000,2021,0,0,621340,109.0,716.75,36419602.0
1,621 - Ambulatory Care,49,000,2018,0,0,621420,106.0,1494.0,51772136.0
1,621 - Ambulatory Care,23,000,2018,0,0,621320,101.0,820.75,35708780.0
1,621 - Ambulatory Care,42,000,2021,0,0,621210,4543.0,34097.0,1970870380.0
1,621 - Ambulatory Care,42,000,2019,0,0,621511,528.0,7461.25,468021761.0
1,621 - Ambulatory Care,42,000,2019,0,1,621991,64.0,3763.16,289779497.0
1,621 - Ambulatory Care,50,000,2018,0,1,621410,16.0,0.0,0.0
1,621 - Ambulatory Care,50,000,2021,0,0,621511,17.0,66.0,5708716.0
1,621 - Ambulatory Care,18,000,2021,0,0,621310,667.0,2879.16,105751779.0
1,621 - Ambulatory Care,18,000,2018,0,1,621340,738.0,10966.0,449896318.0
1,621 - Ambulatory Care,41,000,2022,0,0,621310,704.0,3196.33,128416644.0
1,621 - Ambulatory Care,18,000,2019,0,0,621493,138.0,3332.08,203308536.0
1,621 - Ambulatory Care,41,000,2024,0,1,621420,263.0,3389.83,212994521.0
1,621 - Ambulatory Care,47,000,2023,0,0,621610,782.0,20208.58,1093341899.0
1,621 - Ambulatory Care,40,000,2018,0,0,621491,13.0,72.08,4518249.0
1,621 - Ambulatory Care,30,000,2024,0,0,621910,52.0,774.16,45512320.0
1,621 - Ambulatory Care,36,000,2018,0,0,621492,236.0,6250.16,380670877.0
1,621 - Ambulatory Care,22,000,2019,0,0,621391,53.0,208.91,9090861.0
1,621 - Ambulatory Care,36,000,2020,0,0,621210,8306.0,46282.41,2608930779.0
1,621 - Ambulatory Care,40,000,2019,0,0,621493,341.0,3559.08,247754082.0
1,621 - Ambulatory Care,27,000,2018,0,0,621498,89.0,590.33,38748797.0
1,621 - Ambulatory Care,09,000,2024,0,0,621999,190.0,622.58,61790338.0
1,621 - Ambulatory Care,09,000,2021,0,0,621340,606.0,6287.33,312216641.0
1,621 - Ambulatory Care,36,000,2023,0,1,621910,351.0,12336.0,582190950.0
1,621 - Ambulatory Care,09,000,2021,0,0,621410,32.0,299.41,17672037.0
1,621 - Ambulatory Care,27,000,2022,0,0,621493,46.0,2112.83,178169763.0
1,621 - Ambulatory Care,41,000,2021,0,0,621492,91.0,1239.33,82303722.0
1,621 - Ambulatory Care,38,000,2023,0,0,621511,27.0,186.0,10318394.0
1,621 - Ambulatory Care,09,000,2022,0,0,621399,353.0,1258.58,68164636.0
1,621 - Ambulatory Care,39,000,2023,0,0,621610,2094.0,59868.58,2274312001.0
1,621 - Ambulatory Care,38,000,2022,0,0,621910,74.0,956.25,27034154.0
1,621 - Ambulatory Care,38,000,2024,0,1,621391,4.0,0.0,0.0
1,621 - Ambulatory Care,38,000,2024,0,0,621610,91.0,1372.66,67347180.0
1,621 - Ambulatory Care,39,000,2024,0,0,621320,899.0,6296.0,315458727.0
1,621 - Ambulatory Care,39,000,2024,0,0,621991,85.0,4274.16,259719894.0
1,621 - Ambulatory Care,28,000,2019,0,1,621498,110.0,1473.33,78350865.0
1,621 - Ambulatory Care,29,000,2020,0,0,621330,275.0,1332.5,52552408.0
1,621 - Ambulatory Care,29,000,2022,0,0,621210,1931.0,16023.0,994897636.0
1,621 - Ambulatory Care,40,000,2023,0,0,621320,379.0,2664.58,117638140.0
1,621 - Ambulatory Care,40,000,2024,0,1,621399,756.0,2818.58,198003294.0
1,621 - Ambulatory Care,40,000,2021,0,0,621340,549.0,4765.5,200468196.0
1,621 - Ambulatory Care,40,000,2021,0,0,621492,99.0,1327.33,79364238.0
1,621 - Ambulatory Care,40,000,2024,0,1,621910,117.0,2500.58,165062781.0
1,621 - Ambulatory Care,02,000,2020,0,0,621112,17.0,70.91,5295695.0
1,621 - Ambulatory Care,53,000,2023,0,0,621493,53.0,1879.25,174059161.0
1,621 - Ambulatory Care,18,000,2021,0,0,621112,168.0,710.66,40625632.0
1,621 - Ambulatory Care,41,000,2023,0,0,621492,90.0,1148.83,83428527.0
1,621 - Ambulatory Care,23,000,2023,0,0,621498,46.0,1437.66,106755545.0
1,621 - Ambulatory Care,41,000,2024,0,0,621492,90.0,1134.41,82518523.0
1,621 - Ambulatory Care,05,000,2018,0,0,621420,132.0,2197.0,89352800.0
1,621 - Ambulatory Care,20,000,2022,0,0,621320,305.0,2418.66,119622310.0
1,621 - Ambulatory Care,24,000,2020,0,0,621320,218.0,1642.25,85162474.0
1,621 - Ambulatory Care,05,000,2019,0,0,621391,34.0,177.0,9079060.0
1,621 - Ambulatory Care,02,000,2023,0,0,621391,8.0,52.41,3784396.0
1,621 - Ambulatory Care,16,000,2024,0,0,621111,1426.0,14380.16,1242155602.0
1,621 - Ambulatory Care,34,000,2024,0,0,621991,25.0,1595.83,140923383.0
1,621 - Ambulatory Care,78,000,2020,0,1,621111,82.0,11.91,1054973.0
1,621 - Ambulatory Care,78,000,2023,0,1,621391,1.0,0.0,0.0
1,621 - Ambulatory Care,01,000,2022,0,1,621340,776.0,7295.66,361182153.0
1,621 - Ambulatory Care,44,000,2024,0,0,621512,48.0,745.5,108526606.0
1,621 - Ambulatory Care,04,000,2019,0,0,621491,46.0,6379.16,517681487.0
1,621 - Ambulatory Care,44,000,2019,0,0,621512,44.0,738.66,85647485.0
1,621 - Ambulatory Care,22,000,2021,0,0,621310,405.0,1719.16,67484394.0
1,621 - Ambulatory Care,31,000,2018,0,0,621493,60.0,1127.91,69700198.0
1,621 - Ambulatory Care,31,000,2021,0,1,621511,56.0,614.83,33807813.0
1,621 - Ambulatory Care,31,000,2019,0,0,621112,105.0,682.0,53976111.0
1,621 - Ambulatory Care,31,000,2020,0,1,621340,394.0,3032.91,135233289.0
1,621 - Ambulatory Care,33,000,2020,0,0,621512,14.0,153.33,12796033.0
1,621 - Ambulatory Care,26,000,2019,0,1,621310,1212.0,4715.33,149523548.0
1,621 - Ambulatory Care,33,000,2018,0,0,621310,166.0,476.25,16016061.0
1,621 - Ambulatory Care,30,000,2020,0,0,621399,188.0,618.58,25275263.0
1,621 - Ambulatory Care,22,000,2020,0,0,621330,273.0,1361.83,41272110.0
1,621 - Ambulatory Care,36,000,2019,0,1,621111,14655.0,160110.5,14656600117.0
1,621 - Ambulatory Care,36,000,2021,0,0,621492,276.0,6113.08,422079501.0
1,621 - Ambulatory Care,21,000,2023,0,0,621498,244.0,4016.16,277258650.0
1,621 - Ambulatory Care,40,000,2018,0,1,621910,126.0,2135.25,100449108.0
1,621 - Ambulatory Care,0 ,000,2022,0,0,621320,21287.0,149133.08,7429215811.0
1,621 - Ambulatory Care,54,000,2022,0,0,621340,274.0,2515.16,127699272.0
1,621 - Ambulatory Care,72,000,2022,0,1,621492,37.0,0.0,0.0
1,621 - Ambulatory Care,0 ,000,2024,0,1,621111,225399.0,2921605.33,325150802886.0
1,621 - Ambulatory Care,11,000,2020,0,0,621340,84.0,386.0,26564307.0
1,621 - Ambulatory Care,11,000,2023,0,0,621410,12.0,1040.66,98819735.0
1,621 - Ambulatory Care,21,000,2020,0,0,621399,350.0,1428.41,83652990.0
1,621 - Ambulatory Care,11,000,2023,0,0,621340,99.0,465.08,33239781.0
1,621 - Ambulatory Care,44,000,2018,0,1,621910,20.0,0.0,0.0
1,621 - Ambulatory Care,72,000,2020,0,0,621210,799.0,2877.08,51510176.0
1,621 - Ambulatory Care,11,000,2020,0,1,621491,3.0,0.0,0.0
1,621 - Ambulatory Care,0 ,000,2021,0,1,621512,6650.0,80464.33,6101667173.0
1,621 - Ambulatory Care,72,000,2020,0,0,621310,116.0,388.5,8914167.0
1,621 - Ambulatory Care,39,000,2019,0,0,621391,326.0,1666.0,72914151.0
1,621 - Ambulatory Care,72,000,2023,0,0,621511,620.0,5540.16,191344989.0
1,621 - Ambulatory Care,41,000,2019,0,0,621491,77.0,5342.16,701439131.0
1,621 - Ambulatory Care,0 ,000,2018,0,0,621493,7251.0,161440.33,10151107397.0
1,621 - Ambulatory Care,27,000,2018,0,0,621512,36.0,320.91,22111672.0
1,621 - Ambulatory Care,39,000,2023,0,0,621310,1294.0,5277.41,207411870.0
1,621 - Ambulatory Care,41,000,2021,0,0,621512,57.0,603.58,40186206.0
1,621 - Ambulatory Care,33,000,2020,0,0,621310,159.0,461.83,17040823.0
1,621 - Ambulatory Care,22,000,2021,0,0,621512,108.0,829.16,43839224.0
1,621 - Ambulatory Care,26,000,2020,0,0,621512,80.0,911.08,84163235.0
1,621 - Ambulatory Care,33,000,2018,0,0,621399,88.0,505.5,23882994.0
1,621 - Ambulatory Care,26,000,2020,0,0,621492,147.0,3230.91,197795031.0
1,621 - Ambulatory Care,33,000,2020,0,0,621511,68.0,300.33,25222773.0
1,621 - Ambulatory Care,30,000,2019,0,1,621910,44.0,656.25,27137734.0
1,621 - Ambulatory Care,21,000,2023,0,0,621610,433.0,8719.91,519202906.0
1,621 - Ambulatory Care,40,000,2018,0,0,621340,459.0,4432.0,177655387.0
1,621 - Ambulatory Care,36,000,2020,0,0,621999,220.0,2226.75,164602848.0
1,621 - Ambulatory Care,53,000,2021,0,0,621420,312.0,9714.75,558611339.0
1,621 - Ambulatory Care,37,000,2023,0,0,621340,1611.0,13631.83,676314932.0
1,621 - Ambulatory Care,37,000,2024,0,0,621320,656.0,5737.08,345245969.0
1,621 - Ambulatory Care,48,000,2018,0,1,621399,1510.0,8701.16,366216187.0
1,621 - Ambulatory Care,06,000,2020,0,0,621310,4089.0,11338.91,408653019.0
1,621 - Ambulatory Care,32,000,2020,0,0,621340,363.0,3183.25,156175358.0
1,621 - Ambulatory Care,32,000,2023,0,0,621511,247.0,2207.16,167909288.0
1,621 - Ambulatory Care,35,000,2024,0,0,621610,262.0,15468.91,443116281.0
1,621 - Ambulatory Care,32,000,2021,0,1,621399,282.0,1155.08,79503086.0
1,621 - Ambulatory Care,37,000,2022,0,0,621498,212.0,3617.41,212307229.0
1,621 - Ambulatory Care,48,000,2020,0,1,621420,434.0,5363.5,250762289.0
1,621 - Ambulatory Care,20,000,2021,0,0,621991,15.0,626.41,35686110.0
1,621 - Ambulatory Care,24,000,2023,0,0,621511,771.0,4024.91,306579594.0
1,621 - Ambulatory Care,24,000,2021,0,0,621391,186.0,1007.16,62159195.0
1,621 - Ambulatory Care,45,000,2024,0,0,621492,186.0,2443.5,150493447.0
1,621 - Ambulatory Care,24,000,2022,0,0,621111,4447.0,52536.5,5376097854.0
1,621 - Ambulatory Care,45,000,2024,0,0,621112,203.0,1011.41,62068207.0
1,621 - Ambulatory Care,45,000,2022,0,0,621991,33.0,1370.5,65233575.0
1,621 - Ambulatory Care,46,000,2019,0,0,621493,9.0,204.0,8755560.0
1,621 - Ambulatory Care,46,000,2021,0,0,621999,62.0,271.41,17726077.0
1,621 - Ambulatory Care,02,000,2024,0,0,621320,61.0,490.0,27957813.0
1,621 - Ambulatory Care,16,000,2021,0,0,621210,865.0,6997.16,287764167.0
1,621 - Ambulatory Care,16,000,2022,0,0,621420,145.0,1535.75,62058193.0
1,621 - Ambulatory Care,16,000,2022,0,0,621610,2899.0,9822.25,296342116.0
1,621 - Ambulatory Care,02,000,2024,0,1,621491,1.0,0.0,0.0
1,621 - Ambulatory Care,56,000,2024,0,0,621492,12.0,68.0,5735713.0
1,621 - Ambulatory Care,02,000,2023,0,0,621493,37.0,980.75,87949102.0
1,621 - Ambulatory Care,01,000,2019,0,0,621492,210.0,2520.33,136507212.0
1,621 - Ambulatory Care,01,000,2021,0,1,621498,115.0,5061.75,573021163.0
1,621 - Ambulatory Care,04,000,2018,0,0,621512,114.0,2283.75,128966758.0
1,621 - Ambulatory Care,04,000,2019,0,0,621330,499.0,2213.41,91325216.0
1,621 - Ambulatory Care,01,000,2022,0,0,621210,1520.0,12630.83,710586322.0
1,621 - Ambulatory Care,04,000,2019,0,0,621391,143.0,612.91,31221577.0
1,621 - Ambulatory Care,04,000,2020,0,1,621410,28.0,240.16,15104974.0
1,621 - Ambulatory Care,18,000,2022,0,0,621320,562.0,4227.83,200937695.0
1,621 - Ambulatory Care,44,000,2021,0,0,621410,12.0,53.5,3074926.0
1,621 - Ambulatory Care,01,000,2019,0,1,621399,291.0,2207.33,120052905.0
1,621 - Ambulatory Care,01,000,2021,0,1,621399,339.0,2437.5,141858912.0
1,621 - Ambulatory Care,18,000,2024,0,0,621610,1092.0,34166.08,1497802023.0
1,621 - Ambulatory Care,05,000,2024,0,0,621310,364.0,1322.75,56367518.0
1,621 - Ambulatory Care,05,000,2024,0,0,621491,5.0,8.41,828547.0
1,621 - Ambulatory Care,31,000,2022,0,0,621991,20.0,733.33,35641334.0
1,621 - Ambulatory Care,42,000,2018,0,0,621410,82.0,727.75,30562090.0
1,621 - Ambulatory Care,56,000,2018,0,0,621399,51.0,140.75,4716771.0
1,621 - Ambulatory Care,51,000,2023,0,1,621498,399.0,0.0,0.0
1,621 - Ambulatory Care,56,000,2023,0,0,621991,9.0,100.0,4843278.0
1,621 - Ambulatory Care,56,000,2022,0,1,621111,345.0,3576.83,330153307.0
1,621 - Ambulatory Care,56,000,2022,0,0,621511,33.0,185.33,11709530.0
1,621 - Ambulatory Care,51,000,2022,0,0,621111,5341.0,76867.33,7845460034.0
1,621 - Ambulatory Care,38,000,2020,0,0,621210,273.0,2324.0,154558785.0
1,621 - Ambulatory Care,49,000,2024,0,0,621320,226.0,1460.5,59712249.0
1,621 - Ambulatory Care,51,000,2021,0,0,621512,110.0,1448.75,91058652.0
1,621 - Ambulatory Care,56,000,2023,0,0,621492,11.0,68.0,4807804.0
1,621 - Ambulatory Care,35,000,2018,0,0,621512,47.0,571.0,52202514.0
1,621 - Ambulatory Care,37,000,2020,0,0,621610,1163.0,42798.41,1389396308.0
1,621 - Ambulatory Care,35,000,2023,0,0,621492,41.0,967.91,60607618.0
1,621 - Ambulatory Care,55,000,2022,0,0,621512,61.0,714.08,53079601.0
1,621 - Ambulatory Care,55,000,2024,0,0,621999,114.0,668.5,42908071.0
1,621 - Ambulatory Care,32,000,2018,0,0,621610,238.0,5378.5,256536744.0
1,621 - Ambulatory Care,13,000,2022,0,0,621492,435.0,6115.91,391496523.0
1,621 - Ambulatory Care,33,000,2024,0,0,621511,60.0,293.58,28424350.0
1,621 - Ambulatory Care,19,000,2019,0,0,621320,354.0,2110.5,88316982.0
1,621 - Ambulatory Care,28,000,2021,0,0,621391,25.0,125.5,5237062.0
1,621 - Ambulatory Care,33,000,2023,0,0,621320,85.0,775.41,52631915.0
1,621 - Ambulatory Care,06,000,2022,0,0,621112,1988.0,10418.33,840511058.0
1,621 - Ambulatory Care,10,000,2018,0,0,621512,52.0,312.58,19368496.0
1,621 - Ambulatory Care,10,000,2020,0,0,621210,250.0,2384.33,171677701.0
1,621 - Ambulatory Care,06,000,2022,0,0,621391,607.0,2526.41,153187401.0
1,621 - Ambulatory Care,34,000,2018,0,0,621511,591.0,11183.91,730449245.0
1,621 - Ambulatory Care,34,000,2019,0,0,621320,583.0,3509.5,164452942.0
1,621 - Ambulatory Care,13,000,2024,0,0,621410,69.0,723.5,40365197.0
1,621 - Ambulatory Care,19,000,2019,0,0,621340,521.0,4160.33,192189899.0
1,621 - Ambulatory Care,25,000,2018,0,0,621991,28.0,868.08,60736384.0
1,621 - Ambulatory Care,25,000,2018,0,0,621999,128.0,1187.83,76938317.0
1,621 - Ambulatory Care,25,000,2020,0,0,621210,3074.0,21272.66,1308472160.0
1,621 - Ambulatory Care,26,000,2023,0,0,621511,287.0,2207.75,140775522.0
1,621 - Ambulatory Care,10,000,2019,0,0,621493,25.0,546.16,34262620.0
1,621 - Ambulatory Care,26,000,2022,0,0,621999,346.0,2265.66,154880394.0
1,621 - Ambulatory Care,25,000,2022,0,0,621991,26.0,803.75,69297949.0
1,621 - Ambulatory Care,25,000,2021,0,1,621610,847.0,40548.91,1870926503.0
1,621 - Ambulatory Care,50,000,2024,0,0,621310,89.0,301.33,12271796.0
1,621 - Ambulatory Care,50,000,2024,0,0,621420,79.0,3437.91,184659738.0
1,621 - Ambulatory Care,15,000,2024,0,0,621999,62.0,354.25,22754803.0
1,621 - Ambulatory Care,28,000,2018,0,0,621511,152.0,829.58,36098282.0
1,621 - Ambulatory Care,28,000,2019,0,1,621399,332.0,1428.58,72449885.0
1,621 - Ambulatory Care,29,000,2021,0,0,621340,796.0,8609.08,411954777.0
1,621 - Ambulatory Care,40,000,2023,0,0,621511,303.0,2633.91,150339810.0
1,621 - Ambulatory Care,40,000,2023,0,1,621910,125.0,2416.75,153604386.0
1,621 - Ambulatory Care,10,000,2022,0,0,621410,8.0,132.91,10913009.0
1,621 - Ambulatory Care,15,000,2021,0,0,621340,224.0,1604.41,82566728.0
1,621 - Ambulatory Care,15,000,2024,0,0,621399,371.0,1715.58,104107925.0
1,621 - Ambulatory Care,10,000,2021,0,0,621498,50.0,528.83,29955245.0
1,621 - Ambulatory Care,19,000,2021,0,0,621493,23.0,1087.66,75344025.0
1,621 - Ambulatory Care,29,000,2022,0,0,621340,877.0,9327.16,457657998.0
1,621 - Ambulatory Care,29,000,2022,0,0,621491,13.0,38.5,11449076.0
1,621 - Ambulatory Care,40,000,2022,0,0,621112,92.0,447.0,22734360.0
1,621 - Ambulatory Care,40,000,2023,0,0,621340,582.0,4974.58,225756382.0
1,621 - Ambulatory Care,40,000,2023,0,0,621410,20.0,88.25,4919298.0
1,621 - Ambulatory Care,15,000,2020,0,0,621991,6.0,170.58,8864883.0
1,621 - Ambulatory Care,28,000,2019,0,0,621420,70.0,3309.25,105517329.0
1,621 - Ambulatory Care,29,000,2023,0,0,621340,953.0,10609.41,537380537.0
1,621 - Ambulatory Care,02,000,2018,0,0,621330,25.0,429.91,18011945.0
1,621 - Ambulatory Care,02,000,2019,0,1,621991,6.0,0.0,0.0
1,621 - Ambulatory Care,18,000,2019,0,0,621210,2197.0,19440.25,1023533331.0
1,621 - Ambulatory Care,41,000,2023,0,1,621330,1236.0,5986.16,356293346.0
1,621 - Ambulatory Care,08,000,2018,0,0,621320,422.0,2831.33,132613629.0
1,621 - Ambulatory Care,42,000,2020,0,0,621391,447.0,2137.0,101769032.0
1,621 - Ambulatory Care,42,000,2022,0,0,621999,397.0,7138.33,544873593.0
1,621 - Ambulatory Care,48,000,2021,0,0,621991,241.0,8634.16,422769054.0
1,621 - Ambulatory Care,50,000,2020,0,0,621498,21.0,1029.83,53459189.0
1,621 - Ambulatory Care,42,000,2021,0,0,621610,1348.0,66918.25,2978817661.0
1,621 - Ambulatory Care,41,000,2018,0,1,621610,154.0,5803.0,225381423.0
1,621 - Ambulatory Care,19,000,2022,0,1,621112,75.0,399.08,31324523.0
1,621 - Ambulatory Care,10,000,2022,0,0,621320,41.0,352.83,19580518.0
1,621 - Ambulatory Care,15,000,2024,0,0,621492,39.0,1106.83,95036773.0
1,621 - Ambulatory Care,40,000,2022,0,1,621420,249.0,5172.5,267583208.0
1,621 - Ambulatory Care,40,000,2024,0,0,621391,41.0,191.16,10621547.0
1,621 - Ambulatory Care,11,000,2019,0,0,621210,332.0,1749.91,128677023.0
1,621 - Ambulatory Care,21,000,2019,0,0,621112,135.0,573.83,30638264.0
1,621 - Ambulatory Care,24,000,2018,0,0,621310,428.0,1707.33,72283874.0
1,621 - Ambulatory Care,54,000,2023,0,1,621492,59.0,0.0,0.0
1,621 - Ambulatory Care,54,000,2019,0,0,621420,123.0,3120.75,94696331.0
1,621 - Ambulatory Care,17,000,2022,0,1,621610,1228.0,47180.16,1849629595.0
1,621 - Ambulatory Care,0 ,000,2023,0,1,621111,221442.0,2865258.25,307987361371.0
1,621 - Ambulatory Care,04,000,2023,0,1,621610,797.0,28431.58,1157830361.0
1,621 - Ambulatory Care,11,000,2019,0,0,621112,56.0,535.91,56557328.0
1,621 - Ambulatory Care,44,000,2018,0,1,621991,13.0,0.0,0.0
1,621 - Ambulatory Care,54,000,2021,0,1,621410,7.0,0.0,0.0
1,621 - Ambulatory Care,72,000,2021,0,0,621391,25.0,88.0,2499862.0
1,621 - Ambulatory Care,05,000,2020,0,0,621511,154.0,1112.83,71758485.0
1,621 - Ambulatory Care,20,000,2021,0,0,621391,37.0,196.08,9014380.0
1,621 - Ambulatory Care,24,000,2022,0,0,621410,43.0,272.91,17941652.0
1,621 - Ambulatory Care,20,000,2022,0,0,621910,39.0,804.41,48746430.0
1,621 - Ambulatory Care,24,000,2023,0,0,621310,407.0,1586.33,78296982.0
1,621 - Ambulatory Care,26,000,2019,0,0,621399,307.0,1501.25,79560817.0
1,621 - Ambulatory Care,31,000,2020,0,1,621330,251.0,733.5,25512672.0
1,621 - Ambulatory Care,31,000,2020,0,0,621399,147.0,485.41,25959514.0
1,621 - Ambulatory Care,31,000,2020,0,1,621511,45.0,480.75,25686622.0
1,621 - Ambulatory Care,26,000,2019,0,0,621491,31.0,3141.83,213557772.0
1,621 - Ambulatory Care,31,000,2018,0,0,621310,422.0,1379.16,44697676.0
1,621 - Ambulatory Care,44,000,2022,0,0,621310,102.0,339.16,14937534.0
1,621 - Ambulatory Care,01,000,2021,0,0,621210,1518.0,12525.91,677712128.0
1,621 - Ambulatory Care,01,000,2023,0,0,621310,471.0,1833.08,71698400.0
1,621 - Ambulatory Care,04,000,2020,0,1,621610,608.0,26297.33,904636737.0
1,621 - Ambulatory Care,04,000,2018,0,0,621320,300.0,2235.33,109702314.0
1,621 - Ambulatory Care,04,000,2022,0,1,621610,701.0,26368.66,1018956958.0
1,621 - Ambulatory Care,02,000,2024,0,0,621399,125.0,787.91,51867985.0
1,621 - Ambulatory Care,34,000,2021,0,1,621399,529.0,2681.41,139280176.0
1,621 - Ambulatory Care,34,000,2022,0,0,621910,197.0,4106.41,183118567.0
1,621 - Ambulatory Care,46,000,2023,0,0,621910,44.0,651.16,29859804.0
1,621 - Ambulatory Care,46,000,2024,0,0,621310,253.0,868.0,35499766.0
1,621 - Ambulatory Care,46,000,2024,0,0,621511,18.0,149.0,20084434.0
1,621 - Ambulatory Care,02,000,2023,0,0,621999,39.0,61.0,3812405.0
1,621 - Ambulatory Care,34,000,2024,0,0,621320,601.0,3879.5,240672293.0
1,621 - Ambulatory Care,35,000,2024,0,0,621330,170.0,788.58,35829007.0
1,621 - Ambulatory Care,35,000,2024,0,0,621511,163.0,2152.08,128849044.0
1,621 - Ambulatory Care,32,000,2023,0,0,621610,348.0,6937.5,389037989.0
1,621 - Ambulatory Care,37,000,2023,0,0,621420,687.0,10923.16,550609543.0
1,621 - Ambulatory Care,35,000,2023,0,0,621399,364.0,867.83,53103189.0
1,621 - Ambulatory Care,55,000,2023,0,0,621492,115.0,1625.08,99522539.0
1,621 - Ambulatory Care,13,000,2019,0,1,621498,331.0,2217.66,124180660.0
1,621 - Ambulatory Care,37,000,2020,0,1,621420,553.0,9923.66,422590698.0
1,621 - Ambulatory Care,13,000,2020,0,0,621310,1236.0,4134.5,157825409.0
1,621 - Ambulatory Care,13,000,2019,0,0,621320,535.0,3903.75,169165044.0
1,621 - Ambulatory Care,13,000,2019,0,0,621610,1241.0,27989.0,986730510.0
1,621 - Ambulatory Care,32,000,2019,0,0,621310,296.0,1275.75,51419233.0
1,621 - Ambulatory Care,17,000,2019,0,0,621111,5971.0,92477.0,8984712471.0
1,621 - Ambulatory Care,38,000,2019,0,1,621340,106.0,979.66,43856641.0
1,621 - Ambulatory Care,38,000,2020,0,0,621493,10.0,139.83,7475785.0
1,621 - Ambulatory Care,51,000,2019,0,0,621210,3257.0,25764.58,1529613266.0
1,621 - Ambulatory Care,51,000,2022,0,1,621498,371.0,0.0,0.0
1,621 - Ambulatory Care,51,000,2019,0,0,621512,106.0,1464.83,104471397.0
1,621 - Ambulatory Care,56,000,2020,0,0,621492,10.0,64.25,3552449.0
1,621 - Ambulatory Care,49,000,2022,0,0,621320,217.0,1270.08,49254481.0
1,621 - Ambulatory Care,38,000,2018,0,0,621498,4.0,30.16,1559513.0
1,621 - Ambulatory Care,49,000,2023,0,0,621491,16.0,119.91,6635520.0
1,621 - Ambulatory Care,12,000,2020,0,0,621511,1227.0,14584.83,1005745397.0
1,621 - Ambulatory Care,51,000,2021,0,1,621610,2043.0,35578.16,1236329413.0
1,621 - Ambulatory Care,38,000,2019,0,1,621111,247.0,6442.83,843032249.0
1,621 - Ambulatory Care,09,000,2020,0,0,621210,1648.0,10386.16,615720187.0
1,621 - Ambulatory Care,37,000,2020,0,0,621310,997.0,3504.66,139080804.0
1,621 - Ambulatory Care,37,000,2020,0,0,621491,19.0,80.91,4947309.0
1,621 - Ambulatory Care,55,000,2024,0,0,621420,259.0,3556.0,199767248.0
1,621 - Ambulatory Care,35,000,2020,0,1,621493,57.0,0.0,0.0
1,621 - Ambulatory Care,37,000,2018,0,0,621310,962.0,3260.5,121806646.0
1,621 - Ambulatory Care,09,000,2019,0,1,621910,77.0,3269.91,138043434.0
1,621 - Ambulatory Care,32,000,2019,0,0,621399,239.0,999.33,62347916.0
1,621 - Ambulatory Care,28,000,2021,0,0,621492,88.0,1426.66,78247032.0
1,621 - Ambulatory Care,33,000,2024,0,0,621391,19.0,104.5,7448824.0
1,621 - Ambulatory Care,47,000,2021,0,1,621610,675.0,20589.91,1020900063.0
1,621 - Ambulatory Care,06,000,2021,0,0,621111,32283.0,248201.75,25860808315.0
1,621 - Ambulatory Care,26,000,2024,0,0,621420,409.0,8093.08,526103756.0
1,621 - Ambulatory Care,33,000,2024,0,0,621512,22.0,135.83,13599339.0
1,621 - Ambulatory Care,47,000,2019,0,1,621340,581.0,8257.25,382893937.0
1,621 - Ambulatory Care,47,000,2019,0,1,621420,308.0,7092.75,313161148.0
1,621 - Ambulatory Care,06,000,2024,0,0,621991,158.0,5757.75,412118526.0
1,621 - Ambulatory Care,13,000,2021,0,0,621391,175.0,1011.41,56601530.0
1,621 - Ambulatory Care,13,000,2022,0,0,621210,3881.0,30028.08,1842576842.0
1,621 - Ambulatory Care,33,000,2024,0,0,621111,747.0,15696.58,2092896499.0
1,621 - Ambulatory Care,13,000,2021,0,0,621991,65.0,2486.66,120510353.0
1,621 - Ambulatory Care,13,000,2024,0,0,621999,634.0,3117.0,199289360.0
1,621 - Ambulatory Care,25,000,2019,0,0,621498,185.0,7000.33,463011194.0
1,621 - Ambulatory Care,28,000,2023,0,0,621511,243.0,1014.41,53070329.0
1,621 - Ambulatory Care,27,000,2024,0,0,621493,43.0,1834.08,137948235.0
1,621 - Ambulatory Care,50,000,2022,0,0,621399,89.0,272.75,19504995.0
1,621 - Ambulatory Care,54,000,2024,0,0,621991,8.0,112.91,6562465.0
1,621 - Ambulatory Care,02,000,2020,0,1,621492,7.0,0.0,0.0
1,621 - Ambulatory Care,02,000,2018,0,0,621512,18.0,144.66,9977553.0
1,621 - Ambulatory Care,08,000,2024,0,0,621420,306.0,6996.16,472214912.0
1,621 - Ambulatory Care,50,000,2019,0,0,621511,16.0,110.08,7308009.0
1,621 - Ambulatory Care,23,000,2019,0,0,621511,41.0,987.25,47383502.0
1,621 - Ambulatory Care,48,000,2021,0,0,621491,76.0,7137.08,669745581.0
1,621 - Ambulatory Care,08,000,2020,0,0,621310,1096.0,3292.5,123676878.0
1,621 - Ambulatory Care,50,000,2018,0,1,621492,6.0,0.0,0.0
1,621 - Ambulatory Care,50,000,2020,0,1,621511,18.0,0.0,0.0
1,621 - Ambulatory Care,0 ,000,2019,0,1,621310,38929.0,140044.75,4956039972.0
1,621 - Ambulatory Care,11,000,2022,0,0,621410,11.0,1062.33,95289147.0
1,621 - Ambulatory Care,16,000,2018,0,0,621498,30.0,282.16,15698527.0
1,621 - Ambulatory Care,44,000,2018,0,0,621511,46.0,554.41,31412382.0
1,621 - Ambulatory Care,54,000,2019,0,1,621498,54.0,823.25,48492128.0
1,621 - Ambulatory Care,0 ,000,2021,0,1,621511,18362.0,226356.91,18539878269.0
1,621 - Ambulatory Care,72,000,2022,0,0,621511,593.0,5501.83,181694219.0
1,621 - Ambulatory Care,17,000,2024,0,0,621492,324.0,5018.91,367925626.0
1,621 - Ambulatory Care,21,000,2018,0,1,621511,196.0,2221.25,111629721.0
1,621 - Ambulatory Care,11,000,2018,0,1,621999,34.0,0.0,0.0
1,621 - Ambulatory Care,11,000,2020,0,0,621410,8.0,1043.75,87451836.0
1,621 - Ambulatory Care,21,000,2019,0,1,621492,93.0,1711.5,93699287.0
1,621 - Ambulatory Care,39,000,2018,0,0,621492,371.0,4817.25,244434772.0
1,621 - Ambulatory Care,11,000,2019,0,1,621493,5.0,1.75,237217.0
1,621 - Ambulatory Care,54,000,2021,0,0,621111,1308.0,15442.08,1411763877.0
1,621 - Ambulatory Care,72,000,2023,0,0,621111,3722.0,16129.16,560577342.0
1,621 - Ambulatory Care,72,000,2024,0,0,621340,317.0,2181.66,63646075.0
1,621 - Ambulatory Care,11,000,2022,0,1,621491,6.0,0.0,0.0
1,621 - Ambulatory Care,11,000,2022,0,0,621999,63.0,293.0,32237090.0
1,621 - Ambulatory Care,39,000,2021,0,1,621410,62.0,560.25,24536031.0
1,621 - Ambulatory Care,10,000,2021,0,0,621511,59.0,552.75,27138830.0
1,621 - Ambulatory Care,19,000,2024,0,0,621410,29.0,168.0,7562400.0
1,621 - Ambulatory Care,06,000,2020,0,0,621511,1642.0,28256.41,2656365383.0
1,621 - Ambulatory Care,37,000,2021,0,0,621310,1022.0,3855.83,158902757.0
1,621 - Ambulatory Care,32,000,2021,0,0,621512,102.0,2281.08,159060127.0
1,621 - Ambulatory Care,32,000,2020,0,0,621210,1253.0,8470.0,438897598.0
1,621 - Ambulatory Care,06,000,2020,0,0,621512,837.0,9283.16,832510347.0
1,621 - Ambulatory Care,05,000,2022,0,0,621512,49.0,229.5,25018176.0
1,621 - Ambulatory Care,31,000,2022,0,0,621410,19.0,201.75,8452139.0
1,621 - Ambulatory Care,55,000,2018,0,0,621112,105.0,1346.33,61290871.0
1,621 - Ambulatory Care,55,000,2018,0,0,621491,36.0,8109.75,637505365.0
1,621 - Ambulatory Care,38,000,2020,0,0,621999,60.0,338.41,15376060.0
1,621 - Ambulatory Care,56,000,2020,0,0,621112,9.0,18.58,1047513.0
1,621 - Ambulatory Care,38,000,2019,0,0,621320,67.0,606.08,31614069.0
1,621 - Ambulatory Care,56,000,2018,0,1,621340,114.0,890.5,41539338.0
1,621 - Ambulatory Care,49,000,2022,0,0,621410,46.0,174.91,6923379.0
1,621 - Ambulatory Care,49,000,2023,0,0,621391,76.0,473.5,18182598.0
1,621 - Ambulatory Care,12,000,2018,0,0,621492,522.0,8461.83,451131498.0
1,621 - Ambulatory Care,51,000,2018,0,0,621210,3273.0,25347.5,1475592197.0
1,621 - Ambulatory Care,56,000,2019,0,1,621498,27.0,311.83,18292689.0
1,621 - Ambulatory Care,56,000,2020,0,1,621498,32.0,351.33,19677022.0
1,621 - Ambulatory Care,09,000,2018,0,0,621210,1685.0,12400.08,685238946.0
1,621 - Ambulatory Care,13,000,2018,0,1,621999,183.0,1645.33,83810684.0
1,621 - Ambulatory Care,13,000,2020,0,1,621910,198.0,5992.75,246187419.0
1,621 - Ambulatory Care,13,000,2018,0,0,621512,167.0,1259.5,72948932.0
1,621 - Ambulatory Care,32,000,2018,0,0,621491,25.0,990.75,80950452.0
1,621 - Ambulatory Care,35,000,2018,0,1,621511,120.0,1854.91,92534287.0
1,621 - Ambulatory Care,06,000,2023,0,0,621330,5696.0,36519.75,1643894486.0
1,621 - Ambulatory Care,28,000,2022,0,0,621610,355.0,7117.58,359421845.0
1,621 - Ambulatory Care,34,000,2020,0,1,621399,495.0,2460.5,118311633.0
1,621 - Ambulatory Care,06,000,2021,0,1,621498,1313.0,38371.41,2706061601.0
1,621 - Ambulatory Care,25,000,2019,0,0,621391,151.0,676.0,37688471.0
1,621 - Ambulatory Care,13,000,2022,0,0,621498,389.0,6654.41,364936588.0
1,621 - Ambulatory Care,34,000,2020,0,0,621112,353.0,2217.0,150549366.0
1,621 - Ambulatory Care,13,000,2024,0,0,621492,414.0,5965.41,406958085.0
1,621 - Ambulatory Care,33,000,2022,0,0,621210,579.0,5043.75,385200805.0
1,621 - Ambulatory Care,25,000,2022,0,0,621310,654.0,2168.33,101863820.0
1,621 - Ambulatory Care,29,000,2019,0,0,621111,3385.0,42965.58,4492281145.0
1,621 - Ambulatory Care,29,000,2019,0,1,621410,53.0,312.66,12212221.0
1,621 - Ambulatory Care,50,000,2024,0,0,621399,106.0,293.75,17643082.0
1,621 - Ambulatory Care,25,000,2022,0,0,621999,211.0,2404.16,226791084.0
1,621 - Ambulatory Care,42,000,2022,0,0,621420,770.0,17792.08,870500484.0
1,621 - Ambulatory Care,48,000,2022,0,1,621410,266.0,1722.66,108130112.0
1,621 - Ambulatory Care,23,000,2018,0,0,621492,18.0,312.25,16636013.0
1,621 - Ambulatory Care,23,000,2019,0,0,621330,150.0,530.16,20569370.0
1,621 - Ambulatory Care,23,000,2020,0,0,621999,61.0,350.91,25392599.0
1,621 - Ambulatory Care,48,000,2022,0,0,621320,1980.0,14756.58,708281603.0
1,621 - Ambulatory Care,08,000,2020,0,0,621420,228.0,6223.83,351425437.0
1,621 - Ambulatory Care,08,000,2021,0,1,621498,231.0,4311.0,270714650.0
1,621 - Ambulatory Care,23,000,2018,0,0,621112,30.0,58.33,2990320.0
1,621 - Ambulatory Care,42,000,2020,0,0,621399,690.0,3214.5,197615635.0
1,621 - Ambulatory Care,50,000,2020,0,1,621492,6.0,0.0,0.0
1,621 - Ambulatory Care,50,000,2021,0,0,621330,52.0,444.33,18791447.0
1,621 - Ambulatory Care,27,000,2019,0,0,621310,1263.0,4281.33,131643869.0
1,621 - Ambulatory Care,39,000,2023,0,0,621320,846.0,6054.16,295145811.0
1,621 - Ambulatory Care,09,000,2023,0,0,621493,139.0,3266.08,263536003.0
1,621 - Ambulatory Care,39,000,2022,0,0,621999,223.0,2086.66,127198851.0
1,621 - Ambulatory Care,0 ,000,2018,0,0,621112,10766.0,57316.0,3490087722.0
1,621 - Ambulatory Care,27,000,2019,0,0,621320,310.0,2624.41,122408978.0
1,621 - Ambulatory Care,12,000,2024,0,0,621999,1148.0,7807.41,680227811.0
1,621 - Ambulatory Care,39,000,2024,0,0,621330,828.0,5091.0,248470560.0
1,621 - Ambulatory Care,09,000,2023,0,1,621491,2.0,0.0,0.0
1,621 - Ambulatory Care,27,000,2020,0,0,621511,98.0,2179.41,149110278.0
1,621 - Ambulatory Care,36,000,2023,0,0,621112,759.0,3302.5,325724686.0
1,621 - Ambulatory Care,10,000,2023,0,0,621610,154.0,5366.5,265087006.0
1,621 - Ambulatory Care,42,000,2023,0,0,621493,485.0,9577.33,715533757.0
1,621 - Ambulatory Care,50,000,2020,0,0,621210,235.0,1676.66,104189350.0
1,621 - Ambulatory Care,08,000,2024,0,0,621511,460.0,3775.41,301246427.0
1,621 - Ambulatory Care,23,000,2022,0,0,621111,560.0,11503.08,1174601856.0
1,621 - Ambulatory Care,22,000,2019,0,1,621498,220.0,3320.41,193496766.0
1,621 - Ambulatory Care,30,000,2019,0,0,621330,185.0,382.41,15920297.0
1,621 - Ambulatory Care,30,000,2023,0,0,621320,99.0,724.33,35211658.0
1,621 - Ambulatory Care,40,000,2020,0,0,621391,40.0,198.08,10718832.0
1,621 - Ambulatory Care,53,000,2018,0,0,621320,461.0,3075.33,111053267.0
1,621 - Ambulatory Care,30,000,2020,0,0,621330,218.0,435.75,19261087.0
1,621 - Ambulatory Care,54,000,2022,0,0,621511,200.0,808.75,48554476.0
1,621 - Ambulatory Care,21,000,2021,0,0,621330,294.0,1255.83,55555295.0
1,621 - Ambulatory Care,72,000,2022,0,0,621910,168.0,1907.16,42397462.0
1,621 - Ambulatory Care,11,000,2020,0,0,621210,338.0,1441.75,106761457.0
1,621 - Ambulatory Care,11,000,2021,0,0,621391,13.0,36.16,2373783.0
1,621 - Ambulatory Care,16,000,2018,0,0,621340,308.0,2277.66,92311022.0
1,621 - Ambulatory Care,0 ,000,2020,0,0,621320,20774.0,132384.41,6027542120.0
1,621 - Ambulatory Care,0 ,000,2024,0,1,621493,9233.0,182500.83,13586704285.0
1,621 - Ambulatory Care,21,000,2019,0,0,621493,83.0,2660.66,284347677.0
1,621 - Ambulatory Care,39,000,2020,0,1,621991,71.0,3121.08,150370944.0
1,621 - Ambulatory Care,54,000,2023,0,0,621512,27.0,154.75,11767054.0
1,621 - Ambulatory Care,72,000,2021,0,0,621610,84.0,2689.25,77346516.0
1,621 - Ambulatory Care,16,000,2018,0,0,621492,19.0,253.16,13112559.0
1,621 - Ambulatory Care,17,000,2020,0,0,621512,179.0,1829.66,106961004.0
1,621 - Ambulatory Care,39,000,2019,0,0,621610,2044.0,63282.75,1915926204.0
1,621 - Ambulatory Care,11,000,2022,0,0,621512,13.0,206.5,16412738.0
1,621 - Ambulatory Care,39,000,2020,0,0,621210,3913.0,29289.91,1560465900.0
1,621 - Ambulatory Care,44,000,2018,0,1,621410,5.0,0.0,0.0
1,621 - Ambulatory Care,11,000,2020,0,0,621391,14.0,36.0,2118410.0
1,621 - Ambulatory Care,27,000,2020,0,1,621210,1735.0,15172.25,912534065.0
1,621 - Ambulatory Care,09,000,2024,0,0,621112,214.0,1028.08,75564833.0
1,621 - Ambulatory Care,27,000,2021,0,0,621399,281.0,1063.08,60085778.0
1,621 - Ambulatory Care,12,000,2023,0,0,621391,651.0,3262.41,191910082.0
1,621 - Ambulatory Care,09,000,2021,0,0,621512,68.0,857.91,70922314.0
1,621 - Ambulatory Care,41,000,2019,0,1,621420,161.0,2718.58,124015002.0
1,621 - Ambulatory Care,38,000,2022,0,0,621320,77.0,745.83,44100539.0
1,621 - Ambulatory Care,39,000,2023,0,0,621493,318.0,7580.66,511222410.0
1,621 - Ambulatory Care,41,000,2020,0,0,621491,80.0,5076.83,726367116.0
1,621 - Ambulatory Care,48,000,2018,0,0,621310,2391.0,9522.83,356239657.0
1,621 - Ambulatory Care,32,000,2022,0,0,621330,406.0,1965.91,82573566.0
1,621 - Ambulatory Care,35,000,2024,0,0,621111,905.0,10666.16,975679838.0
1,621 - Ambulatory Care,48,000,2018,0,0,621391,353.0,2111.33,112458765.0
1,621 - Ambulatory Care,32,000,2024,0,0,621512,109.0,2403.58,188462012.0
1,621 - Ambulatory Care,37,000,2024,0,0,621111,6269.0,88785.91,9183738282.0
1,621 - Ambulatory Care,37,000,2024,0,0,621410,86.0,964.75,61936642.0
1,621 - Ambulatory Care,37,000,2024,0,0,621491,21.0,217.16,17819027.0
1,621 - Ambulatory Care,20,000,2022,0,0,621999,99.0,438.83,34734211.0
1,621 - Ambulatory Care,20,000,2024,0,0,621310,530.0,1584.33,59929012.0
1,621 - Ambulatory Care,45,000,2020,0,0,621210,1677.0,13409.5,748742780.0
1,621 - Ambulatory Care,45,000,2023,0,0,621330,269.0,910.58,43094148.0
1,621 - Ambulatory Care,46,000,2019,0,0,621420,32.0,537.58,23162052.0
1,621 - Ambulatory Care,45,000,2024,0,0,621391,52.0,391.08,22810724.0
1,621 - Ambulatory Care,46,000,2021,0,0,621420,34.0,543.08,24614049.0
1,621 - Ambulatory Care,02,000,2024,0,0,621910,26.0,453.08,55111986.0
1,621 - Ambulatory Care,16,000,2024,0,0,621991,27.0,701.66,33617460.0
1,621 - Ambulatory Care,78,000,2021,0,1,621512,2.0,0.0,0.0
1,621 - Ambulatory Care,34,000,2024,0,0,621310,1071.0,4050.83,191187089.0
1,621 - Ambulatory Care,78,000,2024,0,0,621111,75.0,472.16,29334605.0
1,621 - Ambulatory Care,01,000,2023,0,0,621391,86.0,407.5,19949076.0
1,621 - Ambulatory Care,01,000,2020,0,0,621610,487.0,12153.5,613507901.0
1,621 - Ambulatory Care,04,000,2018,0,0,621492,104.0,2845.66,186728023.0
1,621 - Ambulatory Care,04,000,2022,0,0,621310,867.0,2968.66,125955141.0
1,621 - Ambulatory Care,44,000,2019,0,1,621492,15.0,0.0,0.0
1,621 - Ambulatory Care,45,000,2018,0,1,621410,18.0,117.0,4772784.0
1,621 - Ambulatory Care,17,000,2019,0,1,621610,1191.0,44812.08,1424750894.0
1,621 - Ambulatory Care,31,000,2023,0,0,621610,251.0,5848.0,240089373.0
1,621 - Ambulatory Care,55,000,2019,0,0,621512,58.0,580.25,37765642.0
1,621 - Ambulatory Care,38,000,2019,0,0,621610,40.0,734.58,33172432.0
1,621 - Ambulatory Care,12,000,2019,0,0,621112,1078.0,5215.41,286603689.0
1,621 - Ambulatory Care,51,000,2023,0,0,621320,539.0,4504.83,263579318.0
1,621 - Ambulatory Care,12,000,2019,0,0,621310,2626.0,10568.83,417667074.0
1,621 - Ambulatory Care,56,000,2023,0,0,621112,19.0,27.0,3629122.0
1,621 - Ambulatory Care,12,000,2021,0,1,621399,2929.0,11502.91,692988494.0
1,621 - Ambulatory Care,15,000,2018,0,0,621399,167.0,1007.75,44808525.0
1,621 - Ambulatory Care,49,000,2020,0,0,621999,106.0,440.41,28937836.0
1,621 - Ambulatory Care,51,000,2021,0,1,621330,855.0,4137.25,179695108.0
1,621 - Ambulatory Care,38,000,2018,0,0,621610,44.0,715.5,31393065.0
1,621 - Ambulatory Care,56,000,2022,0,0,621492,10.0,69.25,4300656.0
1,621 - Ambulatory Care,13,000,2018,0,0,621320,537.0,3844.16,162203806.0
1,621 - Ambulatory Care,09,000,2018,0,0,621399,241.0,1054.83,41186549.0
1,621 - Ambulatory Care,13,000,2018,0,0,621491,87.0,3666.25,441641317.0
1,621 - Ambulatory Care,35,000,2020,0,0,621340,297.0,2523.0,107265713.0
1,621 - Ambulatory Care,35,000,2020,0,0,621391,26.0,238.41,12051079.0
1,621 - Ambulatory Care,13,000,2024,0,0,621340,1606.0,15368.25,758579319.0
1,621 - Ambulatory Care,33,000,2023,0,0,621610,145.0,3886.83,220551979.0
1,621 - Ambulatory Care,25,000,2019,0,0,621512,91.0,1730.83,135354884.0
1,621 - Ambulatory Care,26,000,2024,0,0,621493,170.0,3578.41,246219180.0
1,621 - Ambulatory Care,47,000,2020,0,1,621340,611.0,7441.08,367115279.0
1,621 - Ambulatory Care,13,000,2023,0,0,621320,578.0,4338.41,218739052.0
1,621 - Ambulatory Care,28,000,2022,0,0,621910,67.0,2151.08,119935504.0
1,621 - Ambulatory Care,06,000,2022,0,0,621330,4428.0,28960.25,1290372929.0
1,621 - Ambulatory Care,06,000,2024,0,0,621330,7210.0,46703.66,2061823814.0
1,621 - Ambulatory Care,13,000,2023,0,0,621512,203.0,1840.33,118059484.0
1,621 - Ambulatory Care,25,000,2022,0,1,621910,88.0,5445.66,300414017.0
1,621 - Ambulatory Care,29,000,2018,0,0,621111,3353.0,42607.66,4326325625.0
1,621 - Ambulatory Care,50,000,2022,0,0,621493,8.0,160.58,7647911.0
1,621 - Ambulatory Care,25,000,2022,0,0,621410,43.0,1112.5,76796741.0
1,621 - Ambulatory Care,54,000,2024,0,0,621310,127.0,513.75,17512440.0
1,621 - Ambulatory Care,10,000,2023,0,0,621111,606.0,7138.66,715422103.0
1,621 - Ambulatory Care,29,000,2022,0,0,621420,355.0,9305.91,543595569.0
1,621 - Ambulatory Care,40,000,2023,0,0,621492,101.0,1363.83,87578468.0
1,621 - Ambulatory Care,10,000,2023,0,0,621492,30.0,457.33,30745095.0
1,621 - Ambulatory Care,15,000,2022,0,0,621991,6.0,175.33,9336033.0
1,621 - Ambulatory Care,40,000,2021,0,1,621910,128.0,2186.41,122100448.0
1,621 - Ambulatory Care,10,000,2023,0,0,621112,97.0,281.75,15897411.0
1,621 - Ambulatory Care,10,000,2023,0,0,621340,168.0,1694.66,94165295.0
1,621 - Ambulatory Care,15,000,2020,0,0,621399,197.0,1013.75,50649586.0
1,621 - Ambulatory Care,29,000,2023,0,0,621410,61.0,355.0,17645049.0
1,621 - Ambulatory Care,40,000,2024,0,0,621320,369.0,2697.08,121954073.0
1,621 - Ambulatory Care,08,000,2019,0,0,621511,379.0,3648.83,231452945.0
1,621 - Ambulatory Care,08,000,2019,0,1,621610,461.0,21078.16,809158866.0
1,621 - Ambulatory Care,08,000,2023,0,0,621410,77.0,589.5,45372980.0
1,621 - Ambulatory Care,23,000,2021,0,1,621910,85.0,820.25,35566563.0
1,621 - Ambulatory Care,48,000,2022,0,0,621340,2938.0,34584.5,1734582736.0
1,621 - Ambulatory Care,08,000,2018,0,1,621512,103.0,1348.5,94030323.0
1,621 - Ambulatory Care,23,000,2022,0,0,621410,25.0,188.08,11394164.0
1,621 - Ambulatory Care,08,000,2023,0,0,621492,91.0,1238.58,89119640.0
1,621 - Ambulatory Care,02,000,2018,0,0,621410,6.0,73.66,2792431.0
1,621 - Ambulatory Care,23,000,2023,0,0,621910,88.0,1408.41,62833828.0
1,621 - Ambulatory Care,23,000,2024,0,0,621112,48.0,353.41,29037565.0
1,621 - Ambulatory Care,47,000,2024,0,0,621610,849.0,21576.5,1185218551.0
1,621 - Ambulatory Care,40,000,2019,0,1,621910,127.0,2129.75,106031031.0
1,621 - Ambulatory Care,53,000,2019,0,0,621320,453.0,3143.83,117935870.0
1,621 - Ambulatory Care,21,000,2022,0,1,621491,2.0,0.0,0.0
1,621 - Ambulatory Care,36,000,2020,0,0,621320,806.0,3960.83,190678104.0
1,621 - Ambulatory Care,30,000,2021,0,0,621610,117.0,2993.0,99446392.0
1,621 - Ambulatory Care,56,000,2020,0,1,621999,53.0,0.0,0.0
1,621 - Ambulatory Care,06,000,2022,0,0,621320,2623.0,16383.08,798735295.0
1,621 - Ambulatory Care,10,000,2020,0,0,621340,137.0,1299.25,68503787.0
1,621 - Ambulatory Care,25,000,2020,0,0,621491,28.0,2670.41,249169948.0
1,621 - Ambulatory Care,28,000,2023,0,0,621498,124.0,1436.16,87551808.0
1,621 - Ambulatory Care,47,000,2018,0,0,621910,99.0,3457.91,139483126.0
1,621 - Ambulatory Care,25,000,2020,0,0,621391,146.0,606.66,36290886.0
1,621 - Ambulatory Care,33,000,2024,0,0,621112,56.0,400.08,37995751.0
1,621 - Ambulatory Care,06,000,2023,0,0,621492,799.0,17743.0,1415207751.0
1,621 - Ambulatory Care,10,000,2020,0,0,621310,123.0,483.91,20220030.0
1,621 - Ambulatory Care,29,000,2019,0,0,621112,164.0,963.08,57276253.0
1,621 - Ambulatory Care,48,000,2021,0,0,621493,960.0,17567.83,1109329682.0
1,621 - Ambulatory Care,48,000,2021,0,0,621498,883.0,18423.41,1283351287.0
1,621 - Ambulatory Care,50,000,2020,0,1,621999,36.0,0.0,0.0
1,621 - Ambulatory Care,08,000,2020,0,1,621910,78.0,2243.58,124676042.0
1,621 - Ambulatory Care,49,000,2018,0,1,621111,1850.0,22380.91,1707178889.0
1,621 - Ambulatory Care,02,000,2018,0,0,621320,56.0,468.33,22230979.0
1,621 - Ambulatory Care,18,000,2018,0,1,621399,226.0,727.5,34544337.0
1,621 - Ambulatory Care,18,000,2018,0,0,621420,349.0,8644.25,336278345.0
1,621 - Ambulatory Care,41,000,2023,0,0,621320,262.0,1988.25,97027330.0
1,621 - Ambulatory Care,53,000,2024,0,0,621310,1110.0,4993.66,209060198.0
1,621 - Ambulatory Care,18,000,2019,0,0,621112,130.0,623.33,34981720.0
1,621 - Ambulatory Care,41,000,2022,0,0,621511,182.0,2554.75,195688177.0
1,621 - Ambulatory Care,47,000,2023,0,0,621498,197.0,3154.75,256392965.0
1,621 - Ambulatory Care,30,000,2020,0,1,621492,12.0,0.0,0.0
1,621 - Ambulatory Care,30,000,2024,0,0,621210,500.0,3912.16,239762982.0
1,621 - Ambulatory Care,30,000,2024,0,0,621492,19.0,227.5,15474162.0
1,621 - Ambulatory Care,21,000,2022,0,0,621910,138.0,2512.5,131530402.0
1,621 - Ambulatory Care,30,000,2024,0,0,621498,59.0,963.91,65642873.0
1,621 - Ambulatory Care,36,000,2018,0,1,621910,334.0,12361.83,435034510.0
1,621 - Ambulatory Care,40,000,2020,0,1,621111,2494.0,26110.33,2455174959.0
1,621 - Ambulatory Care,30,000,2018,0,1,621492,10.0,0.0,0.0
1,621 - Ambulatory Care,36,000,2020,0,1,621330,1745.0,7352.0,359172972.0
1,621 - Ambulatory Care,39,000,2022,0,0,621111,7013.0,100612.41,11290585402.0
1,621 - Ambulatory Care,09,000,2021,0,0,621399,313.0,1100.66,54578235.0
1,621 - Ambulatory Care,27,000,2023,0,1,621491,57.0,0.0,0.0
1,621 - Ambulatory Care,38,000,2021,0,0,621610,46.0,771.41,37551671.0
1,621 - Ambulatory Care,39,000,2023,0,0,621512,181.0,1765.16,147275068.0
1,621 - Ambulatory Care,41,000,2018,0,0,621498,65.0,2136.5,141556301.0
1,621 - Ambulatory Care,39,000,2024,0,0,621420,843.0,20090.25,1078354554.0
1,621 - Ambulatory Care,38,000,2024,0,0,621112,21.0,97.5,8297304.0
1,621 - Ambulatory Care,39,000,2022,0,0,621420,692.0,17407.41,856275376.0
1,621 - Ambulatory Care,09,000,2021,0,0,621493,120.0,3011.08,229261399.0
1,621 - Ambulatory Care,38,000,2021,0,0,621511,26.0,182.41,21999444.0
1,621 - Ambulatory Care,39,000,2024,0,0,621498,393.0,11333.75,854721412.0
1,621 - Ambulatory Care,29,000,2021,0,1,621410,50.0,277.08,13611921.0
1,621 - Ambulatory Care,29,000,2022,0,0,621330,464.0,2089.08,89943369.0
1,621 - Ambulatory Care,10,000,2024,0,1,621210,301.0,2950.33,245213309.0
1,621 - Ambulatory Care,19,000,2022,0,0,621991,44.0,1707.41,83071531.0
1,621 - Ambulatory Care,28,000,2018,0,0,621420,67.0,3139.16,100701691.0
1,621 - Ambulatory Care,40,000,2022,0,0,621391,40.0,197.41,10739718.0
1,621 - Ambulatory Care,19,000,2021,0,0,621999,88.0,578.16,60273794.0
1,621 - Ambulatory Care,10,000,2024,0,0,621991,4.0,285.0,14713232.0
1,621 - Ambulatory Care,17,000,2024,0,1,621910,177.0,6968.08,393898896.0
1,621 - Ambulatory Care,54,000,2022,0,0,621512,25.0,144.41,10620207.0
1,621 - Ambulatory Care,16,000,2019,0,0,621512,32.0,491.41,40968407.0
1,621 - Ambulatory Care,17,000,2024,0,0,621493,122.0,3046.83,239033453.0
1,621 - Ambulatory Care,24,000,2018,0,0,621610,867.0,22498.58,841872278.0
1,621 - Ambulatory Care,11,000,2018,0,0,621310,21.0,70.33,3231416.0
1,621 - Ambulatory Care,39,000,2018,0,1,621112,287.0,1742.08,104045750.0
1,621 - Ambulatory Care,0 ,000,2020,0,0,621498,9296.0,219143.41,15126327652.0
1,621 - Ambulatory Care,11,000,2018,0,1,621410,7.0,0.0,0.0
1,621 - Ambulatory Care,72,000,2020,0,0,621112,99.0,261.0,7772247.0
1,621 - Ambulatory Care,40,000,2023,0,0,621210,1403.0,11145.08,674048622.0
1,621 - Ambulatory Care,10,000,2021,0,0,621493,28.0,460.41,34598597.0
1,621 - Ambulatory Care,15,000,2024,0,0,621391,22.0,56.75,3921250.0
1,621 - Ambulatory Care,15,000,2024,0,1,621910,13.0,405.66,43987085.0
1,621 - Ambulatory Care,19,000,2021,0,0,621492,64.0,604.08,36121508.0
1,621 - Ambulatory Care,19,000,2023,0,0,621391,64.0,285.25,15567544.0
1,621 - Ambulatory Care,19,000,2024,0,0,621492,64.0,618.25,40881304.0
1,621 - Ambulatory Care,09,000,2024,0,0,621399,451.0,1522.5,92016330.0
1,621 - Ambulatory Care,41,000,2020,0,1,621511,172.0,2265.33,163602363.0
1,621 - Ambulatory Care,27,000,2020,0,0,621610,674.0,25623.58,861023813.0
1,621 - Ambulatory Care,27,000,2021,0,0,621420,177.0,4163.16,220914537.0
1,621 - Ambulatory Care,36,000,2022,0,0,621493,493.0,10577.41,765932433.0
1,621 - Ambulatory Care,09,000,2021,0,0,621610,254.0,12600.41,662988568.0
1,621 - Ambulatory Care,09,000,2024,0,0,621111,2761.0,37419.91,4632259092.0
1,621 - Ambulatory Care,41,000,2021,0,1,621511,183.0,2344.75,179152130.0
1,621 - Ambulatory Care,0 ,000,2018,0,1,621492,7284.0,131156.08,7534088486.0
1,621 - Ambulatory Care,38,000,2023,0,0,621210,266.0,2541.58,193003678.0
1,621 - Ambulatory Care,22,000,2021,0,0,621511,374.0,2465.0,127944995.0
1,621 - Ambulatory Care,26,000,2020,0,0,621610,1272.0,37132.5,1434474516.0
1,621 - Ambulatory Care,26,000,2021,0,0,621492,151.0,3112.0,186935089.0
1,621 - Ambulatory Care,30,000,2023,0,0,621420,134.0,1055.66,51395961.0
1,621 - Ambulatory Care,30,000,2024,0,0,621610,147.0,3336.33,129531663.0
1,621 - Ambulatory Care,21,000,2023,0,0,621391,66.0,374.08,19070020.0
1,621 - Ambulatory Care,53,000,2021,0,0,621511,202.0,4659.83,368412601.0
1,621 - Ambulatory Care,21,000,2023,0,1,621492,104.0,0.0,0.0
1,621 - Ambulatory Care,53,000,2020,0,0,621410,49.0,728.33,42199473.0
1,621 - Ambulatory Care,06,000,2018,0,0,621991,136.0,3881.75,282010971.0
1,621 - Ambulatory Care,37,000,2024,0,0,621330,1325.0,6987.5,339764424.0
1,621 - Ambulatory Care,48,000,2018,0,0,621610,4810.0,264533.5,5499232594.0
1,621 - Ambulatory Care,20,000,2024,0,0,621498,103.0,3064.16,202229390.0
1,621 - Ambulatory Care,24,000,2020,0,1,621420,490.0,6314.08,290788736.0
1,621 - Ambulatory Care,24,000,2022,0,0,621910,80.0,2272.91,106183844.0
1,621 - Ambulatory Care,45,000,2020,0,0,621112,124.0,304.58,17387438.0
1,621 - Ambulatory Care,46,000,2021,0,0,621210,312.0,2979.25,199106887.0
1,621 - Ambulatory Care,46,000,2022,0,1,621491,2.0,0.0,0.0
1,621 - Ambulatory Care,05,000,2019,0,0,621492,76.0,1052.66,53728700.0
1,621 - Ambulatory Care,24,000,2023,0,0,621991,50.0,1169.66,86994157.0
1,621 - Ambulatory Care,05,000,2019,0,0,621330,252.0,739.75,28239929.0
1,621 - Ambulatory Care,45,000,2021,0,0,621492,182.0,2555.66,139201615.0
1,621 - Ambulatory Care,46,000,2019,0,0,621999,41.0,287.0,14383242.0
1,621 - Ambulatory Care,16,000,2024,0,0,621320,205.0,1294.41,55573308.0
1,621 - Ambulatory Care,20,000,2019,0,0,621112,65.0,237.41,17328343.0
1,621 - Ambulatory Care,44,000,2021,0,0,621391,34.0,195.58,12623759.0
1,621 - Ambulatory Care,44,000,2024,0,0,621492,16.0,255.5,18768292.0
1,621 - Ambulatory Care,04,000,2021,0,0,621420,337.0,8896.16,495765139.0
1,621 - Ambulatory Care,04,000,2021,0,0,621492,111.0,2723.25,172613379.0
1,621 - Ambulatory Care,18,000,2022,0,0,621999,155.0,1163.16,83453569.0
1,621 - Ambulatory Care,01,000,2019,0,1,621330,176.0,636.16,24190802.0
1,621 - Ambulatory Care,01,000,2021,0,0,621410,20.0,96.33,4814490.0
1,621 - Ambulatory Care,44,000,2023,0,0,621340,196.0,1915.08,94810915.0
1,621 - Ambulatory Care,31,000,2024,0,0,621410,18.0,219.66,10069363.0
1,621 - Ambulatory Care,42,000,2018,0,0,621111,7372.0,115197.16,11737400399.0
1,621 - Ambulatory Care,45,000,2018,0,0,621999,181.0,1124.0,58454263.0
1,621 - Ambulatory Care,05,000,2024,0,0,621210,972.0,8050.58,472684874.0
1,621 - Ambulatory Care,12,000,2022,0,0,621391,659.0,3175.33,178482978.0
1,621 - Ambulatory Care,49,000,2024,0,0,621420,339.0,3077.08,143786000.0
1,621 - Ambulatory Care,51,000,2022,0,0,621420,461.0,8641.0,475909717.0
1,621 - Ambulatory Care,51,000,2019,0,0,621910,135.0,3818.41,130443179.0
1,621 - Ambulatory Care,51,000,2020,0,0,621410,29.0,263.5,17543821.0
1,621 - Ambulatory Care,56,000,2019,0,0,621391,10.0,40.41,1605290.0
1,621 - Ambulatory Care,56,000,2021,0,0,621210,237.0,1843.5,86817840.0
1,621 - Ambulatory Care,49,000,2022,0,0,621512,62.0,458.08,45991303.0
1,621 - Ambulatory Care,13,000,2018,0,0,621310,1139.0,3807.91,132071153.0
1,621 - Ambulatory Care,42,000,2018,0,0,621340,1932.0,21176.75,1009433139.0
1,621 - Ambulatory Care,55,000,2019,0,0,621498,93.0,2792.66,183384399.0
1,621 - Ambulatory Care,12,000,2019,0,0,621491,154.0,7758.83,457275748.0
1,621 - Ambulatory Care,49,000,2024,0,0,621340,483.0,4395.41,170149899.0
1,621 - Ambulatory Care,56,000,2021,0,0,621399,64.0,177.0,6992292.0
1,621 - Ambulatory Care,51,000,2019,0,1,621498,281.0,0.0,0.0
1,621 - Ambulatory Care,12,000,2020,0,0,621310,2710.0,10686.58,438360020.0
1,621 - Ambulatory Care,49,000,2022,0,0,621310,504.0,1961.66,63459635.0
1,621 - Ambulatory Care,55,000,2021,0,0,621330,399.0,3973.58,160006557.0
1,621 - Ambulatory Care,13,000,2019,0,0,621112,339.0,1684.0,104917117.0
1,621 - Ambulatory Care,32,000,2019,0,0,621492,61.0,1326.25,83566140.0
1,621 - Ambulatory Care,06,000,2024,0,0,621910,405.0,22812.25,1504943361.0
1,621 - Ambulatory Care,47,000,2018,0,1,621610,602.0,20675.58,844590930.0
1,621 - Ambulatory Care,34,000,2018,0,0,621498,312.0,5729.33,407298914.0
1,621 - Ambulatory Care,26,000,2023,0,0,621493,196.0,3665.16,249738098.0
1,621 - Ambulatory Care,06,000,2023,0,0,621910,412.0,21347.91,1373829962.0
1,621 - Ambulatory Care,28,000,2021,0,0,621410,5.0,23.91,1114023.0
1,621 - Ambulatory Care,47,000,2019,0,0,621491,4.0,56.0,3273392.0
1,621 - Ambulatory Care,19,000,2019,0,1,621112,70.0,386.75,29251108.0
1,621 - Ambulatory Care,47,000,2020,0,0,621310,610.0,2369.58,92251845.0
1,621 - Ambulatory Care,54,000,2024,0,1,621492,58.0,0.0,0.0
1,621 - Ambulatory Care,02,000,2020,0,0,621910,21.0,400.58,39712307.0
1,621 - Ambulatory Care,18,000,2020,0,1,621491,13.0,0.0,0.0
1,621 - Ambulatory Care,18,000,2020,0,0,621210,2176.0,17949.91,996187782.0
1,621 - Ambulatory Care,02,000,2019,0,1,621492,6.0,0.0,0.0
1,621 - Ambulatory Care,02,000,2019,0,0,621910,19.0,373.08,34880387.0
1,621 - Ambulatory Care,08,000,2018,0,0,621511,370.0,3608.75,224862088.0
1,621 - Ambulatory Care,08,000,2022,0,0,621493,140.0,4248.91,325424048.0
1,621 - Ambulatory Care,08,000,2023,0,0,621112,320.0,1221.75,91378591.0
1,621 - Ambulatory Care,08,000,2023,0,0,621340,1095.0,8774.0,469944717.0
1,621 - Ambulatory Care,48,000,2022,0,0,621999,564.0,5805.16,390288117.0
1,621 - Ambulatory Care,23,000,2018,0,1,621399,135.0,404.91,13767847.0
1,621 - Ambulatory Care,42,000,2022,0,0,621511,598.0,7253.75,569174326.0
1,621 - Ambulatory Care,27,000,2021,0,0,621320,317.0,2669.66,144271351.0
1,621 - Ambulatory Care,38,000,2023,0,1,621498,11.0,0.0,0.0
1,621 - Ambulatory Care,12,000,2023,0,0,621112,1522.0,7935.5,543906013.0
1,621 - Ambulatory Care,19,000,2021,0,0,621210,1061.0,8771.5,541387584.0
1,621 - Ambulatory Care,10,000,2021,0,1,621999,36.0,0.0,0.0
1,621 - Ambulatory Care,15,000,2024,0,0,621410,8.0,56.91,3884404.0
1,621 - Ambulatory Care,40,000,2022,0,0,621410,10.0,72.41,4130862.0
1,621 - Ambulatory Care,72,000,2022,0,0,621340,281.0,1912.08,50456069.0
1,621 - Ambulatory Care,11,000,2022,0,0,621112,71.0,548.66,60540180.0
1,621 - Ambulatory Care,11,000,2023,0,0,621910,8.0,165.0,11301610.0
1,621 - Ambulatory Care,11,000,2021,0,0,621512,11.0,442.0,28106709.0
1,621 - Ambulatory Care,39,000,2019,0,1,621410,66.0,582.66,22626411.0
1,621 - Ambulatory Care,0 ,000,2020,0,1,621330,23846.0,125191.41,5505256993.0
1,621 - Ambulatory Care,21,000,2019,0,0,621410,17.0,91.0,2779336.0
1,621 - Ambulatory Care,22,000,2021,0,0,621391,51.0,208.0,9299533.0
1,621 - Ambulatory Care,22,000,2022,0,1,621399,568.0,2120.16,143047617.0
1,621 - Ambulatory Care,31,000,2019,0,0,621210,751.0,5678.08,290859293.0
1,621 - Ambulatory Care,26,000,2019,0,1,621210,3676.0,31984.0,1685795758.0
1,621 - Ambulatory Care,40,000,2018,0,0,621320,383.0,2380.75,86500328.0
1,621 - Ambulatory Care,21,000,2024,0,0,621498,265.0,4400.16,321546710.0
1,621 - Ambulatory Care,22,000,2018,0,1,621492,204.0,2663.5,138135920.0
1,621 - Ambulatory Care,22,000,2018,0,1,621910,78.0,3430.0,193955421.0
1,621 - Ambulatory Care,30,000,2021,0,0,621420,106.0,1042.83,43966416.0
1,621 - Ambulatory Care,32,000,2021,0,0,621210,1277.0,9553.0,523468074.0
1,621 - Ambulatory Care,48,000,2019,0,1,621111,20897.0,229670.08,21403314585.0
1,621 - Ambulatory Care,46,000,2019,0,0,621498,13.0,106.25,5543902.0
1,621 - Ambulatory Care,46,000,2019,0,1,621391,7.0,0.0,0.0
1,621 - Ambulatory Care,46,000,2020,0,0,621493,12.0,170.25,7298913.0
1,621 - Ambulatory Care,24,000,2020,0,0,621491,93.0,5869.58,508915355.0
1,621 - Ambulatory Care,46,000,2022,0,0,621910,47.0,653.66,25414665.0
1,621 - Ambulatory Care,05,000,2021,0,0,621210,969.0,7636.75,412825639.0
1,621 - Ambulatory Care,05,000,2022,0,0,621320,253.0,1743.66,77874804.0
1,621 - Ambulatory Care,17,000,2019,0,0,621310,1892.0,6884.66,239400854.0
1,621 - Ambulatory Care,17,000,2019,0,0,621492,314.0,5304.75,316072186.0
1,621 - Ambulatory Care,42,000,2018,0,0,621493,377.0,9149.0,569973499.0
1,621 - Ambulatory Care,49,000,2024,0,0,621512,61.0,597.0,63310766.0
1,621 - Ambulatory Care,56,000,2018,0,1,621420,52.0,678.75,28675367.0
1,621 - Ambulatory Care,15,000,2018,0,0,621511,28.0,1587.83,87612789.0
1,621 - Ambulatory Care,15,000,2018,0,0,621410,4.0,51.0,3156079.0
1,621 - Ambulatory Care,56,000,2023,0,0,621330,133.0,399.5,18128291.0
1,621 - Ambulatory Care,13,000,2018,0,1,621410,38.0,312.16,10214047.0
1,621 - Ambulatory Care,35,000,2020,0,0,621410,14.0,71.08,3097390.0
1,621 - Ambulatory Care,35,000,2021,0,0,621320,125.0,799.5,34572746.0
1,621 - Ambulatory Care,35,000,2022,0,0,621493,58.0,837.91,48310270.0
1,621 - Ambulatory Care,35,000,2022,0,0,621610,245.0,14702.33,385634070.0
1,621 - Ambulatory Care,35,000,2023,0,0,621320,101.0,740.33,35722903.0
1,621 - Ambulatory Care,35,000,2020,0,1,621498,154.0,2532.25,150862493.0
1,621 - Ambulatory Care,32,000,2019,0,0,621610,241.0,5774.5,281191590.0
1,621 - Ambulatory Care,35,000,2019,0,0,621999,41.0,163.25,10165803.0
1,621 - Ambulatory Care,35,000,2023,0,0,621491,8.0,381.33,30655698.0
1,621 - Ambulatory Care,37,000,2018,0,0,621111,5167.0,80101.83,7076278066.0
1,621 - Ambulatory Care,26,000,2023,0,1,621210,3864.0,32642.25,2035188511.0
1,621 - Ambulatory Care,34,000,2019,0,0,621391,399.0,1956.66,84360356.0
1,621 - Ambulatory Care,25,000,2018,0,0,621391,156.0,678.33,36738960.0
1,621 - Ambulatory Care,19,000,2019,0,0,621991,39.0,1690.91,64553170.0
1,621 - Ambulatory Care,25,000,2020,0,0,621493,58.0,3330.5,355283142.0
1,621 - Ambulatory Care,26,000,2022,0,1,621111,4620.0,72106.75,7230583123.0
1,621 - Ambulatory Care,28,000,2024,0,0,621511,238.0,1031.91,57469504.0
1,621 - Ambulatory Care,47,000,2021,0,0,621391,118.0,634.33,34250902.0
1,621 - Ambulatory Care,25,000,2019,0,0,621340,806.0,9977.41,456683882.0
1,621 - Ambulatory Care,28,000,2023,0,0,621210,973.0,6745.83,372588304.0
1,621 - Ambulatory Care,47,000,2020,0,0,621910,128.0,3315.0,152213763.0
1,621 - Ambulatory Care,28,000,2024,0,0,621410,11.0,44.41,2006958.0
1,621 - Ambulatory Care,08,000,2018,0,0,621991,34.0,1821.41,95701579.0
1,621 - Ambulatory Care,08,000,2022,0,0,621310,1105.0,3575.41,150502485.0
1,621 - Ambulatory Care,23,000,2020,0,0,621610,117.0,4200.41,187149468.0
1,621 - Ambulatory Care,08,000,2020,0,0,621991,36.0,1752.0,100674297.0
1,621 - Ambulatory Care,08,000,2021,0,0,621991,44.0,1802.33,103526274.0
1,621 - Ambulatory Care,23,000,2021,0,0,621498,38.0,1148.83,81186373.0
1,621 - Ambulatory Care,48,000,2024,0,1,621512,763.0,9109.25,699235811.0
1,621 - Ambulatory Care,49,000,2018,0,0,621999,93.0,395.25,23500241.0
1,621 - Ambulatory Care,08,000,2019,0,1,621999,181.0,1077.33,76674463.0
1,621 - Ambulatory Care,23,000,2020,0,0,621410,24.0,162.75,8634541.0
1,621 - Ambulatory Care,23,000,2022,0,0,621320,93.0,901.0,47597295.0
1,621 - Ambulatory Care,42,000,2024,0,0,621111,7556.0,127186.75,15966409832.0
1,621 - Ambulatory Care,50,000,2019,0,1,621999,27.0,0.0,0.0
1,621 - Ambulatory Care,42,000,2023,0,0,621610,1524.0,75669.66,3671809495.0
1,621 - Ambulatory Care,48,000,2021,0,0,621399,1966.0,10435.83,525584940.0
1,621 - Ambulatory Care,02,000,2018,0,0,621310,156.0,899.83,34493173.0
1,621 - Ambulatory Care,27,000,2024,0,1,621491,58.0,0.0,0.0
1,621 - Ambulatory Care,29,000,2018,0,1,621410,46.0,288.08,10311030.0
1,621 - Ambulatory Care,54,000,2024,0,0,621493,101.0,906.91,61090121.0
1,621 - Ambulatory Care,51,000,2024,0,0,621410,66.0,575.25,43825230.0
1,621 - Ambulatory Care,11,000,2022,0,0,621399,70.0,296.41,22276355.0
1,621 - Ambulatory Care,04,000,2024,0,1,621340,975.0,10125.75,510110215.0
1,621 - Ambulatory Care,72,000,2023,0,0,621410,5.0,23.0,514955.0
1,621 - Ambulatory Care,0 ,000,2020,0,1,621210,132057.0,886065.25,48314883050.0
1,621 - Ambulatory Care,16,000,2019,0,0,621999,47.0,129.75,6974655.0
1,621 - Ambulatory Care,21,000,2018,0,0,621320,290.0,2258.91,109704978.0
1,621 - Ambulatory Care,54,000,2020,0,0,621512,18.0,130.33,8336184.0
1,621 - Ambulatory Care,72,000,2024,0,1,621493,37.0,411.08,16156327.0
1,621 - Ambulatory Care,11,000,2022,0,0,621511,36.0,246.16,21602851.0
1,621 - Ambulatory Care,54,000,2019,0,0,621320,134.0,896.75,32561529.0
1,621 - Ambulatory Care,05,000,2023,0,0,621330,465.0,1566.58,68756031.0
1,621 - Ambulatory Care,05,000,2022,0,0,621112,104.0,335.66,23621678.0
1,621 - Ambulatory Care,31,000,2023,0,0,621991,23.0,724.25,37478061.0
1,621 - Ambulatory Care,38,000,2020,0,1,621340,115.0,956.41,44845938.0
1,621 - Ambulatory Care,12,000,2019,0,0,621420,645.0,13528.66,552271019.0
1,621 - Ambulatory Care,49,000,2020,0,0,621391,73.0,348.75,11792653.0
1,621 - Ambulatory Care,15,000,2019,0,0,621340,192.0,1490.41,72821798.0
1,621 - Ambulatory Care,49,000,2024,0,0,621391,79.0,500.41,21244062.0
1,621 - Ambulatory Care,56,000,2020,0,1,621340,124.0,991.08,50208439.0
1,621 - Ambulatory Care,51,000,2018,0,0,621493,188.0,6374.33,388243011.0
1,621 - Ambulatory Care,32,000,2019,0,0,621410,19.0,150.91,7217471.0
1,621 - Ambulatory Care,55,000,2024,0,1,621111,2260.0,55130.5,6911237327.0
1,621 - Ambulatory Care,26,000,2022,0,0,621420,301.0,7272.16,437866247.0
1,621 - Ambulatory Care,26,000,2023,0,0,621610,2251.0,40365.33,1661822052.0
1,621 - Ambulatory Care,47,000,2021,0,1,621420,344.0,7222.08,349133525.0
1,621 - Ambulatory Care,06,000,2022,0,0,621492,781.0,17635.08,1369397620.0
1,621 - Ambulatory Care,10,000,2020,0,0,621112,59.0,215.33,10759197.0
1,621 - Ambulatory Care,26,000,2023,0,0,621999,421.0,2749.91,192481471.0
1,621 - Ambulatory Care,10,000,2020,0,0,621610,85.0,4390.5,194243706.0
1,621 - Ambulatory Care,47,000,2022,0,0,621310,630.0,2544.33,108198241.0
1,621 - Ambulatory Care,06,000,2021,0,0,621112,1946.0,9463.41,736562824.0
1,621 - Ambulatory Care,13,000,2021,0,0,621320,556.0,4194.66,198544743.0
1,621 - Ambulatory Care,47,000,2018,0,0,621410,36.0,514.75,21792489.0
1,621 - Ambulatory Care,34,000,2020,0,0,621512,217.0,3490.91,279397468.0
1,621 - Ambulatory Care,25,000,2022,0,0,621498,186.0,7061.58,551805506.0
1,621 - Ambulatory Care,54,000,2024,0,0,621512,30.0,177.66,14845708.0
1,621 - Ambulatory Care,29,000,2018,0,0,621492,148.0,1874.41,98005176.0
1,621 - Ambulatory Care,29,000,2018,0,0,621493,111.0,1784.16,99945792.0
1,621 - Ambulatory Care,50,000,2023,0,1,621492,8.0,0.0,0.0
1,621 - Ambulatory Care,02,000,2018,0,1,621493,37.0,0.08,5403.0
1,621 - Ambulatory Care,02,000,2020,0,0,621391,8.0,45.16,2789972.0
1,621 - Ambulatory Care,41,000,2022,0,0,621340,697.0,4961.25,247022799.0
1,621 - Ambulatory Care,41,000,2023,0,1,621210,1965.0,15921.41,1053383857.0
1,621 - Ambulatory Care,53,000,2022,0,0,621410,48.0,609.33,37647060.0
1,621 - Ambulatory Care,47,000,2024,0,0,621399,646.0,4604.75,293545241.0
1,621 - Ambulatory Care,53,000,2022,0,0,621498,118.0,6536.58,523831165.0
1,621 - Ambulatory Care,53,000,2024,0,0,621391,86.0,419.5,19090929.0
1,621 - Ambulatory Care,23,000,2023,0,0,621999,66.0,269.33,21397582.0
1,621 - Ambulatory Care,02,000,2018,0,1,621492,7.0,0.0,0.0
1,621 - Ambulatory Care,47,000,2023,0,0,621399,561.0,4558.91,282179342.0
1,621 - Ambulatory Care,08,000,2019,0,0,621210,2879.0,20000.75,1065737945.0
1,621 - Ambulatory Care,08,000,2022,0,0,621111,3248.0,42372.58,4624331934.0
1,621 - Ambulatory Care,42,000,2019,0,0,621310,1732.0,6193.5,208961278.0
1,621 - Ambulatory Care,48,000,2023,0,1,621498,937.0,18529.33,1395657026.0
1,621 - Ambulatory Care,50,000,2020,0,0,621420,56.0,3305.25,143865945.0
1,621 - Ambulatory Care,23,000,2022,0,0,621511,36.0,1062.25,59305625.0
1,621 - Ambulatory Care,40,000,2021,0,0,621498,108.0,2059.5,118939883.0
1,621 - Ambulatory Care,15,000,2024,0,0,621210,717.0,4524.16,283021623.0
1,621 - Ambulatory Care,15,000,2024,0,1,621493,34.0,115.16,10630988.0
1,621 - Ambulatory Care,19,000,2020,0,1,621610,292.0,6744.08,296959336.0
1,621 - Ambulatory Care,19,000,2021,0,0,621320,348.0,2105.75,94914674.0
1,621 - Ambulatory Care,19,000,2024,0,0,621210,1029.0,8877.5,603904338.0
1,621 - Ambulatory Care,29,000,2022,0,0,621410,52.0,343.33,14863828.0
1,621 - Ambulatory Care,40,000,2021,0,1,621610,676.0,11656.58,424888968.0
1,621 - Ambulatory Care,40,000,2023,0,0,621111,2701.0,27863.41,2830494075.0
1,621 - Ambulatory Care,10,000,2022,0,0,621491,13.0,32.08,2273853.0
1,621 - Ambulatory Care,15,000,2023,0,0,621492,38.0,1115.0,91440400.0
1,621 - Ambulatory Care,28,000,2018,0,0,621391,29.0,157.91,5281346.0
1,621 - Ambulatory Care,21,000,2020,0,0,621999,179.0,746.91,43448582.0
1,621 - Ambulatory Care,0 ,000,2023,0,1,621991,2373.0,87019.16,5304482922.0
1,621 - Ambulatory Care,11,000,2018,0,0,621340,73.0,436.91,27403412.0
1,621 - Ambulatory Care,11,000,2022,0,0,621111,388.0,6107.91,1096256672.0
1,621 - Ambulatory Care,17,000,2020,0,1,621610,1182.0,43646.33,1534461941.0
1,621 - Ambulatory Care,05,000,2021,0,0,621491,6.0,16.25,974729.0
1,621 - Ambulatory Care,31,000,2023,0,0,621399,184.0,558.83,36641240.0
1,621 - Ambulatory Care,45,000,2018,0,1,621210,1621.0,13379.5,717783175.0
1,621 - Ambulatory Care,05,000,2023,0,0,621511,181.0,1430.58,100326908.0
1,621 - Ambulatory Care,45,000,2018,0,0,621512,88.0,578.66,33011330.0
1,621 - Ambulatory Care,55,000,2019,0,0,621991,65.0,2061.33,84313085.0
1,621 - Ambulatory Care,56,000,2021,0,0,621391,9.0,38.58,1528000.0
1,621 - Ambulatory Care,56,000,2019,0,1,621340,121.0,963.75,47172549.0
1,621 - Ambulatory Care,49,000,2021,0,1,621111,1968.0,23688.75,1897582806.0
1,621 - Ambulatory Care,49,000,2020,0,1,621330,450.0,1556.66,53208628.0
1,621 - Ambulatory Care,51,000,2022,0,0,621112,444.0,2081.58,148540921.0
1,621 - Ambulatory Care,49,000,2022,0,0,621491,15.0,123.33,9878153.0
1,621 - Ambulatory Care,56,000,2021,0,0,621112,10.0,17.5,1098903.0
1,621 - Ambulatory Care,56,000,2021,0,1,621910,32.0,325.16,20972830.0
1,621 - Ambulatory Care,38,000,2018,0,0,621512,9.0,47.41,3921318.0
1,621 - Ambulatory Care,09,000,2018,0,0,621511,181.0,1902.91,121099462.0
1,621 - Ambulatory Care,09,000,2018,0,0,621999,83.0,436.0,26668344.0
1,621 - Ambulatory Care,35,000,2018,0,0,621391,24.0,219.66,10938670.0
1,621 - Ambulatory Care,35,000,2020,0,0,621512,47.0,612.91,54500974.0
1,621 - Ambulatory Care,35,000,2023,0,0,621512,57.0,665.83,61758491.0
1,621 - Ambulatory Care,55,000,2024,0,0,621910,133.0,3492.5,152014098.0
1,621 - Ambulatory Care,37,000,2018,0,0,621491,18.0,75.0,3645922.0
1,621 - Ambulatory Care,32,000,2018,0,1,621493,84.0,1990.58,113393458.0
1,621 - Ambulatory Care,35,000,2022,0,0,621340,308.0,2719.66,121101294.0
1,621 - Ambulatory Care,35,000,2023,0,0,621991,16.0,359.33,18832759.0
1,621 - Ambulatory Care,19,000,2018,0,1,621491,2.0,0.0,0.0
1,621 - Ambulatory Care,19,000,2019,0,1,621498,80.0,1081.5,65246607.0
1,621 - Ambulatory Care,28,000,2022,0,0,621391,26.0,112.5,5338295.0
1,621 - Ambulatory Care,34,000,2019,0,1,621399,487.0,3010.16,142666268.0
1,621 - Ambulatory Care,13,000,2022,0,0,621991,68.0,2808.75,141590075.0
1,621 - Ambulatory Care,19,000,2019,0,0,621410,21.0,160.83,5799430.0
1,621 - Ambulatory Care,28,000,2023,0,0,621420,128.0,2794.0,106201695.0
1,621 - Ambulatory Care,13,000,2023,0,0,621511,1352.0,6683.33,468835606.0
1,621 - Ambulatory Care,34,000,2018,0,0,621410,53.0,504.41,29640163.0
1,621 - Ambulatory Care,47,000,2019,0,1,621498,171.0,3399.33,259054938.0
1,621 - Ambulatory Care,25,000,2019,0,0,621320,323.0,2115.25,113009439.0
1,621 - Ambulatory Care,28,000,2022,0,0,621498,117.0,1449.83,85665646.0
1,621 - Ambulatory Care,33,000,2024,0,0,621420,118.0,3213.66,193448515.0
1,621 - Ambulatory Care,47,000,2018,0,1,621340,557.0,8021.5,368220818.0
1,621 - Ambulatory Care,50,000,2023,0,0,621112,50.0,104.66,7744075.0
1,621 - Ambulatory Care,51,000,2024,0,0,621112,564.0,2754.33,209086689.0
1,621 - Ambulatory Care,50,000,2019,0,0,621512,8.0,22.08,1387305.0
1,621 - Ambulatory Care,49,000,2018,0,0,621310,472.0,1678.33,44791892.0
1,621 - Ambulatory Care,49,000,2018,0,1,621340,347.0,3233.5,103585630.0
1,621 - Ambulatory Care,08,000,2018,0,1,621999,166.0,763.25,57429064.0
1,621 - Ambulatory Care,08,000,2024,0,0,621999,283.0,1179.25,111573873.0
1,621 - Ambulatory Care,42,000,2020,0,0,621410,87.0,807.0,40456355.0
1,621 - Ambulatory Care,08,000,2019,0,0,621330,849.0,2830.25,112482702.0
1,621 - Ambulatory Care,23,000,2018,0,0,621493,10.0,124.0,6615396.0
1,621 - Ambulatory Care,42,000,2019,0,0,621112,348.0,2754.66,179480672.0
1,621 - Ambulatory Care,42,000,2021,0,0,621111,7288.0,118773.08,13758662428.0
1,621 - Ambulatory Care,42,000,2023,0,0,621391,421.0,2159.75,116000499.0
1,621 - Ambulatory Care,48,000,2021,0,1,621420,471.0,5825.16,284238817.0
1,621 - Ambulatory Care,15,000,2022,0,0,621112,72.0,377.41,21815882.0
1,621 - Ambulatory Care,29,000,2020,0,0,621991,52.0,2202.91,100277204.0
1,621 - Ambulatory Care,15,000,2024,0,1,621111,1209.0,9808.41,1420472176.0
1,621 - Ambulatory Care,40,000,2021,0,1,621410,9.0,39.41,1747046.0
1,621 - Ambulatory Care,10,000,2021,0,0,621610,100.0,4666.91,209649251.0
1,621 - Ambulatory Care,47,000,2023,0,0,621210,2341.0,19359.33,1217953170.0
1,621 - Ambulatory Care,53,000,2023,0,0,621330,296.0,3368.41,188273350.0
1,621 - Ambulatory Care,18,000,2019,0,1,621511,225.0,5357.16,312791770.0
1,621 - Ambulatory Care,41,000,2023,0,0,621310,731.0,3355.5,139844013.0
1,621 - Ambulatory Care,18,000,2018,0,0,621320,514.0,3964.75,169342147.0
1,621 - Ambulatory Care,15,000,2022,0,0,621310,131.0,354.41,15993718.0
1,621 - Ambulatory Care,19,000,2023,0,0,621999,112.0,633.41,65536271.0
1,621 - Ambulatory Care,18,000,2019,0,0,621320,521.0,4105.25,178013834.0
1,621 - Ambulatory Care,41,000,2022,0,0,621112,105.0,415.0,30664951.0
1,621 - Ambulatory Care,41,000,2024,0,0,621491,77.0,5096.83,821574324.0
1,621 - Ambulatory Care,02,000,2019,0,1,621999,28.0,0.0,0.0
1,621 - Ambulatory Care,18,000,2021,0,0,621498,181.0,2950.91,203982292.0
1,621 - Ambulatory Care,46,000,2021,0,0,621111,316.0,8336.75,1044432568.0
1,621 - Ambulatory Care,46,000,2021,0,0,621991,12.0,275.25,11294874.0
1,621 - Ambulatory Care,45,000,2021,0,0,621991,30.0,1086.5,50506127.0
1,621 - Ambulatory Care,24,000,2021,0,0,621410,43.0,265.5,17798330.0
1,621 - Ambulatory Care,05,000,2019,0,0,621511,145.0,1145.91,73794210.0
1,621 - Ambulatory Care,24,000,2022,0,0,621420,484.0,6314.16,317378442.0
1,621 - Ambulatory Care,45,000,2020,0,1,621610,627.0,17329.5,568160710.0
1,621 - Ambulatory Care,45,000,2020,0,0,621999,234.0,1033.75,61054066.0
1,621 - Ambulatory Care,34,000,2023,0,0,621493,438.0,10022.5,735689702.0
1,621 - Ambulatory Care,16,000,2024,0,0,621498,112.0,987.16,62405396.0
1,621 - Ambulatory Care,46,000,2023,0,0,621991,11.0,259.0,14031863.0
1,621 - Ambulatory Care,34,000,2021,0,0,621111,7531.0,80284.83,8512298041.0
1,621 - Ambulatory Care,01,000,2023,0,1,621399,462.0,2603.25,175987014.0
1,621 - Ambulatory Care,04,000,2020,0,0,621112,229.0,1209.41,73851587.0
1,621 - Ambulatory Care,04,000,2019,0,1,621493,279.0,6951.41,402743079.0
1,621 - Ambulatory Care,18,000,2024,0,0,621210,2162.0,20816.66,1345838316.0
1,621 - Ambulatory Care,44,000,2020,0,0,621112,35.0,106.33,7126001.0
1,621 - Ambulatory Care,26,000,2018,0,1,621310,1222.0,4722.0,145504303.0
1,621 - Ambulatory Care,33,000,2021,0,0,621399,122.0,570.75,30546708.0
1,621 - Ambulatory Care,21,000,2024,0,0,621330,500.0,2672.25,125603357.0
1,621 - Ambulatory Care,36,000,2020,0,1,621111,14627.0,149820.41,14747943931.0
1,621 - Ambulatory Care,30,000,2020,0,0,621111,511.0,6954.58,722335490.0
1,621 - Ambulatory Care,21,000,2022,0,0,621512,83.0,591.5,47646248.0
1,621 - Ambulatory Care,22,000,2019,0,0,621610,647.0,20553.75,665942940.0
1,621 - Ambulatory Care,36,000,2021,0,0,621111,14171.0,158425.75,16493181512.0
1,621 - Ambulatory Care,21,000,2024,0,0,621910,147.0,2576.91,154127783.0
1,621 - Ambulatory Care,22,000,2018,0,1,621493,125.0,1932.66,94297702.0
1,621 - Ambulatory Care,53,000,2018,0,0,621330,235.0,1763.91,62628266.0
1,621 - Ambulatory Care,11,000,2023,0,0,621511,38.0,245.0,18997361.0
1,621 - Ambulatory Care,0 ,000,2020,0,1,621491,2787.0,205650.75,23802923709.0
1,621 - Ambulatory Care,04,000,2024,0,0,621210,2751.0,22460.75,1369778773.0
1,621 - Ambulatory Care,44,000,2018,0,0,621498,36.0,1122.16,61058735.0
1,621 - Ambulatory Care,11,000,2021,0,0,621111,366.0,5522.0,976752502.0
1,621 - Ambulatory Care,04,000,2023,0,1,621498,178.0,2017.91,136578442.0
1,621 - Ambulatory Care,54,000,2020,0,0,621320,128.0,847.33,33539543.0
1,621 - Ambulatory Care,54,000,2020,0,0,621910,104.0,2661.08,108484370.0
1,621 - Ambulatory Care,32,000,2022,0,0,621610,311.0,6337.83,365659864.0
1,621 - Ambulatory Care,32,000,2024,0,0,621320,309.0,1853.83,97306955.0
1,621 - Ambulatory Care,37,000,2024,0,0,621420,709.0,12010.66,635469386.0
1,621 - Ambulatory Care,05,000,2021,0,0,621511,161.0,1300.33,85841505.0
1,621 - Ambulatory Care,05,000,2022,0,0,621330,368.0,1326.5,54817458.0
1,621 - Ambulatory Care,42,000,2018,0,0,621910,474.0,12417.83,410914787.0
1,621 - Ambulatory Care,05,000,2023,0,0,621491,7.0,11.33,907412.0
1,621 - Ambulatory Care,17,000,2019,0,1,621399,787.0,3701.0,183110853.0
1,621 - Ambulatory Care,56,000,2019,0,0,621410,11.0,51.25,1397930.0
1,621 - Ambulatory Care,12,000,2018,0,0,621320,1263.0,6488.75,294486147.0
1,621 - Ambulatory Care,15,000,2019,0,0,621330,195.0,793.58,34498513.0
1,621 - Ambulatory Care,49,000,2022,0,0,621112,182.0,613.91,35371198.0
1,621 - Ambulatory Care,49,000,2020,0,0,621991,25.0,1368.83,49118140.0
1,621 - Ambulatory Care,51,000,2020,0,1,621498,288.0,0.0,0.0
1,621 - Ambulatory Care,15,000,2018,0,1,621910,14.0,511.16,30555250.0
1,621 - Ambulatory Care,38,000,2018,0,0,621493,9.0,117.58,6075675.0
1,621 - Ambulatory Care,49,000,2021,0,0,621491,11.0,97.33,4846762.0
1,621 - Ambulatory Care,51,000,2021,0,1,621111,4981.0,74098.16,7437382969.0
1,621 - Ambulatory Care,56,000,2019,0,1,621420,51.0,633.41,26869399.0
1,621 - Ambulatory Care,56,000,2018,0,0,621410,11.0,50.91,1422380.0
1,621 - Ambulatory Care,44,000,2021,0,0,621498,68.0,1421.08,97359915.0
1,621 - Ambulatory Care,44,000,2023,0,0,621420,105.0,1761.75,105905161.0
1,621 - Ambulatory Care,26,000,2018,0,0,621391,319.0,1757.66,80021994.0
1,621 - Ambulatory Care,33,000,2021,0,0,621420,102.0,3073.66,166611329.0
1,621 - Ambulatory Care,45,000,2018,0,0,621391,62.0,397.41,16762388.0
1,621 - Ambulatory Care,05,000,2023,0,0,621391,36.0,182.66,9655840.0
1,621 - Ambulatory Care,17,000,2018,0,0,621320,760.0,5320.66,226327632.0
1,621 - Ambulatory Care,42,000,2018,0,0,621420,678.0,20580.58,793433564.0
1,621 - Ambulatory Care,55,000,2019,0,0,621493,91.0,1834.66,99828741.0
1,621 - Ambulatory Care,49,000,2024,0,0,621991,36.0,1247.83,62204305.0
1,621 - Ambulatory Care,12,000,2018,0,0,621112,1046.0,4865.41,259304529.0
1,621 - Ambulatory Care,49,000,2022,0,0,621999,152.0,665.75,52274269.0
1,621 - Ambulatory Care,12,000,2022,0,0,621340,3847.0,28986.75,1413358649.0
1,621 - Ambulatory Care,51,000,2019,0,1,621330,634.0,3376.91,132199936.0
1,621 - Ambulatory Care,51,000,2021,0,0,621999,217.0,1682.0,130392972.0
1,621 - Ambulatory Care,38,000,2019,0,1,621399,88.0,0.0,0.0
1,621 - Ambulatory Care,49,000,2023,0,0,621399,569.0,1899.33,92498354.0
1,621 - Ambulatory Care,09,000,2018,0,0,621512,61.0,859.5,66061922.0
1,621 - Ambulatory Care,32,000,2019,0,0,621391,58.0,259.83,10224881.0
1,621 - Ambulatory Care,55,000,2020,0,0,621991,66.0,2136.66,97742387.0
1,621 - Ambulatory Care,35,000,2018,0,0,621610,224.0,13688.83,279129124.0
1,621 - Ambulatory Care,37,000,2018,0,0,621610,1048.0,44145.0,1248712185.0
1,621 - Ambulatory Care,28,000,2021,0,0,621210,879.0,6469.0,327852422.0
1,621 - Ambulatory Care,13,000,2022,0,0,621410,60.0,678.75,35688411.0
1,621 - Ambulatory Care,13,000,2024,0,0,621210,4154.0,31836.5,2126561045.0
1,621 - Ambulatory Care,28,000,2023,0,0,621999,124.0,444.83,26024681.0
1,621 - Ambulatory Care,19,000,2018,0,0,621512,37.0,325.75,25516266.0
1,621 - Ambulatory Care,10,000,2018,0,0,621910,14.0,302.0,9350803.0
1,621 - Ambulatory Care,28,000,2024,0,0,621399,552.0,3976.5,257258719.0
1,621 - Ambulatory Care,34,000,2019,0,0,621512,229.0,3859.16,303187924.0
1,621 - Ambulatory Care,10,000,2020,0,0,621391,25.0,162.5,9475084.0
1,621 - Ambulatory Care,28,000,2021,0,0,621340,402.0,3744.25,184177703.0
1,621 - Ambulatory Care,10,000,2018,0,0,621320,33.0,401.41,19352827.0
1,621 - Ambulatory Care,25,000,2021,0,0,621491,28.0,2741.5,256488957.0
1,621 - Ambulatory Care,29,000,2018,0,0,621491,6.0,23.75,2273227.0
1,621 - Ambulatory Care,10,000,2021,0,0,621491,9.0,23.83,1344556.0
1,621 - Ambulatory Care,29,000,2024,0,0,621391,92.0,452.25,29317643.0
1,621 - Ambulatory Care,15,000,2022,0,0,621391,22.0,55.75,3815050.0
1,621 - Ambulatory Care,29,000,2020,0,1,621512,104.0,695.41,39272571.0
1,621 - Ambulatory Care,40,000,2022,0,1,621610,683.0,11191.91,439529652.0
1,621 - Ambulatory Care,10,000,2022,0,0,621610,122.0,4718.41,222619585.0
1,621 - Ambulatory Care,10,000,2024,0,0,621330,108.0,333.33,17947531.0
1,621 - Ambulatory Care,40,000,2024,0,1,621999,137.0,2508.91,81596133.0
1,621 - Ambulatory Care,19,000,2023,0,0,621320,332.0,2067.08,99644982.0
1,621 - Ambulatory Care,28,000,2019,0,0,621512,43.0,217.66,10895469.0
1,621 - Ambulatory Care,23,000,2023,0,0,621340,361.0,2134.25,110725999.0
1,621 - Ambulatory Care,02,000,2020,0,0,621420,43.0,628.25,35802948.0
1,621 - Ambulatory Care,18,000,2018,0,0,621310,661.0,2807.75,90496674.0
1,621 - Ambulatory Care,08,000,2020,0,0,621511,401.0,3812.66,251756671.0
1,621 - Ambulatory Care,23,000,2019,0,0,621991,4.0,134.5,5658597.0
1,621 - Ambulatory Care,48,000,2022,0,0,621493,986.0,18312.33,1248576153.0
1,621 - Ambulatory Care,48,000,2023,0,0,621910,665.0,16159.25,1003809004.0
1,621 - Ambulatory Care,08,000,2019,0,0,621991,35.0,1812.33,100814427.0
1,621 - Ambulatory Care,08,000,2018,0,0,621210,2882.0,19614.91,1023022488.0
1,621 - Ambulatory Care,08,000,2019,0,0,621410,44.0,368.66,16457488.0
1,621 - Ambulatory Care,23,000,2018,0,0,621610,116.0,4425.41,161423609.0
1,621 - Ambulatory Care,23,000,2018,0,1,621910,76.0,977.08,28786450.0
1,621 - Ambulatory Care,42,000,2023,0,0,621999,396.0,6745.41,546652838.0
1,621 - Ambulatory Care,08,000,2022,0,0,621491,44.0,6411.58,671866256.0
1,621 - Ambulatory Care,42,000,2019,0,0,621610,1117.0,67804.08,2745168268.0
1,621 - Ambulatory Care,48,000,2023,0,0,621340,3124.0,38359.91,1957187432.0
1,621 - Ambulatory Care,48,000,2024,0,0,621391,346.0,2358.83,176153578.0
1,621 - Ambulatory Care,50,000,2021,0,0,621512,7.0,24.0,1621319.0
1,621 - Ambulatory Care,36,000,2021,0,1,621420,688.0,15989.25,814124000.0
1,621 - Ambulatory Care,40,000,2018,0,1,621111,2469.0,25539.83,2316120915.0
1,621 - Ambulatory Care,04,000,2023,0,1,621111,5175.0,68107.75,6806868086.0
1,621 - Ambulatory Care,11,000,2018,0,0,621610,54.0,8010.33,217924349.0
1,621 - Ambulatory Care,54,000,2019,0,0,621111,1326.0,15428.41,1274632756.0
1,621 - Ambulatory Care,54,000,2023,0,0,621910,96.0,2393.75,118908824.0
1,621 - Ambulatory Care,72,000,2021,0,1,621991,17.0,153.0,6679931.0
1,621 - Ambulatory Care,17,000,2021,0,0,621492,330.0,5238.08,338075041.0
1,621 - Ambulatory Care,21,000,2019,0,0,621320,298.0,2359.58,115860025.0
1,621 - Ambulatory Care,54,000,2020,0,0,621999,89.0,437.91,21414451.0
1,621 - Ambulatory Care,21,000,2021,0,0,621410,20.0,114.16,4784055.0
1,621 - Ambulatory Care,39,000,2021,0,1,621991,73.0,3226.33,164600403.0
1,621 - Ambulatory Care,54,000,2023,0,0,621112,52.0,632.25,42851862.0
1,621 - Ambulatory Care,39,000,2020,0,0,621320,843.0,5535.25,241341649.0
1,621 - Ambulatory Care,72,000,2020,0,0,621610,78.0,2561.08,70754432.0
1,621 - Ambulatory Care,72,000,2021,0,1,621511,583.0,4900.58,144188034.0
1,621 - Ambulatory Care,0 ,000,2023,0,0,621512,7241.0,83029.33,6709771714.0
1,621 - Ambulatory Care,54,000,2022,0,0,621330,109.0,831.08,36276989.0
1,621 - Ambulatory Care,0 ,000,2020,0,1,621511,16886.0,207233.33,14376592095.0
1,621 - Ambulatory Care,16,000,2018,0,0,621999,53.0,159.33,7597313.0
1,621 - Ambulatory Care,21,000,2018,0,0,621910,119.0,3008.16,120953396.0
1,621 - Ambulatory Care,41,000,2020,0,1,621999,42.0,861.41,58597874.0
1,621 - Ambulatory Care,27,000,2022,0,0,621410,55.0,458.08,21862672.0
1,621 - Ambulatory Care,36,000,2023,0,1,621340,3645.0,30581.25,1578078925.0
1,621 - Ambulatory Care,41,000,2019,0,1,621610,154.0,6163.33,244288103.0
1,621 - Ambulatory Care,36,000,2022,0,0,621492,273.0,6067.33,433365219.0
1,621 - Ambulatory Care,27,000,2020,0,0,621410,47.0,372.33,16536727.0
1,621 - Ambulatory Care,36,000,2023,0,0,621391,808.0,2928.08,147336135.0
1,621 - Ambulatory Care,41,000,2018,0,0,621991,28.0,998.66,43073075.0
1,621 - Ambulatory Care,09,000,2023,0,1,621492,66.0,0.0,0.0
1,621 - Ambulatory Care,27,000,2018,0,0,621310,1259.0,4207.16,126544357.0
1,621 - Ambulatory Care,36,000,2024,0,1,621340,3762.0,30517.0,1632039374.0
1,621 - Ambulatory Care,32,000,2020,0,1,621112,101.0,295.25,21125417.0
1,621 - Ambulatory Care,37,000,2022,0,0,621410,61.0,697.83,38265734.0
1,621 - Ambulatory Care,32,000,2024,0,0,621340,532.0,4600.75,244336651.0
1,621 - Ambulatory Care,32,000,2024,0,0,621491,30.0,1012.25,98927876.0
1,621 - Ambulatory Care,32,000,2021,0,0,621610,277.0,6115.91,331200572.0
1,621 - Ambulatory Care,05,000,2018,0,0,621112,71.0,216.25,15612902.0
1,621 - Ambulatory Care,24,000,2024,0,0,621610,1012.0,27828.16,1220381407.0
1,621 - Ambulatory Care,46,000,2018,0,0,621410,4.0,13.0,500954.0
1,621 - Ambulatory Care,24,000,2024,0,0,621420,606.0,7583.41,414843000.0
1,621 - Ambulatory Care,20,000,2020,0,0,621410,12.0,107.33,4996246.0
1,621 - Ambulatory Care,20,000,2021,0,0,621340,328.0,3428.0,147487315.0
1,621 - Ambulatory Care,46,000,2022,0,0,621410,6.0,33.16,914115.0
1,621 - Ambulatory Care,78,000,2024,0,0,621210,24.0,149.33,8112666.0
1,621 - Ambulatory Care,16,000,2024,0,1,621491,1.0,0.0,0.0
1,621 - Ambulatory Care,78,000,2024,0,1,621330,6.0,0.0,0.0
1,621 - Ambulatory Care,02,000,2021,0,1,621492,7.0,0.0,0.0
1,621 - Ambulatory Care,16,000,2020,0,0,621511,80.0,1347.83,64745842.0
1,621 - Ambulatory Care,16,000,2022,0,0,621391,37.0,190.41,6946150.0
1,621 - Ambulatory Care,78,000,2024,0,1,621512,2.0,0.0,0.0
1,621 - Ambulatory Care,02,000,2023,0,0,621991,6.0,88.0,4826166.0
1,621 - Ambulatory Care,16,000,2023,0,1,621492,36.0,0.0,0.0
1,621 - Ambulatory Care,18,000,2023,0,0,621399,442.0,1260.5,69678686.0
1,621 - Ambulatory Care,44,000,2024,0,0,621999,39.0,222.5,19755866.0
1,621 - Ambulatory Care,31,000,2019,0,0,621310,423.0,1410.25,46866447.0
1,621 - Ambulatory Care,31,000,2020,0,0,621492,32.0,511.58,31095321.0
1,621 - Ambulatory Care,22,000,2024,0,0,621410,22.0,212.0,15035527.0
1,621 - Ambulatory Care,22,000,2022,0,0,621320,246.0,1751.66,73522531.0
1,621 - Ambulatory Care,26,000,2021,0,0,621112,323.0,2667.58,171803547.0
1,621 - Ambulatory Care,33,000,2019,0,1,621991,5.0,0.0,0.0
1,621 - Ambulatory Care,05,000,2021,0,0,621999,85.0,238.58,13439851.0
1,621 - Ambulatory Care,05,000,2022,0,0,621111,2320.0,27020.41,2517613376.0
1,621 - Ambulatory Care,0 ,000,2023,0,0,621491,2928.0,209990.5,26607030487.0
1,621 - Ambulatory Care,16,000,2019,0,0,621492,20.0,346.08,19054183.0
1,621 - Ambulatory Care,17,000,2022,0,0,621492,333.0,5170.75,360146033.0
1,621 - Ambulatory Care,21,000,2020,0,0,621410,18.0,82.0,2877695.0
1,621 - Ambulatory Care,54,000,2018,0,0,621112,46.0,683.0,33757174.0
1,621 - Ambulatory Care,54,000,2021,0,0,621512,24.0,134.0,9295568.0
1,621 - Ambulatory Care,72,000,2021,0,0,621320,95.0,373.33,10615822.0
1,621 - Ambulatory Care,54,000,2018,0,0,621420,116.0,3299.16,95019953.0
1,621 - Ambulatory Care,54,000,2020,0,1,621511,204.0,698.16,38620890.0
1,621 - Ambulatory Care,24,000,2020,0,0,621991,44.0,1002.83,64156553.0
1,621 - Ambulatory Care,24,000,2024,0,0,621999,450.0,3359.66,316926892.0
1,621 - Ambulatory Care,45,000,2021,0,0,621111,2552.0,46635.41,4630587549.0
1,621 - Ambulatory Care,20,000,2023,0,0,621420,168.0,3863.83,180140890.0
1,621 - Ambulatory Care,24,000,2022,0,0,621491,92.0,5453.5,527962969.0
1,621 - Ambulatory Care,45,000,2022,0,0,621512,115.0,682.41,46806471.0
1,621 - Ambulatory Care,05,000,2020,0,1,621498,78.0,843.66,113164049.0
1,621 - Ambulatory Care,24,000,2022,0,0,621512,183.0,2652.75,228936416.0
1,621 - Ambulatory Care,45,000,2020,0,0,621391,60.0,404.41,18381323.0
1,621 - Ambulatory Care,22,000,2024,0,1,621111,3586.0,42643.41,3789747301.0
1,621 - Ambulatory Care,33,000,2018,0,0,621512,18.0,168.0,13617125.0
1,621 - Ambulatory Care,22,000,2021,0,1,621498,236.0,4306.33,295066411.0
1,621 - Ambulatory Care,26,000,2020,0,0,621910,116.0,5803.58,255042895.0
1,621 - Ambulatory Care,31,000,2019,0,1,621340,408.0,3592.25,152392897.0
1,621 - Ambulatory Care,33,000,2019,0,0,621330,59.0,365.91,15823365.0
1,621 - Ambulatory Care,04,000,2019,0,1,621410,29.0,324.83,19357808.0
1,621 - Ambulatory Care,44,000,2024,0,0,621410,15.0,67.75,4046943.0
1,621 - Ambulatory Care,44,000,2024,0,0,621391,33.0,186.08,13630193.0
1,621 - Ambulatory Care,04,000,2022,0,1,621498,147.0,2642.0,194245344.0
1,621 - Ambulatory Care,01,000,2020,0,1,621999,208.0,932.58,55532257.0
1,621 - Ambulatory Care,18,000,2023,0,0,621210,2177.0,20463.0,1273893382.0
1,621 - Ambulatory Care,78,000,2024,0,1,621511,8.0,0.0,0.0
1,621 - Ambulatory Care,02,000,2023,0,0,621910,26.0,426.58,49465079.0
1,621 - Ambulatory Care,02,000,2024,0,0,621498,59.0,3389.41,294747414.0
1,621 - Ambulatory Care,34,000,2021,0,0,621491,18.0,415.41,43384737.0
1,621 - Ambulatory Care,46,000,2023,0,0,621511,17.0,146.66,18946973.0
1,621 - Ambulatory Care,32,000,2020,0,1,621493,88.0,2000.5,112419034.0
1,621 - Ambulatory Care,32,000,2024,0,0,621493,107.0,3769.33,249115177.0
1,621 - Ambulatory Care,37,000,2022,0,0,621991,87.0,2516.58,129227908.0
1,621 - Ambulatory Care,32,000,2020,0,0,621511,214.0,1997.41,128231399.0
1,621 - Ambulatory Care,32,000,2024,0,0,621310,337.0,1473.58,68921799.0
1,621 - Ambulatory Care,32,000,2020,0,0,621610,252.0,5746.08,301017531.0
1,621 - Ambulatory Care,32,000,2023,0,0,621999,67.0,465.41,36729075.0
1,621 - Ambulatory Care,09,000,2018,0,0,621493,101.0,2501.83,180642000.0
1,621 - Ambulatory Care,37,000,2020,0,0,621511,1409.0,11662.08,850697383.0
1,621 - Ambulatory Care,55,000,2020,0,0,621399,278.0,1076.66,59724702.0
1,621 - Ambulatory Care,55,000,2022,0,0,621340,738.0,6712.75,324287804.0
1,621 - Ambulatory Care,09,000,2018,0,0,621610,239.0,15119.58,704637320.0
1,621 - Ambulatory Care,09,000,2020,0,0,621112,171.0,861.41,54699772.0
1,621 - Ambulatory Care,09,000,2020,0,0,621492,60.0,1218.16,87365069.0
1,621 - Ambulatory Care,42,000,2018,0,0,621999,274.0,5565.66,401779701.0
1,621 - Ambulatory Care,55,000,2018,0,0,621410,39.0,330.58,13552682.0
1,621 - Ambulatory Care,38,000,2020,0,0,621991,13.0,329.0,14573920.0
1,621 - Ambulatory Care,49,000,2020,0,0,621410,27.0,92.66,3253994.0
1,621 - Ambulatory Care,56,000,2023,0,0,621511,35.0,179.25,11786889.0
1,621 - Ambulatory Care,49,000,2020,0,1,621498,81.0,1459.83,78415556.0
1,621 - Ambulatory Care,06,000,2022,0,0,621210,22326.0,136997.5,8071339576.0
1,621 - Ambulatory Care,25,000,2019,0,0,621511,252.0,4256.91,312543300.0
1,621 - Ambulatory Care,13,000,2024,0,0,621512,224.0,2046.33,159862637.0
1,621 - Ambulatory Care,06,000,2022,0,0,621493,935.0,20198.16,1526423182.0
1,621 - Ambulatory Care,25,000,2018,0,1,621111,3025.0,56393.83,6001968797.0
1,621 - Ambulatory Care,06,000,2023,0,0,621991,159.0,5664.66,408209034.0
1,621 - Ambulatory Care,10,000,2020,0,1,621991,2.0,0.0,0.0
1,621 - Ambulatory Care,19,000,2018,0,0,621999,69.0,532.33,37570605.0
1,621 - Ambulatory Care,35,000,2019,0,0,621210,737.0,5919.33,289546273.0
1,621 - Ambulatory Care,37,000,2020,0,0,621999,285.0,1393.41,105531780.0
1,621 - Ambulatory Care,55,000,2021,0,0,621910,155.0,3262.83,112267851.0
1,621 - Ambulatory Care,35,000,2019,0,0,621610,227.0,13778.91,291848385.0
1,621 - Ambulatory Care,55,000,2021,0,0,621391,57.0,352.66,27250752.0
1,621 - Ambulatory Care,32,000,2018,0,0,621511,210.0,1865.83,111246457.0
1,621 - Ambulatory Care,26,000,2022,0,0,621511,260.0,2171.0,133843514.0
1,621 - Ambulatory Care,47,000,2020,0,0,621511,269.0,6053.08,370090849.0
1,621 - Ambulatory Care,25,000,2019,0,0,621310,669.0,2228.66,91453501.0
1,621 - Ambulatory Care,25,000,2020,0,0,621410,38.0,998.66,62406062.0
1,621 - Ambulatory Care,47,000,2022,0,0,621492,190.0,3816.58,270487417.0
1,621 - Ambulatory Care,06,000,2023,0,0,621491,1614.0,133474.0,18610091105.0
1,621 - Ambulatory Care,10,000,2020,0,0,621512,50.0,261.66,16828659.0
1,621 - Ambulatory Care,13,000,2023,0,0,621112,457.0,3020.75,217312462.0
1,621 - Ambulatory Care,47,000,2022,0,0,621498,173.0,3039.66,249922830.0
1,621 - Ambulatory Care,10,000,2018,0,1,621991,3.0,0.0,0.0
1,621 - Ambulatory Care,28,000,2022,0,0,621330,182.0,946.08,36692814.0
1,621 - Ambulatory Care,13,000,2021,0,1,621410,59.0,597.33,29731360.0
1,621 - Ambulatory Care,10,000,2018,0,1,621999,18.0,0.0,0.0
1,621 - Ambulatory Care,34,000,2019,0,0,621491,30.0,501.41,44131277.0
1,621 - Ambulatory Care,10,000,2020,0,1,621999,22.0,0.0,0.0
1,621 - Ambulatory Care,13,000,2021,0,0,621399,707.0,5832.58,384794744.0
1,621 - Ambulatory Care,25,000,2021,0,0,621493,55.0,3467.0,366000191.0
1,621 - Ambulatory Care,27,000,2024,0,0,621492,102.0,1298.91,96511482.0
1,621 - Ambulatory Care,50,000,2024,0,1,621511,20.0,0.0,0.0
1,621 - Ambulatory Care,51,000,2024,0,0,621420,641.0,10884.16,658322053.0
1,621 - Ambulatory Care,29,000,2018,0,0,621420,298.0,8309.33,397081737.0
1,621 - Ambulatory Care,54,000,2024,0,1,621491,3.0,0.0,0.0
1,621 - Ambulatory Care,18,000,2018,0,0,621493,129.0,3325.5,197148514.0
1,621 - Ambulatory Care,23,000,2023,0,1,621512,31.0,0.0,0.0
1,621 - Ambulatory Care,53,000,2023,0,0,621410,49.0,697.16,47562322.0
1,621 - Ambulatory Care,23,000,2021,0,0,621310,194.0,688.0,28974606.0
1,621 - Ambulatory Care,42,000,2022,0,0,621493,489.0,9591.16,709307763.0
1,621 - Ambulatory Care,50,000,2018,0,0,621310,93.0,296.0,9346492.0
1,621 - Ambulatory Care,23,000,2018,0,0,621991,4.0,142.08,5968113.0
1,621 - Ambulatory Care,08,000,2021,0,0,621420,236.0,6156.41,360725213.0
1,621 - Ambulatory Care,23,000,2019,0,0,621391,28.0,116.33,6532424.0
1,621 - Ambulatory Care,08,000,2018,0,0,621491,42.0,7436.58,674823819.0
1,621 - Ambulatory Care,11,000,2020,0,1,621999,42.0,0.0,0.0
1,621 - Ambulatory Care,54,000,2022,0,0,621910,97.0,2092.91,97486898.0
1,621 - Ambulatory Care,04,000,2023,0,0,621391,155.0,669.5,40452023.0
1,621 - Ambulatory Care,54,000,2019,0,0,621493,64.0,1024.0,53032824.0
1,621 - Ambulatory Care,0 ,000,2020,0,0,621910,6085.0,182469.5,8394268678.0
1,621 - Ambulatory Care,21,000,2018,0,0,621340,548.0,5734.5,260330402.0
1,621 - Ambulatory Care,39,000,2018,0,1,621493,325.0,5865.58,361917879.0
1,621 - Ambulatory Care,10,000,2021,0,0,621112,69.0,227.58,11460843.0
1,621 - Ambulatory Care,10,000,2022,0,1,621420,34.0,632.66,33594022.0
1,621 - Ambulatory Care,40,000,2022,0,0,621491,11.0,76.0,5043280.0
1,621 - Ambulatory Care,40,000,2024,0,1,621330,409.0,1380.0,60783565.0
1,621 - Ambulatory Care,19,000,2023,0,1,621420,213.0,2660.41,136721643.0
1,621 - Ambulatory Care,29,000,2020,0,0,621210,1912.0,14292.25,811194895.0
1,621 - Ambulatory Care,15,000,2021,0,0,621420,46.0,385.83,16134316.0
1,621 - Ambulatory Care,29,000,2023,0,0,621210,1943.0,16406.66,1077842676.0
1,621 - Ambulatory Care,40,000,2024,0,0,621511,302.0,2742.58,160018484.0
1,621 - Ambulatory Care,38,000,2021,0,1,621111,276.0,6281.25,918560111.0
1,621 - Ambulatory Care,12,000,2024,0,0,621320,1430.0,9191.75,518828946.0
1,621 - Ambulatory Care,39,000,2022,0,0,621112,318.0,2068.16,133081014.0
1,621 - Ambulatory Care,41,000,2019,0,0,621492,88.0,1331.5,80379336.0
1,621 - Ambulatory Care,09,000,2022,0,0,621492,64.0,1186.08,90776968.0
1,621 - Ambulatory Care,27,000,2021,0,0,621410,48.0,413.16,19380960.0
1,621 - Ambulatory Care,41,000,2018,0,0,621492,84.0,1380.33,79372332.0
1,621 - Ambulatory Care,36,000,2023,0,1,621498,487.0,17015.58,1410327035.0
1,621 - Ambulatory Care,09,000,2021,0,0,621330,386.0,1887.0,88590142.0
1,621 - Ambulatory Care,54,000,2020,0,0,621112,41.0,581.33,33535974.0
1,621 - Ambulatory Care,72,000,2021,0,0,621112,95.0,259.66,8278331.0
1,621 - Ambulatory Care,11,000,2020,0,1,621512,11.0,0.0,0.0
1,621 - Ambulatory Care,72,000,2021,0,0,621512,147.0,1315.58,44877418.0
1,621 - Ambulatory Care,0 ,000,2019,0,0,621111,206421.0,2671651.25,251005507368.0
1,621 - Ambulatory Care,44,000,2018,0,0,621391,38.0,214.5,10758310.0
1,621 - Ambulatory Care,27,000,2022,0,0,621420,190.0,4527.5,256021930.0
1,621 - Ambulatory Care,0 ,000,2018,0,1,621512,6124.0,75392.16,5051441178.0
1,621 - Ambulatory Care,39,000,2024,0,0,621112,365.0,2172.58,155422386.0
1,621 - Ambulatory Care,09,000,2021,0,0,621111,2650.0,35801.83,4166506360.0
1,621 - Ambulatory Care,19,000,2021,0,0,621511,81.0,706.66,44582033.0
1,621 - Ambulatory Care,19,000,2022,0,0,621340,636.0,4612.83,239107904.0
1,621 - Ambulatory Care,29,000,2021,0,0,621991,52.0,2226.5,107827298.0
1,621 - Ambulatory Care,15,000,2020,0,0,621112,72.0,351.75,18773764.0
1,621 - Ambulatory Care,40,000,2021,0,0,621511,225.0,2568.91,141106597.0
1,621 - Ambulatory Care,40,000,2023,0,0,621310,499.0,1587.08,58637237.0
1,621 - Ambulatory Care,15,000,2022,0,1,621111,1199.0,9199.0,1144383445.0
1,621 - Ambulatory Care,37,000,2023,0,0,621910,191.0,3308.66,167131846.0
1,621 - Ambulatory Care,06,000,2018,0,0,621112,1642.0,8426.41,536321614.0
1,621 - Ambulatory Care,06,000,2020,0,1,621493,835.0,18632.91,1309258096.0
1,621 - Ambulatory Care,37,000,2021,0,1,621493,204.0,2581.33,163443766.0
1,621 - Ambulatory Care,37,000,2023,0,0,621512,169.0,1983.58,138692622.0
1,621 - Ambulatory Care,48,000,2020,0,0,621610,5027.0,263536.08,6084993861.0
1,621 - Ambulatory Care,05,000,2020,0,0,621410,24.0,114.25,3672522.0
1,621 - Ambulatory Care,20,000,2023,0,0,621498,102.0,3051.0,192764851.0
1,621 - Ambulatory Care,20,000,2023,0,0,621999,109.0,468.08,58257451.0
1,621 - Ambulatory Care,46,000,2022,0,0,621320,103.0,759.41,36587746.0
1,621 - Ambulatory Care,05,000,2020,0,1,621111,2301.0,26069.5,2335442135.0
1,621 - Ambulatory Care,05,000,2020,0,0,621492,75.0,1076.66,58612008.0
1,621 - Ambulatory Care,46,000,2019,0,1,621492,10.0,0.0,0.0
1,621 - Ambulatory Care,46,000,2020,0,1,621340,147.0,899.16,42407493.0
1,621 - Ambulatory Care,16,000,2024,0,0,621910,65.0,808.91,58890771.0
1,621 - Ambulatory Care,02,000,2022,0,0,621410,6.0,77.5,3329235.0
1,621 - Ambulatory Care,16,000,2023,0,0,621111,1307.0,14483.58,1275168422.0
1,621 - Ambulatory Care,34,000,2021,0,0,621340,1736.0,14221.83,769889360.0
1,621 - Ambulatory Care,46,000,2023,0,1,621340,143.0,972.58,47649280.0
1,621 - Ambulatory Care,46,000,2024,0,0,621610,82.0,2207.41,96281078.0
1,621 - Ambulatory Care,78,000,2022,0,0,621340,11.0,37.58,1457630.0
1,621 - Ambulatory Care,02,000,2024,0,1,621991,7.0,0.0,0.0
1,621 - Ambulatory Care,16,000,2021,0,0,621610,2584.0,10028.25,260336649.0
1,621 - Ambulatory Care,44,000,2020,0,1,621910,21.0,0.0,0.0
1,621 - Ambulatory Care,18,000,2022,0,0,621511,333.0,5367.66,372856458.0
1,621 - Ambulatory Care,01,000,2021,0,0,621991,50.0,1347.16,60804240.0
1,621 - Ambulatory Care,22,000,2023,0,1,621999,267.0,1167.75,64867666.0
1,621 - Ambulatory Care,26,000,2019,0,0,621991,33.0,2581.25,107043439.0
1,621 - Ambulatory Care,26,000,2020,0,0,621511,209.0,1910.66,102470046.0
1,621 - Ambulatory Care,26,000,2020,0,0,621320,456.0,3884.25,192617751.0
1,621 - Ambulatory Care,33,000,2019,0,0,621610,106.0,4051.33,182904250.0
1,621 - Ambulatory Care,21,000,2022,0,0,621210,1547.0,10756.58,587893030.0
1,621 - Ambulatory Care,21,000,2022,0,0,621391,64.0,382.5,19067296.0
1,621 - Ambulatory Care,22,000,2019,0,1,621492,207.0,2714.08,147221152.0
1,621 - Ambulatory Care,30,000,2018,0,0,621511,31.0,325.66,24151658.0
1,621 - Ambulatory Care,30,000,2020,0,0,621999,56.0,204.16,10565842.0
1,621 - Ambulatory Care,36,000,2019,0,1,621910,338.0,12464.66,456210372.0
1,621 - Ambulatory Care,36,000,2019,0,1,621420,685.0,16264.91,765551281.0
1,621 - Ambulatory Care,05,000,2021,0,0,621991,29.0,667.0,28650034.0
1,621 - Ambulatory Care,05,000,2023,0,0,621111,2345.0,27729.0,2687855534.0
1,621 - Ambulatory Care,05,000,2023,0,0,621320,252.0,1756.0,78913198.0
1,621 - Ambulatory Care,05,000,2024,0,0,621330,512.0,1724.91,77316029.0
1,621 - Ambulatory Care,31,000,2022,0,0,621511,68.0,651.75,37474052.0
1,621 - Ambulatory Care,45,000,2018,0,1,621420,78.0,554.58,19296853.0
1,621 - Ambulatory Care,55,000,2019,0,0,621320,322.0,2315.58,89778336.0
1,621 - Ambulatory Care,31,000,2023,0,0,621493,68.0,1558.83,108562414.0
1,621 - Ambulatory Care,72,000,2021,0,0,621491,92.0,2985.41,123894620.0
1,621 - Ambulatory Care,0 ,000,2023,0,0,621210,135246.0,1026652.5,64618303016.0
1,621 - Ambulatory Care,11,000,2021,0,0,621210,336.0,1649.25,129112553.0
1,621 - Ambulatory Care,72,000,2020,0,0,621999,31.0,162.41,4686910.0
1,621 - Ambulatory Care,04,000,2023,0,0,621491,52.0,5162.16,498198273.0
1,621 - Ambulatory Care,11,000,2021,0,0,621320,25.0,159.75,10703666.0
1,621 - Ambulatory Care,39,000,2021,0,1,621491,42.0,475.83,48082433.0
1,621 - Ambulatory Care,39,000,2018,0,1,621498,261.0,7849.0,455762628.0
1,621 - Ambulatory Care,39,000,2021,0,1,621999,204.0,1462.25,88382980.0
1,621 - Ambulatory Care,0 ,000,2021,0,0,621111,211061.0,2725365.16,276585299922.0
1,621 - Ambulatory Care,16,000,2018,0,0,621910,56.0,674.66,30132159.0
1,621 - Ambulatory Care,54,000,2022,0,0,621112,41.0,566.91,36405056.0
1,621 - Ambulatory Care,0 ,000,2021,0,0,621112,12332.0,63818.83,4535381350.0
1,621 - Ambulatory Care,17,000,2021,0,0,621330,1646.0,6053.58,326260860.0
1,621 - Ambulatory Care,72,000,2020,0,0,621320,84.0,308.08,7826943.0
1,621 - Ambulatory Care,11,000,2018,0,1,621491,3.0,0.0,0.0
1,621 - Ambulatory Care,17,000,2020,0,0,621410,84.0,785.91,36615798.0
1,621 - Ambulatory Care,27,000,2020,0,0,621391,33.0,190.5,10836157.0
1,621 - Ambulatory Care,27,000,2022,0,0,621399,312.0,1242.91,73572964.0
1,621 - Ambulatory Care,27,000,2018,0,0,621320,307.0,2406.16,106865784.0
1,621 - Ambulatory Care,27,000,2019,0,0,621991,36.0,2646.83,174894346.0
1,621 - Ambulatory Care,12,000,2023,0,0,621410,203.0,1617.83,89950130.0
1,621 - Ambulatory Care,39,000,2023,0,0,621330,749.0,4554.0,215548670.0
1,621 - Ambulatory Care,12,000,2024,0,0,621910,210.0,5682.83,339665393.0
1,621 - Ambulatory Care,38,000,2023,0,0,621340,141.0,1217.0,62130307.0
1,621 - Ambulatory Care,36,000,2021,0,1,621610,1227.0,273869.5,8882556472.0
1,621 - Ambulatory Care,22,000,2020,0,1,621999,174.0,913.08,43938711.0
1,621 - Ambulatory Care,40,000,2018,0,0,621498,108.0,1627.83,84454327.0
1,621 - Ambulatory Care,48,000,2018,0,0,621340,2238.0,30607.58,1440115248.0
1,621 - Ambulatory Care,06,000,2020,0,0,621320,2657.0,14692.25,647325671.0
1,621 - Ambulatory Care,48,000,2020,0,0,621491,70.0,7385.66,643470370.0
1,621 - Ambulatory Care,32,000,2021,0,0,621410,21.0,140.33,8258293.0
1,621 - Ambulatory Care,46,000,2022,0,0,621511,16.0,152.75,17402085.0
1,621 - Ambulatory Care,46,000,2022,0,0,621610,77.0,2008.08,82176232.0
1,621 - Ambulatory Care,20,000,2020,0,0,621310,538.0,1563.0,52380222.0
1,621 - Ambulatory Care,20,000,2022,0,0,621340,355.0,3987.66,174602485.0
1,621 - Ambulatory Care,20,000,2023,0,1,621491,2.0,0.0,0.0
1,621 - Ambulatory Care,45,000,2019,0,0,621910,122.0,3242.08,112650745.0
1,621 - Ambulatory Care,45,000,2020,0,0,621399,265.0,1439.16,64041299.0
1,621 - Ambulatory Care,16,000,2022,0,1,621498,51.0,0.0,0.0
1,621 - Ambulatory Care,16,000,2023,0,0,621320,199.0,1264.83,50998826.0
1,621 - Ambulatory Care,34,000,2023,0,0,621210,4385.0,31570.0,1997010763.0
1,621 - Ambulatory Care,56,000,2024,0,1,621420,48.0,512.75,28025412.0
1,621 - Ambulatory Care,16,000,2022,0,0,621399,245.0,698.91,26142097.0
1,621 - Ambulatory Care,46,000,2023,0,1,621491,1.0,0.0,0.0
1,621 - Ambulatory Care,46,000,2024,0,1,621491,1.0,0.0,0.0
1,621 - Ambulatory Care,02,000,2021,0,1,621493,37.0,0.0,0.0
1,621 - Ambulatory Care,46,000,2024,0,0,621999,104.0,418.41,39726641.0
1,621 - Ambulatory Care,56,000,2024,0,1,621910,26.0,301.91,26912680.0
1,621 - Ambulatory Care,78,000,2023,0,0,621111,82.0,505.16,30173256.0
1,621 - Ambulatory Care,26,000,2019,0,0,621112,308.0,2705.75,153420634.0
1,621 - Ambulatory Care,26,000,2020,0,0,621399,334.0,1324.58,75882907.0
1,621 - Ambulatory Care,31,000,2018,0,1,621330,197.0,613.16,20133649.0
1,621 - Ambulatory Care,31,000,2019,0,0,621391,35.0,207.66,9806996.0
1,621 - Ambulatory Care,22,000,2023,0,1,621112,240.0,1123.16,63320170.0
1,621 - Ambulatory Care,33,000,2019,0,1,621999,51.0,0.0,0.0
1,621 - Ambulatory Care,18,000,2024,0,1,621492,172.0,0.0,0.0
1,621 - Ambulatory Care,44,000,2021,0,0,621512,46.0,742.5,69014267.0
1,621 - Ambulatory Care,44,000,2023,0,0,621399,105.0,294.91,14678392.0
1,621 - Ambulatory Care,04,000,2019,0,0,621991,30.0,2125.41,111641452.0
1,621 - Ambulatory Care,44,000,2020,0,0,621610,163.0,4657.66,189081248.0
1,621 - Ambulatory Care,44,000,2021,0,0,621420,77.0,1793.91,86080087.0
1,621 - Ambulatory Care,01,000,2020,0,1,621491,8.0,0.0,0.0
1,621 - Ambulatory Care,17,000,2018,0,0,621310,1892.0,6764.83,228755178.0
1,621 - Ambulatory Care,05,000,2024,0,0,621399,319.0,1123.91,68339384.0
1,621 - Ambulatory Care,55,000,2019,0,0,621399,280.0,1163.5,59735321.0
1,621 - Ambulatory Care,12,000,2018,0,0,621999,547.0,4249.83,306708166.0
1,621 - Ambulatory Care,12,000,2021,0,0,621511,1335.0,15720.0,1160009038.0
1,621 - Ambulatory Care,51,000,2021,0,1,621420,398.0,4619.58,212177007.0
1,621 - Ambulatory Care,56,000,2019,0,0,621492,10.0,63.08,3221779.0
1,621 - Ambulatory Care,15,000,2018,0,0,621492,32.0,957.5,69675859.0
1,621 - Ambulatory Care,12,000,2020,0,0,621111,20033.0,222270.75,20001563329.0
1,621 - Ambulatory Care,56,000,2021,0,1,621420,48.0,494.41,20985045.0
1,621 - Ambulatory Care,12,000,2021,0,0,621420,788.0,13999.75,644373276.0
1,621 - Ambulatory Care,51,000,2018,0,0,621320,493.0,3835.33,191556924.0
1,621 - Ambulatory Care,01,000,2018,0,0,621310,421.0,1515.91,50092311.0
1,621 - Ambulatory Care,12,000,2020,0,1,621399,2602.0,8815.75,475170778.0
1,621 - Ambulatory Care,09,000,2020,0,0,621310,365.0,1130.91,41391822.0
1,621 - Ambulatory Care,13,000,2018,0,0,621112,335.0,1626.83,99652665.0
1,621 - Ambulatory Care,13,000,2020,0,0,621399,638.0,5319.66,339080046.0
1,621 - Ambulatory Care,35,000,2018,0,1,621491,11.0,323.41,21065142.0
1,621 - Ambulatory Care,55,000,2020,0,0,621391,60.0,338.16,27239807.0
1,621 - Ambulatory Care,55,000,2020,0,1,621610,322.0,12737.0,506355439.0
1,621 - Ambulatory Care,55,000,2023,0,0,621498,120.0,3059.0,205976474.0
1,621 - Ambulatory Care,55,000,2021,0,0,621999,97.0,783.91,44010308.0
1,621 - Ambulatory Care,55,000,2022,0,0,621493,71.0,1699.16,112940713.0
1,621 - Ambulatory Care,55,000,2023,0,0,621999,97.0,694.25,43985922.0
1,621 - Ambulatory Care,13,000,2021,0,0,621420,603.0,8458.08,342100358.0
1,621 - Ambulatory Care,13,000,2021,0,1,621498,369.0,2441.83,154503271.0
1,621 - Ambulatory Care,34,000,2018,0,0,621492,201.0,3725.08,239862882.0
1,621 - Ambulatory Care,25,000,2018,0,0,621910,91.0,6732.25,296531547.0
1,621 - Ambulatory Care,26,000,2023,0,0,621391,286.0,1550.0,85196138.0
1,621 - Ambulatory Care,34,000,2020,0,1,621910,209.0,4289.66,155990038.0
1,621 - Ambulatory Care,10,000,2019,0,1,621999,21.0,0.0,0.0
1,621 - Ambulatory Care,19,000,2018,0,1,621111,1381.0,23477.0,2177216801.0
1,621 - Ambulatory Care,19,000,2018,0,1,621498,73.0,1043.83,62172214.0
1,621 - Ambulatory Care,25,000,2019,0,0,621399,348.0,1936.75,82463389.0
1,621 - Ambulatory Care,28,000,2023,0,0,621391,25.0,96.08,4689468.0
1,621 - Ambulatory Care,06,000,2021,0,1,621410,380.0,5994.75,365454342.0
1,621 - Ambulatory Care,25,000,2019,0,1,621111,2928.0,56863.16,6253745449.0
1,621 - Ambulatory Care,28,000,2020,0,1,621498,108.0,1385.58,77157189.0
1,621 - Ambulatory Care,25,000,2023,0,0,621512,99.0,2319.16,228681903.0
1,621 - Ambulatory Care,29,000,2018,0,0,621320,348.0,2362.58,90163464.0
1,621 - Ambulatory Care,29,000,2019,0,0,621391,91.0,484.91,23363882.0
1,621 - Ambulatory Care,54,000,2024,0,0,621112,63.0,674.58,48354040.0
1,621 - Ambulatory Care,19,000,2022,0,0,621320,345.0,2093.33,97760950.0
1,621 - Ambulatory Care,10,000,2024,0,0,621391,22.0,140.08,9469971.0
1,621 - Ambulatory Care,15,000,2023,0,0,621511,48.0,1723.5,117411435.0
1,621 - Ambulatory Care,19,000,2020,0,0,621340,570.0,4127.0,202794394.0
1,621 - Ambulatory Care,28,000,2018,0,0,621999,77.0,228.41,10732401.0
1,621 - Ambulatory Care,10,000,2021,0,0,621310,122.0,519.33,22032042.0
1,621 - Ambulatory Care,10,000,2022,0,0,621511,70.0,536.58,28430388.0
1,621 - Ambulatory Care,29,000,2021,0,0,621491,7.0,23.83,4017406.0
1,621 - Ambulatory Care,08,000,2020,0,0,621391,78.0,441.41,24870008.0
1,621 - Ambulatory Care,23,000,2018,0,0,621410,23.0,158.83,7285427.0
1,621 - Ambulatory Care,23,000,2021,0,0,621512,29.0,184.25,12326478.0
1,621 - Ambulatory Care,08,000,2019,0,0,621420,207.0,6194.75,332362359.0
1,621 - Ambulatory Care,08,000,2020,0,0,621491,38.0,6438.16,669778947.0
1,621 - Ambulatory Care,23,000,2022,0,0,621420,140.0,2400.91,124303830.0
1,621 - Ambulatory Care,42,000,2021,0,0,621310,1695.0,6056.41,225375449.0
1,621 - Ambulatory Care,48,000,2022,0,0,621330,2284.0,9906.33,526176011.0
1,621 - Ambulatory Care,48,000,2023,0,0,621991,251.0,11446.5,645762881.0
1,621 - Ambulatory Care,02,000,2019,0,0,621111,404.0,8660.83,653934369.0
1,621 - Ambulatory Care,18,000,2019,0,1,621340,767.0,11341.66,472148282.0
1,621 - Ambulatory Care,18,000,2021,0,0,621493,162.0,3754.83,252984913.0
1,621 - Ambulatory Care,41,000,2024,0,1,621330,1375.0,6502.16,399070607.0
1,621 - Ambulatory Care,47,000,2023,0,0,621991,82.0,2373.25,133045666.0
1,621 - Ambulatory Care,18,000,2021,0,1,621511,265.0,5608.16,360750474.0
1,621 - Ambulatory Care,0 ,000,2023,0,0,621410,2894.0,28841.0,1929958682.0
1,621 - Ambulatory Care,11,000,2024,0,1,621999,82.0,0.0,0.0
1,621 - Ambulatory Care,39,000,2018,0,0,621330,432.0,2133.25,84558198.0
1,621 - Ambulatory Care,72,000,2020,0,1,621991,16.0,162.41,6752651.0
1,621 - Ambulatory Care,17,000,2022,0,1,621399,933.0,4290.25,256593953.0
1,621 - Ambulatory Care,39,000,2018,0,0,621320,857.0,5869.25,229945258.0
1,621 - Ambulatory Care,39,000,2021,0,0,621310,1314.0,5363.16,197168132.0
1,621 - Ambulatory Care,72,000,2020,0,0,621410,6.0,25.0,443318.0
1,621 - Ambulatory Care,11,000,2021,0,0,621410,9.0,1051.0,89986538.0
1,621 - Ambulatory Care,39,000,2021,0,1,621498,322.0,8624.91,554000396.0
1,621 - Ambulatory Care,54,000,2023,0,0,621111,1374.0,15937.58,1575753422.0
1,621 - Ambulatory Care,21,000,2024,0,0,621410,26.0,155.83,7478546.0
1,621 - Ambulatory Care,36,000,2021,0,1,621498,448.0,16012.08,1227577496.0
1,621 - Ambulatory Care,36,000,2021,0,0,621511,848.0,11557.0,892829574.0
1,621 - Ambulatory Care,30,000,2022,0,0,621320,102.0,744.83,33184668.0
1,621 - Ambulatory Care,40,000,2019,0,0,621498,110.0,1654.33,88300745.0
1,621 - Ambulatory Care,40,000,2018,0,0,621492,98.0,1372.16,73277128.0
1,621 - Ambulatory Care,22,000,2020,0,1,621493,138.0,2048.41,104163279.0
1,621 - Ambulatory Care,09,000,2023,0,0,621391,110.0,417.33,26337592.0
1,621 - Ambulatory Care,12,000,2023,0,0,621420,907.0,15686.16,850890333.0
1,621 - Ambulatory Care,09,000,2021,0,0,621492,60.0,1208.33,86027116.0
1,621 - Ambulatory Care,27,000,2018,0,1,621111,1578.0,72335.5,7536334468.0
1,621 - Ambulatory Care,12,000,2024,0,0,621610,4588.0,84571.66,4329411764.0
1,621 - Ambulatory Care,41,000,2021,0,1,621999,48.0,912.33,70156132.0
1,621 - Ambulatory Care,27,000,2023,0,0,621492,104.0,1255.75,91378000.0
1,621 - Ambulatory Care,41,000,2018,0,0,621340,602.0,4967.25,229778239.0
1,621 - Ambulatory Care,36,000,2024,0,0,621210,7930.0,54311.25,3733530612.0
1,621 - Ambulatory Care,06,000,2018,0,1,621410,320.0,5557.66,264496441.0
1,621 - Ambulatory Care,32,000,2021,0,1,621111,2436.0,22944.58,2189318023.0
1,621 - Ambulatory Care,48,000,2019,0,0,621498,824.0,16665.08,1062902235.0
1,621 - Ambulatory Care,06,000,2018,0,1,621999,449.0,4459.5,316324445.0
1,621 - Ambulatory Care,06,000,2020,0,0,621112,1963.0,8276.83,613292612.0
1,621 - Ambulatory Care,24,000,2022,0,0,621330,464.0,2690.75,164122590.0
1,621 - Ambulatory Care,45,000,2023,0,0,621340,581.0,5124.58,259058873.0
1,621 - Ambulatory Care,24,000,2022,0,0,621340,983.0,8217.5,419932583.0
1,621 - Ambulatory Care,24,000,2023,0,0,621330,549.0,3017.91,168867631.0
1,621 - Ambulatory Care,24,000,2023,0,0,621999,398.0,3896.08,359723237.0
1,621 - Ambulatory Care,45,000,2022,0,0,621999,338.0,1411.75,105226817.0
1,621 - Ambulatory Care,24,000,2023,0,0,621420,505.0,6431.5,342513330.0
1,621 - Ambulatory Care,45,000,2019,0,1,621610,602.0,17260.08,552463251.0
1,621 - Ambulatory Care,46,000,2018,0,0,621111,307.0,7906.41,897672238.0
1,621 - Ambulatory Care,46,000,2019,0,0,621512,19.0,124.08,7859012.0
1,621 - Ambulatory Care,24,000,2023,0,0,621112,358.0,2212.41,185603361.0
1,621 - Ambulatory Care,34,000,2024,0,0,621111,7385.0,83447.0,10128614914.0
1,621 - Ambulatory Care,02,000,2022,0,1,621493,38.0,0.0,0.0
1,621 - Ambulatory Care,34,000,2023,0,0,621910,189.0,4485.08,197483694.0
1,621 - Ambulatory Care,34,000,2023,0,0,621991,21.0,1449.16,125925530.0
1,621 - Ambulatory Care,78,000,2024,0,1,621420,2.0,0.0,0.0
1,621 - Ambulatory Care,78,000,2020,0,1,621330,6.0,0.0,0.0
1,621 - Ambulatory Care,02,000,2021,0,0,621399,97.0,505.41,23325211.0
1,621 - Ambulatory Care,22,000,2021,0,0,621420,259.0,3016.58,124788653.0
1,621 - Ambulatory Care,22,000,2022,0,0,621330,362.0,1834.75,62989688.0
1,621 - Ambulatory Care,31,000,2020,0,0,621210,744.0,5480.0,288258409.0
1,621 - Ambulatory Care,22,000,2023,0,0,621391,53.0,229.75,11640322.0
1,621 - Ambulatory Care,33,000,2019,0,0,621399,98.0,525.58,26266049.0
1,621 - Ambulatory Care,22,000,2023,0,0,621610,720.0,19690.83,819519728.0
1,621 - Ambulatory Care,33,000,2018,0,0,621391,21.0,97.83,6498970.0
1,621 - Ambulatory Care,01,000,2019,0,0,621111,3161.0,42243.08,3496481554.0
1,621 - Ambulatory Care,44,000,2019,0,0,621610,158.0,4881.16,183900783.0
1,621 - Ambulatory Care,01,000,2022,0,0,621610,518.0,11652.41,654151918.0
1,621 - Ambulatory Care,18,000,2023,0,0,621310,664.0,2857.41,116523461.0
1,621 - Ambulatory Care,55,000,2018,0,0,621340,615.0,6912.83,290225661.0
1,621 - Ambulatory Care,12,000,2021,0,0,621999,845.0,6637.41,526761730.0
1,621 - Ambulatory Care,51,000,2018,0,1,621491,22.0,0.0,0.0
1,621 - Ambulatory Care,51,000,2020,0,1,621491,28.0,0.0,0.0
1,621 - Ambulatory Care,38,000,2020,0,0,621511,21.0,177.08,11774623.0
1,621 - Ambulatory Care,49,000,2020,0,0,621399,350.0,1202.08,45507194.0
1,621 - Ambulatory Care,49,000,2021,0,0,621399,404.0,1397.16,56831946.0
1,621 - Ambulatory Care,56,000,2022,0,0,621493,27.0,498.0,28632481.0
1,621 - Ambulatory Care,12,000,2021,0,0,621410,173.0,1350.25,64579494.0
1,621 - Ambulatory Care,49,000,2022,0,0,621498,111.0,2875.5,187890073.0
1,621 - Ambulatory Care,56,000,2020,0,0,621512,16.0,191.16,23630879.0
1,621 - Ambulatory Care,09,000,2018,0,0,621320,237.0,1620.75,74914393.0
1,621 - Ambulatory Care,32,000,2018,0,0,621310,291.0,1230.91,48710581.0
1,621 - Ambulatory Care,09,000,2019,0,0,621399,263.0,1087.66,40960961.0
1,621 - Ambulatory Care,35,000,2021,0,0,621910,66.0,1289.75,78170650.0
1,621 - Ambulatory Care,35,000,2022,0,0,621512,53.0,635.66,61433153.0
1,621 - Ambulatory Care,55,000,2020,0,1,621111,1914.0,51294.41,5592100955.0
1,621 - Ambulatory Care,13,000,2019,0,0,621512,169.0,1362.5,93980738.0
1,621 - Ambulatory Care,55,000,2021,0,0,621491,36.0,6321.08,658837897.0
1,621 - Ambulatory Care,35,000,2021,0,0,621340,301.0,2540.75,110631785.0
1,621 - Ambulatory Care,55,000,2024,0,0,621511,155.0,6628.16,651024382.0
1,621 - Ambulatory Care,33,000,2023,0,0,621112,55.0,377.66,34752492.0
1,621 - Ambulatory Care,47,000,2018,0,1,621420,239.0,6692.91,289407195.0
1,621 - Ambulatory Care,28,000,2023,0,0,621399,484.0,3302.0,209414945.0
1,621 - Ambulatory Care,06,000,2022,0,0,621498,1426.0,44078.08,3248727681.0
1,621 - Ambulatory Care,28,000,2024,0,0,621391,24.0,90.08,4607863.0
1,621 - Ambulatory Care,47,000,2020,0,1,621399,459.0,2703.41,145687707.0
1,621 - Ambulatory Care,47,000,2022,0,0,621391,117.0,618.58,35503360.0
1,621 - Ambulatory Care,10,000,2019,0,0,621310,126.0,490.08,18798750.0
1,621 - Ambulatory Care,13,000,2023,0,0,621391,181.0,1191.16,67829033.0
1,621 - Ambulatory Care,28,000,2020,0,0,621111,1734.0,21651.75,1823637411.0
1,621 - Ambulatory Care,19,000,2018,0,0,621340,498.0,3933.33,178364722.0
1,621 - Ambulatory Care,06,000,2021,0,0,621210,21876.0,134155.5,7656939273.0
1,621 - Ambulatory Care,06,000,2023,0,0,621511,1862.0,31431.5,3426769243.0
1,621 - Ambulatory Care,10,000,2018,0,0,621493,26.0,542.0,33311516.0
1,621 - Ambulatory Care,26,000,2023,0,0,621420,378.0,7707.16,487751359.0
1,621 - Ambulatory Care,33,000,2024,0,0,621399,230.0,763.75,56063029.0
1,621 - Ambulatory Care,26,000,2024,0,0,621391,238.0,1534.08,86602726.0
1,621 - Ambulatory Care,48,000,2022,0,0,621399,2204.0,11076.25,600112961.0
1,621 - Ambulatory Care,48,000,2023,0,0,621511,2075.0,19130.33,1500830137.0
1,621 - Ambulatory Care,50,000,2021,0,0,621320,44.0,283.33,16614465.0
1,621 - Ambulatory Care,23,000,2019,0,0,621410,24.0,164.25,7848803.0
1,621 - Ambulatory Care,50,000,2020,0,0,621340,109.0,716.16,34838678.0
1,621 - Ambulatory Care,08,000,2020,0,0,621210,2925.0,18677.58,1025336113.0
1,621 - Ambulatory Care,42,000,2022,0,0,621310,1684.0,6088.75,231037033.0
1,621 - Ambulatory Care,48,000,2022,0,0,621910,658.0,16012.75,951528189.0
1,621 - Ambulatory Care,53,000,2023,0,0,621310,1107.0,4986.83,196842339.0
1,621 - Ambulatory Care,02,000,2019,0,0,621391,8.0,51.75,3146889.0
1,621 - Ambulatory Care,02,000,2020,0,0,621610,78.0,2066.5,51001450.0
1,621 - Ambulatory Care,18,000,2021,0,1,621111,2577.0,56489.83,5932497943.0
1,621 - Ambulatory Care,47,000,2024,0,0,621910,164.0,3678.41,232914066.0
1,621 - Ambulatory Care,25,000,2021,0,0,621498,178.0,6910.58,503678509.0
1,621 - Ambulatory Care,25,000,2023,0,0,621999,222.0,2786.16,265450213.0
1,621 - Ambulatory Care,25,000,2024,0,0,621320,308.0,2058.75,136533652.0
1,621 - Ambulatory Care,27,000,2024,0,0,621399,348.0,1568.75,87731132.0
1,621 - Ambulatory Care,29,000,2018,0,0,621310,858.0,2592.83,81331532.0
1,621 - Ambulatory Care,51,000,2024,0,1,621491,40.0,0.0,0.0
1,621 - Ambulatory Care,11,000,2023,0,0,621399,84.0,324.41,23778649.0
1,621 - Ambulatory Care,54,000,2018,0,0,621340,278.0,2637.5,114213341.0
1,621 - Ambulatory Care,0 ,000,2023,0,0,621391,6735.0,33521.08,1946386887.0
1,621 - Ambulatory Care,0 ,000,2022,0,1,621340,46592.0,442593.16,21812572580.0
1,621 - Ambulatory Care,11,000,2019,0,0,621610,60.0,7367.08,208486016.0
1,621 - Ambulatory Care,11,000,2024,0,0,621391,12.0,27.08,1709251.0
1,621 - Ambulatory Care,23,000,2023,0,0,621399,220.0,730.5,41358509.0
1,621 - Ambulatory Care,53,000,2024,0,0,621112,152.0,1267.75,93903105.0
1,621 - Ambulatory Care,22,000,2020,0,1,621112,177.0,912.91,43127049.0
1,621 - Ambulatory Care,30,000,2022,0,0,621512,28.0,115.66,13737813.0
1,621 - Ambulatory Care,36,000,2020,0,1,621399,1408.0,3823.58,189121864.0
1,621 - Ambulatory Care,53,000,2020,0,1,621491,74.0,0.0,0.0
1,621 - Ambulatory Care,30,000,2019,0,0,621999,50.0,214.66,10448358.0
1,621 - Ambulatory Care,30,000,2020,0,0,621420,89.0,942.91,36579321.0
1,621 - Ambulatory Care,30,000,2018,0,0,621112,44.0,208.91,10606780.0
1,621 - Ambulatory Care,17,000,2024,0,1,621340,1498.0,21260.91,1134412821.0
1,621 - Ambulatory Care,11,000,2022,0,0,621310,25.0,67.08,3842416.0
1,621 - Ambulatory Care,11,000,2024,0,0,621420,62.0,1567.83,96824670.0
1,621 - Ambulatory Care,72,000,2023,0,0,621320,110.0,470.16,14202256.0
1,621 - Ambulatory Care,21,000,2020,0,0,621391,58.0,345.66,18118724.0
1,621 - Ambulatory Care,39,000,2018,0,1,621420,547.0,14405.91,576577399.0
1,621 - Ambulatory Care,0 ,000,2024,0,0,621320,21438.0,153287.16,8266749947.0
1,621 - Ambulatory Care,11,000,2018,0,0,621111,374.0,4237.0,581720014.0
1,621 - Ambulatory Care,11,000,2023,0,0,621610,84.0,4430.66,210891781.0
1,621 - Ambulatory Care,0 ,000,2021,0,0,621410,2337.0,25699.0,1501450970.0
1,621 - Ambulatory Care,0 ,000,2022,0,0,621512,7166.0,82827.25,6488842011.0
1,621 - Ambulatory Care,39,000,2018,0,1,621511,644.0,4678.25,268687608.0
1,621 - Ambulatory Care,0 ,000,2022,0,1,621492,8094.0,130675.5,8961467820.0
1,621 - Ambulatory Care,11,000,2019,0,1,621999,34.0,0.0,0.0
1,621 - Ambulatory Care,12,000,2024,0,0,621498,1073.0,19078.16,1340636591.0
1,621 - Ambulatory Care,27,000,2023,0,0,621999,256.0,1880.66,166913105.0
1,621 - Ambulatory Care,38,000,2024,0,0,621492,8.0,72.33,4827135.0
1,621 - Ambulatory Care,41,000,2020,0,0,621512,57.0,587.0,37553868.0
1,621 - Ambulatory Care,41,000,2021,0,1,621210,1870.0,15599.91,931861795.0
1,621 - Ambulatory Care,41,000,2019,0,0,621310,737.0,3428.33,116670333.0
1,621 - Ambulatory Care,41,000,2018,0,0,621111,2180.0,34453.33,2966766422.0
1,621 - Ambulatory Care,09,000,2021,0,0,621391,116.0,447.16,27016380.0
1,621 - Ambulatory Care,36,000,2024,0,0,621320,891.0,4925.75,267030569.0
1,621 - Ambulatory Care,39,000,2024,0,0,621340,1433.0,15974.58,768443363.0
1,621 - Ambulatory Care,0 ,000,2018,0,1,621511,15240.0,200446.58,12905999636.0
1,621 - Ambulatory Care,09,000,2022,0,0,621493,134.0,3257.16,252197785.0
1,621 - Ambulatory Care,27,000,2019,0,0,621410,47.0,377.91,15582767.0
1,621 - Ambulatory Care,41,000,2019,0,0,621111,2217.0,35159.91,3139815419.0
1,621 - Ambulatory Care,37,000,2024,0,0,621492,289.0,4519.33,299538904.0
1,621 - Ambulatory Care,32,000,2022,0,0,621493,100.0,2884.0,175608395.0
1,621 - Ambulatory Care,32,000,2023,0,0,621493,110.0,3599.0,235436032.0
1,621 - Ambulatory Care,48,000,2020,0,0,621999,462.0,4108.91,281784115.0
1,621 - Ambulatory Care,35,000,2024,0,0,621410,18.0,128.83,7327120.0
1,621 - Ambulatory Care,37,000,2024,0,0,621310,1119.0,4085.91,188654841.0
1,621 - Ambulatory Care,05,000,2018,0,0,621610,265.0,6947.91,246597293.0
1,621 - Ambulatory Care,24,000,2023,0,0,621320,213.0,1980.5,120321355.0
1,621 - Ambulatory Care,20,000,2023,0,0,621610,283.0,7844.66,332374447.0
1,621 - Ambulatory Care,24,000,2023,0,0,621410,40.0,278.41,18043785.0
1,621 - Ambulatory Care,24,000,2022,0,0,621511,821.0,4173.25,319509378.0
1,621 - Ambulatory Care,46,000,2020,0,0,621511,16.0,144.91,15725762.0
1,621 - Ambulatory Care,24,000,2019,0,0,621493,187.0,3962.75,308916392.0
1,621 - Ambulatory Care,24,000,2023,0,0,621340,952.0,9091.0,479409216.0
1,621 - Ambulatory Care,46,000,2019,0,0,621210,311.0,2826.58,170072372.0
1,621 - Ambulatory Care,46,000,2024,0,1,621399,100.0,0.0,0.0
1,621 - Ambulatory Care,78,000,2024,0,1,621399,8.0,0.0,0.0
1,621 - Ambulatory Care,56,000,2024,0,1,621111,358.0,3820.66,360932631.0
1,621 - Ambulatory Care,56,000,2024,0,0,621330,136.0,463.16,21542268.0
1,621 - Ambulatory Care,16,000,2023,0,0,621399,311.0,841.41,34310654.0
1,621 - Ambulatory Care,16,000,2024,0,0,621310,383.0,1193.5,40985512.0
1,621 - Ambulatory Care,34,000,2024,0,0,621492,227.0,3693.33,291986732.0
1,621 - Ambulatory Care,20,000,2019,0,0,621511,166.0,3970.33,233278172.0
1,621 - Ambulatory Care,04,000,2021,0,0,621320,371.0,2810.66,152906300.0
1,621 - Ambulatory Care,20,000,2018,0,0,621498,74.0,2008.83,107151427.0
1,621 - Ambulatory Care,04,000,2020,0,0,621512,129.0,2525.75,202133551.0
1,621 - Ambulatory Care,44,000,2023,0,0,621511,55.0,533.83,36295581.0
1,621 - Ambulatory Care,55,000,2018,0,0,621391,65.0,349.16,24681462.0
1,621 - Ambulatory Care,12,000,2021,0,0,621391,660.0,3275.25,185491065.0
1,621 - Ambulatory Care,38,000,2019,0,0,621410,8.0,81.0,1982523.0
1,621 - Ambulatory Care,51,000,2022,0,0,621999,268.0,1859.08,149460917.0
1,621 - Ambulatory Care,15,000,2019,0,0,621391,23.0,59.58,2548874.0
1,621 - Ambulatory Care,12,000,2020,0,1,621498,731.0,14474.0,827372606.0
1,621 - Ambulatory Care,51,000,2018,0,0,621399,460.0,2263.0,106234006.0
1,621 - Ambulatory Care,51,000,2020,0,1,621420,347.0,4259.83,186408753.0
1,621 - Ambulatory Care,01,000,2018,0,0,621210,1566.0,11807.0,568827158.0
1,621 - Ambulatory Care,12,000,2020,0,0,621410,150.0,1191.58,52095299.0
1,621 - Ambulatory Care,32,000,2018,0,0,621492,59.0,1264.08,77544391.0
1,621 - Ambulatory Care,37,000,2020,0,0,621492,271.0,5019.83,308302352.0
1,621 - Ambulatory Care,09,000,2019,0,0,621391,121.0,467.91,26488639.0
1,621 - Ambulatory Care,09,000,2020,0,0,621399,284.0,964.66,42953887.0
1,621 - Ambulatory Care,32,000,2018,0,0,621330,297.0,1074.83,37780214.0
1,621 - Ambulatory Care,55,000,2024,0,1,621399,415.0,1661.5,107756736.0
1,621 - Ambulatory Care,55,000,2020,0,0,621330,363.0,3481.75,134463324.0
1,621 - Ambulatory Care,55,000,2021,0,0,621493,74.0,1633.41,104961604.0
1,621 - Ambulatory Care,10,000,2019,0,0,621511,53.0,594.83,32026832.0
1,621 - Ambulatory Care,28,000,2021,0,0,621112,63.0,668.91,44971210.0
1,621 - Ambulatory Care,34,000,2018,0,1,621610,787.0,49052.58,1529683287.0
1,621 - Ambulatory Care,10,000,2018,0,0,621310,126.0,488.0,17647670.0
1,621 - Ambulatory Care,06,000,2021,0,0,621991,152.0,4452.33,348928602.0
1,621 - Ambulatory Care,25,000,2018,0,0,621310,684.0,2217.5,87610825.0
1,621 - Ambulatory Care,28,000,2020,0,0,621610,360.0,6848.08,329664189.0
1,621 - Ambulatory Care,28,000,2020,0,0,621991,19.0,532.08,22010518.0
1,621 - Ambulatory Care,29,000,2019,0,0,621330,239.0,1123.58,42996791.0
1,621 - Ambulatory Care,02,000,2018,0,0,621111,407.0,8400.16,613090282.0
1,621 - Ambulatory Care,53,000,2024,0,0,621498,142.0,7459.08,662075733.0
1,621 - Ambulatory Care,42,000,2024,0,0,621999,404.0,6906.83,588678415.0
1,621 - Ambulatory Care,50,000,2019,0,0,621399,65.0,205.91,10463146.0
1,621 - Ambulatory Care,23,000,2019,0,0,621492,19.0,338.0,18192013.0
1,621 - Ambulatory Care,42,000,2020,0,0,621210,4641.0,30157.5,1612653283.0
1,621 - Ambulatory Care,42,000,2023,0,0,621492,355.0,4813.25,327068853.0
1,621 - Ambulatory Care,08,000,2019,0,0,621112,234.0,784.66,44405797.0
1,621 - Ambulatory Care,42,000,2019,0,0,621420,680.0,20494.08,821854728.0
1,621 - Ambulatory Care,10,000,2023,0,0,621999,62.0,214.0,14916071.0
1,621 - Ambulatory Care,15,000,2023,0,1,621491,29.0,0.0,0.0
1,621 - Ambulatory Care,29,000,2022,0,0,621610,751.0,17930.41,694329196.0
1,621 - Ambulatory Care,40,000,2022,0,1,621330,289.0,902.25,37808977.0
1,621 - Ambulatory Care,10,000,2023,0,0,621399,94.0,359.41,18663375.0
1,621 - Ambulatory Care,19,000,2021,0,1,621910,62.0,941.25,36132943.0
1,621 - Ambulatory Care,29,000,2023,0,0,621491,12.0,49.08,4510674.0
1,621 - Ambulatory Care,10,000,2021,0,0,621391,24.0,165.75,10566584.0
1,621 - Ambulatory Care,15,000,2019,0,0,621498,64.0,2262.66,156570040.0
1,621 - Ambulatory Care,15,000,2021,0,0,621330,220.0,875.25,41345146.0
1,621 - Ambulatory Care,19,000,2020,0,0,621512,41.0,254.5,17013102.0
1,621 - Ambulatory Care,28,000,2019,0,0,621999,76.0,221.16,12005733.0
1,621 - Ambulatory Care,0 ,000,2023,0,1,621498,11538.0,253469.08,19915702823.0
1,621 - Ambulatory Care,11,000,2023,0,0,621512,12.0,118.5,11444544.0
1,621 - Ambulatory Care,72,000,2021,0,1,621493,38.0,42.75,3847381.0
1,621 - Ambulatory Care,0 ,000,2019,0,0,621610,38475.0,1518629.83,49727995382.0
1,621 - Ambulatory Care,11,000,2023,0,0,621330,117.0,218.83,17220698.0
1,621 - Ambulatory Care,54,000,2023,0,0,621498,64.0,1084.75,69715561.0
1,621 - Ambulatory Care,21,000,2021,0,0,621340,668.0,5784.58,272595938.0
1,621 - Ambulatory Care,16,000,2018,0,0,621330,93.0,1095.25,27733713.0
1,621 - Ambulatory Care,17,000,2021,0,0,621511,366.0,7251.75,467996403.0
1,621 - Ambulatory Care,24,000,2018,0,0,621112,334.0,1905.58,136744217.0
1,621 - Ambulatory Care,0 ,000,2021,0,0,621498,9959.0,235693.83,16861488011.0
1,621 - Ambulatory Care,11,000,2019,0,1,621310,23.0,2.25,181784.0
1,621 - Ambulatory Care,11,000,2021,0,0,621511,36.0,224.0,15964870.0
1,621 - Ambulatory Care,11,000,2024,0,0,621340,102.0,511.16,37446068.0
1,621 - Ambulatory Care,01,000,2019,0,1,621910,125.0,3540.5,139618841.0
1,621 - Ambulatory Care,05,000,2022,0,0,621610,420.0,6531.16,278566050.0
1,621 - Ambulatory Care,12,000,2020,0,0,621491,160.0,6953.66,442520792.0
1,621 - Ambulatory Care,49,000,2019,0,0,621399,315.0,1144.75,45146095.0
1,621 - Ambulatory Care,56,000,2020,0,0,621210,241.0,1760.41,81061385.0
1,621 - Ambulatory Care,49,000,2019,0,0,621320,209.0,1143.91,38347336.0
1,621 - Ambulatory Care,56,000,2023,0,1,621111,357.0,3710.58,340701014.0
1,621 - Ambulatory Care,51,000,2022,0,0,621340,1250.0,10254.08,506456819.0
1,621 - Ambulatory Care,35,000,2019,0,0,621340,301.0,2732.25,114811185.0
1,621 - Ambulatory Care,37,000,2020,0,0,621391,113.0,793.83,41079440.0
1,621 - Ambulatory Care,13,000,2018,0,0,621610,1143.0,26496.16,906040313.0
1,621 - Ambulatory Care,55,000,2024,0,0,621498,146.0,3309.58,230769344.0
1,621 - Ambulatory Care,35,000,2021,0,1,621498,154.0,2707.33,168877823.0
1,621 - Ambulatory Care,09,000,2019,0,0,621111,2641.0,35192.25,3711221098.0
1,621 - Ambulatory Care,37,000,2020,0,0,621910,167.0,3583.66,146242942.0
1,621 - Ambulatory Care,26,000,2022,0,0,621399,492.0,1775.33,98867343.0
1,621 - Ambulatory Care,28,000,2024,0,0,621112,114.0,476.0,30877848.0
1,621 - Ambulatory Care,34,000,2018,0,0,621340,1428.0,14212.16,708751469.0
1,621 - Ambulatory Care,47,000,2020,0,1,621491,4.0,0.0,0.0
1,621 - Ambulatory Care,13,000,2021,0,1,621210,3733.0,29213.25,1727919770.0
1,621 - Ambulatory Care,13,000,2024,0,0,621991,75.0,2830.41,160473913.0
1,621 - Ambulatory Care,28,000,2022,0,0,621111,1793.0,22491.58,2019338482.0
1,621 - Ambulatory Care,06,000,2023,0,0,621493,939.0,19482.25,1493709446.0
1,621 - Ambulatory Care,13,000,2022,0,0,621420,629.0,9123.25,413156736.0
1,621 - Ambulatory Care,13,000,2023,0,0,621492,422.0,6038.66,395221320.0
1,621 - Ambulatory Care,28,000,2023,0,0,621112,106.0,459.83,29461992.0
1,621 - Ambulatory Care,34,000,2020,0,0,621210,4515.0,26896.58,1411421874.0
1,621 - Ambulatory Care,34,000,2020,0,0,621498,337.0,5989.75,456047766.0
1,621 - Ambulatory Care,19,000,2018,0,1,621420,150.0,2205.33,89477441.0
1,621 - Ambulatory Care,34,000,2020,0,1,621999,189.0,1688.91,142226772.0
1,621 - Ambulatory Care,34,000,2018,0,0,621320,569.0,3468.08,157895096.0
1,621 - Ambulatory Care,47,000,2021,0,0,621511,280.0,6658.0,452070024.0
1,621 - Ambulatory Care,25,000,2023,0,0,621320,314.0,2055.75,132442192.0
1,621 - Ambulatory Care,29,000,2019,0,0,621320,356.0,2547.5,105039155.0
1,621 - Ambulatory Care,50,000,2023,0,0,621420,77.0,3398.33,177420359.0
1,621 - Ambulatory Care,08,000,2023,0,0,621910,86.0,2981.75,229061735.0
1,621 - Ambulatory Care,48,000,2023,0,0,621320,1983.0,15123.25,744101726.0
1,621 - Ambulatory Care,08,000,2018,0,0,621399,1358.0,11905.66,405831864.0
1,621 - Ambulatory Care,08,000,2019,0,1,621910,79.0,2246.75,104255071.0
1,621 - Ambulatory Care,23,000,2018,0,0,621498,34.0,835.83,57130702.0
1,621 - Ambulatory Care,48,000,2022,0,1,621420,549.0,6725.25,369859666.0
1,621 - Ambulatory Care,23,000,2019,0,0,621610,112.0,4388.16,174023415.0
1,621 - Ambulatory Care,49,000,2018,0,0,621491,10.0,95.16,18061228.0
1,621 - Ambulatory Care,10,000,2024,0,0,621111,643.0,7172.83,736119966.0
1,621 - Ambulatory Care,10,000,2024,0,0,621410,14.0,134.58,10969277.0
1,621 - Ambulatory Care,29,000,2022,0,0,621391,79.0,492.08,27815907.0
1,621 - Ambulatory Care,10,000,2022,0,0,621493,29.0,448.0,34469546.0
1,621 - Ambulatory Care,15,000,2020,0,0,621210,680.0,4055.58,216278103.0
1,621 - Ambulatory Care,15,000,2020,0,0,621610,109.0,4083.75,152019176.0
1,621 - Ambulatory Care,29,000,2023,0,0,621492,153.0,1708.08,109808091.0
1,621 - Ambulatory Care,10,000,2021,0,1,621420,23.0,548.08,25551704.0
1,621 - Ambulatory Care,29,000,2022,0,0,621112,202.0,1104.25,75720191.0
1,621 - Ambulatory Care,41,000,2024,0,1,621399,788.0,3649.83,209780907.0
1,621 - Ambulatory Care,53,000,2023,0,0,621991,38.0,2157.66,161815887.0
1,621 - Ambulatory Care,18,000,2021,0,0,621399,340.0,1006.58,59683805.0
1,621 - Ambulatory Care,47,000,2024,0,0,621991,90.0,2412.5,139501196.0
1,621 - Ambulatory Care,53,000,2024,0,0,621111,2985.0,58846.08,6971643264.0
1,621 - Ambulatory Care,04,000,2024,0,1,621610,829.0,31880.08,1352954762.0
1,621 - Ambulatory Care,11,000,2022,0,0,621610,65.0,4603.0,188043381.0
1,621 - Ambulatory Care,72,000,2020,0,0,621399,33.0,131.25,4031696.0
1,621 - Ambulatory Care,21,000,2019,0,1,621512,68.0,585.16,42570201.0
1,621 - Ambulatory Care,39,000,2020,0,1,621511,663.0,4988.66,298896273.0
1,621 - Ambulatory Care,0 ,000,2020,0,1,621512,6402.0,74092.0,5355551852.0
1,621 - Ambulatory Care,39,000,2021,0,0,621320,847.0,5917.75,269679319.0
1,621 - Ambulatory Care,17,000,2022,0,0,621493,123.0,2608.83,194244862.0
1,621 - Ambulatory Care,17,000,2023,0,1,621610,1284.0,50711.41,1966193195.0
1,621 - Ambulatory Care,72,000,2024,0,0,621910,146.0,1780.33,42635715.0
1,621 - Ambulatory Care,72,000,2023,0,1,621492,37.0,0.0,0.0
1,621 - Ambulatory Care,21,000,2018,0,0,621493,77.0,2552.0,271638986.0
1,621 - Ambulatory Care,21,000,2019,0,0,621111,2724.0,38169.5,3330363385.0
1,621 - Ambulatory Care,72,000,2021,0,0,621399,35.0,157.41,4563661.0
1,621 - Ambulatory Care,09,000,2022,0,0,621420,197.0,6118.16,393419829.0
1,621 - Ambulatory Care,09,000,2024,0,1,621491,2.0,0.0,0.0
1,621 - Ambulatory Care,27,000,2023,0,0,621420,198.0,5000.0,298753416.0
1,621 - Ambulatory Care,39,000,2022,0,0,621340,1223.0,14603.5,681594647.0
1,621 - Ambulatory Care,27,000,2019,0,0,621112,89.0,1320.5,94751200.0
1,621 - Ambulatory Care,36,000,2022,0,0,621112,675.0,2917.83,281905584.0
1,621 - Ambulatory Care,38,000,2022,0,0,621610,59.0,1119.66,52381193.0
1,621 - Ambulatory Care,12,000,2023,0,0,621491,198.0,5980.66,458378343.0
1,621 - Ambulatory Care,19,000,2022,0,0,621999,103.0,578.0,60246802.0
1,621 - Ambulatory Care,40,000,2021,0,0,621310,470.0,1580.41,55018051.0
1,621 - Ambulatory Care,15,000,2020,0,0,621410,5.0,48.16,3293281.0
1,621 - Ambulatory Care,28,000,2018,0,1,621399,328.0,1342.5,66116490.0
1,621 - Ambulatory Care,10,000,2022,0,0,621399,83.0,338.25,16484712.0
1,621 - Ambulatory Care,29,000,2022,0,0,621492,152.0,1814.16,111622101.0
1,621 - Ambulatory Care,40,000,2023,0,1,621399,675.0,2485.33,172611942.0
1,621 - Ambulatory Care,40,000,2024,0,0,621991,46.0,1662.83,96966272.0
1,621 - Ambulatory Care,35,000,2024,0,0,621340,330.0,3127.08,151787351.0
1,621 - Ambulatory Care,06,000,2020,0,1,621410,361.0,5835.41,315007507.0
1,621 - Ambulatory Care,06,000,2020,0,0,621491,1663.0,126557.08,16382511839.0
1,621 - Ambulatory Care,37,000,2022,0,0,621340,1501.0,12396.33,592993496.0
1,621 - Ambulatory Care,05,000,2018,0,0,621492,74.0,1053.41,50651002.0
1,621 - Ambulatory Care,20,000,2023,0,0,621340,367.0,4263.33,190324884.0
1,621 - Ambulatory Care,20,000,2021,0,0,621498,89.0,2314.91,144612003.0
1,621 - Ambulatory Care,24,000,2022,0,0,621112,334.0,2002.25,160986332.0
1,621 - Ambulatory Care,02,000,2023,0,0,621210,277.0,2444.25,137258860.0
1,621 - Ambulatory Care,16,000,2022,0,0,621330,198.0,1548.66,59141649.0
1,621 - Ambulatory Care,16,000,2021,0,1,621399,186.0,557.75,17834287.0
1,621 - Ambulatory Care,34,000,2024,0,0,621491,34.0,543.08,59219899.0
1,621 - Ambulatory Care,78,000,2023,0,1,621512,2.0,0.0,0.0
1,621 - Ambulatory Care,02,000,2022,0,0,621111,341.0,8177.5,740092390.0
1,621 - Ambulatory Care,01,000,2019,0,0,621991,42.0,1214.83,50922512.0
1,621 - Ambulatory Care,01,000,2020,0,0,621991,42.0,1285.58,55418581.0
1,621 - Ambulatory Care,04,000,2021,0,0,621330,703.0,3300.08,151155083.0
1,621 - Ambulatory Care,18,000,2024,0,0,621511,314.0,5364.58,441600925.0
1,621 - Ambulatory Care,44,000,2019,0,1,621991,11.0,0.0,0.0
1,621 - Ambulatory Care,20,000,2018,0,0,621210,991.0,8216.0,429405201.0
1,621 - Ambulatory Care,44,000,2024,0,0,621491,16.0,68.0,8177012.0
1,621 - Ambulatory Care,22,000,2021,0,1,621910,95.0,3779.5,231663217.0
1,621 - Ambulatory Care,31,000,2020,0,1,621610,168.0,3709.83,149323362.0
1,621 - Ambulatory Care,22,000,2023,0,1,621111,3595.0,42259.16,3683468499.0
1,621 - Ambulatory Care,26,000,2020,0,1,621310,1203.0,4267.41,144418442.0
1,621 - Ambulatory Care,21,000,2024,0,0,621610,469.0,8872.25,533800981.0
1,621 - Ambulatory Care,36,000,2019,0,0,621999,208.0,2275.66,164966041.0
1,621 - Ambulatory Care,53,000,2020,0,0,621420,316.0,10122.08,549947506.0
1,621 - Ambulatory Care,30,000,2021,0,1,621498,41.0,406.5,24694142.0
1,621 - Ambulatory Care,30,000,2023,0,0,621310,242.0,757.25,29610811.0
1,621 - Ambulatory Care,36,000,2018,0,0,621391,947.0,3415.25,141940691.0
1,621 - Ambulatory Care,31,000,2024,0,0,621498,180.0,6949.58,707655097.0
1,621 - Ambulatory Care,55,000,2018,0,1,621111,1925.0,49215.91,5344603771.0
1,621 - Ambulatory Care,55,000,2018,0,0,621492,104.0,1561.33,80743753.0
1,621 - Ambulatory Care,55,000,2018,0,0,621493,93.0,1993.08,105276955.0
1,621 - Ambulatory Care,55,000,2018,0,1,621610,341.0,13619.41,477480614.0
1,621 - Ambulatory Care,38,000,2018,0,0,621210,271.0,2319.25,152992586.0
1,621 - Ambulatory Care,38,000,2018,0,0,621492,8.0,164.16,7487581.0
1,621 - Ambulatory Care,38,000,2019,0,0,621330,35.0,153.0,9661570.0
1,621 - Ambulatory Care,04,000,2023,0,0,621512,155.0,2949.41,275388019.0
1,621 - Ambulatory Care,17,000,2024,0,0,621310,1741.0,6646.5,280344998.0
1,621 - Ambulatory Care,54,000,2018,0,0,621910,97.0,2757.91,99700204.0
1,621 - Ambulatory Care,54,000,2022,0,0,621999,102.0,632.66,33106982.0
1,621 - Ambulatory Care,72,000,2024,0,0,621112,104.0,271.58,9302935.0
1,621 - Ambulatory Care,41,000,2019,0,1,621410,34.0,388.16,18741955.0
1,621 - Ambulatory Care,36,000,2024,0,0,621111,14073.0,172510.5,19804444159.0
1,621 - Ambulatory Care,21,000,2022,0,0,621320,319.0,2464.91,131794369.0
1,621 - Ambulatory Care,30,000,2023,0,0,621610,144.0,3239.5,145874945.0
1,621 - Ambulatory Care,36,000,2018,0,0,621310,1924.0,5357.5,191684376.0
1,621 - Ambulatory Care,21,000,2022,0,1,621492,102.0,0.0,0.0
1,621 - Ambulatory Care,40,000,2018,0,0,621512,91.0,570.08,38513924.0
1,621 - Ambulatory Care,40,000,2020,0,0,621210,1375.0,9971.66,522957917.0
1,621 - Ambulatory Care,21,000,2023,0,0,621420,473.0,7125.5,345970587.0
1,621 - Ambulatory Care,30,000,2018,0,1,621910,42.0,632.83,28056452.0
1,621 - Ambulatory Care,36,000,2020,0,0,621493,463.0,8537.66,599728300.0
1,621 - Ambulatory Care,22,000,2019,0,1,621910,84.0,3553.0,202941110.0
1,621 - Ambulatory Care,06,000,2018,0,0,621399,2367.0,10360.66,532422528.0
1,621 - Ambulatory Care,06,000,2018,0,0,621492,721.0,17799.91,1129589002.0
1,621 - Ambulatory Care,37,000,2021,0,0,621492,278.0,5045.25,304528953.0
1,621 - Ambulatory Care,37,000,2022,0,0,621320,669.0,5769.58,315132436.0
1,621 - Ambulatory Care,37,000,2022,0,0,621492,280.0,5079.25,330936110.0
1,621 - Ambulatory Care,20,000,2020,0,0,621399,152.0,798.25,41651065.0
1,621 - Ambulatory Care,24,000,2019,0,0,621492,206.0,3092.33,173760954.0
1,621 - Ambulatory Care,45,000,2019,0,0,621111,2418.0,45042.75,4107770079.0
1,621 - Ambulatory Care,20,000,2024,0,0,621493,57.0,1258.25,80008332.0
1,621 - Ambulatory Care,24,000,2019,0,0,621310,425.0,1688.5,73667869.0
1,621 - Ambulatory Care,20,000,2024,0,0,621340,380.0,4390.5,200740743.0
1,621 - Ambulatory Care,24,000,2019,0,0,621511,696.0,3678.08,227005777.0
1,621 - Ambulatory Care,24,000,2024,0,0,621330,630.0,4010.5,238109293.0
1,621 - Ambulatory Care,05,000,2019,0,0,621112,77.0,223.66,15947405.0
1,621 - Ambulatory Care,24,000,2021,0,0,621512,179.0,2535.91,200141671.0
1,621 - Ambulatory Care,02,000,2022,0,0,621112,16.0,74.91,5491960.0
1,621 - Ambulatory Care,16,000,2022,0,0,621493,72.0,3118.0,165079292.0
1,621 - Ambulatory Care,56,000,2024,0,0,621112,20.0,27.41,2181607.0
1,621 - Ambulatory Care,02,000,2023,0,0,621112,16.0,70.41,5326390.0
1,621 - Ambulatory Care,46,000,2024,0,1,621492,11.0,0.0,0.0
1,621 - Ambulatory Care,33,000,2019,0,0,621391,22.0,99.5,6816843.0
1,621 - Ambulatory Care,33,000,2020,0,0,621410,13.0,119.75,4423526.0
1,621 - Ambulatory Care,33,000,2019,0,0,621512,17.0,167.0,13144631.0
1,621 - Ambulatory Care,26,000,2018,0,0,621498,146.0,3794.0,201740028.0
1,621 - Ambulatory Care,26,000,2019,0,0,621511,204.0,2047.91,118700306.0
1,621 - Ambulatory Care,01,000,2022,0,0,621112,154.0,739.0,61095734.0
1,621 - Ambulatory Care,18,000,2023,0,1,621491,18.0,0.0,0.0
1,621 - Ambulatory Care,18,000,2024,0,0,621910,93.0,2603.66,142107413.0
1,621 - Ambulatory Care,05,000,2022,0,0,621491,5.0,17.0,1068656.0
1,621 - Ambulatory Care,05,000,2022,0,0,621492,76.0,1044.16,61079100.0
1,621 - Ambulatory Care,42,000,2018,0,0,621112,344.0,2671.0,164644489.0
1,621 - Ambulatory Care,01,000,2018,0,0,621111,3205.0,41323.41,3346106526.0
1,621 - Ambulatory Care,12,000,2018,0,0,621511,1156.0,14191.5,884777199.0
1,621 - Ambulatory Care,12,000,2019,0,1,621498,649.0,14298.83,778061932.0
1,621 - Ambulatory Care,15,000,2019,0,0,621210,671.0,4494.91,236636991.0
1,621 - Ambulatory Care,49,000,2023,0,0,621492,45.0,593.08,40313334.0
1,621 - Ambulatory Care,15,000,2018,0,0,621991,4.0,154.0,8458658.0
1,621 - Ambulatory Care,38,000,2018,0,1,621420,21.0,0.0,0.0
1,621 - Ambulatory Care,37,000,2019,0,0,621410,48.0,263.5,10801773.0
1,621 - Ambulatory Care,55,000,2024,0,1,621330,702.0,5377.75,252759134.0
1,621 - Ambulatory Care,13,000,2018,0,0,621340,918.0,9217.33,432143535.0
1,621 - Ambulatory Care,09,000,2018,0,0,621991,13.0,375.0,23332608.0
1,621 - Ambulatory Care,35,000,2020,0,0,621310,195.0,656.16,22332094.0
1,621 - Ambulatory Care,55,000,2023,0,0,621210,1824.0,18603.66,1316830414.0
1,621 - Ambulatory Care,09,000,2018,0,0,621492,55.0,1187.91,77006007.0
1,621 - Ambulatory Care,06,000,2022,0,0,621111,32444.0,251558.33,27092882032.0
1,621 - Ambulatory Care,0 ,000,2024,0,1,621310,39389.0,146195.66,6311420659.0
1,621 - Ambulatory Care,72,000,2023,0,0,621991,14.0,183.75,8863721.0
1,621 - Ambulatory Care,17,000,2023,0,0,621512,160.0,1837.41,137440267.0
1,621 - Ambulatory Care,0 ,000,2022,0,1,621991,2278.0,84313.08,4877635212.0
1,621 - Ambulatory Care,30,000,2022,0,0,621399,215.0,720.66,37131914.0
1,621 - Ambulatory Care,53,000,2020,0,0,621320,453.0,3004.0,111281539.0
1,621 - Ambulatory Care,53,000,2021,0,0,621112,134.0,815.25,43755262.0
1,621 - Ambulatory Care,53,000,2021,0,0,621492,115.0,3459.91,247468488.0
1,621 - Ambulatory Care,30,000,2021,0,0,621410,14.0,100.91,4822931.0
1,621 - Ambulatory Care,30,000,2020,0,0,621112,53.0,195.58,11827993.0
1,621 - Ambulatory Care,36,000,2021,0,1,621399,1367.0,4395.5,263689972.0
1,621 - Ambulatory Care,53,000,2018,0,0,621111,2576.0,54066.0,5010338623.0
1,621 - Ambulatory Care,21,000,2022,0,1,621511,353.0,3382.16,211460772.0
1,621 - Ambulatory Care,22,000,2019,0,1,621399,411.0,1301.58,72382028.0
1,621 - Ambulatory Care,40,000,2019,0,0,621491,13.0,68.83,4496822.0
1,621 - Ambulatory Care,0 ,000,2018,0,0,621910,5814.0,189807.5,7737885744.0
1,621 - Ambulatory Care,09,000,2022,0,0,621210,1584.0,11879.83,765735869.0
1,621 - Ambulatory Care,39,000,2024,0,0,621391,270.0,1331.5,67797591.0
1,621 - Ambulatory Care,09,000,2024,0,0,621991,16.0,395.0,31071399.0
1,621 - Ambulatory Care,38,000,2021,0,0,621310,225.0,748.58,32591789.0
1,621 - Ambulatory Care,41,000,2018,0,1,621410,35.0,388.75,17412992.0
1,621 - Ambulatory Care,41,000,2020,0,0,621310,735.0,3161.75,113313826.0
1,621 - Ambulatory Care,48,000,2020,0,0,621492,941.0,13878.91,940826377.0
1,621 - Ambulatory Care,32,000,2023,0,0,621991,35.0,1322.33,77842357.0
1,621 - Ambulatory Care,20,000,2022,0,0,621610,278.0,8096.0,340755292.0
1,621 - Ambulatory Care,20,000,2023,0,0,621111,1340.0,21083.0,2429936031.0
1,621 - Ambulatory Care,05,000,2019,0,0,621493,74.0,1154.33,53402909.0
1,621 - Ambulatory Care,45,000,2019,0,0,621492,178.0,2615.75,133831147.0
1,621 - Ambulatory Care,46,000,2018,0,0,621910,39.0,581.91,17841158.0
1,621 - Ambulatory Care,24,000,2020,0,0,621999,170.0,3157.5,259529524.0
1,621 - Ambulatory Care,05,000,2019,0,0,621210,969.0,7501.58,382251470.0
1,621 - Ambulatory Care,24,000,2019,0,0,621320,223.0,1889.5,92609513.0
1,621 - Ambulatory Care,46,000,2022,0,0,621420,42.0,619.83,31586348.0
1,621 - Ambulatory Care,16,000,2023,0,0,621410,28.0,94.08,4604674.0
1,621 - Ambulatory Care,16,000,2023,0,0,621420,161.0,1649.75,71170917.0
1,621 - Ambulatory Care,02,000,2021,0,0,621498,47.0,2831.91,213539859.0
1,621 - Ambulatory Care,34,000,2022,0,0,621410,68.0,1036.91,94580969.0
1,621 - Ambulatory Care,56,000,2024,0,0,621310,98.0,369.66,13680998.0
1,621 - Ambulatory Care,02,000,2021,0,0,621330,43.0,485.0,25836128.0
1,621 - Ambulatory Care,02,000,2023,0,1,621491,1.0,0.0,0.0
1,621 - Ambulatory Care,16,000,2021,0,0,621320,196.0,1249.75,45072577.0
1,621 - Ambulatory Care,78,000,2021,0,1,621498,1.0,0.0,0.0
1,621 - Ambulatory Care,22,000,2021,0,1,621112,185.0,856.0,40583405.0
1,621 - Ambulatory Care,22,000,2022,0,0,621491,11.0,283.25,23970158.0
1,621 - Ambulatory Care,22,000,2023,0,0,621991,56.0,1311.16,68034284.0
1,621 - Ambulatory Care,33,000,2020,0,0,621340,196.0,1581.66,82212912.0
1,621 - Ambulatory Care,26,000,2021,0,0,621340,821.0,13233.16,604073563.0
1,621 - Ambulatory Care,33,000,2020,0,0,621610,121.0,3934.91,201082427.0
1,621 - Ambulatory Care,22,000,2021,0,1,621399,508.0,1332.08,76818671.0
1,621 - Ambulatory Care,26,000,2021,0,0,621410,43.0,860.91,48633466.0
1,621 - Ambulatory Care,31,000,2021,0,0,621320,162.0,1199.5,53671763.0
1,621 - Ambulatory Care,26,000,2021,0,0,621910,118.0,5974.83,268946015.0
1,621 - Ambulatory Care,31,000,2021,0,0,621310,442.0,1461.58,51970130.0
1,621 - Ambulatory Care,33,000,2018,0,0,621610,100.0,3972.66,173304266.0
1,621 - Ambulatory Care,01,000,2020,0,0,621410,18.0,97.75,4433827.0
1,621 - Ambulatory Care,04,000,2019,0,0,621420,238.0,8322.16,406424880.0
1,621 - Ambulatory Care,04,000,2018,0,0,621511,215.0,5936.58,348823045.0
1,621 - Ambulatory Care,01,000,2020,0,0,621492,210.0,2480.33,148200491.0
1,621 - Ambulatory Care,44,000,2020,0,0,621491,8.0,140.0,8011630.0
1,621 - Ambulatory Care,44,000,2022,0,0,621340,187.0,1892.25,90785381.0
1,621 - Ambulatory Care,20,000,2018,0,0,621493,52.0,1154.83,68371697.0
1,621 - Ambulatory Care,31,000,2022,0,0,621610,233.0,5118.16,208228201.0
1,621 - Ambulatory Care,51,000,2022,0,0,621512,118.0,1474.66,97082951.0
1,621 - Ambulatory Care,35,000,2022,0,0,621391,26.0,245.0,12934025.0
1,621 - Ambulatory Care,37,000,2019,0,0,621498,171.0,2768.91,139722446.0
1,621 - Ambulatory Care,09,000,2019,0,0,621999,94.0,423.0,29642627.0
1,621 - Ambulatory Care,13,000,2018,0,0,621391,172.0,1007.66,52445667.0
1,621 - Ambulatory Care,55,000,2020,0,0,621511,80.0,4790.91,399858090.0
1,621 - Ambulatory Care,33,000,2022,0,0,621391,17.0,76.33,5067767.0
1,621 - Ambulatory Care,47,000,2021,0,0,621112,201.0,864.66,48629559.0
1,621 - Ambulatory Care,28,000,2020,0,1,621910,63.0,2128.58,101278044.0
1,621 - Ambulatory Care,28,000,2023,0,0,621492,91.0,1536.25,90993451.0
1,621 - Ambulatory Care,13,000,2021,0,1,621111,7510.0,105585.91,9565620814.0
1,621 - Ambulatory Care,13,000,2024,0,0,621310,1359.0,4616.58,196517938.0
1,621 - Ambulatory Care,33,000,2022,0,0,621492,21.0,314.08,23738763.0
1,621 - Ambulatory Care,28,000,2020,0,1,621330,135.0,694.41,25617367.0
1,621 - Ambulatory Care,27,000,2024,0,0,621320,347.0,3212.16,191221187.0
1,621 - Ambulatory Care,29,000,2018,0,0,621991,50.0,2190.83,90214119.0
1,621 - Ambulatory Care,23,000,2022,0,0,621991,7.0,151.66,7409907.0
1,621 - Ambulatory Care,23,000,2021,0,0,621340,315.0,1912.5,94180051.0
1,621 - Ambulatory Care,42,000,2022,0,0,621399,747.0,3785.5,252974230.0
1,621 - Ambulatory Care,48,000,2024,0,0,621999,661.0,7609.75,553816751.0
1,621 - Ambulatory Care,49,000,2018,0,1,621493,45.0,641.58,29302690.0
1,621 - Ambulatory Care,50,000,2018,0,1,621399,62.0,0.0,0.0
1,621 - Ambulatory Care,48,000,2021,0,0,621492,949.0,13857.41,921373704.0
1,621 - Ambulatory Care,48,000,2022,0,1,621111,22663.0,251265.25,25717411329.0
1,621 - Ambulatory Care,39,000,2022,0,0,621493,312.0,7271.75,487919165.0
1,621 - Ambulatory Care,41,000,2021,0,0,621991,31.0,887.0,42696382.0
1,621 - Ambulatory Care,41,000,2021,0,1,621910,46.0,2120.0,143398955.0
1,621 - Ambulatory Care,36,000,2024,0,1,621498,501.0,18098.66,1563616282.0
1,621 - Ambulatory Care,15,000,2024,0,0,621112,74.0,351.83,22091359.0
1,621 - Ambulatory Care,19,000,2022,0,0,621410,28.0,189.91,8171666.0
1,621 - Ambulatory Care,19,000,2023,0,0,621492,66.0,619.25,40048216.0
1,621 - Ambulatory Care,10,000,2021,0,0,621399,68.0,261.66,12296809.0
1,621 - Ambulatory Care,29,000,2022,0,0,621111,3459.0,43825.66,5050232932.0
1,621 - Ambulatory Care,29,000,2022,0,0,621493,132.0,1841.08,110698027.0
1,621 - Ambulatory Care,10,000,2022,0,0,621391,24.0,150.41,10098843.0
1,621 - Ambulatory Care,15,000,2019,0,0,621511,27.0,1604.16,94121827.0
1,621 - Ambulatory Care,19,000,2021,0,0,621512,40.0,249.0,17242877.0
1,621 - Ambulatory Care,19,000,2024,0,0,621320,331.0,2072.25,103415582.0
1,621 - Ambulatory Care,28,000,2019,0,0,621410,5.0,29.16,997781.0
1,621 - Ambulatory Care,15,000,2020,0,1,621111,1200.0,8232.41,965846033.0
1,621 - Ambulatory Care,28,000,2018,0,0,621210,893.0,6105.91,289489638.0
1,621 - Ambulatory Care,28,000,2019,0,0,621210,882.0,6198.33,296274120.0
1,621 - Ambulatory Care,29,000,2021,0,0,621493,129.0,1810.33,102548172.0
1,621 - Ambulatory Care,40,000,2024,0,1,621493,399.0,3815.83,275564822.0
1,621 - Ambulatory Care,41,000,2024,0,0,621310,726.0,3428.16,150505004.0
1,621 - Ambulatory Care,41,000,2023,0,0,621340,738.0,5068.16,266415243.0
1,621 - Ambulatory Care,23,000,2024,0,0,621410,26.0,183.75,13011649.0
1,621 - Ambulatory Care,53,000,2022,0,0,621610,405.0,11155.91,592501638.0
1,621 - Ambulatory Care,20,000,2023,0,0,621112,77.0,390.5,30968901.0
1,621 - Ambulatory Care,24,000,2023,0,0,621111,4174.0,54227.5,5770368234.0
1,621 - Ambulatory Care,24,000,2024,0,0,621991,53.0,1200.16,97544409.0
1,621 - Ambulatory Care,45,000,2022,0,0,621310,610.0,2019.16,70652748.0
1,621 - Ambulatory Care,20,000,2020,0,0,621512,58.0,405.66,34956087.0
1,621 - Ambulatory Care,24,000,2022,0,0,621498,302.0,4851.91,321363634.0
1,621 - Ambulatory Care,45,000,2019,0,1,621210,1650.0,13940.25,754348523.0
1,621 - Ambulatory Care,24,000,2023,0,0,621498,310.0,5445.75,369615486.0
1,621 - Ambulatory Care,24,000,2024,0,0,621391,173.0,835.66,63189601.0
1,621 - Ambulatory Care,24,000,2024,0,0,621492,205.0,3150.75,215669712.0
1,621 - Ambulatory Care,45,000,2021,0,0,621112,130.0,299.83,19255452.0
1,621 - Ambulatory Care,46,000,2018,0,1,621399,42.0,0.0,0.0
1,621 - Ambulatory Care,05,000,2020,0,0,621910,112.0,2470.41,126497661.0
1,621 - Ambulatory Care,24,000,2020,0,0,621399,300.0,1792.25,116186203.0
1,621 - Ambulatory Care,46,000,2019,0,0,621310,228.0,814.66,28067779.0
1,621 - Ambulatory Care,78,000,2023,0,0,621340,12.0,52.58,2729359.0
1,621 - Ambulatory Care,18,000,2022,0,0,621512,107.0,878.16,78436337.0
1,621 - Ambulatory Care,22,000,2022,0,0,621610,703.0,18963.25,729997316.0
1,621 - Ambulatory Care,26,000,2020,0,0,621340,724.0,12188.58,533934809.0
1,621 - Ambulatory Care,22,000,2022,0,1,621910,97.0,3934.75,234197858.0
1,621 - Ambulatory Care,26,000,2018,0,0,621340,677.0,13636.16,600429923.0
1,621 - Ambulatory Care,33,000,2019,0,0,621493,36.0,975.58,58014983.0
1,621 - Ambulatory Care,33,000,2021,0,0,621111,685.0,14791.83,1796261088.0
1,621 - Ambulatory Care,05,000,2024,0,0,621340,770.0,6930.58,332292164.0
1,621 - Ambulatory Care,31,000,2022,0,0,621399,184.0,559.0,28836409.0
1,621 - Ambulatory Care,55,000,2019,0,0,621330,364.0,3462.83,121325299.0
1,621 - Ambulatory Care,55,000,2019,0,0,621340,618.0,6917.91,296909896.0
1,621 - Ambulatory Care,05,000,2022,0,0,621420,152.0,2204.33,101870422.0
1,621 - Ambulatory Care,31,000,2022,0,0,621999,133.0,834.16,55371793.0
1,621 - Ambulatory Care,49,000,2020,0,0,621512,47.0,362.33,30614117.0
1,621 - Ambulatory Care,38,000,2020,0,1,621391,4.0,0.0,0.0
1,621 - Ambulatory Care,51,000,2023,0,0,621410,62.0,556.5,42407364.0
1,621 - Ambulatory Care,38,000,2020,0,1,621410,8.0,0.0,0.0
1,621 - Ambulatory Care,49,000,2020,0,1,621511,177.0,4776.0,294343726.0
1,621 - Ambulatory Care,51,000,2023,0,0,621493,214.0,5777.25,420732076.0
1,621 - Ambulatory Care,49,000,2024,0,0,621491,18.0,129.58,7517197.0
1,621 - Ambulatory Care,49,000,2024,0,0,621498,145.0,3138.41,235019528.0
1,621 - Ambulatory Care,51,000,2023,0,0,621991,53.0,2102.75,144916779.0
1,621 - Ambulatory Care,12,000,2020,0,0,621320,1287.0,6869.16,327424232.0
1,621 - Ambulatory Care,51,000,2021,0,1,621498,318.0,0.0,0.0
1,621 - Ambulatory Care,49,000,2019,0,0,621210,1738.0,13457.16,480288644.0
1,621 - Ambulatory Care,09,000,2018,0,0,621330,243.0,1276.16,57387419.0
1,621 - Ambulatory Care,32,000,2018,0,0,621999,47.0,131.83,6127889.0
1,621 - Ambulatory Care,35,000,2019,0,0,621512,50.0,610.25,56480354.0
1,621 - Ambulatory Care,37,000,2019,0,0,621111,5206.0,82233.75,7482504202.0
1,621 - Ambulatory Care,13,000,2020,0,0,621991,60.0,2023.5,100610295.0
1,621 - Ambulatory Care,35,000,2020,0,0,621999,49.0,169.66,11284722.0
1,621 - Ambulatory Care,55,000,2021,0,0,621492,119.0,1553.41,87585129.0
1,621 - Ambulatory Care,55,000,2023,0,0,621399,330.0,1526.83,95001504.0
1,621 - Ambulatory Care,19,000,2019,0,0,621399,140.0,440.5,19756908.0
1,621 - Ambulatory Care,25,000,2019,0,0,621910,91.0,6451.66,294431375.0
1,621 - Ambulatory Care,26,000,2022,0,0,621512,92.0,910.58,79277517.0
1,621 - Ambulatory Care,47,000,2019,0,0,621999,191.0,1488.58,108360570.0
1,621 - Ambulatory Care,34,000,2018,0,0,621210,4572.0,30341.16,1570328002.0
1,621 - Ambulatory Care,47,000,2020,0,0,621330,215.0,1296.25,73460967.0
1,621 - Ambulatory Care,10,000,2018,0,0,621391,24.0,167.83,8875480.0
1,621 - Ambulatory Care,47,000,2020,0,0,621991,68.0,2038.66,101262776.0
1,621 - Ambulatory Care,06,000,2022,0,0,621399,3321.0,13977.0,838555481.0
1,621 - Ambulatory Care,13,000,2022,0,0,621112,441.0,2981.33,211338354.0
1,621 - Ambulatory Care,19,000,2019,0,0,621512,41.0,281.5,20117098.0
1,621 - Ambulatory Care,26,000,2024,0,0,621399,674.0,2527.75,162960124.0
1,621 - Ambulatory Care,28,000,2020,0,0,621511,137.0,821.08,37726261.0
1,621 - Ambulatory Care,33,000,2024,0,0,621320,87.0,794.75,53386267.0
1,621 - Ambulatory Care,47,000,2022,0,0,621112,235.0,1031.25,66125362.0
1,621 - Ambulatory Care,26,000,2023,0,0,621320,505.0,4329.33,243621241.0
1,621 - Ambulatory Care,25,000,2024,0,0,621391,126.0,613.25,42196702.0
1,621 - Ambulatory Care,27,000,2024,0,0,621111,1782.0,75582.0,9493258768.0
1,621 - Ambulatory Care,50,000,2022,0,0,621511,20.0,76.25,6127090.0
1,621 - Ambulatory Care,54,000,2024,0,0,621111,1434.0,16327.58,1636763060.0
1,621 - Ambulatory Care,25,000,2021,0,1,621420,394.0,10184.5,499837714.0
1,621 - Ambulatory Care,10,000,2023,0,1,621420,40.0,769.58,41328666.0
1,621 - Ambulatory Care,10,000,2023,0,0,621498,78.0,1123.75,75957304.0
1,621 - Ambulatory Care,19,000,2024,0,0,621399,235.0,802.5,54558033.0
1,621 - Ambulatory Care,10,000,2022,0,0,621111,586.0,7060.83,689399076.0
1,621 - Ambulatory Care,15,000,2020,0,0,621511,33.0,1606.58,99662079.0
1,621 - Ambulatory Care,40,000,2024,0,0,621340,618.0,5366.91,243634592.0
1,621 - Ambulatory Care,29,000,2020,0,0,621391,91.0,481.66,23898815.0
1,621 - Ambulatory Care,29,000,2023,0,0,621111,3506.0,45336.5,5414150769.0
1,621 - Ambulatory Care,23,000,2022,0,0,621999,65.0,345.58,23155840.0
1,621 - Ambulatory Care,28,000,2021,0,0,621999,103.0,344.58,21656660.0
1,621 - Ambulatory Care,06,000,2024,0,0,621491,1577.0,141932.83,20196378432.0
1,621 - Ambulatory Care,33,000,2023,0,0,621511,68.0,284.66,27189670.0
1,621 - Ambulatory Care,10,000,2019,0,1,621420,18.0,526.0,20899155.0
1,621 - Ambulatory Care,34,000,2018,0,0,621111,7652.0,79244.66,7377484889.0
1,621 - Ambulatory Care,34,000,2020,0,0,621310,1176.0,4104.0,173204785.0
1,621 - Ambulatory Care,47,000,2020,0,0,621512,105.0,1638.25,136728852.0
1,621 - Ambulatory Care,29,000,2019,0,0,621999,265.0,2645.41,118735036.0
1,621 - Ambulatory Care,23,000,2024,0,0,621320,91.0,853.75,49897133.0
1,621 - Ambulatory Care,41,000,2023,0,0,621498,115.0,2672.16,219285257.0
1,621 - Ambulatory Care,53,000,2023,0,0,621511,534.0,4672.58,356211698.0
1,621 - Ambulatory Care,41,000,2024,0,0,621340,740.0,5179.75,278553085.0
1,621 - Ambulatory Care,47,000,2023,0,0,621320,458.0,3365.16,174631715.0
1,621 - Ambulatory Care,47,000,2024,0,0,621491,7.0,62.16,6005062.0
1,621 - Ambulatory Care,08,000,2020,0,0,621399,1486.0,10828.25,422120473.0
1,621 - Ambulatory Care,42,000,2022,0,1,621991,92.0,3441.25,215033583.0
1,621 - Ambulatory Care,48,000,2024,0,0,621910,666.0,17291.83,1123217636.0
1,621 - Ambulatory Care,23,000,2018,0,0,621210,441.0,3781.41,220544840.0
1,621 - Ambulatory Care,48,000,2024,0,0,621340,3337.0,44126.0,2304196470.0
1,621 - Ambulatory Care,08,000,2021,0,0,621492,91.0,1224.33,78955136.0
1,621 - Ambulatory Care,42,000,2024,0,0,621492,352.0,4976.33,347475540.0
1,621 - Ambulatory Care,48,000,2023,0,0,621330,2744.0,11561.0,620199136.0
1,621 - Ambulatory Care,48,000,2023,0,0,621399,2444.0,11866.33,668046228.0
1,621 - Ambulatory Care,08,000,2021,0,0,621310,1108.0,3611.91,146831308.0
1,621 - Ambulatory Care,08,000,2024,0,0,621330,2154.0,9199.0,486432510.0
1,621 - Ambulatory Care,10,000,2023,0,0,621491,12.0,45.91,3236494.0
1,621 - Ambulatory Care,29,000,2021,0,0,621492,149.0,1815.08,104932691.0
1,621 - Ambulatory Care,29,000,2022,0,0,621399,430.0,2049.91,102333983.0
1,621 - Ambulatory Care,28,000,2019,0,1,621910,61.0,2132.41,92197522.0
1,621 - Ambulatory Care,15,000,2021,0,0,621492,35.0,1111.83,89412805.0
1,621 - Ambulatory Care,19,000,2020,0,0,621999,81.0,543.83,54378415.0
1,621 - Ambulatory Care,19,000,2023,0,0,621491,5.0,22.58,1686810.0
1,621 - Ambulatory Care,17,000,2022,0,0,621420,446.0,8589.0,442720913.0
1,621 - Ambulatory Care,21,000,2019,0,0,621420,257.0,5109.66,200742867.0
1,621 - Ambulatory Care,24,000,2018,0,0,621320,217.0,1840.08,88094096.0
1,621 - Ambulatory Care,54,000,2021,0,1,621492,61.0,0.0,0.0
1,621 - Ambulatory Care,04,000,2023,0,0,621991,36.0,2634.83,165104901.0
1,621 - Ambulatory Care,04,000,2024,0,0,621491,56.0,5111.41,520220422.0
1,621 - Ambulatory Care,0 ,000,2024,0,0,621210,136051.0,1040169.16,68182801663.0
1,621 - Ambulatory Care,54,000,2019,0,0,621391,30.0,127.91,5680059.0
1,621 - Ambulatory Care,04,000,2024,0,0,621492,108.0,2788.25,199817765.0
1,621 - Ambulatory Care,21,000,2018,0,0,621410,16.0,86.0,2618323.0
1,621 - Ambulatory Care,36,000,2024,0,0,621410,153.0,1683.33,144186747.0
1,621 - Ambulatory Care,36,000,2024,0,0,621512,488.0,6228.5,577548687.0
1,621 - Ambulatory Care,27,000,2018,0,0,621511,95.0,3618.16,244647072.0
1,621 - Ambulatory Care,36,000,2023,0,0,621511,843.0,11685.66,966439095.0
1,621 - Ambulatory Care,0 ,000,2018,0,0,621399,22552.0,111463.33,5030518844.0
1,621 - Ambulatory Care,27,000,2020,0,1,621111,1510.0,69799.58,7612854396.0
1,621 - Ambulatory Care,0 ,000,2018,0,1,621991,1907.0,75628.41,3800413042.0
1,621 - Ambulatory Care,41,000,2018,0,1,621420,163.0,2664.0,117815081.0
1,621 - Ambulatory Care,53,000,2021,0,0,621320,465.0,3308.58,135217559.0
1,621 - Ambulatory Care,21,000,2023,0,0,621340,712.0,6351.25,337561780.0
1,621 - Ambulatory Care,22,000,2020,0,0,621210,1626.0,10749.83,499796822.0
1,621 - Ambulatory Care,36,000,2019,0,0,621112,695.0,2138.16,173833695.0
1,621 - Ambulatory Care,32,000,2022,0,0,621512,101.0,2284.41,167411225.0
1,621 - Ambulatory Care,06,000,2020,0,1,621340,4133.0,39883.16,1850013610.0
1,621 - Ambulatory Care,05,000,2020,0,0,621491,5.0,13.91,916366.0
1,621 - Ambulatory Care,20,000,2021,0,0,621410,14.0,106.25,5437264.0
1,621 - Ambulatory Care,46,000,2020,0,0,621991,12.0,251.0,10401052.0
1,621 - Ambulatory Care,46,000,2021,0,1,621340,152.0,966.83,44981461.0
1,621 - Ambulatory Care,45,000,2019,0,0,621999,200.0,1115.16,57233952.0
1,621 - Ambulatory Care,46,000,2018,0,0,621310,230.0,807.33,27364387.0
1,621 - Ambulatory Care,46,000,2019,0,0,621991,12.0,258.91,10214654.0
1,621 - Ambulatory Care,51,000,2023,0,0,621340,1302.0,10881.83,555370258.0
1,621 - Ambulatory Care,56,000,2022,0,0,621112,12.0,18.33,1234234.0
1,621 - Ambulatory Care,49,000,2020,0,1,621111,1902.0,22060.33,1779177271.0
1,621 - Ambulatory Care,49,000,2022,0,0,621511,205.0,5753.75,382638796.0
1,621 - Ambulatory Care,49,000,2021,0,0,621112,155.0,475.83,26192579.0
1,621 - Ambulatory Care,51,000,2021,0,0,621320,525.0,4195.75,232489996.0
1,621 - Ambulatory Care,51,000,2023,0,0,621492,246.0,3529.58,233314095.0
1,621 - Ambulatory Care,15,000,2018,0,0,621310,103.0,261.91,10188581.0
1,621 - Ambulatory Care,49,000,2021,0,0,621420,182.0,2046.75,84005092.0
1,621 - Ambulatory Care,01,000,2018,0,1,621340,596.0,6608.25,289897894.0
1,621 - Ambulatory Care,49,000,2023,0,0,621320,220.0,1338.16,53164949.0
1,621 - Ambulatory Care,55,000,2023,0,0,621310,1047.0,4133.16,170450961.0
1,621 - Ambulatory Care,35,000,2021,0,1,621399,303.0,690.33,36914744.0
1,621 - Ambulatory Care,32,000,2018,0,0,621399,217.0,888.5,54018821.0
1,621 - Ambulatory Care,35,000,2018,0,0,621410,16.0,87.16,3460697.0
1,621 - Ambulatory Care,35,000,2022,0,0,621112,59.0,188.75,11791521.0
1,621 - Ambulatory Care,35,000,2022,0,0,621320,119.0,815.58,37298622.0
1,621 - Ambulatory Care,35,000,2022,0,0,621492,31.0,960.41,58012695.0
1,621 - Ambulatory Care,10,000,2018,0,1,621498,41.0,0.0,0.0
1,621 - Ambulatory Care,13,000,2023,0,0,621310,1306.0,4582.41,189962813.0
1,621 - Ambulatory Care,33,000,2023,0,0,621111,739.0,15305.83,1963675885.0
1,621 - Ambulatory Care,10,000,2020,0,0,621491,5.0,10.91,707528.0
1,621 - Ambulatory Care,13,000,2023,0,0,621493,337.0,4007.41,285831394.0
1,621 - Ambulatory Care,26,000,2023,0,1,621111,5005.0,71024.0,7045492128.0
1,621 - Ambulatory Care,26,000,2022,0,0,621610,1901.0,37867.5,1555104323.0
1,621 - Ambulatory Care,28,000,2024,0,0,621310,166.0,612.41,24877121.0
1,621 - Ambulatory Care,10,000,2018,0,0,621111,610.0,7512.33,632183682.0
1,621 - Ambulatory Care,10,000,2018,0,0,621610,74.0,4350.08,165366515.0
1,621 - Ambulatory Care,19,000,2019,0,1,621330,172.0,726.08,29452932.0
1,621 - Ambulatory Care,33,000,2022,0,0,621512,12.0,122.08,7826036.0
1,621 - Ambulatory Care,47,000,2022,0,0,621511,459.0,6682.91,459530826.0
1,621 - Ambulatory Care,50,000,2023,0,0,621399,97.0,284.33,15731606.0
1,621 - Ambulatory Care,51,000,2024,0,0,621999,349.0,2139.91,171879777.0
1,621 - Ambulatory Care,50,000,2022,0,0,621498,24.0,994.5,55316408.0
1,621 - Ambulatory Care,08,000,2018,0,0,621310,1053.0,3138.58,109247972.0
1,621 - Ambulatory Care,08,000,2019,0,0,621492,92.0,1348.66,80445921.0
1,621 - Ambulatory Care,08,000,2019,0,1,621493,130.0,3438.91,233204074.0
1,621 - Ambulatory Care,23,000,2020,0,0,621210,436.0,3492.5,215056213.0
1,621 - Ambulatory Care,08,000,2021,0,0,621210,2973.0,20420.91,1223097418.0
1,621 - Ambulatory Care,08,000,2023,0,0,621330,1915.0,7195.16,378804264.0
1,621 - Ambulatory Care,50,000,2019,0,1,621910,33.0,0.0,0.0
1,621 - Ambulatory Care,08,000,2019,0,0,621391,81.0,432.91,23420604.0
1,621 - Ambulatory Care,48,000,2021,0,0,621310,2578.0,11079.58,465740476.0
1,621 - Ambulatory Care,15,000,2023,0,1,621111,1183.0,9668.91,1334686829.0
1,621 - Ambulatory Care,28,000,2018,0,1,621910,58.0,2106.58,89070889.0
1,621 - Ambulatory Care,40,000,2024,0,0,621512,112.0,693.91,58166344.0
1,621 - Ambulatory Care,15,000,2023,0,0,621410,6.0,52.5,3833547.0
1,621 - Ambulatory Care,15,000,2022,0,0,621320,120.0,592.16,27836860.0
1,621 - Ambulatory Care,19,000,2020,0,0,621511,78.0,741.66,43949418.0
1,621 - Ambulatory Care,40,000,2021,0,0,621391,38.0,200.25,10842274.0
1,621 - Ambulatory Care,15,000,2023,0,1,621910,13.0,400.5,40632175.0
1,621 - Ambulatory Care,29,000,2024,0,0,621493,132.0,1828.41,122109822.0
1,621 - Ambulatory Care,40,000,2022,0,0,621498,109.0,2200.75,131030889.0
1,621 - Ambulatory Care,02,000,2018,0,0,621910,16.0,366.33,31189760.0
1,621 - Ambulatory Care,18,000,2021,0,0,621991,57.0,2347.58,115814347.0
1,621 - Ambulatory Care,47,000,2024,0,0,621111,5035.0,74438.41,7637929247.0
1,621 - Ambulatory Care,47,000,2024,0,0,621492,179.0,3544.75,273250938.0
1,621 - Ambulatory Care,53,000,2023,0,0,621111,2818.0,57844.16,6508641186.0
1,621 - Ambulatory Care,23,000,2023,0,0,621320,89.0,880.16,48661419.0
1,621 - Ambulatory Care,23,000,2023,0,0,621610,146.0,4232.83,212143749.0
1,621 - Ambulatory Care,47,000,2024,0,0,621511,654.0,6156.66,450424131.0
1,621 - Ambulatory Care,21,000,2021,0,0,621420,345.0,6028.58,253689320.0
1,621 - Ambulatory Care,39,000,2019,0,1,621493,313.0,5868.83,362517361.0
1,621 - Ambulatory Care,42,000,2022,0,0,621330,1070.0,7104.25,334313756.0
1,621 - Ambulatory Care,42,000,2022,0,0,621610,1434.0,69920.0,3323907297.0
1,621 - Ambulatory Care,50,000,2019,0,0,621210,237.0,1942.41,116133371.0
1,621 - Ambulatory Care,50,000,2021,0,0,621310,88.0,299.58,10923537.0
1,621 - Ambulatory Care,08,000,2024,0,0,621310,1038.0,3441.25,150073709.0
1,621 - Ambulatory Care,42,000,2024,0,0,621511,646.0,7206.91,580038611.0
1,621 - Ambulatory Care,48,000,2021,0,0,621610,5381.0,262282.66,6453696338.0
1,621 - Ambulatory Care,23,000,2022,0,0,621112,34.0,107.0,6661220.0
1,621 - Ambulatory Care,08,000,2023,0,0,621399,1755.0,8706.0,426887062.0
1,621 - Ambulatory Care,42,000,2020,0,1,621991,140.0,4334.58,316301120.0
1,621 - Ambulatory Care,42,000,2023,0,0,621512,224.0,3105.0,271606496.0
1,621 - Ambulatory Care,02,000,2020,0,0,621498,48.0,2739.66,199916036.0
1,621 - Ambulatory Care,18,000,2018,0,1,621498,162.0,0.0,0.0
1,621 - Ambulatory Care,23,000,2024,0,0,621991,10.0,154.25,8658739.0
1,621 - Ambulatory Care,41,000,2023,0,1,621999,85.0,960.41,80084402.0
1,621 - Ambulatory Care,53,000,2022,0,0,621910,78.0,2877.58,194459157.0
1,621 - Ambulatory Care,02,000,2020,0,0,621511,20.0,167.08,8314517.0
1,621 - Ambulatory Care,18,000,2018,0,1,621111,2435.0,54522.75,5132968940.0
1,621 - Ambulatory Care,18,000,2019,0,1,621492,174.0,0.0,0.0
1,621 - Ambulatory Care,41,000,2022,0,1,621210,1899.0,15680.25,979645827.0
1,621 - Ambulatory Care,53,000,2023,0,0,621112,134.0,1092.08,73593057.0
1,621 - Ambulatory Care,40,000,2020,0,0,621320,376.0,2452.91,95456190.0
1,621 - Ambulatory Care,21,000,2022,0,0,621999,305.0,1079.5,72615882.0
1,621 - Ambulatory Care,30,000,2021,0,0,621511,46.0,389.58,32445153.0
1,621 - Ambulatory Care,30,000,2021,0,0,621999,61.0,214.66,12787455.0
1,621 - Ambulatory Care,36,000,2019,0,0,621410,115.0,1690.08,105688609.0
1,621 - Ambulatory Care,11,000,2024,0,0,621511,42.0,248.16,22044663.0
1,621 - Ambulatory Care,17,000,2024,0,0,621491,45.0,2382.41,242987985.0
1,621 - Ambulatory Care,39,000,2019,0,1,621491,45.0,262.33,26237964.0
1,621 - Ambulatory Care,11,000,2018,0,0,621330,44.0,183.0,12307770.0
1,621 - Ambulatory Care,0 ,000,2020,0,0,621111,208380.0,2616690.08,256869408332.0
1,621 - Ambulatory Care,0 ,000,2020,0,1,621310,39046.0,134159.41,4998928588.0
1,621 - Ambulatory Care,11,000,2019,0,0,621330,57.0,189.41,12623146.0
1,621 - Ambulatory Care,54,000,2023,0,0,621511,203.0,795.41,48500404.0
1,621 - Ambulatory Care,72,000,2022,0,0,621111,3606.0,16057.33,536111865.0
1,621 - Ambulatory Care,12,000,2024,0,0,621410,205.0,1702.08,102010387.0
1,621 - Ambulatory Care,41,000,2018,0,0,621512,51.0,567.16,37703840.0
1,621 - Ambulatory Care,41,000,2021,0,0,621310,712.0,3298.41,125037020.0
1,621 - Ambulatory Care,27,000,2023,0,0,621391,32.0,193.83,13025835.0
1,621 - Ambulatory Care,39,000,2023,0,0,621491,47.0,826.0,83539641.0
1,621 - Ambulatory Care,09,000,2021,0,1,621498,96.0,4155.08,313101326.0
1,621 - Ambulatory Care,0 ,000,2018,0,0,621330,19853.0,103314.08,4139050063.0
1,621 - Ambulatory Care,12,000,2024,0,0,621991,247.0,6872.0,414387511.0
1,621 - Ambulatory Care,39,000,2022,0,0,621498,340.0,9496.16,665686122.0
1,621 - Ambulatory Care,27,000,2020,0,0,621310,1246.0,3971.83,129622021.0
1,621 - Ambulatory Care,41,000,2021,0,0,621111,2208.0,35517.08,3401503710.0
1,621 - Ambulatory Care,27,000,2021,0,0,621610,717.0,24078.58,815996612.0
1,621 - Ambulatory Care,48,000,2018,0,1,621410,187.0,1517.58,72652851.0
1,621 - Ambulatory Care,06,000,2020,0,1,621330,2959.0,21583.25,876441144.0
1,621 - Ambulatory Care,06,000,2019,0,1,621610,3718.0,95416.75,3980342055.0
1,621 - Ambulatory Care,46,000,2020,0,0,621320,104.0,690.16,29116845.0
1,621 - Ambulatory Care,46,000,2021,0,0,621399,63.0,167.0,8400609.0
1,621 - Ambulatory Care,20,000,2023,0,0,621210,924.0,8789.5,515546666.0
1,621 - Ambulatory Care,24,000,2020,0,0,621111,4444.0,49941.25,4853313980.0
1,621 - Ambulatory Care,46,000,2022,0,0,621512,17.0,125.91,9118536.0
1,621 - Ambulatory Care,02,000,2023,0,0,621330,72.0,498.58,28407294.0
1,621 - Ambulatory Care,34,000,2022,0,0,621991,18.0,1235.16,111031956.0
1,621 - Ambulatory Care,34,000,2024,0,0,621512,315.0,4771.41,365904107.0
1,621 - Ambulatory Care,16,000,2022,0,0,621512,54.0,608.41,55141070.0
1,621 - Ambulatory Care,34,000,2023,0,0,621999,272.0,2239.08,203355322.0
1,621 - Ambulatory Care,18,000,2024,0,0,621112,225.0,1226.16,76177662.0
1,621 - Ambulatory Care,44,000,2022,0,0,621491,14.0,212.33,14535928.0
1,621 - Ambulatory Care,20,000,2018,0,0,621399,143.0,761.41,33832939.0
1,621 - Ambulatory Care,45,000,2022,0,0,621111,2718.0,49337.0,5149197203.0
1,621 - Ambulatory Care,34,000,2023,0,0,621111,7437.0,82577.41,9460810618.0
1,621 - Ambulatory Care,34,000,2024,0,0,621399,624.0,3307.08,190442458.0
1,621 - Ambulatory Care,16,000,2020,0,0,621492,32.0,549.16,35290903.0
1,621 - Ambulatory Care,16,000,2021,0,1,621493,64.0,2825.33,140869998.0
1,621 - Ambulatory Care,46,000,2024,0,0,621330,101.0,370.08,19858769.0
1,621 - Ambulatory Care,46,000,2024,0,0,621410,10.0,42.83,1552626.0
1,621 - Ambulatory Care,26,000,2021,0,1,621330,600.0,3343.58,147180142.0
1,621 - Ambulatory Care,22,000,2023,0,0,621310,419.0,1722.75,73457368.0
1,621 - Ambulatory Care,26,000,2020,0,1,621111,4355.0,67465.25,6377086831.0
1,621 - Ambulatory Care,01,000,2023,0,0,621511,501.0,3440.58,202189733.0
1,621 - Ambulatory Care,04,000,2022,0,0,621491,48.0,5592.0,515008876.0
1,621 - Ambulatory Care,04,000,2022,0,0,621991,39.0,2580.08,157058047.0
1,621 - Ambulatory Care,04,000,2020,0,1,621493,294.0,7136.33,438309802.0
1,621 - Ambulatory Care,05,000,2022,0,0,621991,32.0,796.08,37000448.0
1,621 - Ambulatory Care,45,000,2018,0,0,621991,24.0,1180.66,49912885.0
1,621 - Ambulatory Care,55,000,2019,0,0,621391,60.0,351.16,26325414.0
1,621 - Ambulatory Care,51,000,2022,0,0,621610,2215.0,37034.58,1375007663.0
1,621 - Ambulatory Care,51,000,2023,0,1,621491,35.0,0.0,0.0
1,621 - Ambulatory Care,12,000,2019,0,0,621999,626.0,4874.75,368166210.0
1,621 - Ambulatory Care,12,000,2020,0,0,621420,698.0,13491.0,589298991.0
1,621 - Ambulatory Care,49,000,2019,0,0,621491,10.0,107.66,20672892.0
1,621 - Ambulatory Care,56,000,2021,0,1,621498,33.0,363.5,20593172.0
1,621 - Ambulatory Care,15,000,2019,0,0,621410,5.0,52.33,3309489.0
1,621 - Ambulatory Care,09,000,2020,0,1,621999,95.0,0.0,0.0
1,621 - Ambulatory Care,55,000,2023,0,0,621320,305.0,2412.16,110659722.0
1,621 - Ambulatory Care,13,000,2018,0,0,621511,777.0,5655.91,336290290.0
1,621 - Ambulatory Care,35,000,2021,0,1,621511,122.0,2009.16,118968471.0
1,621 - Ambulatory Care,13,000,2019,0,0,621330,688.0,1935.0,71795647.0
1,621 - Ambulatory Care,13,000,2021,0,0,621492,434.0,6095.66,369023525.0
1,621 - Ambulatory Care,10,000,2018,0,0,621399,49.0,222.66,8926889.0
1,621 - Ambulatory Care,06,000,2024,0,0,621399,4488.0,16470.33,1073624607.0
1,621 - Ambulatory Care,25,000,2019,0,0,621491,29.0,2749.08,240911919.0
1,621 - Ambulatory Care,26,000,2022,0,0,621410,50.0,654.58,41765155.0
1,621 - Ambulatory Care,26,000,2024,0,0,621320,470.0,4434.83,253811611.0
1,621 - Ambulatory Care,26,000,2024,0,0,621491,42.0,3410.58,293475860.0
1,621 - Ambulatory Care,33,000,2024,0,1,621492,21.0,0.0,0.0
1,621 - Ambulatory Care,47,000,2021,0,0,621210,2187.0,18002.16,1036820347.0
1,621 - Ambulatory Care,34,000,2019,0,0,621111,7543.0,79869.91,7880590311.0
1,621 - Ambulatory Care,47,000,2019,0,0,621410,40.0,544.83,23720351.0
1,621 - Ambulatory Care,29,000,2018,0,0,621610,836.0,20736.41,636111982.0
1,621 - Ambulatory Care,54,000,2024,0,0,621320,128.0,892.41,40121646.0
1,621 - Ambulatory Care,27,000,2024,0,0,621420,198.0,5226.33,319740145.0
1,621 - Ambulatory Care,23,000,2024,0,1,621512,33.0,0.0,0.0
1,621 - Ambulatory Care,41,000,2023,0,1,621610,229.0,7057.33,329164259.0
1,621 - Ambulatory Care,47,000,2023,0,0,621492,184.0,3607.5,266424140.0
1,621 - Ambulatory Care,02,000,2019,0,0,621610,75.0,2229.91,49981206.0
1,621 - Ambulatory Care,53,000,2024,0,0,621511,541.0,4520.41,353456395.0
1,621 - Ambulatory Care,48,000,2021,0,1,621410,227.0,1936.83,108529046.0
1,621 - Ambulatory Care,08,000,2018,0,1,621910,78.0,2233.75,96150788.0
1,621 - Ambulatory Care,08,000,2023,0,0,621498,325.0,5009.66,364005065.0
1,621 - Ambulatory Care,49,000,2018,0,0,621320,206.0,1089.75,34916396.0
1,621 - Ambulatory Care,50,000,2020,0,0,621493,8.0,118.75,5160125.0
1,621 - Ambulatory Care,42,000,2021,0,1,621498,532.0,11785.91,1289723975.0
1,621 - Ambulatory Care,10,000,2024,0,0,621491,12.0,55.41,3890017.0
1,621 - Ambulatory Care,15,000,2021,0,0,621610,115.0,4174.41,167995121.0
1,621 - Ambulatory Care,29,000,2020,0,0,621310,884.0,2726.25,93309311.0
1,621 - Ambulatory Care,29,000,2021,0,0,621320,381.0,2635.41,118651453.0
1,621 - Ambulatory Care,29,000,2023,0,0,621112,236.0,1250.0,85997550.0
1,621 - Ambulatory Care,28,000,2019,0,0,621320,205.0,1385.58,50994831.0
1,621 - Ambulatory Care,40,000,2024,0,0,621492,99.0,1355.5,91727350.0
1,621 - Ambulatory Care,10,000,2024,0,1,621999,70.0,0.0,0.0
1,621 - Ambulatory Care,19,000,2023,0,0,621991,47.0,1775.0,89625235.0
1,621 - Ambulatory Care,44,000,2018,0,0,621320,73.0,701.58,34332837.0
1,621 - Ambulatory Care,72,000,2021,0,0,621340,252.0,1704.83,44535438.0
1,621 - Ambulatory Care,21,000,2019,0,0,621910,120.0,2841.75,117323649.0
1,621 - Ambulatory Care,54,000,2018,0,0,621511,207.0,671.75,33222291.0
1,621 - Ambulatory Care,0 ,000,2019,0,1,621491,2757.0,212037.83,22941585483.0
1,621 - Ambulatory Care,11,000,2024,0,0,621320,29.0,167.0,13694434.0
1,621 - Ambulatory Care,72,000,2020,0,0,621330,85.0,205.75,4431697.0
1,621 - Ambulatory Care,21,000,2021,0,0,621493,87.0,2915.25,276995248.0
1,621 - Ambulatory Care,44,000,2018,0,0,621340,139.0,1452.41,62475638.0
1,621 - Ambulatory Care,54,000,2020,0,1,621210,497.0,3706.0,172971053.0
1,621 - Ambulatory Care,16,000,2019,0,0,621111,1026.0,12291.08,935201525.0
1,621 - Ambulatory Care,39,000,2019,0,0,621320,863.0,6012.58,245076042.0
1,621 - Ambulatory Care,54,000,2020,0,0,621610,213.0,6401.33,236934821.0
1,621 - Ambulatory Care,72,000,2022,0,0,621330,115.0,328.25,7464760.0
1,621 - Ambulatory Care,44,000,2018,0,0,621493,38.0,771.33,39332681.0
1,621 - Ambulatory Care,0 ,000,2019,0,0,621420,12047.0,279665.08,12432780893.0
1,621 - Ambulatory Care,04,000,2024,0,0,621310,872.0,3106.33,142957087.0
1,621 - Ambulatory Care,16,000,2018,0,0,621511,68.0,1241.25,55043352.0
1,621 - Ambulatory Care,17,000,2020,0,0,621498,178.0,3806.91,215129892.0
1,621 - Ambulatory Care,21,000,2018,0,0,621210,1528.0,10669.41,500788141.0
1,621 - Ambulatory Care,21,000,2024,0,0,621111,3131.0,40207.33,4160734485.0
1,621 - Ambulatory Care,30,000,2020,0,0,621511,39.0,343.16,27402237.0
1,621 - Ambulatory Care,53,000,2019,0,0,621498,120.0,5815.83,401524375.0
1,621 - Ambulatory Care,40,000,2020,0,1,621330,245.0,714.5,30890691.0
1,621 - Ambulatory Care,30,000,2021,0,0,621111,515.0,7339.16,762251262.0
1,621 - Ambulatory Care,53,000,2020,0,0,621391,90.0,450.66,15676863.0
1,621 - Ambulatory Care,12,000,2023,0,0,621991,241.0,6616.25,391133034.0
1,621 - Ambulatory Care,36,000,2022,0,1,621330,2124.0,11227.66,587115689.0
1,621 - Ambulatory Care,36,000,2022,0,0,621210,8102.0,56057.58,3482079458.0
1,621 - Ambulatory Care,27,000,2019,0,1,621330,328.0,4396.33,206428594.0
1,621 - Ambulatory Care,36,000,2023,0,0,621111,14228.0,171691.16,18876941204.0
1,621 - Ambulatory Care,09,000,2023,0,0,621420,208.0,6401.66,435000970.0
1,621 - Ambulatory Care,09,000,2024,0,0,621310,347.0,1150.25,52838822.0
1,621 - Ambulatory Care,39,000,2022,0,0,621491,44.0,686.91,67941142.0
1,621 - Ambulatory Care,41,000,2021,0,1,621410,31.0,361.58,19345526.0
1,621 - Ambulatory Care,36,000,2024,0,0,621999,350.0,2803.08,234481592.0
1,621 - Ambulatory Care,38,000,2023,0,0,621610,71.0,1209.16,60115219.0
1,621 - Ambulatory Care,32,000,2024,0,0,621420,94.0,939.5,56526472.0
1,621 - Ambulatory Care,48,000,2020,0,1,621112,904.0,4031.33,288467838.0
1,621 - Ambulatory Care,06,000,2018,0,0,621310,4067.0,11837.0,391885428.0
1,621 - Ambulatory Care,32,000,2023,0,0,621210,1380.0,10411.66,626054212.0
1,621 - Ambulatory Care,48,000,2019,0,0,621991,210.0,8847.66,380582071.0
1,621 - Ambulatory Care,24,000,2021,0,0,621340,971.0,7741.5,393733902.0
1,621 - Ambulatory Care,46,000,2022,0,0,621493,14.0,171.91,9233625.0
1,621 - Ambulatory Care,45,000,2019,0,0,621512,103.0,613.91,38372386.0
1,621 - Ambulatory Care,46,000,2021,0,0,621391,6.0,19.0,728275.0
1,621 - Ambulatory Care,46,000,2021,0,0,621511,17.0,150.91,18319067.0
1,621 - Ambulatory Care,20,000,2023,0,0,621512,56.0,381.75,36133567.0
1,621 - Ambulatory Care,46,000,2022,0,0,621330,73.0,395.91,18959098.0
1,621 - Ambulatory Care,20,000,2024,0,0,621112,80.0,412.0,33735757.0
1,621 - Ambulatory Care,34,000,2024,0,0,621112,463.0,3414.58,255882467.0
1,621 - Ambulatory Care,56,000,2024,0,1,621610,83.0,835.91,34468150.0
1,621 - Ambulatory Care,16,000,2022,0,0,621320,198.0,1272.33,48680140.0
1,621 - Ambulatory Care,34,000,2022,0,0,621511,1216.0,12705.5,942315822.0
1,621 - Ambulatory Care,02,000,2021,0,0,621112,17.0,76.5,5945991.0
1,621 - Ambulatory Care,34,000,2023,0,0,621511,1377.0,12244.33,871206343.0
1,621 - Ambulatory Care,26,000,2018,0,1,621330,453.0,2308.75,96513058.0
1,621 - Ambulatory Care,33,000,2018,0,0,621111,725.0,14296.75,1555862948.0
1,621 - Ambulatory Care,33,000,2021,0,0,621112,40.0,333.83,26038299.0
1,621 - Ambulatory Care,22,000,2022,0,0,621391,53.0,233.33,11204248.0
1,621 - Ambulatory Care,22,000,2024,0,0,621320,243.0,1713.91,76727881.0
1,621 - Ambulatory Care,22,000,2024,0,1,621492,215.0,0.0,0.0
1,621 - Ambulatory Care,26,000,2021,0,0,621610,1513.0,37205.41,1489869430.0
1,621 - Ambulatory Care,01,000,2024,0,0,621111,3432.0,46808.08,4461182759.0
1,621 - Ambulatory Care,04,000,2020,0,1,621399,831.0,3041.83,146644864.0
1,621 - Ambulatory Care,20,000,2018,0,0,621112,63.0,243.5,17405947.0
1,621 - Ambulatory Care,44,000,2022,0,0,621420,91.0,1731.58,94233065.0
1,621 - Ambulatory Care,22,000,2021,0,0,621320,242.0,1532.33,61369692.0
1,621 - Ambulatory Care,26,000,2018,0,0,621320,486.0,4414.83,217823351.0
1,621 - Ambulatory Care,33,000,2020,0,0,621330,65.0,401.0,17310141.0
1,621 - Ambulatory Care,05,000,2022,0,0,621493,111.0,1399.91,73149305.0
1,621 - Ambulatory Care,05,000,2023,0,0,621112,115.0,353.66,25887902.0
1,621 - Ambulatory Care,31,000,2023,0,0,621310,442.0,1496.91,56504986.0
1,621 - Ambulatory Care,55,000,2019,0,1,621610,315.0,13298.75,480326358.0
1,621 - Ambulatory Care,01,000,2018,0,0,621112,118.0,590.75,39578660.0
1,621 - Ambulatory Care,51,000,2023,0,0,621399,831.0,3399.16,192591014.0
1,621 - Ambulatory Care,12,000,2022,0,0,621320,1415.0,9166.58,470451646.0
1,621 - Ambulatory Care,56,000,2018,0,0,621320,68.0,456.5,17633652.0
1,621 - Ambulatory Care,56,000,2023,0,0,621410,12.0,67.83,2248246.0
1,621 - Ambulatory Care,15,000,2018,0,0,621999,17.0,30.0,950572.0
1,621 - Ambulatory Care,49,000,2024,0,0,621410,79.0,435.5,25023215.0
1,621 - Ambulatory Care,55,000,2022,0,0,621999,97.0,735.25,42467495.0
1,621 - Ambulatory Care,32,000,2019,0,1,621498,54.0,923.58,47822749.0
1,621 - Ambulatory Care,55,000,2021,0,0,621399,289.0,1448.83,92042506.0
1,621 - Ambulatory Care,55,000,2022,0,0,621310,1050.0,4050.25,160002778.0
1,621 - Ambulatory Care,09,000,2019,0,0,621512,61.0,875.16,69209382.0
1,621 - Ambulatory Care,13,000,2019,0,1,621493,182.0,2820.75,171127728.0
1,621 - Ambulatory Care,35,000,2021,0,0,621410,14.0,75.16,3402038.0
1,621 - Ambulatory Care,35,000,2022,0,0,621991,17.0,417.5,20398024.0
1,621 - Ambulatory Care,06,000,2023,0,0,621310,4066.0,12901.33,527786357.0
1,621 - Ambulatory Care,34,000,2018,0,1,621493,272.0,7654.41,499770775.0
1,621 - Ambulatory Care,47,000,2021,0,1,621111,4217.0,68070.91,6540243743.0
1,621 - Ambulatory Care,10,000,2020,0,0,621492,27.0,456.75,29988513.0
1,621 - Ambulatory Care,06,000,2022,0,0,621511,1992.0,34162.08,3538272073.0
1,621 - Ambulatory Care,28,000,2023,0,0,621320,219.0,1605.08,68189206.0
1,621 - Ambulatory Care,47,000,2018,0,0,621991,57.0,2244.83,102469160.0
1,621 - Ambulatory Care,06,000,2022,0,0,621410,426.0,6620.33,446901657.0
1,621 - Ambulatory Care,25,000,2018,0,0,621112,163.0,1171.16,77601321.0
1,621 - Ambulatory Care,28,000,2024,0,0,621492,90.0,1533.16,94190303.0
1,621 - Ambulatory Care,28,000,2024,0,0,621512,70.0,245.16,14328303.0
1,621 - Ambulatory Care,33,000,2023,0,0,621410,15.0,99.91,4541807.0
1,621 - Ambulatory Care,40,000,2021,0,0,621493,331.0,3890.41,266837887.0
1,621 - Ambulatory Care,40,000,2024,0,0,621491,11.0,58.16,4876112.0
1,621 - Ambulatory Care,15,000,2019,0,0,621991,6.0,165.5,8874063.0
1,621 - Ambulatory Care,19,000,2020,0,1,621111,1318.0,22768.41,2328101110.0
1,621 - Ambulatory Care,28,000,2019,0,0,621991,19.0,561.33,21935726.0
1,621 - Ambulatory Care,19,000,2022,0,0,621491,4.0,9.0,776720.0
1,621 - Ambulatory Care,29,000,2023,0,0,621320,410.0,2625.33,131202001.0
1,621 - Ambulatory Care,08,000,2020,0,0,621340,865.0,7190.41,324232608.0
1,621 - Ambulatory Care,08,000,2020,0,0,621410,44.0,380.83,18667940.0
1,621 - Ambulatory Care,08,000,2021,0,0,621391,77.0,469.75,27373285.0
1,621 - Ambulatory Care,23,000,2018,0,0,621330,144.0,508.25,18967852.0
1,621 - Ambulatory Care,23,000,2021,0,0,621991,6.0,154.66,6544393.0
1,621 - Ambulatory Care,08,000,2020,0,1,621999,188.0,1046.08,82632641.0
1,621 - Ambulatory Care,50,000,2018,0,0,621340,107.0,933.16,42912953.0
1,621 - Ambulatory Care,18,000,2020,0,0,621910,91.0,2978.0,121313722.0
1,621 - Ambulatory Care,02,000,2018,0,1,621999,23.0,0.0,0.0
1,621 - Ambulatory Care,41,000,2024,0,0,621111,2759.0,37962.0,3938619664.0
1,621 - Ambulatory Care,47,000,2023,0,0,621420,430.0,8095.83,438335076.0
1,621 - Ambulatory Care,21,000,2024,0,0,621493,136.0,3719.08,393654918.0
1,621 - Ambulatory Care,30,000,2020,0,0,621320,100.0,684.66,28019026.0
1,621 - Ambulatory Care,30,000,2022,0,0,621330,308.0,856.58,52400050.0
1,621 - Ambulatory Care,53,000,2018,0,0,621310,1235.0,5322.41,158977271.0
1,621 - Ambulatory Care,53,000,2019,0,0,621111,2590.0,54650.0,5250277863.0
1,621 - Ambulatory Care,53,000,2020,0,0,621399,1145.0,4556.5,162732749.0
1,621 - Ambulatory Care,21,000,2024,0,0,621399,575.0,2160.75,146949930.0
1,621 - Ambulatory Care,29,000,2023,0,0,621999,349.0,4548.16,306456210.0
1,621 - Ambulatory Care,19,000,2024,0,1,621112,79.0,388.66,32921319.0
1,621 - Ambulatory Care,19,000,2024,0,0,621340,653.0,4953.0,263782652.0
1,621 - Ambulatory Care,11,000,2024,0,0,621330,153.0,266.25,19432042.0
1,621 - Ambulatory Care,21,000,2018,0,0,621310,515.0,1880.16,65520011.0
1,621 - Ambulatory Care,39,000,2020,0,0,621610,2118.0,60803.66,1976775262.0
1,621 - Ambulatory Care,17,000,2021,0,0,621320,709.0,5262.58,258717457.0
1,621 - Ambulatory Care,39,000,2021,0,0,621910,308.0,6876.16,283683157.0
1,621 - Ambulatory Care,54,000,2018,0,0,621310,142.0,520.75,14623793.0
1,621 - Ambulatory Care,54,000,2019,0,1,621399,103.0,630.75,19406247.0
1,621 - Ambulatory Care,0 ,000,2022,0,1,621310,39360.0,144700.83,5822536892.0
1,621 - Ambulatory Care,04,000,2024,0,0,621991,36.0,2398.33,158561879.0
1,621 - Ambulatory Care,11,000,2018,0,0,621498,12.0,83.08,6757953.0
1,621 - Ambulatory Care,54,000,2022,0,0,621610,218.0,6197.66,255848735.0
1,621 - Ambulatory Care,0 ,000,2021,0,0,621493,8307.0,177198.41,12007085382.0
1,621 - Ambulatory Care,0 ,000,2023,0,1,621340,49188.0,470509.08,23820648874.0
1,621 - Ambulatory Care,11,000,2019,0,0,621498,15.0,101.0,8130560.0
1,621 - Ambulatory Care,11,000,2019,0,0,621511,35.0,227.66,12944122.0
1,621 - Ambulatory Care,16,000,2019,0,0,621112,72.0,664.83,34059144.0
1,621 - Ambulatory Care,11,000,2024,0,0,621399,89.0,326.83,24898566.0
1,621 - Ambulatory Care,54,000,2021,0,0,621330,102.0,799.25,29557605.0
1,621 - Ambulatory Care,0 ,000,2019,0,0,621112,11072.0,59163.41,3702224970.0
1,621 - Ambulatory Care,17,000,2023,0,1,621910,175.0,6733.83,365976012.0
1,621 - Ambulatory Care,54,000,2022,0,0,621493,86.0,988.33,64077217.0
1,621 - Ambulatory Care,0 ,000,2023,0,0,621610,49502.0,1632386.41,64988730817.0
1,621 - Ambulatory Care,21,000,2021,0,0,621112,145.0,642.91,39134330.0
1,621 - Ambulatory Care,54,000,2023,0,0,621999,116.0,709.41,40190957.0
1,621 - Ambulatory Care,72,000,2023,0,0,621391,26.0,100.58,2969646.0
1,621 - Ambulatory Care,0 ,000,2018,0,1,621320,20673.0,136510.16,5818246609.0
1,621 - Ambulatory Care,09,000,2024,0,0,621330,628.0,3216.5,160828496.0
1,621 - Ambulatory Care,38,000,2024,0,0,621310,233.0,794.16,37011282.0
1,621 - Ambulatory Care,36,000,2022,0,0,621391,824.0,3014.58,147782846.0
1,621 - Ambulatory Care,27,000,2023,0,0,621210,1743.0,17661.41,1281709067.0
1,621 - Ambulatory Care,27,000,2018,0,0,621410,47.0,407.66,15532249.0
1,621 - Ambulatory Care,27,000,2020,0,0,621340,476.0,4197.75,210479991.0
1,621 - Ambulatory Care,27,000,2019,0,0,621511,93.0,2173.75,149942926.0
1,621 - Ambulatory Care,36,000,2024,0,0,621310,1778.0,5421.91,251000005.0
1,621 - Ambulatory Care,30,000,2020,0,1,621910,44.0,633.41,29206509.0
1,621 - Ambulatory Care,22,000,2018,0,1,621420,232.0,3146.75,114089189.0
1,621 - Ambulatory Care,22,000,2018,0,0,621610,636.0,21242.5,655299080.0
1,621 - Ambulatory Care,53,000,2019,0,1,621340,839.0,9969.75,471417249.0
1,621 - Ambulatory Care,21,000,2022,0,0,621498,229.0,3590.5,266734634.0
1,621 - Ambulatory Care,36,000,2021,0,1,621330,1820.0,8999.25,446512222.0
1,621 - Ambulatory Care,40,000,2019,0,0,621340,476.0,4762.0,192346603.0
1,621 - Ambulatory Care,22,000,2019,0,1,621111,3557.0,40613.25,3059576613.0
1,621 - Ambulatory Care,30,000,2019,0,0,621210,471.0,3522.75,170492806.0
1,621 - Ambulatory Care,40,000,2020,0,0,621511,209.0,2430.75,124758363.0
1,621 - Ambulatory Care,32,000,2021,0,0,621999,52.0,267.16,18139518.0
1,621 - Ambulatory Care,48,000,2019,0,1,621112,834.0,4020.75,260235936.0
1,621 - Ambulatory Care,35,000,2024,0,0,621210,688.0,5584.66,327563856.0
1,621 - Ambulatory Care,37,000,2022,0,0,621420,636.0,10236.25,489553216.0
1,621 - Ambulatory Care,48,000,2018,0,0,621492,758.0,14038.41,828008572.0
1,621 - Ambulatory Care,37,000,2022,0,0,621910,184.0,3259.91,153196827.0
1,621 - Ambulatory Care,37,000,2024,0,0,621512,196.0,2230.25,143213184.0
1,621 - Ambulatory Care,48,000,2019,0,0,621391,358.0,2134.66,114551334.0
1,621 - Ambulatory Care,24,000,2019,0,0,621491,81.0,6392.33,538741302.0
1,621 - Ambulatory Care,46,000,2020,0,0,621112,14.0,55.08,2738563.0
1,621 - Ambulatory Care,24,000,2021,0,0,621320,207.0,1829.5,99160495.0
1,621 - Ambulatory Care,46,000,2020,0,1,621492,11.0,0.0,0.0
1,621 - Ambulatory Care,24,000,2021,0,0,621493,187.0,3958.08,318057121.0
1,621 - Ambulatory Care,46,000,2022,0,0,621210,315.0,3091.66,207963154.0
1,621 - Ambulatory Care,24,000,2024,0,0,621493,161.0,3665.83,315247838.0
1,621 - Ambulatory Care,24,000,2024,0,0,621498,353.0,5773.83,397439539.0
1,621 - Ambulatory Care,22,000,2022,0,0,621410,20.0,214.41,14221839.0
1,621 - Ambulatory Care,33,000,2018,0,0,621320,88.0,675.91,32503093.0
1,621 - Ambulatory Care,44,000,2020,0,1,621991,9.0,0.0,0.0
1,621 - Ambulatory Care,44,000,2022,0,0,621399,103.0,267.58,12002540.0
1,621 - Ambulatory Care,44,000,2020,0,0,621492,16.0,276.0,18212833.0
1,621 - Ambulatory Care,04,000,2018,0,0,621910,108.0,4560.33,243558805.0
1,621 - Ambulatory Care,04,000,2021,0,1,621493,306.0,7643.58,492552721.0
1,621 - Ambulatory Care,44,000,2024,0,0,621310,102.0,340.5,16682296.0
1,621 - Ambulatory Care,05,000,2021,0,0,621310,350.0,1205.0,47587449.0
1,621 - Ambulatory Care,05,000,2021,0,0,621410,25.0,130.58,4611272.0
1,621 - Ambulatory Care,05,000,2021,0,0,621910,112.0,2589.66,137461221.0
1,621 - Ambulatory Care,17,000,2018,0,0,621491,35.0,2060.91,148079760.0
1,621 - Ambulatory Care,17,000,2018,0,0,621493,121.0,2283.5,115970154.0
1,621 - Ambulatory Care,17,000,2019,0,0,621112,643.0,2518.41,176973841.0
1,621 - Ambulatory Care,17,000,2019,0,0,621512,183.0,1928.91,111325522.0
1,621 - Ambulatory Care,17,000,2019,0,0,621999,241.0,3583.5,206967659.0
1,621 - Ambulatory Care,31,000,2023,0,0,621210,741.0,6042.5,369105788.0
1,621 - Ambulatory Care,31,000,2024,0,0,621310,442.0,1403.66,54214418.0
1,621 - Ambulatory Care,17,000,2019,0,0,621991,81.0,2359.58,111970368.0
1,621 - Ambulatory Care,49,000,2019,0,0,621512,44.0,308.08,23571705.0
1,621 - Ambulatory Care,51,000,2021,0,0,621310,713.0,2893.33,128305297.0
1,621 - Ambulatory Care,56,000,2019,0,1,621910,33.0,359.0,17937915.0
1,621 - Ambulatory Care,51,000,2023,0,0,621310,728.0,2998.75,137627664.0
1,621 - Ambulatory Care,56,000,2020,0,1,621420,50.0,592.33,25696508.0
1,621 - Ambulatory Care,49,000,2020,0,1,621340,380.0,3152.75,107108231.0
1,621 - Ambulatory Care,32,000,2018,0,0,621340,325.0,3083.75,140401452.0
1,621 - Ambulatory Care,35,000,2022,0,0,621330,163.0,654.33,26572834.0
1,621 - Ambulatory Care,55,000,2021,0,0,621420,199.0,2898.91,134228262.0
1,621 - Ambulatory Care,09,000,2019,0,0,621330,278.0,1433.5,64422487.0
1,621 - Ambulatory Care,09,000,2020,0,0,621340,581.0,5543.66,275743022.0
1,621 - Ambulatory Care,13,000,2018,0,0,621330,662.0,1769.83,65312120.0
1,621 - Ambulatory Care,32,000,2018,0,0,621512,75.0,2215.5,151882203.0
1,621 - Ambulatory Care,19,000,2018,0,0,621399,124.0,425.25,18405204.0
1,621 - Ambulatory Care,33,000,2022,0,0,621330,108.0,672.66,31417841.0
1,621 - Ambulatory Care,28,000,2023,0,0,621512,60.0,226.5,12918308.0
1,621 - Ambulatory Care,34,000,2020,0,0,621491,17.0,444.66,44495888.0
1,621 - Ambulatory Care,47,000,2022,0,0,621340,680.0,8024.0,390807900.0
1,621 - Ambulatory Care,26,000,2023,0,0,621410,57.0,704.16,39671016.0
1,621 - Ambulatory Care,28,000,2022,0,0,621310,164.0,590.08,22785638.0
1,621 - Ambulatory Care,34,000,2019,0,0,621112,347.0,2263.41,140026195.0
1,621 - Ambulatory Care,10,000,2020,0,0,621910,14.0,274.75,9603260.0
1,621 - Ambulatory Care,28,000,2022,0,0,621511,226.0,947.25,50417516.0
1,621 - Ambulatory Care,34,000,2019,0,0,621330,435.0,2833.83,110902056.0
1,621 - Ambulatory Care,27,000,2024,0,0,621210,1843.0,18053.0,1378654234.0
1,621 - Ambulatory Care,51,000,2024,0,0,621512,141.0,1503.41,111460045.0
1,621 - Ambulatory Care,25,000,2021,0,0,621492,88.0,2157.5,164006910.0
1,621 - Ambulatory Care,25,000,2022,0,1,621610,892.0,40122.58,1976771234.0
1,621 - Ambulatory Care,25,000,2023,0,0,621310,625.0,2134.16,103705727.0
1,621 - Ambulatory Care,29,000,2019,0,0,621493,126.0,1780.75,100211507.0
1,621 - Ambulatory Care,23,000,2022,0,0,621210,433.0,4008.5,273560812.0
1,621 - Ambulatory Care,08,000,2020,0,0,621111,3000.0,40221.0,4066452727.0
1,621 - Ambulatory Care,08,000,2024,0,0,621111,3320.0,43601.58,4996183963.0
1,621 - Ambulatory Care,08,000,2024,0,0,621610,738.0,27093.25,1376228803.0
1,621 - Ambulatory Care,23,000,2021,0,0,621999,63.0,366.66,25910790.0
1,621 - Ambulatory Care,50,000,2021,0,0,621391,8.0,21.66,820782.0
1,621 - Ambulatory Care,23,000,2020,0,0,621511,37.0,981.33,51144518.0
1,621 - Ambulatory Care,23,000,2021,0,0,621493,14.0,308.58,16715344.0
1,621 - Ambulatory Care,48,000,2023,0,0,621310,2678.0,11811.5,532619654.0
1,621 - Ambulatory Care,50,000,2021,0,1,621492,6.0,0.0,0.0
1,621 - Ambulatory Care,19,000,2020,0,0,621991,40.0,1657.5,71342741.0
1,621 - Ambulatory Care,15,000,2020,0,0,621330,203.0,806.66,35343030.0
1,621 - Ambulatory Care,40,000,2022,0,0,621512,100.0,649.66,51759105.0
1,621 - Ambulatory Care,10,000,2024,0,0,621492,31.0,498.75,33916391.0
1,621 - Ambulatory Care,51,000,2019,0,0,621493,189.0,6255.25,401773433.0
1,621 - Ambulatory Care,51,000,2023,0,0,621210,3504.0,27527.83,1902494779.0
1,621 - Ambulatory Care,49,000,2021,0,1,621511,192.0,5438.58,347746609.0
1,621 - Ambulatory Care,49,000,2021,0,0,621391,75.0,397.08,13944767.0
1,621 - Ambulatory Care,51,000,2020,0,0,621493,222.0,6358.5,410012999.0
1,621 - Ambulatory Care,51,000,2021,0,0,621340,1172.0,9960.83,503871762.0
1,621 - Ambulatory Care,38,000,2020,0,0,621610,35.0,695.08,33073550.0
1,621 - Ambulatory Care,35,000,2019,0,0,621112,60.0,214.33,9678790.0
1,621 - Ambulatory Care,55,000,2021,0,1,621111,1942.0,52498.58,5956909853.0
1,621 - Ambulatory Care,55,000,2023,0,0,621112,125.0,801.08,68706908.0
1,621 - Ambulatory Care,35,000,2018,0,1,621498,145.0,2303.41,125871353.0
1,621 - Ambulatory Care,37,000,2018,0,0,621320,636.0,5287.91,243762305.0
1,621 - Ambulatory Care,37,000,2020,0,0,621498,179.0,3021.0,159350685.0
1,621 - Ambulatory Care,32,000,2019,0,0,621330,306.0,1103.33,41348794.0
1,621 - Ambulatory Care,47,000,2018,0,0,621112,160.0,639.91,33480135.0
1,621 - Ambulatory Care,28,000,2024,0,0,621999,133.0,533.66,31412979.0
1,621 - Ambulatory Care,34,000,2018,0,1,621999,159.0,1314.16,88868973.0
1,621 - Ambulatory Care,34,000,2020,0,0,621492,222.0,3879.08,284762341.0
1,621 - Ambulatory Care,06,000,2024,0,0,621410,477.0,6941.75,479725019.0
1,621 - Ambulatory Care,47,000,2019,0,0,621492,177.0,3601.41,222597536.0
1,621 - Ambulatory Care,25,000,2019,0,0,621492,86.0,2317.83,158759797.0
1,621 - Ambulatory Care,47,000,2019,0,1,621399,440.0,2722.91,138377688.0
1,621 - Ambulatory Care,50,000,2018,0,0,621111,287.0,5113.5,465962122.0
1,621 - Ambulatory Care,23,000,2022,0,0,621910,87.0,1442.0,56985564.0
1,621 - Ambulatory Care,42,000,2023,0,0,621410,133.0,1095.25,73276061.0
1,621 - Ambulatory Care,48,000,2024,0,0,621492,901.0,13836.58,1031580000.0
1,621 - Ambulatory Care,23,000,2021,0,0,621610,126.0,3896.16,181081822.0
1,621 - Ambulatory Care,42,000,2019,0,0,621493,398.0,9527.33,610164236.0
1,621 - Ambulatory Care,42,000,2024,0,0,621340,2496.0,22235.08,1231685452.0
1,621 - Ambulatory Care,53,000,2023,0,0,621399,1245.0,5807.08,272246910.0
1,621 - Ambulatory Care,02,000,2020,0,0,621210,288.0,2185.83,110237410.0
1,621 - Ambulatory Care,18,000,2018,0,1,621491,11.0,0.0,0.0
1,621 - Ambulatory Care,18,000,2020,0,0,621610,678.0,22007.16,776626798.0
1,621 - Ambulatory Care,25,000,2021,0,0,621320,333.0,2147.58,130574123.0
1,621 - Ambulatory Care,25,000,2022,0,0,621493,51.0,3361.41,383761061.0
1,621 - Ambulatory Care,25,000,2023,0,0,621410,46.0,1109.75,74612431.0
1,621 - Ambulatory Care,50,000,2022,0,0,621330,67.0,457.66,21308156.0
1,621 - Ambulatory Care,51,000,2024,0,0,621511,914.0,7486.58,565805784.0
1,621 - Ambulatory Care,25,000,2023,0,0,621399,486.0,2336.83,123832215.0
1,621 - Ambulatory Care,25,000,2024,0,0,621399,531.0,2641.16,163422621.0
1,621 - Ambulatory Care,54,000,2023,0,0,621399,155.0,692.75,27727008.0
1,621 - Ambulatory Care,21,000,2020,0,0,621310,509.0,1762.91,67229891.0
1,621 - Ambulatory Care,39,000,2020,0,1,621112,287.0,2006.16,117293699.0
1,621 - Ambulatory Care,04,000,2024,0,1,621910,117.0,4628.0,366368272.0
1,621 - Ambulatory Care,11,000,2021,0,1,621493,4.0,0.0,0.0
1,621 - Ambulatory Care,0 ,000,2019,0,1,621210,131985.0,973391.58,51635768435.0
1,621 - Ambulatory Care,39,000,2021,0,1,621493,312.0,6705.41,422390880.0
1,621 - Ambulatory Care,54,000,2020,0,0,621991,6.0,84.83,3964754.0
1,621 - Ambulatory Care,54,000,2022,0,0,621991,6.0,104.25,5819512.0
1,621 - Ambulatory Care,11,000,2019,0,0,621399,56.0,237.16,16062413.0
1,621 - Ambulatory Care,04,000,2023,0,0,621310,890.0,3141.66,139697598.0
1,621 - Ambulatory Care,09,000,2022,0,0,621999,142.0,570.0,64589293.0
1,621 - Ambulatory Care,27,000,2021,0,0,621391,33.0,195.5,11379000.0
1,621 - Ambulatory Care,27,000,2022,0,0,621310,1240.0,4255.91,151549502.0
1,621 - Ambulatory Care,38,000,2022,0,0,621391,4.0,15.0,525462.0
1,621 - Ambulatory Care,41,000,2020,0,0,621112,97.0,360.5,24409564.0
1,621 - Ambulatory Care,09,000,2023,0,0,621111,2724.0,36737.25,4432374747.0
1,621 - Ambulatory Care,12,000,2023,0,0,621511,1453.0,16517.08,1271159931.0
1,621 - Ambulatory Care,12,000,2023,0,0,621330,3281.0,11673.08,593814342.0
1,621 - Ambulatory Care,27,000,2019,0,0,621340,489.0,4946.83,245338287.0
1,621 - Ambulatory Care,38,000,2022,0,0,621492,8.0,76.83,4827356.0
1,621 - Ambulatory Care,39,000,2023,0,0,621391,292.0,1407.25,68977114.0
1,621 - Ambulatory Care,10,000,2024,0,0,621399,99.0,371.41,19896462.0
1,621 - Ambulatory Care,30,000,2023,0,0,621991,23.0,259.58,16351193.0
1,621 - Ambulatory Care,36,000,2020,0,1,621610,1209.0,263821.91,8560417045.0
1,621 - Ambulatory Care,30,000,2022,0,0,621210,495.0,3739.08,208280416.0
1,621 - Ambulatory Care,40,000,2019,0,0,621511,194.0,2394.0,117531311.0
1,621 - Ambulatory Care,16,000,2018,0,1,621399,111.0,411.66,10411430.0
1,621 - Ambulatory Care,54,000,2021,0,0,621391,30.0,135.66,7609843.0
1,621 - Ambulatory Care,72,000,2024,0,0,621512,158.0,1562.16,59017893.0
1,621 - Ambulatory Care,21,000,2018,0,0,621391,63.0,373.83,18989049.0
1,621 - Ambulatory Care,39,000,2018,0,1,621491,51.0,201.0,19160371.0
1,621 - Ambulatory Care,0 ,000,2022,0,0,621399,31270.0,142376.0,8286013260.0
1,621 - Ambulatory Care,44,000,2018,0,1,621492,12.0,0.0,0.0
1,621 - Ambulatory Care,09,000,2024,0,0,621498,141.0,5028.5,390457386.0
1,621 - Ambulatory Care,12,000,2024,0,0,621420,938.0,16498.0,934542296.0
1,621 - Ambulatory Care,09,000,2022,0,0,621410,38.0,304.41,22781751.0
1,621 - Ambulatory Care,36,000,2023,0,0,621320,866.0,4803.58,247361170.0
1,621 - Ambulatory Care,41,000,2018,0,0,621320,267.0,1930.5,77138538.0
1,621 - Ambulatory Care,27,000,2021,0,0,621512,38.0,952.83,72609940.0
1,621 - Ambulatory Care,32,000,2024,0,0,621991,37.0,1285.16,80444164.0
1,621 - Ambulatory Care,37,000,2022,0,0,621330,866.0,4171.25,192345980.0
1,621 - Ambulatory Care,48,000,2019,0,1,621210,11335.0,78169.25,4084404237.0
1,621 - Ambulatory Care,32,000,2021,0,0,621391,60.0,264.33,11132324.0
1,621 - Ambulatory Care,32,000,2023,0,0,621111,2693.0,26147.41,2559387249.0
1,621 - Ambulatory Care,37,000,2021,0,0,621610,1243.0,42154.41,1499662832.0
1,621 - Ambulatory Care,20,000,2021,0,0,621399,177.0,949.58,59255672.0
1,621 - Ambulatory Care,45,000,2024,0,0,621210,1843.0,15934.83,1109273050.0
1,621 - Ambulatory Care,46,000,2020,0,0,621210,306.0,2736.33,170532079.0
1,621 - Ambulatory Care,46,000,2020,0,1,621491,2.0,0.0,0.0
1,621 - Ambulatory Care,20,000,2020,0,1,621910,29.0,765.5,39871284.0
1,621 - Ambulatory Care,20,000,2021,0,0,621512,56.0,377.5,32157815.0
1,621 - Ambulatory Care,20,000,2024,0,0,621610,299.0,8249.91,359901570.0
1,621 - Ambulatory Care,24,000,2019,0,0,621910,66.0,2450.25,89308294.0
1,621 - Ambulatory Care,45,000,2021,0,0,621340,506.0,4676.91,231737593.0
1,621 - Ambulatory Care,20,000,2020,0,0,621999,87.0,463.91,24915789.0
1,621 - Ambulatory Care,46,000,2019,0,1,621410,5.0,0.0,0.0
1,621 - Ambulatory Care,46,000,2020,0,0,621111,315.0,8148.08,1002850414.0
1,621 - Ambulatory Care,46,000,2020,0,0,621310,235.0,799.91,29449331.0
1,621 - Ambulatory Care,16,000,2020,0,1,621399,144.0,437.16,12509150.0
1,621 - Ambulatory Care,34,000,2021,0,0,621492,227.0,3716.0,266446854.0
1,621 - Ambulatory Care,46,000,2023,0,0,621610,77.0,2125.33,90471767.0
1,621 - Ambulatory Care,34,000,2023,0,0,621310,1096.0,4273.25,206027912.0
1,621 - Ambulatory Care,78,000,2024,0,0,621310,12.0,38.25,1766229.0
1,621 - Ambulatory Care,02,000,2022,0,1,621991,6.0,0.0,0.0
1,621 - Ambulatory Care,78,000,2022,0,1,621391,1.0,0.0,0.0
1,621 - Ambulatory Care,78,000,2022,0,0,621511,8.0,48.83,2880374.0
1,621 - Ambulatory Care,78,000,2023,0,1,621498,1.0,0.0,0.0
1,621 - Ambulatory Care,01,000,2021,0,0,621320,368.0,2330.75,102473534.0
1,621 - Ambulatory Care,01,000,2022,0,0,621320,381.0,2467.16,111635012.0
1,621 - Ambulatory Care,18,000,2023,0,0,621340,1106.0,13861.25,644161438.0
1,621 - Ambulatory Care,22,000,2023,0,1,621492,210.0,0.0,0.0
1,621 - Ambulatory Care,31,000,2019,0,0,621492,32.0,502.33,28421622.0
1,621 - Ambulatory Care,33,000,2018,0,0,621112,34.0,243.16,16043410.0
1,621 - Ambulatory Care,33,000,2020,0,0,621111,693.0,14301.08,1712340526.0
1,621 - Ambulatory Care,31,000,2020,0,1,621498,137.0,6158.08,520503701.0
1,621 - Ambulatory Care,05,000,2022,0,0,621391,37.0,181.91,10812327.0
1,621 - Ambulatory Care,45,000,2018,0,0,621492,174.0,2580.75,127449684.0
1,621 - Ambulatory Care,55,000,2019,0,0,621420,177.0,2679.0,111153422.0
1,621 - Ambulatory Care,31,000,2024,0,0,621492,30.0,488.58,33524781.0
1,621 - Ambulatory Care,49,000,2019,0,1,621492,21.0,263.58,14473947.0
1,621 - Ambulatory Care,51,000,2022,0,0,621492,249.0,3438.08,223122795.0
1,621 - Ambulatory Care,56,000,2023,0,1,621910,25.0,290.66,24230307.0
1,621 - Ambulatory Care,51,000,2019,0,1,621111,4724.0,71704.0,6787690507.0
1,621 - Ambulatory Care,49,000,2023,0,0,621330,721.0,4197.41,162072041.0
1,621 - Ambulatory Care,38,000,2020,0,1,621498,7.0,0.0,0.0
1,621 - Ambulatory Care,45,000,2019,0,0,621493,88.0,1542.5,89073551.0
1,621 - Ambulatory Care,02,000,2021,0,0,621111,382.0,8840.5,747854210.0
1,621 - Ambulatory Care,16,000,2024,0,0,621399,387.0,914.66,40178319.0
1,621 - Ambulatory Care,46,000,2023,0,1,621492,11.0,0.0,0.0
1,621 - Ambulatory Care,34,000,2021,0,0,621210,4456.0,30101.33,1777728494.0
1,621 - Ambulatory Care,34,000,2023,0,0,621512,292.0,4588.0,335792283.0
1,621 - Ambulatory Care,78,000,2021,0,1,621999,4.0,0.0,0.0
1,621 - Ambulatory Care,78,000,2020,0,1,621391,2.0,0.0,0.0
1,621 - Ambulatory Care,31,000,2019,0,1,621498,137.0,6053.5,487203793.0
1,621 - Ambulatory Care,26,000,2019,0,0,621420,181.0,6919.33,352361094.0
1,621 - Ambulatory Care,22,000,2021,0,1,621999,197.0,883.08,48660405.0
1,621 - Ambulatory Care,22,000,2022,0,1,621340,847.0,7788.5,333570527.0
1,621 - Ambulatory Care,33,000,2020,0,0,621391,22.0,90.66,6276305.0
1,621 - Ambulatory Care,04,000,2021,0,1,621910,111.0,4465.75,287458014.0
1,621 - Ambulatory Care,01,000,2023,0,0,621111,3340.0,44819.0,4164934216.0
1,621 - Ambulatory Care,18,000,2022,0,0,621310,672.0,2882.16,110763734.0
1,621 - Ambulatory Care,20,000,2018,0,0,621420,134.0,3464.0,117212110.0
1,621 - Ambulatory Care,44,000,2023,0,0,621999,42.0,280.41,30022656.0
1,621 - Ambulatory Care,04,000,2020,0,0,621511,238.0,6653.91,418167765.0
1,621 - Ambulatory Care,04,000,2019,0,0,621511,234.0,6301.5,385510989.0
1,621 - Ambulatory Care,05,000,2021,0,0,621610,313.0,6457.91,274396856.0
1,621 - Ambulatory Care,17,000,2018,0,1,621399,745.0,3380.66,168360980.0
1,621 - Ambulatory Care,55,000,2018,0,0,621210,1919.0,18000.0,1064826519.0
1,621 - Ambulatory Care,51,000,2020,0,1,621330,707.0,3487.33,158094803.0
1,621 - Ambulatory Care,51,000,2021,0,0,621391,148.0,823.08,48317709.0
1,621 - Ambulatory Care,49,000,2023,0,0,621310,500.0,1985.75,65975439.0
1,621 - Ambulatory Care,12,000,2022,0,0,621420,866.0,14836.83,753911463.0
1,621 - Ambulatory Care,49,000,2024,0,0,621210,1833.0,15214.16,698551870.0
1,621 - Ambulatory Care,56,000,2021,0,0,621111,327.0,3803.41,343595017.0
1,621 - Ambulatory Care,38,000,2018,0,0,621320,66.0,599.91,31125016.0
1,621 - Ambulatory Care,56,000,2023,0,0,621310,101.0,373.16,13941921.0
1,621 - Ambulatory Care,12,000,2022,0,0,621910,183.0,5300.83,287562536.0
1,621 - Ambulatory Care,12,000,2018,0,0,621210,7951.0,55199.58,2933597791.0
1,621 - Ambulatory Care,51,000,2020,0,1,621111,4779.0,71090.91,6959516590.0
1,621 - Ambulatory Care,32,000,2018,0,0,621391,59.0,244.83,9455401.0
1,621 - Ambulatory Care,32,000,2019,0,1,621112,91.0,272.25,18776224.0
1,621 - Ambulatory Care,55,000,2020,0,0,621999,109.0,711.58,38254513.0
1,621 - Ambulatory Care,35,000,2021,0,0,621610,243.0,14608.66,354261048.0
1,621 - Ambulatory Care,37,000,2018,0,1,621512,135.0,1701.25,92061561.0
1,621 - Ambulatory Care,37,000,2018,0,0,621991,43.0,2577.33,104613521.0
1,621 - Ambulatory Care,13,000,2022,0,0,621999,413.0,2169.33,154551813.0
1,621 - Ambulatory Care,26,000,2024,0,1,621330,1064.0,5936.0,282965640.0
1,621 - Ambulatory Care,33,000,2023,0,0,621310,160.0,485.08,20381605.0
1,621 - Ambulatory Care,33,000,2024,0,1,621491,2.0,0.0,0.0
1,621 - Ambulatory Care,33,000,2024,0,0,621610,152.0,4179.91,243111967.0
1,621 - Ambulatory Care,06,000,2021,0,0,621511,1750.0,31903.66,4745081842.0
1,621 - Ambulatory Care,06,000,2023,0,0,621340,5017.0,47515.91,2417312073.0
1,621 - Ambulatory Care,26,000,2023,0,0,621498,201.0,4781.0,295244164.0
1,621 - Ambulatory Care,47,000,2020,0,0,621391,118.0,603.33,32278400.0
1,621 - Ambulatory Care,13,000,2022,0,0,621310,1322.0,4531.33,182106961.0
1,621 - Ambulatory Care,10,000,2020,0,0,621111,586.0,7133.75,666222621.0
1,621 - Ambulatory Care,50,000,2024,0,1,621999,58.0,0.0,0.0
1,621 - Ambulatory Care,27,000,2024,0,0,621991,47.0,2851.33,248238662.0
1,621 - Ambulatory Care,29,000,2019,0,0,621910,162.0,4644.0,213729881.0
1,621 - Ambulatory Care,50,000,2022,0,0,621111,283.0,5364.41,590173044.0
1,621 - Ambulatory Care,54,000,2024,0,0,621330,123.0,856.5,41760336.0
1,621 - Ambulatory Care,47,000,2023,0,0,621512,145.0,1712.16,154884494.0
1,621 - Ambulatory Care,18,000,2020,0,0,621991,56.0,2348.91,109083741.0
1,621 - Ambulatory Care,23,000,2024,0,0,621330,288.0,967.41,49971667.0
1,621 - Ambulatory Care,53,000,2022,0,0,621991,38.0,2125.75,150793981.0
1,621 - Ambulatory Care,02,000,2019,0,0,621112,15.0,63.25,4588770.0
1,621 - Ambulatory Care,18,000,2019,0,0,621310,663.0,2857.0,94740858.0
1,621 - Ambulatory Care,18,000,2020,0,0,621410,46.0,402.41,18674481.0
1,621 - Ambulatory Care,02,000,2018,0,0,621210,292.0,2430.25,118068076.0
1,621 - Ambulatory Care,24,000,2018,0,0,621991,46.0,1148.25,67946742.0
1,621 - Ambulatory Care,04,000,2024,0,0,621391,150.0,704.91,43666426.0
1,621 - Ambulatory Care,21,000,2018,0,1,621512,68.0,528.91,38481741.0
1,621 - Ambulatory Care,39,000,2018,0,0,621910,289.0,7723.33,263410234.0
1,621 - Ambulatory Care,54,000,2021,0,0,621999,108.0,536.0,25308620.0
1,621 - Ambulatory Care,72,000,2022,0,0,621210,803.0,3582.66,83842108.0
1,621 - Ambulatory Care,16,000,2018,0,0,621391,33.0,172.58,5128649.0
1,621 - Ambulatory Care,0 ,000,2022,0,1,621511,21359.0,237500.33,18395223589.0
1,621 - Ambulatory Care,17,000,2023,0,0,621991,74.0,2898.16,174169124.0
1,621 - Ambulatory Care,04,000,2023,0,1,621999,429.0,10018.75,924738604.0
1,621 - Ambulatory Care,11,000,2022,0,1,621493,5.0,0.0,0.0
1,621 - Ambulatory Care,39,000,2020,0,0,621310,1317.0,5138.5,183141844.0
1,621 - Ambulatory Care,30,000,2022,0,0,621111,528.0,7721.66,832170811.0
1,621 - Ambulatory Care,22,000,2020,0,1,621340,802.0,6969.91,302173590.0
1,621 - Ambulatory Care,30,000,2020,0,1,621491,1.0,0.0,0.0
1,621 - Ambulatory Care,30,000,2019,0,0,621410,13.0,95.41,4105577.0
1,621 - Ambulatory Care,36,000,2020,0,0,621391,876.0,2907.75,128694760.0
1,621 - Ambulatory Care,40,000,2018,0,0,621511,231.0,2323.16,114305913.0
1,621 - Ambulatory Care,40,000,2018,0,0,621991,31.0,1370.08,62054767.0
1,621 - Ambulatory Care,22,000,2020,0,0,621610,657.0,19302.66,696015954.0
1,621 - Ambulatory Care,30,000,2023,0,0,621210,524.0,3842.66,224348393.0
1,621 - Ambulatory Care,36,000,2018,0,0,621511,776.0,10027.75,726364449.0
1,621 - Ambulatory Care,39,000,2022,0,0,621991,78.0,4026.58,217667703.0
1,621 - Ambulatory Care,41,000,2021,0,0,621320,254.0,1966.16,89434083.0
1,621 - Ambulatory Care,27,000,2023,0,0,621511,130.0,2323.66,187058997.0
1,621 - Ambulatory Care,36,000,2022,0,1,621910,341.0,11766.08,527388284.0
1,621 - Ambulatory Care,09,000,2022,0,1,621910,81.0,3033.33,160502539.0
1,621 - Ambulatory Care,27,000,2018,0,0,621491,66.0,3706.91,435716551.0
1,621 - Ambulatory Care,38,000,2022,0,0,621420,29.0,316.08,17247386.0
1,621 - Ambulatory Care,48,000,2020,0,0,621330,1583.0,6719.33,326465822.0
1,621 - Ambulatory Care,32,000,2022,0,0,621910,31.0,1939.66,121698846.0
1,621 - Ambulatory Care,48,000,2020,0,1,621512,684.0,7999.5,512294979.0
1,621 - Ambulatory Care,05,000,2018,0,0,621310,320.0,1033.66,35820742.0
1,621 - Ambulatory Care,05,000,2020,0,0,621420,135.0,1953.0,80149519.0
1,621 - Ambulatory Care,20,000,2021,0,0,621610,275.0,7777.0,308709240.0
1,621 - Ambulatory Care,24,000,2022,0,0,621492,208.0,3039.5,195261183.0
1,621 - Ambulatory Care,46,000,2019,0,0,621111,315.0,7969.66,940306718.0
1,621 - Ambulatory Care,05,000,2019,0,0,621991,25.0,599.58,23458591.0
1,621 - Ambulatory Care,45,000,2024,0,0,621340,626.0,5370.33,279165604.0
1,621 - Ambulatory Care,45,000,2024,0,1,621498,183.0,2704.5,174715540.0
1,621 - Ambulatory Care,46,000,2019,0,0,621910,43.0,620.75,18421681.0
1,621 - Ambulatory Care,05,000,2020,0,0,621340,651.0,5101.83,234825387.0
1,621 - Ambulatory Care,24,000,2021,0,0,621999,215.0,3145.08,266972950.0
1,621 - Ambulatory Care,45,000,2019,0,1,621498,110.0,1747.58,98429465.0
1,621 - Ambulatory Care,78,000,2021,0,1,621492,2.0,0.0,0.0
1,621 - Ambulatory Care,16,000,2024,0,0,621512,71.0,517.75,55180213.0
1,621 - Ambulatory Care,34,000,2023,0,0,621320,603.0,3802.16,221413901.0
1,621 - Ambulatory Care,56,000,2024,0,0,621512,21.0,225.41,24773617.0
1,621 - Ambulatory Care,34,000,2021,0,1,621999,238.0,1845.16,166145206.0
1,621 - Ambulatory Care,78,000,2022,0,0,621111,83.0,548.66,32400684.0
1,621 - Ambulatory Care,02,000,2021,0,0,621512,15.0,153.75,11771279.0
1,621 - Ambulatory Care,16,000,2023,0,0,621330,268.0,1825.41,72734811.0
1,621 - Ambulatory Care,33,000,2019,0,0,621112,33.0,251.33,17393475.0
1,621 - Ambulatory Care,31,000,2021,0,0,621391,31.0,179.5,9733509.0
1,621 - Ambulatory Care,22,000,2021,0,1,621340,820.0,7369.33,311588239.0
1,621 - Ambulatory Care,31,000,2019,0,0,621493,70.0,1187.5,72338572.0
1,621 - Ambulatory Care,20,000,2019,0,0,621420,131.0,3447.0,119230566.0
1,621 - Ambulatory Care,44,000,2024,0,0,621330,262.0,1563.25,77986499.0
1,621 - Ambulatory Care,01,000,2020,0,1,621493,77.0,196.5,15113476.0
1,621 - Ambulatory Care,20,000,2018,0,0,621340,262.0,3481.41,140516845.0
1,621 - Ambulatory Care,44,000,2020,0,0,621320,74.0,644.66,33230832.0
1,621 - Ambulatory Care,01,000,2024,0,0,621991,61.0,1482.75,75244962.0
1,621 - Ambulatory Care,49,000,2019,0,0,621910,37.0,1316.41,57360408.0
1,621 - Ambulatory Care,12,000,2020,0,1,621610,3938.0,77321.41,3443038114.0
1,621 - Ambulatory Care,35,000,2021,0,0,621391,29.0,242.91,12885465.0
1,621 - Ambulatory Care,35,000,2023,0,0,621310,187.0,669.0,25976689.0
1,621 - Ambulatory Care,55,000,2022,0,0,621210,1816.0,18511.25,1275089873.0
1,621 - Ambulatory Care,55,000,2024,0,0,621610,443.0,12787.33,677551458.0
1,621 - Ambulatory Care,35,000,2022,0,0,621410,15.0,88.16,4199909.0
1,621 - Ambulatory Care,37,000,2018,0,0,621391,117.0,805.66,32284680.0
1,621 - Ambulatory Care,55,000,2020,0,0,621492,117.0,1570.91,89117212.0
1,621 - Ambulatory Care,26,000,2023,0,1,621330,956.0,5076.33,243386089.0
1,621 - Ambulatory Care,34,000,2018,0,0,621491,12.0,448.33,37469666.0
1,621 - Ambulatory Care,47,000,2020,0,0,621410,47.0,572.25,26529219.0
1,621 - Ambulatory Care,06,000,2024,0,0,621310,4092.0,13017.16,551129863.0
1,621 - Ambulatory Care,25,000,2020,0,1,621420,376.0,10107.5,461754155.0
1,621 - Ambulatory Care,28,000,2024,0,0,621991,24.0,657.66,31430203.0
1,621 - Ambulatory Care,10,000,2020,0,0,621498,48.0,511.08,27229276.0
1,621 - Ambulatory Care,47,000,2018,0,0,621999,182.0,1608.08,99654878.0
1,621 - Ambulatory Care,28,000,2024,0,0,621498,144.0,1448.41,92041378.0
1,621 - Ambulatory Care,28,000,2024,0,0,621910,69.0,2419.16,150213583.0
1,621 - Ambulatory Care,34,000,2020,0,0,621111,7456.0,75331.58,7764788664.0
1,621 - Ambulatory Care,26,000,2022,0,1,621330,749.0,4153.08,195957777.0
1,621 - Ambulatory Care,33,000,2024,0,0,621493,56.0,1095.91,70387116.0
1,621 - Ambulatory Care,13,000,2021,0,0,621999,268.0,1939.58,109518020.0
1,621 - Ambulatory Care,29,000,2019,0,1,621511,192.0,2757.25,169949769.0
1,621 - Ambulatory Care,29,000,2019,0,0,621991,50.0,2206.08,94505683.0
1,621 - Ambulatory Care,29,000,2018,0,1,621512,107.0,639.83,37810598.0
1,621 - Ambulatory Care,53,000,2024,0,0,621420,316.0,10372.5,705809036.0
1,621 - Ambulatory Care,41,000,2022,0,0,621391,69.0,384.5,20994688.0
1,621 - Ambulatory Care,41,000,2022,0,1,621610,186.0,6085.0,291290278.0
1,621 - Ambulatory Care,41,000,2023,0,0,621512,74.0,644.91,49052246.0
1,621 - Ambulatory Care,41,000,2024,0,1,621910,51.0,2264.08,184150210.0
1,621 - Ambulatory Care,47,000,2023,0,0,621111,4855.0,74574.91,7481042447.0
1,621 - Ambulatory Care,02,000,2019,0,0,621498,38.0,1839.91,123336859.0
1,621 - Ambulatory Care,18,000,2020,0,0,621112,146.0,649.66,36906260.0
1,621 - Ambulatory Care,23,000,2023,0,0,621210,439.0,4153.41,293437973.0
1,621 - Ambulatory Care,08,000,2020,0,0,621112,243.0,784.41,47033411.0
1,621 - Ambulatory Care,08,000,2020,0,1,621512,117.0,1304.66,94061903.0
1,621 - Ambulatory Care,08,000,2024,0,0,621991,48.0,1497.5,97262659.0
1,621 - Ambulatory Care,49,000,2018,0,0,621391,70.0,328.58,10746457.0
1,621 - Ambulatory Care,50,000,2021,0,1,621910,35.0,48.91,2299834.0
1,621 - Ambulatory Care,12,000,2023,0,0,621910,196.0,5243.41,299722816.0
1,621 - Ambulatory Care,38,000,2021,0,0,621991,12.0,335.91,16474830.0
1,621 - Ambulatory Care,39,000,2024,0,0,621410,71.0,691.08,36067602.0
1,621 - Ambulatory Care,27,000,2020,0,0,621512,38.0,890.83,64645963.0
1,621 - Ambulatory Care,38,000,2024,0,0,621330,172.0,439.16,28026962.0
1,621 - Ambulatory Care,09,000,2021,0,1,621999,111.0,0.0,0.0
1,621 - Ambulatory Care,38,000,2023,0,0,621420,35.0,378.25,21658600.0
1,621 - Ambulatory Care,29,000,2020,0,0,621910,159.0,4518.66,231842077.0
1,621 - Ambulatory Care,10,000,2022,0,0,621340,158.0,1582.58,88472993.0
1,621 - Ambulatory Care,10,000,2023,0,0,621512,54.0,440.58,27762299.0
1,621 - Ambulatory Care,15,000,2024,0,0,621420,65.0,444.41,23215427.0
1,621 - Ambulatory Care,19,000,2020,0,0,621493,23.0,1095.58,69676078.0
1,621 - Ambulatory Care,29,000,2021,0,1,621498,170.0,2867.25,165906473.0
1,621 - Ambulatory Care,29,000,2022,0,0,621512,107.0,789.66,50990282.0
1,621 - Ambulatory Care,29,000,2024,0,0,621492,149.0,1681.08,111591511.0
1,621 - Ambulatory Care,40,000,2022,0,0,621320,381.0,2586.41,107633524.0
1,621 - Ambulatory Care,19,000,2020,0,0,621399,145.0,426.66,22858614.0
1,621 - Ambulatory Care,15,000,2022,0,1,621493,29.0,369.5,33956797.0
1,621 - Ambulatory Care,19,000,2020,0,1,621492,62.0,0.0,0.0
1,621 - Ambulatory Care,26,000,2019,0,0,621910,114.0,5953.16,239753723.0
1,621 - Ambulatory Care,26,000,2018,0,0,621999,215.0,1762.5,95328778.0
1,621 - Ambulatory Care,31,000,2019,0,1,621330,214.0,649.0,21208824.0
1,621 - Ambulatory Care,31,000,2019,0,0,621910,42.0,870.5,36804462.0
1,621 - Ambulatory Care,29,000,2023,0,0,621420,370.0,9273.91,557747886.0
1,621 - Ambulatory Care,29,000,2023,0,0,621493,134.0,1809.91,113558246.0
1,621 - Ambulatory Care,10,000,2021,0,0,621910,15.0,253.0,9850219.0
1,621 - Ambulatory Care,29,000,2022,0,0,621991,49.0,1948.33,99860932.0
1,621 - Ambulatory Care,40,000,2023,0,0,621498,130.0,2417.58,151970746.0
1,621 - Ambulatory Care,10,000,2022,0,0,621512,51.0,403.0,24860080.0
1,621 - Ambulatory Care,15,000,2022,0,0,621410,7.0,49.91,3339576.0
1,621 - Ambulatory Care,48,000,2019,0,0,621493,975.0,17429.08,1058333813.0
1,621 - Ambulatory Care,06,000,2019,0,0,621310,4080.0,12137.66,412908245.0
1,621 - Ambulatory Care,06,000,2019,0,0,621512,837.0,9990.83,893095728.0
1,621 - Ambulatory Care,37,000,2021,0,1,621512,143.0,1897.41,113959000.0
1,621 - Ambulatory Care,37,000,2024,0,0,621999,412.0,2119.25,176949107.0
1,621 - Ambulatory Care,24,000,2020,0,0,621391,196.0,971.91,56004327.0
1,621 - Ambulatory Care,20,000,2024,0,0,621991,14.0,745.66,48637579.0
1,621 - Ambulatory Care,46,000,2018,0,0,621991,10.0,195.0,7924566.0
1,621 - Ambulatory Care,34,000,2023,0,0,621340,1828.0,17759.25,977559861.0
1,621 - Ambulatory Care,46,000,2023,0,0,621493,13.0,173.66,9955589.0
1,621 - Ambulatory Care,34,000,2024,0,0,621610,994.0,50797.58,2261096102.0
1,621 - Ambulatory Care,34,000,2021,0,1,621420,363.0,6949.41,351864150.0
1,621 - Ambulatory Care,34,000,2022,0,0,621310,1110.0,4269.5,195420268.0
1,621 - Ambulatory Care,34,000,2022,0,0,621330,723.0,5774.0,249487137.0
1,621 - Ambulatory Care,78,000,2024,0,1,621999,6.0,0.0,0.0
1,621 - Ambulatory Care,04,000,2019,0,0,621210,2487.0,19338.75,972861870.0
1,621 - Ambulatory Care,44,000,2021,0,0,621310,104.0,344.25,14717226.0
1,621 - Ambulatory Care,44,000,2022,0,0,621320,76.0,735.83,45077293.0
1,621 - Ambulatory Care,01,000,2019,0,0,621610,466.0,13120.83,627961795.0
1,621 - Ambulatory Care,04,000,2022,0,1,621112,300.0,1557.83,109472260.0
1,621 - Ambulatory Care,04,000,2020,0,1,621340,814.0,8166.0,349543508.0
1,621 - Ambulatory Care,18,000,2022,0,0,621330,586.0,4943.41,202108599.0
1,621 - Ambulatory Care,33,000,2018,0,0,621493,35.0,884.08,49982746.0
1,621 - Ambulatory Care,33,000,2019,0,0,621111,696.0,14583.5,1649581071.0
1,621 - Ambulatory Care,53,000,2019,0,0,621391,96.0,466.0,16747197.0
1,621 - Ambulatory Care,53,000,2021,0,1,621491,73.0,0.0,0.0
1,621 - Ambulatory Care,21,000,2022,0,0,621330,356.0,1607.75,73202941.0
1,621 - Ambulatory Care,22,000,2020,0,0,621491,14.0,273.33,21194392.0
1,621 - Ambulatory Care,22,000,2018,0,0,621320,237.0,1471.41,54025932.0
1,621 - Ambulatory Care,30,000,2024,0,0,621999,74.0,252.75,19659017.0
1,621 - Ambulatory Care,21,000,2022,0,0,621420,409.0,6323.83,289837306.0
1,621 - Ambulatory Care,36,000,2019,0,0,621512,495.0,6591.83,478092096.0
1,621 - Ambulatory Care,53,000,2020,0,0,621112,133.0,717.08,36038677.0
1,621 - Ambulatory Care,05,000,2021,0,0,621512,49.0,224.0,23183065.0
1,621 - Ambulatory Care,17,000,2019,0,0,621210,5623.0,38290.33,1981531838.0
1,621 - Ambulatory Care,17,000,2019,0,1,621340,1454.0,21652.33,1003071586.0
1,621 - Ambulatory Care,31,000,2024,0,0,621340,434.0,3520.08,168680195.0
1,621 - Ambulatory Care,15,000,2019,0,0,621310,114.0,279.0,11351717.0
1,621 - Ambulatory Care,15,000,2019,0,0,621399,175.0,934.16,43846063.0
1,621 - Ambulatory Care,12,000,2019,0,0,621210,8208.0,58475.83,3162856885.0
1,621 - Ambulatory Care,12,000,2022,0,0,621210,8892.0,66025.25,4161172570.0
1,621 - Ambulatory Care,49,000,2021,0,1,621340,409.0,3512.0,122828686.0
1,621 - Ambulatory Care,51,000,2020,0,0,621391,146.0,756.41,43638283.0
1,621 - Ambulatory Care,51,000,2021,0,0,621991,53.0,1862.66,121485051.0
1,621 - Ambulatory Care,49,000,2022,0,0,621399,509.0,1606.0,72150926.0
1,621 - Ambulatory Care,49,000,2022,0,0,621910,43.0,1414.83,76807440.0
1,621 - Ambulatory Care,51,000,2020,0,1,621492,244.0,3325.83,205014971.0
1,621 - Ambulatory Care,12,000,2020,0,0,621492,553.0,8448.5,514718433.0
1,621 - Ambulatory Care,38,000,2019,0,1,621991,13.0,0.0,0.0
1,621 - Ambulatory Care,55,000,2020,0,0,621112,119.0,694.83,56170637.0
1,621 - Ambulatory Care,37,000,2019,0,1,621330,548.0,2953.66,106386915.0
1,621 - Ambulatory Care,55,000,2021,0,0,621320,325.0,2474.16,107309077.0
1,621 - Ambulatory Care,35,000,2023,0,0,621410,18.0,99.5,5552978.0
1,621 - Ambulatory Care,55,000,2022,0,0,621112,114.0,750.58,64344314.0
1,621 - Ambulatory Care,09,000,2018,0,0,621391,123.0,489.33,26481339.0
1,621 - Ambulatory Care,13,000,2018,0,1,621493,170.0,2645.58,161658602.0
1,621 - Ambulatory Care,21,000,2023,0,0,621493,126.0,3518.83,362026893.0
1,621 - Ambulatory Care,30,000,2019,0,1,621492,12.0,0.0,0.0
1,621 - Ambulatory Care,36,000,2020,0,1,621910,344.0,11968.0,469652391.0
1,621 - Ambulatory Care,21,000,2024,0,0,621420,510.0,7656.41,385725693.0
1,621 - Ambulatory Care,53,000,2019,0,0,621999,61.0,472.33,26860444.0
1,621 - Ambulatory Care,0 ,000,2022,0,1,621493,8686.0,178022.91,12577981662.0
1,621 - Ambulatory Care,72,000,2021,0,1,621111,3542.0,15002.0,479719130.0
1,621 - Ambulatory Care,0 ,000,2024,0,1,621112,15808.0,83558.33,6536179698.0
1,621 - Ambulatory Care,11,000,2021,0,1,621491,3.0,0.0,0.0
1,621 - Ambulatory Care,16,000,2019,0,1,621399,121.0,391.83,10623530.0
1,621 - Ambulatory Care,21,000,2021,0,0,621910,131.0,2509.25,121635550.0
1,621 - Ambulatory Care,17,000,2020,0,0,621320,719.0,4822.16,221357649.0
1,621 - Ambulatory Care,72,000,2023,0,0,621420,45.0,747.41,27514331.0
1,621 - Ambulatory Care,0 ,000,2020,0,0,621420,12833.0,281014.91,13306679900.0
1,621 - Ambulatory Care,0 ,000,2024,0,0,621391,6618.0,32971.5,2024495626.0
1,621 - Ambulatory Care,17,000,2020,0,0,621310,1849.0,6358.0,231862436.0
1,621 - Ambulatory Care,72,000,2023,0,0,621210,820.0,3750.66,94205578.0
1,621 - Ambulatory Care,54,000,2019,0,1,621410,2.0,0.0,0.0
1,621 - Ambulatory Care,72,000,2020,0,0,621420,48.0,654.41,23212500.0
1,621 - Ambulatory Care,72,000,2020,0,0,621491,98.0,2858.16,116732943.0
1,621 - Ambulatory Care,38,000,2021,0,0,621999,66.0,361.66,16630883.0
1,621 - Ambulatory Care,39,000,2022,0,0,621391,300.0,1438.83,67579552.0
1,621 - Ambulatory Care,27,000,2022,0,0,621910,89.0,2783.5,177033762.0
1,621 - Ambulatory Care,36,000,2024,0,0,621391,785.0,2855.33,146428861.0
1,621 - Ambulatory Care,36,000,2022,0,0,621320,837.0,4760.41,243171108.0
1,621 - Ambulatory Care,38,000,2024,0,0,621410,9.0,68.58,2959024.0
1,621 - Ambulatory Care,27,000,2020,0,0,621420,169.0,4156.08,210213742.0
1,621 - Ambulatory Care,27,000,2022,0,0,621512,43.0,940.25,70670135.0
1,621 - Ambulatory Care,38,000,2024,0,0,621512,19.0,52.75,5129890.0
1,621 - Ambulatory Care,32,000,2021,0,0,621310,313.0,1332.66,57176615.0
1,621 - Ambulatory Care,37,000,2021,0,1,621399,719.0,3289.91,204092928.0
1,621 - Ambulatory Care,32,000,2023,0,0,621512,107.0,2390.66,182706969.0
1,621 - Ambulatory Care,20,000,2023,0,0,621330,248.0,1193.33,51990146.0
1,621 - Ambulatory Care,24,000,2022,0,0,621991,48.0,1104.0,79365392.0
1,621 - Ambulatory Care,45,000,2022,0,0,621511,542.0,2775.08,205607230.0
1,621 - Ambulatory Care,24,000,2020,0,0,621512,180.0,2502.58,180141993.0
1,621 - Ambulatory Care,45,000,2021,0,0,621399,283.0,1648.83,77607613.0
1,621 - Ambulatory Care,24,000,2020,0,0,621330,378.0,2328.58,118857640.0
1,621 - Ambulatory Care,24,000,2021,0,0,621511,777.0,3997.5,313451606.0
1,621 - Ambulatory Care,02,000,2024,0,0,621210,271.0,2452.0,143044733.0
1,621 - Ambulatory Care,46,000,2023,0,1,621391,6.0,0.0,0.0
1,621 - Ambulatory Care,34,000,2021,0,0,621391,379.0,1908.5,93054697.0
1,621 - Ambulatory Care,18,000,2022,0,1,621498,196.0,0.0,0.0
1,621 - Ambulatory Care,01,000,2023,0,0,621210,1528.0,12802.91,749378478.0
1,621 - Ambulatory Care,20,000,2019,0,0,621492,63.0,832.75,42830788.0
1,621 - Ambulatory Care,44,000,2021,0,0,621491,12.0,182.0,11412102.0
1,621 - Ambulatory Care,44,000,2021,0,0,621610,254.0,4769.33,199760509.0
1,621 - Ambulatory Care,44,000,2023,0,0,621610,279.0,5305.16,244038813.0
1,621 - Ambulatory Care,33,000,2020,0,0,621492,21.0,334.58,22947936.0
1,621 - Ambulatory Care,22,000,2024,0,0,621991,53.0,1280.0,69344695.0
1,621 - Ambulatory Care,26,000,2021,0,0,621511,225.0,2237.75,126605936.0
1,621 - Ambulatory Care,33,000,2021,0,0,621493,52.0,1099.5,62628921.0
1,621 - Ambulatory Care,05,000,2024,0,0,621492,73.0,1046.91,65495843.0
1,621 - Ambulatory Care,55,000,2019,0,0,621310,1052.0,3847.25,136744630.0
1,621 - Ambulatory Care,17,000,2018,0,0,621410,86.0,701.83,28149905.0
1,621 - Ambulatory Care,12,000,2022,0,0,621610,4337.0,76451.25,3700152734.0
1,621 - Ambulatory Care,51,000,2021,0,0,621210,3340.0,26556.58,1713169615.0
1,621 - Ambulatory Care,12,000,2021,0,0,621512,785.0,10929.75,705587806.0
1,621 - Ambulatory Care,55,000,2020,0,0,621512,62.0,573.08,39160642.0
1,621 - Ambulatory Care,37,000,2019,0,0,621112,389.0,2043.75,106675726.0
1,621 - Ambulatory Care,09,000,2019,0,0,621610,247.0,14866.91,684909527.0
1,621 - Ambulatory Care,35,000,2022,0,0,621999,113.0,702.75,69921809.0
1,621 - Ambulatory Care,25,000,2018,0,0,621498,174.0,6348.58,411065401.0
1,621 - Ambulatory Care,33,000,2018,0,0,621420,92.0,2888.75,130397703.0
1,621 - Ambulatory Care,30,000,2020,0,0,621493,20.0,388.41,22252891.0
1,621 - Ambulatory Care,36,000,2018,0,0,621491,24.0,189.25,11384287.0
1,621 - Ambulatory Care,53,000,2018,0,0,621410,53.0,684.58,36603256.0
1,621 - Ambulatory Care,21,000,2024,0,0,621991,44.0,943.33,59567394.0
1,621 - Ambulatory Care,30,000,2023,0,0,621999,79.0,291.33,21844474.0
1,621 - Ambulatory Care,36,000,2018,0,1,621330,1471.0,5899.33,255643598.0
1,621 - Ambulatory Care,30,000,2018,0,0,621330,167.0,400.08,16754813.0
1,621 - Ambulatory Care,36,000,2020,0,0,621112,721.0,2185.16,195631665.0
1,621 - Ambulatory Care,30,000,2019,0,0,621399,178.0,594.08,23496613.0
1,621 - Ambulatory Care,30,000,2021,0,1,621492,15.0,0.0,0.0
1,621 - Ambulatory Care,40,000,2018,0,1,621999,44.0,2212.25,40893585.0
1,621 - Ambulatory Care,53,000,2019,0,0,621492,106.0,3469.5,227841677.0
1,621 - Ambulatory Care,53,000,2021,0,0,621111,2770.0,55399.0,5776927601.0
1,621 - Ambulatory Care,0 ,000,2023,0,1,621492,8051.0,129215.33,9050592975.0
1,621 - Ambulatory Care,04,000,2024,0,1,621111,5223.0,69786.08,7252779936.0
1,621 - Ambulatory Care,11,000,2020,0,0,621111,365.0,4391.91,672093585.0
1,621 - Ambulatory Care,17,000,2020,0,1,621910,175.0,6782.33,296560207.0
1,621 - Ambulatory Care,72,000,2020,0,1,621511,567.0,4353.16,116181185.0
1,621 - Ambulatory Care,11,000,2019,0,1,621910,6.0,0.0,0.0
1,621 - Ambulatory Care,54,000,2021,0,1,621399,106.0,626.08,21790374.0
1,621 - Ambulatory Care,16,000,2018,0,0,621991,19.0,720.08,22723458.0
1,621 - Ambulatory Care,11,000,2018,0,0,621492,27.0,539.91,31206869.0
1,621 - Ambulatory Care,39,000,2019,0,1,621420,571.0,14914.83,621855139.0
1,621 - Ambulatory Care,72,000,2023,0,0,621512,153.0,1437.25,50972768.0
1,621 - Ambulatory Care,0 ,000,2021,0,1,621210,132589.0,987644.75,57539430169.0
1,621 - Ambulatory Care,0 ,000,2021,0,1,621999,9115.0,72538.91,5570377024.0
1,621 - Ambulatory Care,0 ,000,2022,0,0,621210,134279.0,1010127.75,60874742359.0
1,621 - Ambulatory Care,11,000,2019,0,1,621410,6.0,0.0,0.0
1,621 - Ambulatory Care,11,000,2024,0,0,621210,343.0,1659.5,147172538.0
1,621 - Ambulatory Care,24,000,2018,0,0,621399,302.0,1994.83,112187715.0
1,621 - Ambulatory Care,24,000,2018,0,0,621492,196.0,3091.41,169324812.0
1,621 - Ambulatory Care,72,000,2022,0,0,621112,91.0,266.5,8446321.0
1,621 - Ambulatory Care,20,000,2019,0,1,621111,1241.0,18423.33,1602403133.0
1,621 - Ambulatory Care,44,000,2023,0,0,621330,220.0,1282.16,62799691.0
1,621 - Ambulatory Care,44,000,2023,0,0,621491,18.0,231.83,17912912.0
1,621 - Ambulatory Care,01,000,2019,0,1,621340,657.0,6891.0,304891179.0
1,621 - Ambulatory Care,04,000,2021,0,1,621610,652.0,26232.25,934342967.0
1,621 - Ambulatory Care,20,000,2019,0,1,621910,28.0,791.5,36291150.0
1,621 - Ambulatory Care,01,000,2021,0,0,621310,446.0,1643.08,59534647.0
1,621 - Ambulatory Care,44,000,2019,0,0,621112,36.0,112.75,6117948.0
1,621 - Ambulatory Care,20,000,2019,0,0,621493,54.0,1085.0,64319987.0
1,621 - Ambulatory Care,44,000,2020,0,0,621399,83.0,201.16,9066775.0
1,621 - Ambulatory Care,06,000,2019,0,0,621112,1718.0,9063.5,590240876.0
1,621 - Ambulatory Care,32,000,2020,0,1,621498,71.0,1184.83,61895315.0
1,621 - Ambulatory Care,35,000,2024,0,0,621310,184.0,648.83,26146900.0
1,621 - Ambulatory Care,37,000,2021,0,1,621330,654.0,3570.66,152609048.0
1,621 - Ambulatory Care,48,000,2019,0,0,621492,901.0,13629.16,830926898.0
1,621 - Ambulatory Care,06,000,2020,0,0,621492,748.0,17801.33,1311194417.0
1,621 - Ambulatory Care,37,000,2023,0,0,621991,94.0,2556.5,145597517.0
1,621 - Ambulatory Care,48,000,2020,0,0,621493,979.0,17552.08,1075403553.0
1,621 - Ambulatory Care,05,000,2020,0,0,621999,83.0,228.83,12755832.0
1,621 - Ambulatory Care,20,000,2020,0,0,621610,259.0,7820.08,298354069.0
1,621 - Ambulatory Care,24,000,2023,0,0,621391,186.0,895.66,63878441.0
1,621 - Ambulatory Care,05,000,2019,0,0,621910,108.0,2453.08,117436922.0
1,621 - Ambulatory Care,05,000,2020,0,0,621330,267.0,871.41,34672041.0
1,621 - Ambulatory Care,24,000,2019,0,0,621340,979.0,9089.66,429077771.0
1,621 - Ambulatory Care,24,000,2019,0,0,621991,44.0,1053.66,64811855.0
1,621 - Ambulatory Care,45,000,2020,0,0,621491,24.0,74.16,5828776.0
1,621 - Ambulatory Care,45,000,2021,0,0,621320,263.0,1802.75,78212881.0
1,621 - Ambulatory Care,45,000,2024,0,0,621330,334.0,1097.91,55007724.0
1,621 - Ambulatory Care,46,000,2019,0,0,621511,17.0,151.83,15098735.0
1,621 - Ambulatory Care,34,000,2023,0,0,621391,374.0,1849.83,97198447.0
1,621 - Ambulatory Care,35,000,2019,0,1,621491,10.0,339.91,23122977.0
1,621 - Ambulatory Care,35,000,2023,0,0,621111,897.0,10782.75,948285024.0
1,621 - Ambulatory Care,55,000,2023,0,1,621330,533.0,4696.41,218028107.0
1,621 - Ambulatory Care,10,000,2019,0,0,621320,36.0,422.08,20337452.0
1,621 - Ambulatory Care,28,000,2021,0,0,621991,20.0,525.0,23142420.0
1,621 - Ambulatory Care,47,000,2021,0,0,621991,71.0,2177.0,110204030.0
1,621 - Ambulatory Care,06,000,2022,0,0,621991,158.0,5223.58,374107150.0
1,621 - Ambulatory Care,13,000,2021,0,0,621112,398.0,2108.5,134969128.0
1,621 - Ambulatory Care,33,000,2023,0,1,621910,40.0,664.58,36582954.0
1,621 - Ambulatory Care,47,000,2019,0,0,621112,175.0,745.91,37240468.0
1,621 - Ambulatory Care,06,000,2024,0,0,621112,2099.0,11384.16,959671780.0
1,621 - Ambulatory Care,06,000,2024,0,0,621493,962.0,20416.41,1623617679.0
1,621 - Ambulatory Care,28,000,2021,0,1,621399,365.0,1607.0,87072741.0
1,621 - Ambulatory Care,06,000,2024,0,0,621492,798.0,17689.91,1529426618.0
1,621 - Ambulatory Care,25,000,2019,0,0,621493,59.0,3435.41,368536782.0
1,621 - Ambulatory Care,47,000,2022,0,0,621610,725.0,20917.33,1087391865.0
1,621 - Ambulatory Care,25,000,2020,0,0,621330,434.0,4079.66,213274892.0
1,621 - Ambulatory Care,26,000,2023,0,0,621910,122.0,5847.66,327297133.0
1,621 - Ambulatory Care,10,000,2018,0,0,621210,250.0,2613.91,177666771.0
1,621 - Ambulatory Care,28,000,2022,0,0,621112,87.0,404.75,24798265.0
1,621 - Ambulatory Care,08,000,2021,0,1,621493,130.0,3556.83,264946029.0
1,621 - Ambulatory Care,23,000,2020,0,0,621492,18.0,357.33,20895999.0
1,621 - Ambulatory Care,42,000,2023,0,0,621310,1657.0,6085.33,240448441.0
1,621 - Ambulatory Care,42,000,2023,0,0,621320,830.0,5062.41,265505408.0
1,621 - Ambulatory Care,48,000,2022,0,1,621210,11901.0,84952.41,4964423696.0
1,621 - Ambulatory Care,50,000,2021,0,0,621112,26.0,80.0,4885276.0
1,621 - Ambulatory Care,50,000,2021,0,1,621410,18.0,0.0,0.0
1,621 - Ambulatory Care,42,000,2023,0,0,621340,2399.0,21268.16,1157592874.0
1,621 - Ambulatory Care,48,000,2024,0,0,621511,2022.0,19086.33,1531458753.0
1,621 - Ambulatory Care,42,000,2019,0,0,621210,4715.0,34560.5,1784932877.0
1,621 - Ambulatory Care,23,000,2020,0,0,621310,198.0,646.16,25559331.0
1,621 - Ambulatory Care,50,000,2020,0,1,621910,34.0,43.25,2145521.0
1,621 - Ambulatory Care,53,000,2022,0,0,621330,291.0,2905.08,145663631.0
1,621 - Ambulatory Care,41,000,2022,0,0,621498,102.0,2467.25,190844176.0
1,621 - Ambulatory Care,47,000,2024,0,0,621999,299.0,2076.33,153422766.0
1,621 - Ambulatory Care,53,000,2024,0,0,621910,80.0,3266.5,245295319.0
1,621 - Ambulatory Care,02,000,2019,0,0,621410,6.0,77.33,3061155.0
1,621 - Ambulatory Care,18,000,2019,0,0,621330,354.0,3461.41,118767507.0
1,621 - Ambulatory Care,53,000,2022,0,0,621391,89.0,448.25,18390319.0
1,621 - Ambulatory Care,29,000,2019,0,1,621399,304.0,1726.25,67131532.0
1,621 - Ambulatory Care,25,000,2023,0,0,621491,35.0,2827.58,297071135.0
1,621 - Ambulatory Care,50,000,2024,0,0,621391,6.0,19.33,948327.0
1,621 - Ambulatory Care,51,000,2024,0,0,621492,248.0,3550.41,247392266.0
1,621 - Ambulatory Care,54,000,2024,0,0,621511,196.0,785.41,49128750.0
1,621 - Ambulatory Care,11,000,2019,0,0,621340,84.0,443.41,29042100.0
1,621 - Ambulatory Care,54,000,2018,0,0,621512,15.0,138.66,8238253.0
1,621 - Ambulatory Care,0 ,000,2020,0,1,621991,2098.0,76683.33,4125857933.0
1,621 - Ambulatory Care,21,000,2021,0,0,621399,398.0,1749.66,120133552.0
1,621 - Ambulatory Care,39,000,2020,0,0,621910,306.0,6955.75,269437274.0
1,621 - Ambulatory Care,21,000,2018,0,0,621112,130.0,575.41,32101804.0
1,621 - Ambulatory Care,44,000,2018,0,0,621512,45.0,461.58,21909230.0
1,621 - Ambulatory Care,72,000,2024,0,0,621399,54.0,227.41,7470562.0
1,621 - Ambulatory Care,0 ,000,2019,0,1,621511,16058.0,205694.08,13816977386.0
1,621 - Ambulatory Care,17,000,2024,0,0,621420,582.0,10610.41,587764998.0
1,621 - Ambulatory Care,39,000,2019,0,0,621910,300.0,7218.08,261451576.0
1,621 - Ambulatory Care,0 ,000,2022,0,0,621491,2913.0,202061.25,25402644286.0
1,621 - Ambulatory Care,0 ,000,2023,0,1,621330,39470.0,208660.91,10318515175.0
1,621 - Ambulatory Care,44,000,2018,0,0,621112,38.0,121.5,6217627.0
1,621 - Ambulatory Care,41,000,2019,0,0,621512,51.0,607.83,37905562.0
1,621 - Ambulatory Care,39,000,2022,0,0,621210,3824.0,32269.75,1870796170.0
1,621 - Ambulatory Care,39,000,2022,0,0,621330,698.0,4094.41,186124716.0
1,621 - Ambulatory Care,41,000,2019,0,1,621511,169.0,2266.08,156222214.0
1,621 - Ambulatory Care,27,000,2021,0,0,621491,56.0,3759.0,467602844.0
1,621 - Ambulatory Care,16,000,2022,0,0,621910,56.0,740.41,47265114.0
1,621 - Ambulatory Care,78,000,2023,0,0,621330,6.0,144.83,6009066.0
1,621 - Ambulatory Care,05,000,2022,0,0,621340,714.0,5709.41,266070701.0
1,621 - Ambulatory Care,05,000,2024,0,0,621112,116.0,350.91,26304578.0
1,621 - Ambulatory Care,17,000,2018,0,0,621498,165.0,2951.08,154103795.0
1,621 - Ambulatory Care,31,000,2023,0,0,621498,171.0,6791.5,659470703.0
1,621 - Ambulatory Care,17,000,2019,0,0,621410,84.0,864.5,40206869.0
1,621 - Ambulatory Care,31,000,2022,0,0,621112,106.0,603.41,55560893.0
1,621 - Ambulatory Care,45,000,2018,0,0,621112,111.0,333.58,17443700.0
1,621 - Ambulatory Care,15,000,2018,0,0,621340,179.0,1323.33,61571254.0
1,621 - Ambulatory Care,51,000,2018,0,1,621330,581.0,3107.25,118526207.0
1,621 - Ambulatory Care,51,000,2020,0,1,621610,1841.0,33577.58,1085564795.0
1,621 - Ambulatory Care,49,000,2022,0,0,621391,79.0,420.66,15746290.0
1,621 - Ambulatory Care,49,000,2024,0,0,621910,47.0,1421.25,93083111.0
1,621 - Ambulatory Care,51,000,2023,0,0,621420,557.0,9868.25,579434112.0
1,621 - Ambulatory Care,12,000,2020,0,0,621512,738.0,9338.16,517784864.0
1,621 - Ambulatory Care,49,000,2024,0,0,621111,2093.0,27477.75,2419610514.0
1,621 - Ambulatory Care,51,000,2021,0,0,621112,382.0,1820.08,124416284.0
1,621 - Ambulatory Care,01,000,2018,0,1,621999,202.0,933.0,46943248.0
1,621 - Ambulatory Care,12,000,2021,0,1,621111,20573.0,232970.33,21977676353.0
1,621 - Ambulatory Care,51,000,2019,0,0,621410,30.0,247.66,14162599.0
1,621 - Ambulatory Care,51,000,2020,0,0,621210,3250.0,23632.91,1439423814.0
1,621 - Ambulatory Care,56,000,2022,0,1,621999,65.0,0.0,0.0
1,621 - Ambulatory Care,38,000,2018,0,1,621340,106.0,959.58,41423383.0
1,621 - Ambulatory Care,35,000,2021,0,0,621999,75.0,266.75,27294663.0
1,621 - Ambulatory Care,55,000,2023,0,0,621511,161.0,6575.33,584394681.0
1,621 - Ambulatory Care,13,000,2019,0,0,621399,563.0,5141.91,299836321.0
1,621 - Ambulatory Care,37,000,2019,0,1,621420,514.0,10029.58,388968254.0
1,621 - Ambulatory Care,55,000,2020,0,0,621340,689.0,6254.58,283914048.0
1,621 - Ambulatory Care,25,000,2019,0,0,621991,25.0,853.33,61372674.0
1,621 - Ambulatory Care,25,000,2020,0,0,621320,326.0,1852.16,106469129.0
1,621 - Ambulatory Care,13,000,2023,0,0,621491,82.0,3686.58,546139058.0
1,621 - Ambulatory Care,13,000,2024,0,0,621498,561.0,7928.25,467409747.0
1,621 - Ambulatory Care,47,000,2018,0,0,621511,258.0,5732.66,340516855.0
1,621 - Ambulatory Care,13,000,2022,0,0,621330,880.0,2639.83,118943404.0
1,621 - Ambulatory Care,28,000,2023,0,0,621410,9.0,44.08,1789970.0
1,621 - Ambulatory Care,34,000,2018,0,0,621310,1190.0,4620.58,188237107.0
1,621 - Ambulatory Care,47,000,2018,0,0,621492,159.0,3560.41,214700455.0
1,621 - Ambulatory Care,06,000,2024,0,0,621391,692.0,2831.75,199222417.0
1,621 - Ambulatory Care,26,000,2023,0,0,621491,39.0,3290.75,266597662.0
1,621 - Ambulatory Care,25,000,2023,0,0,621511,326.0,4315.25,409050257.0
1,621 - Ambulatory Care,50,000,2023,0,0,621610,71.0,2022.83,116535037.0
1,621 - Ambulatory Care,50,000,2024,0,1,621910,41.0,77.5,4050228.0
1,621 - Ambulatory Care,51,000,2024,0,0,621320,518.0,4604.25,279356367.0
1,621 - Ambulatory Care,18,000,2019,0,0,621498,176.0,2758.25,175174174.0
1,621 - Ambulatory Care,23,000,2024,0,1,621511,23.0,0.0,0.0
1,621 - Ambulatory Care,18,000,2019,0,0,621910,90.0,3205.5,121042924.0
1,621 - Ambulatory Care,47,000,2024,0,0,621210,2356.0,19905.25,1307384594.0
1,621 - Ambulatory Care,08,000,2021,0,0,621330,1240.0,4453.58,196372682.0
1,621 - Ambulatory Care,08,000,2021,0,0,621491,42.0,6362.33,667919072.0
1,621 - Ambulatory Care,23,000,2022,0,0,621498,42.0,1297.0,91475209.0
1,621 - Ambulatory Care,48,000,2023,0,0,621493,1048.0,18724.91,1316225718.0
1,621 - Ambulatory Care,48,000,2024,0,0,621493,1082.0,19213.08,1362691986.0
1,621 - Ambulatory Care,50,000,2019,0,0,621330,42.0,471.41,17672865.0
1,621 - Ambulatory Care,08,000,2022,0,0,621910,88.0,2898.5,222565663.0
1,621 - Ambulatory Care,23,000,2022,0,0,621610,136.0,4057.83,200730046.0
1,621 - Ambulatory Care,39,000,2024,0,0,621492,382.0,4478.16,295908442.0
1,621 - Ambulatory Care,27,000,2021,0,0,621310,1225.0,4208.66,145083918.0
1,621 - Ambulatory Care,09,000,2022,0,0,621512,71.0,868.08,72443165.0
1,621 - Ambulatory Care,38,000,2024,0,0,621910,74.0,995.25,29613761.0
1,621 - Ambulatory Care,41,000,2021,0,1,621610,166.0,6039.33,269191536.0
1,621 - Ambulatory Care,27,000,2018,0,0,621112,90.0,1425.58,96797116.0
1,621 - Ambulatory Care,36,000,2023,0,1,621610,1323.0,329484.25,11216898358.0
1,621 - Ambulatory Care,28,000,2021,0,0,621512,47.0,196.16,10216638.0
1,621 - Ambulatory Care,47,000,2022,0,0,621420,376.0,7528.41,390230894.0
1,621 - Ambulatory Care,26,000,2024,0,0,621492,156.0,3180.33,212575082.0
1,621 - Ambulatory Care,33,000,2023,0,0,621498,57.0,673.16,56184339.0
1,621 - Ambulatory Care,47,000,2019,0,0,621512,98.0,1636.75,112672151.0
1,621 - Ambulatory Care,25,000,2018,0,1,621610,784.0,47430.58,1834657384.0
1,621 - Ambulatory Care,34,000,2018,0,1,621420,300.0,6290.58,263168950.0
1,621 - Ambulatory Care,33,000,2022,0,0,621310,162.0,486.83,19438999.0
1,621 - Ambulatory Care,34,000,2018,0,1,621399,472.0,2967.25,137467984.0
1,621 - Ambulatory Care,33,000,2022,0,1,621910,43.0,795.0,42819698.0
1,621 - Ambulatory Care,25,000,2021,0,0,621391,143.0,624.33,39102093.0
1,621 - Ambulatory Care,50,000,2023,0,0,621391,6.0,21.25,835042.0
1,621 - Ambulatory Care,51,000,2024,0,0,621991,56.0,2130.0,156281090.0
1,621 - Ambulatory Care,25,000,2024,0,0,621493,55.0,2998.08,388942499.0
1,621 - Ambulatory Care,29,000,2018,0,0,621910,154.0,4588.16,202465599.0
1,621 - Ambulatory Care,54,000,2024,0,0,621210,477.0,3892.83,210674841.0
1,621 - Ambulatory Care,54,000,2024,0,0,621610,376.0,6085.66,273716888.0
1,621 - Ambulatory Care,15,000,2021,0,0,621210,674.0,4505.58,257793166.0
1,621 - Ambulatory Care,19,000,2022,0,0,621391,65.0,299.25,15757168.0
1,621 - Ambulatory Care,15,000,2023,0,0,621310,137.0,378.0,17512704.0
1,621 - Ambulatory Care,19,000,2020,0,1,621498,76.0,786.5,54408628.0
1,621 - Ambulatory Care,19,000,2022,0,0,621210,1058.0,8797.58,557205951.0
1,621 - Ambulatory Care,15,000,2020,0,0,621391,22.0,58.16,2523985.0
1,621 - Ambulatory Care,18,000,2020,0,0,621391,120.0,671.41,33384063.0
1,621 - Ambulatory Care,18,000,2020,0,0,621310,671.0,2771.58,96353228.0
1,621 - Ambulatory Care,08,000,2024,0,0,621491,47.0,6163.08,735272792.0
1,621 - Ambulatory Care,08,000,2023,0,0,621320,429.0,3019.41,175794697.0
1,621 - Ambulatory Care,42,000,2022,0,1,621498,543.0,12267.83,1399039609.0
1,621 - Ambulatory Care,42,000,2023,0,0,621210,4479.0,34752.08,2171738835.0
1,621 - Ambulatory Care,50,000,2021,0,0,621111,273.0,5301.41,552140768.0
1,621 - Ambulatory Care,30,000,2018,0,0,621999,53.0,215.41,9918671.0
1,621 - Ambulatory Care,36,000,2018,0,1,621610,1159.0,233438.5,6768503160.0
1,621 - Ambulatory Care,22,000,2018,0,0,621512,119.0,705.16,34410363.0
1,621 - Ambulatory Care,22,000,2019,0,0,621410,14.0,125.0,5965271.0
1,621 - Ambulatory Care,22,000,2020,0,1,621492,207.0,2713.91,165221602.0
1,621 - Ambulatory Care,30,000,2019,0,0,621991,19.0,277.08,11294999.0
1,621 - Ambulatory Care,30,000,2022,0,1,621492,15.0,0.0,0.0
1,621 - Ambulatory Care,0 ,000,2024,0,1,621492,8030.0,128770.58,9412178312.0
1,621 - Ambulatory Care,11,000,2018,0,0,621320,29.0,192.16,10487595.0
1,621 - Ambulatory Care,21,000,2020,0,0,621493,86.0,2834.75,253353946.0
1,621 - Ambulatory Care,21,000,2021,0,0,621310,504.0,1985.5,75592333.0
1,621 - Ambulatory Care,17,000,2021,0,0,621512,174.0,1817.83,117331416.0
1,621 - Ambulatory Care,21,000,2021,0,1,621610,361.0,8602.91,453515616.0
1,621 - Ambulatory Care,0 ,000,2021,0,0,621420,13910.0,287467.16,14261307092.0
1,621 - Ambulatory Care,16,000,2018,0,1,621111,1030.0,11169.16,831256024.0
1,621 - Ambulatory Care,0 ,000,2024,0,1,621991,2460.0,87989.41,5589804073.0
1,621 - Ambulatory Care,11,000,2021,0,0,621399,62.0,257.91,18020923.0
1,621 - Ambulatory Care,17,000,2022,0,0,621999,345.0,3219.16,265516850.0
1,621 - Ambulatory Care,44,000,2018,0,0,621610,153.0,4863.33,172534047.0
1,621 - Ambulatory Care,27,000,2021,0,0,621910,83.0,2780.08,161436078.0
1,621 - Ambulatory Care,38,000,2021,0,0,621910,74.0,1001.41,26263903.0
1,621 - Ambulatory Care,12,000,2024,0,0,621210,9432.0,69015.83,4738219640.0
1,621 - Ambulatory Care,39,000,2022,0,0,621410,63.0,597.91,28217544.0
1,621 - Ambulatory Care,27,000,2020,0,0,621493,45.0,2058.16,164552119.0
1,621 - Ambulatory Care,27,000,2023,0,0,621910,90.0,2924.5,190087960.0
1,621 - Ambulatory Care,38,000,2023,0,1,621399,109.0,4.0,171085.0
1,621 - Ambulatory Care,39,000,2024,0,0,621910,316.0,6739.5,330184211.0
1,621 - Ambulatory Care,41,000,2019,0,0,621340,621.0,5296.58,246011518.0
1,621 - Ambulatory Care,39,000,2024,0,0,621511,687.0,5872.0,409883153.0
1,621 - Ambulatory Care,27,000,2018,0,0,621910,76.0,2509.33,130206331.0
1,621 - Ambulatory Care,36,000,2022,0,0,621111,14191.0,163762.83,17006486181.0
1,621 - Ambulatory Care,39,000,2022,0,0,621512,179.0,1771.0,136649803.0
1,621 - Ambulatory Care,41,000,2019,0,0,621991,27.0,1004.75,44774090.0
1,621 - Ambulatory Care,27,000,2021,0,0,621493,46.0,2200.91,176966496.0
1,621 - Ambulatory Care,41,000,2019,0,0,621493,95.0,1799.33,101589960.0
1,621 - Ambulatory Care,12,000,2024,0,0,621491,229.0,5803.58,449326283.0
1,621 - Ambulatory Care,41,000,2021,0,0,621493,95.0,1954.41,121001282.0
1,621 - Ambulatory Care,27,000,2020,0,0,621991,37.0,2577.08,189054878.0
1,621 - Ambulatory Care,27,000,2019,0,0,621420,161.0,4391.33,207602398.0
1,621 - Ambulatory Care,27,000,2020,0,0,621498,88.0,688.75,48714381.0
1,621 - Ambulatory Care,15,000,2023,0,0,621420,60.0,403.83,19293115.0
1,621 - Ambulatory Care,19,000,2020,0,0,621310,858.0,2390.91,79680053.0
1,621 - Ambulatory Care,10,000,2023,0,0,621320,43.0,376.66,22168500.0
1,621 - Ambulatory Care,40,000,2021,0,1,621399,495.0,1336.33,83283842.0
1,621 - Ambulatory Care,19,000,2024,0,0,621991,46.0,1733.08,93073613.0
1,621 - Ambulatory Care,29,000,2021,0,0,621210,1904.0,15598.5,932614326.0
1,621 - Ambulatory Care,10,000,2024,0,0,621512,63.0,407.41,29310238.0
1,621 - Ambulatory Care,15,000,2021,0,0,621310,123.0,330.0,14779482.0
1,621 - Ambulatory Care,15,000,2023,0,1,621493,29.0,113.16,11225962.0
1,621 - Ambulatory Care,19,000,2024,0,1,621498,102.0,1024.41,76441667.0
1,621 - Ambulatory Care,06,000,2020,0,0,621991,142.0,4510.08,307354201.0
1,621 - Ambulatory Care,48,000,2020,0,0,621511,935.0,16498.83,1052878962.0
1,621 - Ambulatory Care,06,000,2019,0,1,621410,334.0,5555.25,291464450.0
1,621 - Ambulatory Care,32,000,2021,0,0,621491,26.0,1004.25,87361870.0
1,621 - Ambulatory Care,37,000,2021,0,0,621410,52.0,538.0,27315196.0
1,621 - Ambulatory Care,32,000,2024,0,0,621330,465.0,2635.58,122096357.0
1,621 - Ambulatory Care,20,000,2020,0,0,621420,133.0,3305.66,122132228.0
1,621 - Ambulatory Care,20,000,2024,0,0,621111,1344.0,21213.58,2535272086.0
1,621 - Ambulatory Care,20,000,2022,0,0,621391,36.0,181.25,8268447.0
1,621 - Ambulatory Care,20,000,2024,0,0,621320,306.0,2495.5,131825957.0
1,621 - Ambulatory Care,45,000,2019,0,0,621399,235.0,1431.41,58146323.0
1,621 - Ambulatory Care,24,000,2024,0,0,621399,531.0,2985.25,253738865.0
1,621 - Ambulatory Care,45,000,2020,0,0,621492,181.0,2669.33,149473775.0
1,621 - Ambulatory Care,78,000,2023,0,0,621399,9.0,10.91,312476.0
1,621 - Ambulatory Care,78,000,2024,0,1,621492,2.0,0.0,0.0
1,621 - Ambulatory Care,02,000,2021,0,0,621340,107.0,802.08,45703509.0
1,621 - Ambulatory Care,02,000,2023,0,1,621492,4.0,0.0,0.0
1,621 - Ambulatory Care,34,000,2021,0,1,621910,200.0,3849.5,152066475.0
1,621 - Ambulatory Care,16,000,2024,0,0,621112,173.0,862.25,60129879.0
1,621 - Ambulatory Care,34,000,2024,0,0,621340,1990.0,19332.75,1068616814.0
1,621 - Ambulatory Care,44,000,2020,0,0,621330,141.0,698.5,27327559.0
1,621 - Ambulatory Care,44,000,2022,0,0,621512,50.0,725.16,84018871.0
1,621 - Ambulatory Care,44,000,2023,0,0,621492,16.0,261.41,18410283.0
1,621 - Ambulatory Care,01,000,2021,0,0,621391,90.0,431.16,18417359.0
1,621 - Ambulatory Care,04,000,2022,0,1,621399,1181.0,4798.5,270650696.0
1,621 - Ambulatory Care,31,000,2018,0,0,621512,38.0,419.75,33730109.0
1,621 - Ambulatory Care,22,000,2023,0,1,621340,877.0,8210.66,355994204.0
1,621 - Ambulatory Care,31,000,2018,0,0,621991,15.0,665.83,27130864.0
1,621 - Ambulatory Care,33,000,2021,0,0,621320,91.0,743.91,42215153.0
1,621 - Ambulatory Care,33,000,2021,0,0,621610,131.0,3880.5,200732388.0
1,621 - Ambulatory Care,31,000,2019,0,0,621111,958.0,15021.58,1589697499.0
1,621 - Ambulatory Care,36,000,2018,0,1,621340,3276.0,28389.75,1201442643.0
1,621 - Ambulatory Care,36,000,2019,0,0,621320,787.0,4467.66,199303561.0
1,621 - Ambulatory Care,53,000,2020,0,0,621991,38.0,2097.75,138785437.0
1,621 - Ambulatory Care,30,000,2022,0,0,621493,22.0,416.75,25821871.0
1,621 - Ambulatory Care,53,000,2019,0,0,621610,285.0,11790.91,513913134.0
1,621 - Ambulatory Care,53,000,2020,0,1,621512,82.0,1035.5,65849584.0
1,621 - Ambulatory Care,53,000,2018,0,0,621492,105.0,3462.0,223074708.0
1,621 - Ambulatory Care,31,000,2023,0,0,621420,197.0,1138.83,50313972.0
1,621 - Ambulatory Care,31,000,2022,0,0,621330,340.0,1087.91,46368399.0
1,621 - Ambulatory Care,51,000,2019,0,1,621610,1725.0,33770.0,1028124707.0
1,621 - Ambulatory Care,51,000,2023,0,0,621111,5463.0,80239.25,8517952204.0
1,621 - Ambulatory Care,12,000,2021,0,0,621492,557.0,8117.91,493035020.0
1,621 - Ambulatory Care,49,000,2019,0,0,621310,475.0,1753.25,49628669.0
1,621 - Ambulatory Care,49,000,2022,0,0,621420,229.0,2325.58,101990609.0
1,621 - Ambulatory Care,51,000,2018,0,0,621340,1071.0,9864.75,457024837.0
1,621 - Ambulatory Care,12,000,2023,0,0,621111,21660.0,246924.58,24925225912.0
1,621 - Ambulatory Care,41,000,2020,0,1,621910,45.0,2113.41,132557937.0
1,621 - Ambulatory Care,26,000,2019,0,0,621340,681.0,14009.0,599144253.0
1,621 - Ambulatory Care,22,000,2022,0,0,621210,1630.0,11969.75,606960117.0
1,621 - Ambulatory Care,33,000,2020,0,0,621399,108.0,496.41,26018807.0
1,621 - Ambulatory Care,26,000,2020,0,0,621493,167.0,3296.58,217826534.0
1,621 - Ambulatory Care,22,000,2020,0,0,621420,248.0,3149.16,126856044.0
1,621 - Ambulatory Care,30,000,2023,0,0,621391,21.0,110.16,5498347.0
1,621 - Ambulatory Care,36,000,2021,0,1,621340,3355.0,26872.5,1296339874.0
1,621 - Ambulatory Care,36,000,2021,0,0,621991,37.0,1700.75,133383958.0
1,621 - Ambulatory Care,22,000,2019,0,1,621340,733.0,7658.83,316385471.0
1,621 - Ambulatory Care,53,000,2018,0,0,621991,37.0,2193.5,129717786.0
1,621 - Ambulatory Care,22,000,2020,0,0,621991,42.0,1126.41,51326425.0
1,621 - Ambulatory Care,53,000,2020,0,1,621340,925.0,8901.16,429051168.0
1,621 - Ambulatory Care,32,000,2022,0,0,621310,328.0,1429.58,61620469.0
1,621 - Ambulatory Care,06,000,2018,0,1,621493,750.0,17018.33,1139874556.0
1,621 - Ambulatory Care,48,000,2019,0,0,621610,4864.0,265446.16,5787407747.0
1,621 - Ambulatory Care,20,000,2021,0,1,621111,1280.0,19936.33,2141748844.0
1,621 - Ambulatory Care,24,000,2022,0,0,621999,318.0,3237.08,287329193.0
1,621 - Ambulatory Care,05,000,2018,0,0,621399,156.0,519.75,24146090.0
1,621 - Ambulatory Care,34,000,2021,0,0,621512,218.0,3855.83,312653400.0
1,621 - Ambulatory Care,34,000,2022,0,0,621512,268.0,4378.83,320333043.0
1,621 - Ambulatory Care,78,000,2021,0,1,621112,1.0,0.0,0.0
1,621 - Ambulatory Care,78,000,2023,0,0,621493,3.0,63.58,3779984.0
1,621 - Ambulatory Care,02,000,2021,0,0,621320,58.0,516.5,26508227.0
1,621 - Ambulatory Care,78,000,2021,0,0,621210,24.0,130.0,6202209.0
1,621 - Ambulatory Care,02,000,2021,0,1,621999,23.0,0.0,0.0
1,621 - Ambulatory Care,01,000,2023,0,1,621330,323.0,1364.83,54037329.0
1,621 - Ambulatory Care,04,000,2018,0,0,621420,199.0,8269.33,401629922.0
1,621 - Ambulatory Care,04,000,2020,0,0,621391,148.0,571.25,31723685.0
1,621 - Ambulatory Care,18,000,2022,0,0,621410,56.0,412.5,21500313.0
1,621 - Ambulatory Care,18,000,2022,0,0,621493,151.0,3599.83,237227543.0
1,621 - Ambulatory Care,20,000,2018,0,0,621512,60.0,395.83,26331434.0
1,621 - Ambulatory Care,44,000,2019,0,1,621310,106.0,0.0,0.0
1,621 - Ambulatory Care,44,000,2019,0,1,621491,6.0,0.0,0.0
1,621 - Ambulatory Care,04,000,2019,0,1,621610,562.0,25088.33,781234319.0
1,621 - Ambulatory Care,04,000,2020,0,1,621498,104.0,3091.91,193503749.0
1,621 - Ambulatory Care,20,000,2018,0,1,621320,302.0,2265.58,89529108.0
1,621 - Ambulatory Care,44,000,2022,0,0,621991,11.0,422.0,22816026.0
1,621 - Ambulatory Care,01,000,2021,0,0,621511,439.0,3084.83,175641864.0
1,621 - Ambulatory Care,01,000,2022,0,0,621391,88.0,403.83,18863551.0
1,621 - Ambulatory Care,18,000,2024,0,0,621310,667.0,2870.83,116525599.0
1,621 - Ambulatory Care,18,000,2024,0,0,621391,106.0,573.75,34304139.0
1,621 - Ambulatory Care,01,000,2023,0,0,621491,8.0,15.0,833591.0
1,621 - Ambulatory Care,01,000,2023,0,0,621610,551.0,12348.58,720796822.0
1,621 - Ambulatory Care,18,000,2023,0,0,621512,111.0,959.58,85624670.0
1,621 - Ambulatory Care,05,000,2022,0,0,621410,28.0,141.25,5435606.0
1,621 - Ambulatory Care,38,000,2020,0,1,621330,47.0,0.0,0.0
1,621 - Ambulatory Care,56,000,2021,0,0,621330,108.0,348.25,12630495.0
1,621 - Ambulatory Care,56,000,2018,0,0,621991,7.0,113.58,3860604.0
1,621 - Ambulatory Care,38,000,2018,0,1,621410,9.0,0.0,0.0
1,621 - Ambulatory Care,12,000,2020,0,1,621493,635.0,13181.5,745062464.0
1,621 - Ambulatory Care,49,000,2022,0,0,621492,45.0,578.66,38226661.0
1,621 - Ambulatory Care,09,000,2019,0,0,621320,235.0,1621.33,77891420.0
1,621 - Ambulatory Care,35,000,2019,0,1,621493,60.0,0.0,54295.0
1,621 - Ambulatory Care,32,000,2018,0,0,621320,266.0,1558.75,66316121.0
1,621 - Ambulatory Care,13,000,2019,0,0,621999,212.0,1802.25,83405123.0
1,621 - Ambulatory Care,32,000,2019,0,0,621491,26.0,1066.0,88597531.0
1,621 - Ambulatory Care,55,000,2021,0,0,621310,1060.0,3996.16,153393344.0
1,621 - Ambulatory Care,35,000,2023,0,0,621112,57.0,181.25,12312711.0
1,621 - Ambulatory Care,55,000,2022,0,1,621330,444.0,4123.33,182031518.0
1,621 - Ambulatory Care,10,000,2019,0,0,621492,26.0,436.0,25967991.0
1,621 - Ambulatory Care,28,000,2021,0,1,621910,63.0,2075.91,107229702.0
1,621 - Ambulatory Care,41,000,2019,0,1,621330,616.0,4024.91,171854165.0
1,621 - Ambulatory Care,38,000,2021,0,0,621492,5.0,68.0,4202445.0
1,621 - Ambulatory Care,15,000,2020,0,1,621493,39.0,618.91,57630536.0
1,621 - Ambulatory Care,40,000,2024,0,0,621498,143.0,2650.91,173469972.0
1,621 - Ambulatory Care,15,000,2019,0,0,621492,31.0,1000.33,75538457.0
1,621 - Ambulatory Care,15,000,2023,0,0,621340,241.0,1784.58,97062470.0
1,621 - Ambulatory Care,10,000,2021,0,0,621330,69.0,264.83,11398310.0
1,621 - Ambulatory Care,15,000,2020,0,0,621340,208.0,1423.75,72363389.0
1,621 - Ambulatory Care,15,000,2021,0,0,621410,5.0,49.41,3318033.0
1,621 - Ambulatory Care,29,000,2024,0,0,621491,12.0,55.66,5278617.0
1,621 - Ambulatory Care,15,000,2021,0,1,621111,1185.0,8656.33,1022425430.0
1,621 - Ambulatory Care,29,000,2020,0,0,621999,260.0,2647.5,125298405.0
1,621 - Ambulatory Care,29,000,2022,0,0,621910,160.0,4334.66,247299641.0
1,621 - Ambulatory Care,22,000,2024,0,0,621330,460.0,2194.25,78793364.0
1,621 - Ambulatory Care,30,000,2023,0,0,621511,56.0,400.91,36982816.0
1,621 - Ambulatory Care,30,000,2024,0,0,621391,19.0,104.83,5332705.0
1,621 - Ambulatory Care,30,000,2022,0,1,621491,1.0,0.0,0.0
1,621 - Ambulatory Care,53,000,2019,0,0,621399,1119.0,5261.41,173509639.0
1,621 - Ambulatory Care,21,000,2023,0,1,621511,477.0,3096.66,199475054.0
1,621 - Ambulatory Care,30,000,2024,0,0,621991,22.0,256.66,16785360.0
1,621 - Ambulatory Care,21,000,2022,0,0,621399,471.0,1900.75,140886341.0
1,621 - Ambulatory Care,36,000,2018,0,0,621112,694.0,2015.08,162681447.0
1,621 - Ambulatory Care,36,000,2018,0,0,621210,8431.0,54198.66,2803966338.0
1,621 - Ambulatory Care,11,000,2024,0,1,621491,5.0,0.0,0.0
1,621 - Ambulatory Care,11,000,2023,0,0,621498,20.0,191.58,19648919.0
1,621 - Ambulatory Care,16,000,2018,0,0,621112,71.0,640.0,30814405.0
1,621 - Ambulatory Care,11,000,2020,0,0,621498,16.0,112.08,9230232.0
1,621 - Ambulatory Care,54,000,2023,0,0,621210,480.0,3927.08,209374462.0
1,621 - Ambulatory Care,0 ,000,2023,0,0,621910,6416.0,183557.91,10432332136.0
1,621 - Ambulatory Care,44,000,2018,0,1,621491,8.0,0.0,0.0
1,621 - Ambulatory Care,21,000,2021,0,0,621999,235.0,999.75,55211443.0
1,621 - Ambulatory Care,54,000,2020,0,0,621420,141.0,2941.33,100421979.0
1,621 - Ambulatory Care,11,000,2023,0,1,621493,8.0,0.0,0.0
1,621 - Ambulatory Care,16,000,2019,0,0,621320,173.0,1105.16,37920501.0
1,621 - Ambulatory Care,17,000,2022,0,0,621991,73.0,2862.33,157418172.0
1,621 - Ambulatory Care,24,000,2018,0,0,621512,186.0,2798.5,198704288.0
1,621 - Ambulatory Care,44,000,2022,0,0,621112,43.0,134.25,9377556.0
1,621 - Ambulatory Care,18,000,2023,0,0,621410,57.0,443.25,24468791.0
1,621 - Ambulatory Care,44,000,2021,0,0,621511,53.0,573.16,41661979.0
1,621 - Ambulatory Care,04,000,2018,0,0,621330,434.0,1858.08,76385086.0
1,621 - Ambulatory Care,32,000,2021,0,0,621340,385.0,3556.58,181464226.0
1,621 - Ambulatory Care,37,000,2022,0,0,621512,163.0,2089.0,130875443.0
1,621 - Ambulatory Care,37,000,2024,0,0,621991,86.0,2526.66,159691305.0
1,621 - Ambulatory Care,06,000,2019,0,1,621498,1086.0,30841.75,1892964632.0
1,621 - Ambulatory Care,24,000,2024,0,0,621340,974.0,9371.66,510795550.0
1,621 - Ambulatory Care,20,000,2022,0,0,621991,17.0,756.91,43076881.0
1,621 - Ambulatory Care,46,000,2019,0,0,621320,104.0,686.91,28365526.0
1,621 - Ambulatory Care,46,000,2021,0,0,621498,15.0,127.0,7027277.0
1,621 - Ambulatory Care,45,000,2023,0,0,621512,117.0,661.91,49355276.0
1,621 - Ambulatory Care,56,000,2024,0,0,621493,30.0,514.08,32845831.0
1,621 - Ambulatory Care,78,000,2023,0,1,621320,3.0,0.0,0.0
1,621 - Ambulatory Care,02,000,2023,0,0,621340,121.0,876.16,51275956.0
1,621 - Ambulatory Care,78,000,2021,0,0,621493,3.0,74.58,3828588.0
1,621 - Ambulatory Care,78,000,2020,0,0,621210,24.0,123.0,5301270.0
1,621 - Ambulatory Care,78,000,2023,0,1,621999,6.0,0.0,0.0
1,621 - Ambulatory Care,05,000,2021,0,0,621320,251.0,1620.66,68163621.0
1,621 - Ambulatory Care,55,000,2018,0,0,621399,263.0,1172.91,57300975.0
1,621 - Ambulatory Care,51,000,2022,0,0,621511,800.0,7328.16,530998951.0
1,621 - Ambulatory Care,56,000,2019,0,1,621610,59.0,657.08,24248888.0
1,621 - Ambulatory Care,49,000,2022,0,0,621330,616.0,3258.5,125760184.0
1,621 - Ambulatory Care,12,000,2018,0,0,621491,156.0,7359.5,429065781.0
1,621 - Ambulatory Care,12,000,2021,0,1,621493,663.0,13484.75,788478323.0
1,621 - Ambulatory Care,38,000,2019,0,1,621999,55.0,243.0,10289377.0
1,621 - Ambulatory Care,47,000,2023,0,0,621999,281.0,1855.66,172306334.0
1,621 - Ambulatory Care,15,000,2023,0,0,621330,253.0,1022.83,52918763.0
1,621 - Ambulatory Care,19,000,2020,0,1,621330,216.0,843.83,36842939.0
1,621 - Ambulatory Care,29,000,2021,0,0,621910,160.0,4339.58,228005502.0
1,621 - Ambulatory Care,10,000,2022,0,0,621910,14.0,249.0,10627804.0
1,621 - Ambulatory Care,29,000,2024,0,0,621610,795.0,19503.66,844992758.0
1,621 - Ambulatory Care,09,000,2024,0,0,621420,226.0,6764.08,467382510.0
1,621 - Ambulatory Care,27,000,2023,0,0,621111,1670.0,73655.58,8927812048.0
1,621 - Ambulatory Care,0 ,000,2018,0,0,621420,11278.0,268385.75,11503122985.0
1,621 - Ambulatory Care,36,000,2023,0,1,621420,757.0,16961.25,976555962.0
1,621 - Ambulatory Care,36,000,2024,0,1,621330,2944.0,15611.25,846695637.0
1,621 - Ambulatory Care,38,000,2022,0,0,621310,229.0,762.33,33814909.0
1,621 - Ambulatory Care,39,000,2024,0,0,621210,3773.0,33228.91,2140523019.0
1,621 - Ambulatory Care,27,000,2023,0,0,621512,46.0,969.16,70652935.0
1,621 - Ambulatory Care,09,000,2022,0,0,621498,108.0,4445.41,326696971.0
1,621 - Ambulatory Care,41,000,2018,0,1,621210,1863.0,15620.25,845291979.0
1,621 - Ambulatory Care,41,000,2021,0,0,621340,662.0,4894.66,242282268.0
1,621 - Ambulatory Care,38,000,2023,0,0,621111,294.0,6419.41,934106769.0
1,621 - Ambulatory Care,48,000,2021,0,0,621910,653.0,15757.25,867313191.0
1,621 - Ambulatory Care,23,000,2019,0,1,621910,80.0,924.66,29871888.0
1,621 - Ambulatory Care,42,000,2019,0,0,621910,473.0,12409.91,434073123.0
1,621 - Ambulatory Care,50,000,2019,0,0,621610,54.0,2424.33,98058851.0
1,621 - Ambulatory Care,50,000,2020,0,0,621330,42.0,454.83,18387721.0
1,621 - Ambulatory Care,08,000,2019,0,1,621498,177.0,3193.16,184523008.0
1,621 - Ambulatory Care,23,000,2018,0,0,621511,41.0,964.91,42201349.0
1,621 - Ambulatory Care,23,000,2019,0,0,621999,59.0,372.33,24236541.0
1,621 - Ambulatory Care,42,000,2022,0,0,621410,124.0,943.16,55926901.0
1,621 - Ambulatory Care,01,000,2023,0,1,621420,203.0,2069.58,103168531.0
1,621 - Ambulatory Care,18,000,2022,0,0,621210,2184.0,20015.91,1190851672.0
1,621 - Ambulatory Care,44,000,2023,0,0,621493,25.0,522.41,31629553.0
1,621 - Ambulatory Care,01,000,2024,0,0,621210,1543.0,12883.33,783926298.0
1,621 - Ambulatory Care,04,000,2018,0,1,621399,668.0,2823.16,139190145.0
1,621 - Ambulatory Care,04,000,2022,0,0,621391,158.0,645.41,37580733.0
1,621 - Ambulatory Care,44,000,2021,0,0,621210,350.0,2823.75,158787059.0
1,621 - Ambulatory Care,01,000,2024,0,1,621999,318.0,1674.83,128433892.0
1,621 - Ambulatory Care,0 ,000,2020,0,0,621610,40739.0,1490377.41,52542253714.0
1,621 - Ambulatory Care,11,000,2023,0,0,621112,90.0,507.75,60903910.0
1,621 - Ambulatory Care,39,000,2019,0,1,621399,1124.0,3963.33,162980940.0
1,621 - Ambulatory Care,54,000,2018,0,1,621492,59.0,0.0,0.0
1,621 - Ambulatory Care,72,000,2022,0,0,621420,44.0,683.41,24400885.0
1,621 - Ambulatory Care,0 ,000,2024,0,0,621999,13159.0,101417.33,8304212143.0
1,621 - Ambulatory Care,21,000,2020,0,0,621111,2764.0,37445.25,3410667446.0
1,621 - Ambulatory Care,16,000,2018,0,0,621310,298.0,964.5,26042245.0
1,621 - Ambulatory Care,16,000,2018,0,0,621320,165.0,996.91,33244107.0
1,621 - Ambulatory Care,16,000,2019,0,0,621610,2001.0,10233.25,243735582.0
1,621 - Ambulatory Care,39,000,2020,0,0,621492,380.0,4772.5,277219260.0
1,621 - Ambulatory Care,54,000,2021,0,0,621610,207.0,6035.25,230357398.0
1,621 - Ambulatory Care,17,000,2021,0,0,621991,77.0,2621.58,128329120.0
1,621 - Ambulatory Care,24,000,2018,0,0,621391,189.0,993.0,52070671.0
1,621 - Ambulatory Care,0 ,000,2019,0,0,621391,7110.0,34585.83,1680697373.0
1,621 - Ambulatory Care,54,000,2018,0,0,621991,6.0,94.5,3845687.0
1,621 - Ambulatory Care,11,000,2019,0,1,621320,29.0,0.0,0.0
1,621 - Ambulatory Care,39,000,2021,0,1,621111,6853.0,97022.08,10496069863.0
1,621 - Ambulatory Care,17,000,2021,0,1,621610,1213.0,45454.91,1659122952.0
1,621 - Ambulatory Care,17,000,2022,0,0,621112,768.0,3807.75,303556732.0
1,621 - Ambulatory Care,39,000,2020,0,0,621391,322.0,1529.66,71898563.0
1,621 - Ambulatory Care,39,000,2020,0,1,621410,62.0,552.16,23008485.0
1,621 - Ambulatory Care,22,000,2020,0,0,621310,397.0,1625.83,64092909.0
1,621 - Ambulatory Care,36,000,2020,0,0,621991,36.0,1752.0,132450582.0
1,621 - Ambulatory Care,22,000,2018,0,1,621112,158.0,979.83,44362459.0
1,621 - Ambulatory Care,53,000,2019,0,0,621210,3238.0,28177.0,1278418683.0
1,621 - Ambulatory Care,36,000,2019,0,0,621991,35.0,1834.25,129176906.0
1,621 - Ambulatory Care,40,000,2018,0,1,621420,177.0,3778.0,149936716.0
1,621 - Ambulatory Care,56,000,2019,0,1,621999,50.0,0.0,0.0
1,621 - Ambulatory Care,49,000,2024,0,0,621492,47.0,595.33,42323071.0
1,621 - Ambulatory Care,51,000,2019,0,1,621420,301.0,4060.0,165983364.0
1,621 - Ambulatory Care,56,000,2022,0,0,621410,12.0,67.75,1998664.0
1,621 - Ambulatory Care,35,000,2023,0,0,621493,50.0,748.16,42220203.0
1,621 - Ambulatory Care,55,000,2021,0,0,621340,732.0,6627.66,310645336.0
1,621 - Ambulatory Care,55,000,2023,0,0,621420,223.0,3266.58,178529259.0
1,621 - Ambulatory Care,35,000,2018,0,0,621330,123.0,405.0,12841937.0
1,621 - Ambulatory Care,35,000,2019,0,1,621498,152.0,2514.83,142439646.0
1,621 - Ambulatory Care,35,000,2021,0,0,621991,19.0,412.66,18338514.0
1,621 - Ambulatory Care,13,000,2020,0,0,621320,552.0,3705.25,166682349.0
1,621 - Ambulatory Care,37,000,2018,0,1,621420,473.0,9369.41,350792776.0
1,621 - Ambulatory Care,09,000,2020,0,0,621330,316.0,1459.33,67537898.0
1,621 - Ambulatory Care,35,000,2018,0,1,621420,77.0,1092.08,45224980.0
1,621 - Ambulatory Care,55,000,2023,0,0,621512,60.0,623.25,48958345.0
1,621 - Ambulatory Care,47,000,2022,0,0,621111,4514.0,71864.33,7034080927.0
1,621 - Ambulatory Care,13,000,2023,0,0,621498,431.0,6695.33,386350720.0
1,621 - Ambulatory Care,34,000,2019,0,0,621511,803.0,11233.5,721386180.0
1,621 - Ambulatory Care,06,000,2024,0,0,621511,1821.0,29423.75,3315363866.0
1,621 - Ambulatory Care,26,000,2024,0,0,621410,58.0,732.66,44234672.0
1,621 - Ambulatory Care,06,000,2023,0,0,621410,461.0,6499.41,453003326.0
1,621 - Ambulatory Care,47,000,2018,0,0,621491,5.0,55.5,3020728.0
1,621 - Ambulatory Care,13,000,2021,0,1,621493,202.0,3169.41,214144196.0
1,621 - Ambulatory Care,25,000,2018,0,0,621210,3140.0,24966.08,1469730126.0
1,621 - Ambulatory Care,51,000,2024,0,0,621330,1395.0,6637.83,329905762.0
1,621 - Ambulatory Care,50,000,2024,0,0,621498,27.0,1120.83,69799048.0
1,621 - Ambulatory Care,51,000,2024,0,1,621498,363.0,0.0,0.0
1,621 - Ambulatory Care,23,000,2020,0,0,621112,31.0,72.66,3939442.0
1,621 - Ambulatory Care,23,000,2020,0,0,621330,148.0,535.0,22026584.0
1,621 - Ambulatory Care,42,000,2023,0,1,621991,100.0,3531.33,228130832.0
1,621 - Ambulatory Care,42,000,2020,0,0,621310,1715.0,5693.83,201807758.0
1,621 - Ambulatory Care,48,000,2023,0,0,621610,5701.0,269641.25,7361790955.0
1,621 - Ambulatory Care,42,000,2019,0,0,621340,2003.0,21239.75,1030087340.0
1,621 - Ambulatory Care,42,000,2023,0,0,621420,817.0,18464.41,942535836.0
1,621 - Ambulatory Care,48,000,2021,0,0,621330,1919.0,8514.16,423912122.0
1,621 - Ambulatory Care,19,000,2023,0,1,621112,76.0,386.83,31274073.0
1,621 - Ambulatory Care,10,000,2022,0,0,621210,266.0,2822.58,218031629.0
1,621 - Ambulatory Care,19,000,2021,0,1,621420,184.0,2345.58,104723823.0
1,621 - Ambulatory Care,40,000,2023,0,0,621991,38.0,1592.75,92731911.0
1,621 - Ambulatory Care,15,000,2021,0,0,621320,115.0,594.16,27432148.0
1,621 - Ambulatory Care,15,000,2022,0,0,621999,51.0,296.83,18521192.0
1,621 - Ambulatory Care,28,000,2018,0,0,621111,1750.0,21692.66,1719846883.0
1,621 - Ambulatory Care,10,000,2021,0,0,621320,37.0,334.83,18412878.0
1,621 - Ambulatory Care,10,000,2023,0,0,621493,34.0,610.41,55077722.0
1,621 - Ambulatory Care,19,000,2023,0,1,621610,295.0,6291.75,312315317.0
1,621 - Ambulatory Care,28,000,2019,0,1,621330,124.0,600.0,22163581.0
1,621 - Ambulatory Care,18,000,2021,0,0,621330,483.0,4255.91,163408731.0
1,621 - Ambulatory Care,02,000,2019,0,0,621399,78.0,411.08,17497309.0
1,621 - Ambulatory Care,23,000,2023,0,0,621493,17.0,374.0,20252143.0
1,621 - Ambulatory Care,53,000,2022,0,0,621111,2784.0,56380.0,6118023381.0
1,621 - Ambulatory Care,02,000,2018,0,0,621498,38.0,1748.5,112061120.0
1,621 - Ambulatory Care,02,000,2019,0,0,621340,100.0,895.16,46498455.0
1,621 - Ambulatory Care,41,000,2024,0,0,621112,152.0,463.16,36578221.0
1,621 - Ambulatory Care,23,000,2023,0,0,621310,184.0,672.91,31842300.0
1,621 - Ambulatory Care,11,000,2019,0,0,621420,35.0,1631.33,73851229.0
1,621 - Ambulatory Care,21,000,2020,0,0,621320,300.0,2248.83,113539109.0
1,621 - Ambulatory Care,54,000,2023,0,0,621320,127.0,879.83,39189800.0
1,621 - Ambulatory Care,54,000,2020,0,1,621410,3.0,0.0,0.0
1,621 - Ambulatory Care,0 ,000,2024,0,0,621610,51731.0,1761326.16,71598649635.0
1,621 - Ambulatory Care,17,000,2024,0,0,621512,168.0,2419.66,296229354.0
1,621 - Ambulatory Care,39,000,2020,0,1,621493,317.0,6327.41,404625775.0
1,621 - Ambulatory Care,11,000,2020,0,0,621610,59.0,6313.25,206952531.0
1,621 - Ambulatory Care,11,000,2024,0,0,621610,99.0,5668.41,233897415.0
1,621 - Ambulatory Care,06,000,2018,0,1,621210,21674.0,131550.83,6686528984.0
1,621 - Ambulatory Care,32,000,2023,0,0,621391,63.0,287.25,12628796.0
1,621 - Ambulatory Care,37,000,2022,0,0,621111,5676.0,85824.41,8331869252.0
1,621 - Ambulatory Care,32,000,2023,0,0,621420,94.0,862.91,50127177.0
1,621 - Ambulatory Care,35,000,2024,0,0,621399,421.0,937.5,53889323.0
1,621 - Ambulatory Care,06,000,2018,0,0,621111,31098.0,241238.33,22218001434.0
1,621 - Ambulatory Care,32,000,2020,0,1,621420,80.0,819.08,35819311.0
1,621 - Ambulatory Care,32,000,2020,0,0,621910,30.0,1758.58,94249974.0
1,621 - Ambulatory Care,05,000,2019,0,1,621111,2273.0,25931.58,2239987153.0
1,621 - Ambulatory Care,20,000,2023,0,0,621320,306.0,2484.5,128134292.0
1,621 - Ambulatory Care,24,000,2019,0,0,621410,43.0,267.08,14823463.0
1,621 - Ambulatory Care,45,000,2019,0,0,621330,143.0,619.5,21395166.0
1,621 - Ambulatory Care,45,000,2020,0,0,621310,603.0,1912.66,62717482.0
1,621 - Ambulatory Care,45,000,2021,0,0,621210,1703.0,14608.75,850657635.0
1,621 - Ambulatory Care,46,000,2018,0,0,621330,54.0,408.83,15317528.0
1,621 - Ambulatory Care,46,000,2022,0,0,621310,245.0,843.25,33138004.0
1,621 - Ambulatory Care,20,000,2024,0,0,621330,282.0,1501.5,65078543.0
1,621 - Ambulatory Care,24,000,2022,0,0,621610,945.0,25644.83,1109015276.0
1,621 - Ambulatory Care,45,000,2022,0,1,621493,106.0,1434.83,82822758.0
1,621 - Ambulatory Care,45,000,2022,0,1,621498,159.0,2416.5,148807013.0
1,621 - Ambulatory Care,45,000,2019,0,0,621491,20.0,153.33,6970508.0
1,621 - Ambulatory Care,46,000,2019,0,0,621112,14.0,56.66,3084697.0
1,621 - Ambulatory Care,05,000,2018,0,1,621498,64.0,0.0,0.0
1,621 - Ambulatory Care,20,000,2022,0,0,621210,941.0,8653.91,497070318.0
1,621 - Ambulatory Care,45,000,2021,0,0,621512,111.0,668.0,42720808.0
1,621 - Ambulatory Care,02,000,2022,0,0,621610,83.0,1751.16,50617845.0
1,621 - Ambulatory Care,16,000,2021,0,0,621511,91.0,1404.16,72114719.0
1,621 - Ambulatory Care,34,000,2023,0,0,621492,227.0,3652.5,282204200.0
1,621 - Ambulatory Care,78,000,2020,0,1,621112,1.0,0.0,0.0
1,621 - Ambulatory Care,02,000,2024,0,0,621511,42.0,151.75,8708257.0
1,621 - Ambulatory Care,16,000,2020,0,0,621999,64.0,185.91,10785591.0
1,621 - Ambulatory Care,16,000,2021,0,0,621391,37.0,180.25,6357067.0
1,621 - Ambulatory Care,16,000,2023,0,1,621491,2.0,0.0,0.0
1,621 - Ambulatory Care,34,000,2022,0,0,621340,1851.0,16319.0,890627519.0
1,621 - Ambulatory Care,02,000,2022,0,1,621999,31.0,0.0,0.0
1,621 - Ambulatory Care,16,000,2020,0,0,621210,818.0,6349.66,246197387.0
1,621 - Ambulatory Care,46,000,2024,0,0,621910,41.0,649.75,29248987.0
1,621 - Ambulatory Care,16,000,2020,0,0,621112,86.0,649.5,36043117.0
1,621 - Ambulatory Care,04,000,2021,0,1,621999,279.0,3806.0,279600636.0
1,621 - Ambulatory Care,18,000,2023,0,0,621999,184.0,1271.83,96167808.0
1,621 - Ambulatory Care,18,000,2024,0,0,621493,162.0,3842.91,254032267.0
1,621 - Ambulatory Care,44,000,2019,0,0,621111,553.0,8219.25,757352139.0
1,621 - Ambulatory Care,01,000,2023,0,1,621910,119.0,3258.66,172770403.0
1,621 - Ambulatory Care,01,000,2024,0,1,621493,84.0,186.33,16740920.0
1,621 - Ambulatory Care,01,000,2024,0,1,621610,580.0,12370.5,755643847.0
1,621 - Ambulatory Care,01,000,2020,0,1,621330,192.0,674.33,25611803.0
1,621 - Ambulatory Care,18,000,2023,0,0,621420,419.0,9557.08,473434076.0
1,621 - Ambulatory Care,18,000,2024,0,0,621320,552.0,4207.66,215645256.0
1,621 - Ambulatory Care,44,000,2019,0,0,621493,36.0,819.66,43002907.0
1,621 - Ambulatory Care,31,000,2018,0,1,621410,11.0,174.83,5473044.0
1,621 - Ambulatory Care,22,000,2024,0,1,621112,257.0,1243.83,67150740.0
1,621 - Ambulatory Care,22,000,2021,0,0,621410,17.0,138.25,7023691.0
1,621 - Ambulatory Care,22,000,2021,0,0,621610,674.0,19012.75,718497871.0
1,621 - Ambulatory Care,26,000,2021,0,1,621310,1189.0,4670.16,164678836.0
1,621 - Ambulatory Care,26,000,2021,0,0,621991,34.0,2459.58,118086420.0
1,621 - Ambulatory Care,31,000,2019,0,0,621512,37.0,431.0,35996253.0
1,621 - Ambulatory Care,42,000,2018,0,1,621498,509.0,10403.58,1051388375.0
1,621 - Ambulatory Care,38,000,2019,0,0,621210,273.0,2369.5,156236618.0
1,621 - Ambulatory Care,56,000,2020,0,0,621391,11.0,40.08,1654303.0
1,621 - Ambulatory Care,56,000,2023,0,1,621399,78.0,0.0,0.0
1,621 - Ambulatory Care,01,000,2018,0,1,621399,265.0,1705.16,95514939.0
1,621 - Ambulatory Care,49,000,2019,0,0,621999,90.0,408.41,24406496.0
1,621 - Ambulatory Care,56,000,2022,0,0,621391,9.0,39.16,1553732.0
1,621 - Ambulatory Care,20,000,2019,0,0,621399,144.0,798.08,36951923.0
1,621 - Ambulatory Care,44,000,2024,0,0,621112,55.0,198.0,14986260.0
1,621 - Ambulatory Care,01,000,2022,0,1,621910,117.0,3163.83,159683327.0
1,621 - Ambulatory Care,01,000,2023,0,1,621340,816.0,7851.25,387762972.0
1,621 - Ambulatory Care,44,000,2021,0,1,621991,10.0,0.0,0.0
1,621 - Ambulatory Care,44,000,2022,0,0,621498,80.0,1679.58,106958158.0
1,621 - Ambulatory Care,33,000,2018,0,0,621492,18.0,263.0,16305876.0
1,621 - Ambulatory Care,22,000,2022,0,1,621111,3584.0,41568.75,3510444003.0
1,621 - Ambulatory Care,31,000,2019,0,1,621610,153.0,3562.0,135055194.0
1,621 - Ambulatory Care,21,000,2023,0,1,621491,6.0,0.0,0.0
1,621 - Ambulatory Care,40,000,2019,0,1,621999,54.0,2085.08,30996267.0
1,621 - Ambulatory Care,30,000,2021,0,0,621210,477.0,3599.41,191013544.0
1,621 - Ambulatory Care,53,000,2021,0,0,621399,1235.0,5224.66,242163747.0
1,621 - Ambulatory Care,30,000,2018,0,0,621610,100.0,2770.5,73119711.0
1,621 - Ambulatory Care,36,000,2018,0,0,621320,772.0,4271.66,193426528.0
1,621 - Ambulatory Care,36,000,2020,0,0,621410,127.0,1292.33,84810018.0
1,621 - Ambulatory Care,17,000,2023,0,0,621498,241.0,4075.58,266021537.0
1,621 - Ambulatory Care,54,000,2021,0,1,621210,492.0,3909.08,191788189.0
1,621 - Ambulatory Care,17,000,2020,0,0,621111,5819.0,90481.41,9035403327.0
1,621 - Ambulatory Care,21,000,2019,0,0,621999,153.0,579.75,36162748.0
1,621 - Ambulatory Care,21,000,2019,0,0,621991,26.0,811.33,39257783.0
1,621 - Ambulatory Care,11,000,2023,0,0,621420,51.0,1479.0,96796484.0
1,621 - Ambulatory Care,44,000,2018,0,0,621111,585.0,8229.91,735471775.0
1,621 - Ambulatory Care,24,000,2018,0,0,621498,268.0,4474.0,263684387.0
1,621 - Ambulatory Care,72,000,2021,0,0,621498,54.0,2046.91,72050695.0
1,621 - Ambulatory Care,72,000,2024,0,1,621492,38.0,0.0,0.0
1,621 - Ambulatory Care,17,000,2023,0,0,621493,124.0,2641.41,204674575.0
1,621 - Ambulatory Care,37,000,2024,0,0,621112,473.0,2327.91,156080592.0
1,621 - Ambulatory Care,48,000,2018,0,1,621330,1136.0,5041.41,233804690.0
1,621 - Ambulatory Care,06,000,2019,0,1,621493,815.0,18101.83,1237066023.0
1,621 - Ambulatory Care,35,000,2024,0,0,621492,48.0,976.83,63802239.0
1,621 - Ambulatory Care,05,000,2024,0,0,621420,272.0,2625.41,129654747.0
1,621 - Ambulatory Care,05,000,2023,0,0,621910,112.0,2719.08,163475881.0
1,621 - Ambulatory Care,45,000,2018,0,0,621320,263.0,1677.58,65438843.0
1,621 - Ambulatory Care,12,000,2019,0,0,621512,731.0,9800.58,525681171.0
1,621 - Ambulatory Care,56,000,2022,0,1,621991,10.0,0.0,0.0
1,621 - Ambulatory Care,15,000,2018,0,0,621320,111.0,611.75,27010067.0
1,621 - Ambulatory Care,12,000,2022,0,0,621399,3196.0,13236.66,846090079.0
1,621 - Ambulatory Care,49,000,2021,0,0,621512,50.0,389.5,37666473.0
1,621 - Ambulatory Care,01,000,2018,0,1,621498,94.0,4149.66,436640682.0
1,621 - Ambulatory Care,12,000,2020,0,0,621391,637.0,3188.33,170639548.0
1,621 - Ambulatory Care,12,000,2021,0,1,621330,2500.0,8695.41,398095101.0
1,621 - Ambulatory Care,49,000,2021,0,1,621498,96.0,1672.5,96776527.0
1,621 - Ambulatory Care,51,000,2020,0,0,621112,340.0,1691.83,110601683.0
1,621 - Ambulatory Care,51,000,2022,0,1,621491,32.0,0.0,0.0
1,621 - Ambulatory Care,51,000,2022,0,0,621910,160.0,3788.25,171119556.0
1,621 - Ambulatory Care,13,000,2020,0,0,621330,764.0,2115.91,82332571.0
1,621 - Ambulatory Care,55,000,2023,0,0,621991,57.0,2241.16,116541039.0
1,621 - Ambulatory Care,25,000,2020,0,0,621112,160.0,1141.25,88497729.0
1,621 - Ambulatory Care,13,000,2023,0,0,621999,518.0,2639.58,166683504.0
1,621 - Ambulatory Care,47,000,2021,0,1,621399,472.0,3672.58,274521017.0
1,621 - Ambulatory Care,47,000,2021,0,1,621491,5.0,0.0,0.0
1,621 - Ambulatory Care,34,000,2019,0,0,621991,15.0,1224.66,104019720.0
1,621 - Ambulatory Care,06,000,2024,0,0,621498,1593.0,58350.58,5233934753.0
1,621 - Ambulatory Care,25,000,2022,0,0,621330,583.0,5583.25,313083571.0
1,621 - Ambulatory Care,25,000,2022,0,0,621340,866.0,9425.83,485167752.0
1,621 - Ambulatory Care,50,000,2022,0,1,621410,18.0,0.0,0.0
1,621 - Ambulatory Care,50,000,2022,0,1,621910,36.0,676.0,28150275.0
1,621 - Ambulatory Care,49,000,2018,0,1,621498,71.0,1323.91,72159289.0
1,621 - Ambulatory Care,27,000,2023,0,0,621310,1241.0,4266.66,155681214.0
1,621 - Ambulatory Care,12,000,2024,0,0,621340,4306.0,32800.16,1695685761.0
1,621 - Ambulatory Care,27,000,2019,0,0,621399,275.0,1358.0,66928370.0
1,621 - Ambulatory Care,12,000,2023,0,0,621492,561.0,8069.75,527909309.0
1,621 - Ambulatory Care,49,000,2020,0,0,621910,38.0,1302.0,61522648.0
1,621 - Ambulatory Care,56,000,2021,0,0,621310,107.0,378.58,14067881.0
1,621 - Ambulatory Care,09,000,2019,0,0,621210,1685.0,12256.5,699466473.0
1,621 - Ambulatory Care,35,000,2022,0,0,621910,66.0,1179.91,79592723.0
1,621 - Ambulatory Care,37,000,2019,0,0,621492,266.0,4771.5,264801857.0
1,621 - Ambulatory Care,37,000,2020,0,1,621512,136.0,1771.75,100771568.0
1,621 - Ambulatory Care,35,000,2021,0,0,621310,195.0,677.0,24028282.0
1,621 - Ambulatory Care,35,000,2023,0,0,621210,692.0,5703.58,323198856.0
1,621 - Ambulatory Care,35,000,2023,0,0,621498,147.0,2569.83,167590685.0
1,621 - Ambulatory Care,35,000,2023,0,0,621999,164.0,378.58,28982130.0
1,621 - Ambulatory Care,09,000,2020,0,0,621512,65.0,818.16,66577012.0
1,621 - Ambulatory Care,35,000,2023,0,0,621910,67.0,1192.83,88196138.0
1,621 - Ambulatory Care,37,000,2019,0,0,621493,202.0,2411.66,142387859.0
1,621 - Ambulatory Care,37,000,2019,0,0,621999,266.0,1639.0,95449461.0
1,621 - Ambulatory Care,13,000,2019,0,0,621991,52.0,1781.0,85903267.0
1,621 - Ambulatory Care,25,000,2020,0,0,621310,655.0,1977.33,83869239.0
1,621 - Ambulatory Care,26,000,2022,0,0,621491,31.0,3124.91,243621775.0
1,621 - Ambulatory Care,13,000,2022,0,0,621610,1734.0,31460.08,1257215302.0
1,621 - Ambulatory Care,26,000,2023,0,0,621512,106.0,700.16,64510047.0
1,621 - Ambulatory Care,26,000,2024,0,0,621498,204.0,4846.33,307884826.0
1,621 - Ambulatory Care,13,000,2024,0,0,621910,231.0,6137.41,337636446.0
1,621 - Ambulatory Care,06,000,2021,0,0,621310,4062.0,12293.66,468431162.0
1,621 - Ambulatory Care,33,000,2024,0,1,621910,37.0,641.91,37520522.0
1,621 - Ambulatory Care,06,000,2022,0,0,621491,1653.0,126491.5,17570731666.0
1,621 - Ambulatory Care,25,000,2020,0,0,621498,180.0,6758.0,476795630.0
1,621 - Ambulatory Care,47,000,2019,0,0,621320,431.0,3095.33,133043227.0
1,621 - Ambulatory Care,50,000,2023,0,0,621410,19.0,114.0,6907194.0
1,621 - Ambulatory Care,54,000,2024,0,0,621910,106.0,2395.25,127787604.0
1,621 - Ambulatory Care,53,000,2022,0,0,621310,1169.0,5014.08,184363779.0
1,621 - Ambulatory Care,23,000,2024,0,0,621498,52.0,1532.16,119407985.0
1,621 - Ambulatory Care,18,000,2020,0,1,621340,833.0,10667.83,464413285.0
1,621 - Ambulatory Care,08,000,2020,0,1,621493,128.0,3518.58,248829305.0
1,621 - Ambulatory Care,08,000,2022,0,0,621610,609.0,22924.33,1071974922.0
1,621 - Ambulatory Care,23,000,2018,0,0,621310,196.0,701.83,25309347.0
1,621 - Ambulatory Care,50,000,2021,0,0,621399,78.0,207.33,12275321.0
1,621 - Ambulatory Care,49,000,2018,0,1,621330,372.0,1063.91,33202242.0
1,621 - Ambulatory Care,23,000,2022,0,0,621310,187.0,662.5,28986479.0
1,621 - Ambulatory Care,42,000,2021,0,0,621391,440.0,2206.41,110685517.0
1,621 - Ambulatory Care,09,000,2023,0,0,621330,491.0,2588.5,127474393.0
1,621 - Ambulatory Care,36,000,2022,0,1,621610,1287.0,295634.33,9811059322.0
1,621 - Ambulatory Care,39,000,2024,0,0,621610,2153.0,63802.41,2571398413.0
1,621 - Ambulatory Care,38,000,2022,0,0,621511,27.0,183.08,17294310.0
1,621 - Ambulatory Care,27,000,2022,0,0,621391,34.0,191.66,12058780.0
1,621 - Ambulatory Care,36,000,2023,0,0,621492,273.0,6048.5,446174689.0
1,621 - Ambulatory Care,15,000,2022,0,0,621340,239.0,1744.5,92651227.0
1,621 - Ambulatory Care,15,000,2024,0,0,621991,6.0,170.83,10087463.0
1,621 - Ambulatory Care,28,000,2018,0,0,621512,48.0,231.91,11692409.0
1,621 - Ambulatory Care,29,000,2023,0,0,621498,196.0,4486.5,276463647.0
1,621 - Ambulatory Care,15,000,2021,0,0,621391,21.0,58.5,2954691.0
1,621 - Ambulatory Care,19,000,2022,0,0,621511,93.0,694.25,45722098.0
1,621 - Ambulatory Care,15,000,2023,0,0,621112,76.0,391.58,23813491.0
1,621 - Ambulatory Care,15,000,2021,0,0,621399,236.0,1325.33,91947279.0
1,621 - Ambulatory Care,19,000,2023,0,0,621210,1047.0,8843.33,580355991.0
1,621 - Ambulatory Care,31,000,2021,0,1,621330,302.0,840.16,32480398.0
1,621 - Ambulatory Care,22,000,2018,0,1,621340,694.0,7121.66,296777700.0
1,621 - Ambulatory Care,30,000,2021,0,1,621491,1.0,0.0,0.0
1,621 - Ambulatory Care,21,000,2024,0,0,621999,449.0,1499.41,113336630.0
1,621 - Ambulatory Care,22,000,2019,0,1,621999,164.0,744.25,32694624.0
1,621 - Ambulatory Care,53,000,2019,0,0,621410,49.0,720.58,39595328.0
1,621 - Ambulatory Care,22,000,2019,0,0,621511,302.0,2227.75,99657665.0
1,621 - Ambulatory Care,30,000,2018,0,0,621420,73.0,1083.16,35003348.0
1,621 - Ambulatory Care,30,000,2023,0,0,621910,54.0,771.5,40212370.0
1,621 - Ambulatory Care,22,000,2018,0,0,621210,1536.0,10971.5,490661478.0
1,621 - Ambulatory Care,22,000,2019,0,0,621320,242.0,1536.91,56959991.0
1,621 - Ambulatory Care,36,000,2021,0,0,621999,235.0,2471.91,185978521.0
1,621 - Ambulatory Care,53,000,2020,0,0,621610,323.0,11402.91,538078368.0
1,621 - Ambulatory Care,21,000,2023,0,0,621512,89.0,583.16,49833774.0
1,621 - Ambulatory Care,40,000,2020,0,0,621512,93.0,590.16,44551213.0
1,621 - Ambulatory Care,30,000,2019,0,0,621320,103.0,664.83,27107753.0
1,621 - Ambulatory Care,36,000,2019,0,0,621210,8334.0,54610.33,2905993165.0
1,621 - Ambulatory Care,53,000,2021,0,0,621610,369.0,11191.58,563722750.0
1,621 - Ambulatory Care,22,000,2020,0,0,621320,245.0,1520.16,57965617.0
1,621 - Ambulatory Care,12,000,2024,0,0,621492,570.0,8047.58,544439034.0
1,621 - Ambulatory Care,39,000,2023,0,0,621492,385.0,4500.5,287370062.0
1,621 - Ambulatory Care,39,000,2022,0,0,621610,2114.0,57999.08,2100701278.0
1,621 - Ambulatory Care,38,000,2022,0,0,621111,283.0,6240.83,900968153.0
1,621 - Ambulatory Care,09,000,2024,0,0,621410,39.0,372.66,32901969.0
1,621 - Ambulatory Care,27,000,2020,0,1,621910,78.0,2650.41,141705925.0
1,621 - Ambulatory Care,27,000,2021,0,0,621492,104.0,1118.58,75575742.0
1,621 - Ambulatory Care,38,000,2022,0,1,621410,10.0,0.0,0.0
1,621 - Ambulatory Care,0 ,000,2018,0,0,621498,8408.0,199359.33,12828672048.0
1,621 - Ambulatory Care,06,000,2019,0,0,621320,2702.0,16141.41,689243560.0
1,621 - Ambulatory Care,37,000,2021,0,0,621511,1598.0,12457.08,997271697.0
1,621 - Ambulatory Care,48,000,2019,0,0,621511,911.0,16356.75,997955178.0
1,621 - Ambulatory Care,48,000,2018,0,0,621991,189.0,8228.91,360081142.0
1,621 - Ambulatory Care,06,000,2018,0,0,621391,645.0,2582.25,129531422.0
1,621 - Ambulatory Care,20,000,2022,0,0,621493,52.0,1207.16,72820663.0
1,621 - Ambulatory Care,45,000,2020,0,0,621512,108.0,601.58,37027579.0
1,621 - Ambulatory Care,45,000,2022,0,0,621340,532.0,4870.83,241324821.0
1,621 - Ambulatory Care,05,000,2020,0,0,621112,84.0,241.83,17569912.0
1,621 - Ambulatory Care,20,000,2020,0,0,621320,289.0,2252.16,105692949.0
1,621 - Ambulatory Care,20,000,2023,0,0,621991,15.0,760.5,45554267.0
1,621 - Ambulatory Care,20,000,2024,0,0,621391,33.0,149.91,7009972.0
1,621 - Ambulatory Care,24,000,2024,0,0,621310,402.0,1594.58,79795310.0
1,621 - Ambulatory Care,45,000,2023,0,1,621420,168.0,987.16,47140408.0
1,621 - Ambulatory Care,20,000,2020,0,0,621340,287.0,3413.5,147996776.0
1,621 - Ambulatory Care,24,000,2020,0,0,621610,949.0,23866.5,951688157.0
1,621 - Ambulatory Care,24,000,2022,0,0,621210,2498.0,17381.33,1126061254.0
1,621 - Ambulatory Care,46,000,2022,0,0,621999,74.0,349.33,25293573.0
1,621 - Ambulatory Care,02,000,2022,0,0,621512,15.0,162.33,11802980.0
1,621 - Ambulatory Care,34,000,2022,0,0,621420,382.0,7773.5,414686670.0
1,621 - Ambulatory Care,16,000,2020,0,0,621391,34.0,168.75,5630073.0
1,621 - Ambulatory Care,46,000,2024,0,0,621320,106.0,829.5,44468549.0
1,621 - Ambulatory Care,46,000,2024,0,0,621420,43.0,675.25,37997583.0
1,621 - Ambulatory Care,56,000,2024,0,1,621391,8.0,0.0,0.0
1,621 - Ambulatory Care,56,000,2024,0,0,621210,230.0,1814.75,96213492.0
1,621 - Ambulatory Care,22,000,2024,0,0,621310,421.0,1731.83,75372822.0
1,621 - Ambulatory Care,22,000,2022,0,0,621420,283.0,3011.25,130388265.0
1,621 - Ambulatory Care,31,000,2019,0,0,621999,68.0,543.58,29120902.0
1,621 - Ambulatory Care,26,000,2021,0,0,621420,243.0,7366.33,411243681.0
1,621 - Ambulatory Care,44,000,2024,0,0,621111,556.0,8624.16,964131549.0
1,621 - Ambulatory Care,01,000,2019,0,1,621491,8.0,0.0,0.0
1,621 - Ambulatory Care,18,000,2024,0,1,621491,19.0,0.0,0.0
1,621 - Ambulatory Care,01,000,2023,0,1,621498,130.0,5390.08,677739287.0
1,621 - Ambulatory Care,04,000,2021,0,1,621410,35.0,305.25,19324765.0
1,621 - Ambulatory Care,18,000,2023,0,0,621498,200.0,2439.0,197640595.0
1,621 - Ambulatory Care,04,000,2021,0,1,621498,122.0,2873.0,194415027.0
1,621 - Ambulatory Care,05,000,2021,0,0,621492,76.0,1042.08,58529557.0
1,621 - Ambulatory Care,31,000,2024,0,0,621420,194.0,1210.58,56523465.0
1,621 - Ambulatory Care,12,000,2018,0,1,621610,3088.0,77203.91,3017346395.0
1,621 - Ambulatory Care,38,000,2020,0,0,621112,14.0,54.16,3874588.0
1,621 - Ambulatory Care,38,000,2019,0,0,621512,10.0,55.16,4539292.0
1,621 - Ambulatory Care,12,000,2019,0,0,621511,1167.0,14557.33,937834121.0
1,621 - Ambulatory Care,56,000,2022,0,1,621340,144.0,1159.5,59040377.0
1,621 - Ambulatory Care,51,000,2020,0,0,621399,505.0,2042.83,102561580.0
1,621 - Ambulatory Care,12,000,2021,0,0,621310,2770.0,11212.41,472662800.0
1,621 - Ambulatory Care,49,000,2020,0,0,621420,141.0,1797.41,69392265.0
1,621 - Ambulatory Care,01,000,2018,0,0,621610,461.0,12962.75,592501169.0
1,621 - Ambulatory Care,09,000,2020,0,1,621991,12.0,0.0,0.0
1,621 - Ambulatory Care,35,000,2022,0,0,621511,128.0,2167.66,127144094.0
1,621 - Ambulatory Care,37,000,2020,0,0,621111,5240.0,81000.0,7588406408.0
1,621 - Ambulatory Care,13,000,2019,0,1,621910,181.0,6189.58,241838363.0
1,621 - Ambulatory Care,55,000,2021,0,0,621410,49.0,403.91,20000844.0
1,621 - Ambulatory Care,55,000,2024,0,0,621493,80.0,1757.91,124253455.0
1,621 - Ambulatory Care,35,000,2019,0,1,621399,253.0,687.91,29830119.0
1,621 - Ambulatory Care,35,000,2020,0,1,621491,10.0,354.75,27793427.0
1,621 - Ambulatory Care,09,000,2020,0,1,621910,77.0,3148.25,144902531.0
1,621 - Ambulatory Care,37,000,2019,0,0,621991,44.0,2305.66,99205311.0
1,621 - Ambulatory Care,10,000,2020,0,0,621330,57.0,212.33,8740472.0
1,621 - Ambulatory Care,33,000,2024,0,1,621991,5.0,0.0,0.0
1,621 - Ambulatory Care,06,000,2021,0,1,621910,405.0,19470.41,1111477512.0
1,621 - Ambulatory Care,25,000,2020,0,0,621492,87.0,2259.08,166062875.0
1,621 - Ambulatory Care,26,000,2022,0,0,621493,180.0,3720.83,247823747.0
1,621 - Ambulatory Care,06,000,2023,0,0,621512,928.0,10247.33,925373631.0
1,621 - Ambulatory Care,25,000,2019,0,1,621420,359.0,10361.33,444665293.0
1,621 - Ambulatory Care,06,000,2022,0,0,621999,724.0,6452.91,529337187.0
1,621 - Ambulatory Care,28,000,2024,0,0,621210,997.0,6738.08,376917245.0
1,621 - Ambulatory Care,34,000,2020,0,1,621610,805.0,44448.16,1638281034.0
1,621 - Ambulatory Care,13,000,2021,0,0,621310,1285.0,4391.41,173741291.0
1,621 - Ambulatory Care,06,000,2021,0,0,621492,764.0,17444.66,1277506041.0
1,621 - Ambulatory Care,26,000,2023,0,0,621399,635.0,2325.41,137882467.0
1,621 - Ambulatory Care,28,000,2020,0,0,621210,880.0,5977.08,291135865.0
1,621 - Ambulatory Care,33,000,2023,0,0,621493,58.0,1156.5,70301024.0
1,621 - Ambulatory Care,25,000,2023,0,0,621991,26.0,832.83,77365542.0
1,621 - Ambulatory Care,51,000,2024,0,0,621399,952.0,3879.75,228918732.0
1,621 - Ambulatory Care,25,000,2021,0,0,621999,177.0,2020.33,170091048.0
1,621 - Ambulatory Care,25,000,2022,0,0,621210,3101.0,25271.91,1763686463.0
1,621 - Ambulatory Care,19,000,2022,0,0,621492,66.0,610.0,39412960.0
1,621 - Ambulatory Care,29,000,2024,0,0,621410,63.0,386.58,19816096.0
1,621 - Ambulatory Care,10,000,2021,0,0,621512,49.0,312.91,20426584.0
1,621 - Ambulatory Care,29,000,2023,0,0,621910,161.0,4342.33,261121998.0
1,621 - Ambulatory Care,15,000,2020,0,1,621910,15.0,534.25,39898426.0
1,621 - Ambulatory Care,53,000,2022,0,1,621340,952.0,9787.91,521523978.0
1,621 - Ambulatory Care,53,000,2023,0,0,621610,447.0,11973.58,643160648.0
1,621 - Ambulatory Care,53,000,2024,0,0,621330,337.0,3623.66,211170477.0
1,621 - Ambulatory Care,02,000,2020,0,0,621340,102.0,792.08,41780418.0
1,621 - Ambulatory Care,47,000,2023,0,0,621491,8.0,62.33,5076724.0
1,621 - Ambulatory Care,02,000,2020,0,1,621991,6.0,0.0,0.0
1,621 - Ambulatory Care,53,000,2024,0,0,621991,42.0,2110.16,168168093.0
1,621 - Ambulatory Care,49,000,2018,0,0,621112,117.0,443.75,22310986.0
1,621 - Ambulatory Care,08,000,2019,0,1,621512,103.0,1361.91,98022883.0
1,621 - Ambulatory Care,08,000,2022,0,0,621492,93.0,1231.91,86262444.0
1,621 - Ambulatory Care,08,000,2023,0,0,621512,140.0,1532.91,109989171.0
1,621 - Ambulatory Care,50,000,2018,0,0,621420,54.0,3535.91,135650993.0
1,621 - Ambulatory Care,08,000,2018,0,0,621340,778.0,6929.25,296510640.0
1,621 - Ambulatory Care,42,000,2022,0,0,621112,390.0,2856.25,231251413.0
1,621 - Ambulatory Care,48,000,2023,0,1,621512,736.0,8754.16,665817659.0
1,621 - Ambulatory Care,50,000,2021,0,0,621210,233.0,1955.91,127991783.0
1,621 - Ambulatory Care,40,000,2018,0,1,621399,250.0,696.83,46034962.0
1,621 - Ambulatory Care,30,000,2021,0,0,621112,62.0,212.5,12521764.0
1,621 - Ambulatory Care,21,000,2024,0,0,621210,1601.0,11049.25,668415904.0
1,621 - Ambulatory Care,21,000,2024,0,0,621491,8.0,36.25,3644090.0
1,621 - Ambulatory Care,30,000,2021,0,0,621512,26.0,100.66,12624027.0
1,621 - Ambulatory Care,36,000,2019,0,0,621493,449.0,8724.33,575946223.0
1,621 - Ambulatory Care,30,000,2019,0,0,621111,506.0,6956.58,695157424.0
1,621 - Ambulatory Care,53,000,2020,0,0,621498,121.0,5967.66,427472622.0
1,621 - Ambulatory Care,0 ,000,2024,0,0,621399,39221.0,158334.33,9720745634.0
1,621 - Ambulatory Care,11,000,2019,0,0,621111,368.0,4458.66,637836610.0
1,621 - Ambulatory Care,16,000,2019,0,1,621493,49.0,2142.33,99100426.0
1,621 - Ambulatory Care,06,000,2022,0,0,621420,1357.0,29238.5,1749513159.0
1,621 - Ambulatory Care,34,000,2020,0,0,621320,575.0,3049.75,144894953.0
1,621 - Ambulatory Care,26,000,2024,0,0,621112,457.0,3088.91,212880600.0
1,621 - Ambulatory Care,26,000,2022,0,0,621492,157.0,3174.0,201176659.0
1,621 - Ambulatory Care,13,000,2024,0,0,621112,542.0,2961.75,216631583.0
1,621 - Ambulatory Care,13,000,2024,0,0,621491,87.0,3827.5,574341604.0
1,621 - Ambulatory Care,26,000,2022,0,0,621320,484.0,4355.33,239360123.0
1,621 - Ambulatory Care,29,000,2018,0,0,621330,242.0,1183.08,42600265.0
1,621 - Ambulatory Care,50,000,2022,0,0,621112,41.0,90.75,6393560.0
1,621 - Ambulatory Care,25,000,2021,0,0,621512,96.0,2168.83,194983718.0
1,621 - Ambulatory Care,25,000,2022,0,0,621391,137.0,626.5,41122590.0
1,621 - Ambulatory Care,29,000,2019,0,0,621492,152.0,1860.41,101248410.0
1,621 - Ambulatory Care,02,000,2019,0,0,621512,16.0,159.75,11843708.0
1,621 - Ambulatory Care,18,000,2018,0,0,621991,50.0,2278.83,96865957.0
1,621 - Ambulatory Care,41,000,2024,0,0,621511,229.0,2693.16,219684277.0
1,621 - Ambulatory Care,47,000,2023,0,0,621511,675.0,6508.0,448315347.0
1,621 - Ambulatory Care,53,000,2022,0,0,621511,377.0,4887.0,365347801.0
1,621 - Ambulatory Care,18,000,2019,0,0,621391,118.0,687.16,32706624.0
1,621 - Ambulatory Care,23,000,2024,0,0,621210,446.0,4183.41,307059480.0
1,621 - Ambulatory Care,02,000,2018,0,0,621340,103.0,856.33,44887241.0
1,621 - Ambulatory Care,18,000,2018,0,0,621999,108.0,991.75,51766034.0
1,621 - Ambulatory Care,18,000,2021,0,0,621340,905.0,11997.25,522572844.0
1,621 - Ambulatory Care,08,000,2021,0,0,621111,3086.0,41537.0,4310074465.0
1,621 - Ambulatory Care,48,000,2023,0,1,621410,280.0,1806.0,116887147.0
1,621 - Ambulatory Care,42,000,2021,0,0,621999,370.0,6892.16,618744671.0
1,621 - Ambulatory Care,42,000,2024,0,0,621310,1633.0,6019.08,248109690.0
1,621 - Ambulatory Care,48,000,2024,0,1,621498,991.0,19503.41,1530224747.0
1,621 - Ambulatory Care,48,000,2021,0,0,621320,2003.0,14192.25,659464598.0
1,621 - Ambulatory Care,48,000,2023,0,1,621112,1096.0,5505.16,442925061.0
1,621 - Ambulatory Care,0 ,000,2021,0,0,621610,43779.0,1508664.41,55238697551.0
1,621 - Ambulatory Care,54,000,2023,0,0,621610,248.0,6087.25,264231722.0
1,621 - Ambulatory Care,0 ,000,2024,0,0,621511,21809.0,226572.66,18642284629.0
1,621 - Ambulatory Care,54,000,2019,0,1,621210,510.0,3919.41,178125634.0
1,621 - Ambulatory Care,17,000,2023,0,0,621111,5538.0,92315.33,9756656588.0
1,621 - Ambulatory Care,17,000,2023,0,0,621511,458.0,6399.08,462349583.0
1,621 - Ambulatory Care,54,000,2020,0,1,621492,61.0,0.0,0.0
1,621 - Ambulatory Care,17,000,2022,0,0,621491,40.0,2109.41,200219842.0
1,621 - Ambulatory Care,24,000,2018,0,0,621910,66.0,2438.0,83860288.0
1,621 - Ambulatory Care,72,000,2020,0,1,621493,38.0,43.75,3797773.0
1,621 - Ambulatory Care,15,000,2020,0,0,621492,32.0,1063.16,86555189.0
1,621 - Ambulatory Care,15,000,2021,0,1,621491,29.0,0.0,0.0
1,621 - Ambulatory Care,15,000,2022,0,0,621210,686.0,4598.91,264335554.0
1,621 - Ambulatory Care,10,000,2024,0,0,621320,49.0,397.08,23766737.0
1,621 - Ambulatory Care,10,000,2021,0,0,621111,584.0,7064.58,665799139.0
1,621 - Ambulatory Care,15,000,2024,0,0,621330,290.0,1218.5,66630979.0
1,621 - Ambulatory Care,38,000,2022,0,0,621340,139.0,1184.41,61649558.0
1,621 - Ambulatory Care,27,000,2018,0,0,621340,505.0,5086.83,242179404.0
1,621 - Ambulatory Care,38,000,2024,0,0,621991,14.0,296.58,18034844.0
1,621 - Ambulatory Care,41,000,2019,0,0,621320,265.0,1973.41,81852645.0
1,621 - Ambulatory Care,0 ,000,2018,0,1,621210,131311.0,952922.33,49545256325.0
1,621 - Ambulatory Care,22,000,2024,0,0,621511,456.0,2331.91,122519636.0
1,621 - Ambulatory Care,33,000,2019,0,0,621340,198.0,1762.41,86660082.0
1,621 - Ambulatory Care,26,000,2020,0,1,621210,3561.0,27403.41,1519366712.0
1,621 - Ambulatory Care,33,000,2020,0,0,621420,95.0,2927.33,157024232.0
1,621 - Ambulatory Care,21,000,2023,0,0,621410,26.0,151.41,7721642.0
1,621 - Ambulatory Care,30,000,2019,0,1,621498,29.0,241.58,12506771.0
1,621 - Ambulatory Care,36,000,2018,0,0,621410,112.0,1650.33,91752096.0
1,621 - Ambulatory Care,36,000,2019,0,1,621399,1319.0,4646.16,199342050.0
1,621 - Ambulatory Care,36,000,2020,0,1,621420,697.0,15120.41,748934279.0
1,621 - Ambulatory Care,21,000,2024,0,0,621320,326.0,2576.41,147544355.0
1,621 - Ambulatory Care,40,000,2018,0,0,621493,332.0,3479.5,229661293.0
1,621 - Ambulatory Care,53,000,2019,0,0,621310,1214.0,5354.58,166729196.0
1,621 - Ambulatory Care,21,000,2024,0,0,621512,90.0,572.5,53923091.0
1,621 - Ambulatory Care,11,000,2018,0,1,621910,6.0,0.0,0.0
1,621 - Ambulatory Care,17,000,2021,0,0,621498,197.0,3943.75,232897558.0
1,621 - Ambulatory Care,39,000,2020,0,1,621491,40.0,210.75,23241280.0
1,621 - Ambulatory Care,54,000,2022,0,1,621410,8.0,0.0,0.0
1,621 - Ambulatory Care,17,000,2021,0,0,621112,712.0,3276.16,254068573.0
1,621 - Ambulatory Care,17,000,2021,0,0,621999,320.0,2654.5,196432268.0
1,621 - Ambulatory Care,24,000,2018,0,0,621111,4547.0,51307.41,4621191335.0
1,621 - Ambulatory Care,11,000,2022,0,0,621498,20.0,185.08,16963997.0
1,621 - Ambulatory Care,72,000,2021,0,0,621999,27.0,155.0,4441960.0
1,621 - Ambulatory Care,11,000,2022,0,0,621492,30.0,437.5,32006161.0
1,621 - Ambulatory Care,72,000,2023,0,1,621493,37.0,423.16,15625007.0
1,621 - Ambulatory Care,24,000,2018,0,0,621330,335.0,1898.41,88241413.0
1,621 - Ambulatory Care,39,000,2020,0,0,621330,513.0,2961.83,126391889.0
1,621 - Ambulatory Care,04,000,2022,0,0,621330,763.0,3939.91,187961471.0
1,621 - Ambulatory Care,04,000,2022,0,1,621910,113.0,4574.66,311668075.0
1,621 - Ambulatory Care,18,000,2022,0,0,621610,802.0,22801.0,907501920.0
1,621 - Ambulatory Care,18,000,2024,0,0,621420,418.0,9695.16,505219214.0
1,621 - Ambulatory Care,44,000,2023,0,0,621210,343.0,2800.41,177186464.0
1,621 - Ambulatory Care,01,000,2024,0,1,621498,131.0,5642.25,738401113.0
1,621 - Ambulatory Care,44,000,2019,0,0,621210,356.0,2922.5,146867269.0
1,621 - Ambulatory Care,04,000,2021,0,0,621391,155.0,625.41,36824468.0
1,621 - Ambulatory Care,44,000,2019,0,1,621910,20.0,0.0,0.0
1,621 - Ambulatory Care,44,000,2024,0,0,621493,26.0,522.08,31781520.0
1,621 - Ambulatory Care,04,000,2020,0,0,621491,45.0,6314.66,549815551.0
1,621 - Ambulatory Care,35,000,2024,0,0,621420,83.0,1240.33,71137929.0
1,621 - Ambulatory Care,48,000,2020,0,0,621399,1833.0,9449.83,453305379.0
1,621 - Ambulatory Care,48,000,2020,0,0,621310,2515.0,10188.33,411226978.0
1,621 - Ambulatory Care,20,000,2021,0,0,621492,68.0,820.08,44584286.0
1,621 - Ambulatory Care,20,000,2021,0,1,621910,37.0,713.0,42030146.0
1,621 - Ambulatory Care,05,000,2018,0,0,621340,622.0,5565.66,244417849.0
1,621 - Ambulatory Care,45,000,2024,0,0,621999,414.0,1615.58,135932213.0
1,621 - Ambulatory Care,20,000,2023,0,0,621493,54.0,1256.66,77200185.0
1,621 - Ambulatory Care,46,000,2020,0,1,621999,48.0,261.75,14056488.0
1,621 - Ambulatory Care,34,000,2021,0,1,621610,865.0,44210.33,1784037240.0
1,621 - Ambulatory Care,02,000,2022,0,0,621320,58.0,509.16,26690312.0
1,621 - Ambulatory Care,02,000,2024,0,0,621410,8.0,74.41,3633972.0
1,621 - Ambulatory Care,34,000,2022,0,0,621493,445.0,9776.5,687199106.0
1,621 - Ambulatory Care,78,000,2023,0,1,621492,2.0,0.0,0.0
1,621 - Ambulatory Care,16,000,2022,0,0,621210,913.0,7286.08,321916686.0
1,621 - Ambulatory Care,05,000,2021,0,1,621111,2324.0,26878.33,2483829671.0
1,621 - Ambulatory Care,05,000,2021,0,0,621420,149.0,2151.08,93792580.0
1,621 - Ambulatory Care,17,000,2018,0,0,621391,442.0,1906.66,94651930.0
1,621 - Ambulatory Care,55,000,2018,0,0,621999,103.0,919.16,42906460.0
1,621 - Ambulatory Care,12,000,2022,0,0,621330,2814.0,10408.5,508618667.0
1,621 - Ambulatory Care,49,000,2019,0,0,621991,25.0,1391.83,45243517.0
1,621 - Ambulatory Care,49,000,2023,0,0,621498,132.0,2995.25,211037491.0
1,621 - Ambulatory Care,51,000,2022,0,0,621493,216.0,5451.58,384045729.0
1,621 - Ambulatory Care,51,000,2018,0,0,621999,136.0,1485.91,102392875.0
1,621 - Ambulatory Care,12,000,2018,0,0,621340,2973.0,22040.08,1128168633.0
1,621 - Ambulatory Care,12,000,2022,0,0,621991,239.0,6649.41,375838820.0
1,621 - Ambulatory Care,15,000,2018,0,0,621112,61.0,285.33,14843926.0
1,621 - Ambulatory Care,56,000,2020,0,1,621493,26.0,401.91,21860184.0
1,621 - Ambulatory Care,56,000,2020,0,1,621910,32.0,341.83,18019604.0
1,621 - Ambulatory Care,49,000,2023,0,0,621991,35.0,1224.83,57001752.0
1,621 - Ambulatory Care,56,000,2018,0,1,621111,332.0,3257.0,285574661.0
1,621 - Ambulatory Care,51,000,2020,0,0,621512,105.0,1446.66,86721662.0
1,621 - Ambulatory Care,51,000,2018,0,1,621498,267.0,0.0,0.0
1,621 - Ambulatory Care,13,000,2018,0,0,621420,511.0,7425.83,270907518.0
1,621 - Ambulatory Care,35,000,2018,0,1,621399,221.0,608.08,25585285.0
1,621 - Ambulatory Care,35,000,2020,0,0,621210,737.0,5309.08,266870279.0
1,621 - Ambulatory Care,09,000,2019,0,1,621498,79.0,3827.33,258532856.0
1,621 - Ambulatory Care,35,000,2019,0,0,621910,61.0,1349.66,67895524.0
1,621 - Ambulatory Care,09,000,2020,0,0,621391,118.0,434.0,24432731.0
1,621 - Ambulatory Care,40,000,2020,0,1,621610,739.0,12143.58,426866429.0
1,621 - Ambulatory Care,26,000,2021,0,0,621493,171.0,3700.33,237096768.0
1,621 - Ambulatory Care,31,000,2021,0,0,621492,32.0,497.91,29297470.0
1,621 - Ambulatory Care,33,000,2018,0,0,621511,63.0,356.66,26974823.0
1,621 - Ambulatory Care,22,000,2022,0,1,621493,201.0,2778.75,148870437.0
1,621 - Ambulatory Care,22,000,2024,0,1,621399,727.0,2195.16,132442328.0
1,621 - Ambulatory Care,26,000,2021,0,1,621210,3561.0,31417.08,1828923801.0
1,621 - Ambulatory Care,33,000,2019,0,0,621410,14.0,111.5,3991117.0
1,621 - Ambulatory Care,26,000,2020,0,1,621330,487.0,2717.75,117129375.0
1,621 - Ambulatory Care,31,000,2018,0,0,621999,63.0,528.91,27552211.0
1,621 - Ambulatory Care,33,000,2021,0,0,621511,73.0,288.41,26351168.0
1,621 - Ambulatory Care,34,000,2022,0,0,621610,907.0,44429.41,1944095521.0
1,621 - Ambulatory Care,34,000,2023,0,0,621491,32.0,507.08,52217738.0
1,621 - Ambulatory Care,34,000,2021,0,0,621511,1142.0,12613.16,923817651.0
1,621 - Ambulatory Care,16,000,2021,0,0,621410,15.0,81.91,4078484.0
1,621 - Ambulatory Care,46,000,2024,0,0,621493,12.0,174.91,9980416.0
1,621 - Ambulatory Care,78,000,2023,0,0,621310,14.0,50.33,2306090.0
1,621 - Ambulatory Care,32,000,2024,0,0,621391,61.0,289.91,13067318.0
1,621 - Ambulatory Care,06,000,2019,0,0,621391,642.0,2587.83,136913840.0
1,621 - Ambulatory Care,37,000,2024,0,0,621399,1111.0,4373.66,277969054.0
1,621 - Ambulatory Care,48,000,2019,0,0,621999,408.0,3752.16,245607669.0
1,621 - Ambulatory Care,06,000,2019,0,1,621330,2753.0,21481.16,816165574.0
1,621 - Ambulatory Care,48,000,2020,0,0,621910,648.0,15868.91,828373511.0
1,621 - Ambulatory Care,45,000,2020,0,1,621498,119.0,1991.16,117693546.0
1,621 - Ambulatory Care,45,000,2021,0,0,621491,21.0,114.58,9225147.0
1,621 - Ambulatory Care,05,000,2019,0,0,621310,338.0,1105.08,39347509.0
1,621 - Ambulatory Care,20,000,2023,0,0,621310,535.0,1588.0,58028925.0
1,621 - Ambulatory Care,24,000,2023,0,0,621492,206.0,3076.91,204710076.0
1,621 - Ambulatory Care,24,000,2021,0,0,621991,40.0,960.41,63687542.0
1,621 - Ambulatory Care,45,000,2018,0,0,621910,115.0,3341.66,110265487.0
1,621 - Ambulatory Care,55,000,2019,0,0,621112,103.0,612.08,48762813.0
1,621 - Ambulatory Care,31,000,2022,0,0,621111,965.0,15588.66,1792479464.0
1,621 - Ambulatory Care,31,000,2022,0,0,621320,172.0,1239.25,57398324.0
1,621 - Ambulatory Care,55,000,2018,0,0,621498,92.0,2651.16,166942334.0
1,621 - Ambulatory Care,38,000,2019,0,0,621910,72.0,953.75,23074329.0
1,621 - Ambulatory Care,49,000,2023,0,0,621420,285.0,2730.08,122938009.0
1,621 - Ambulatory Care,38,000,2020,0,0,621420,21.0,250.83,13255361.0
1,621 - Ambulatory Care,49,000,2022,0,0,621111,2033.0,25816.75,2110883841.0
1,621 - Ambulatory Care,09,000,2019,0,0,621991,12.0,331.0,20394209.0
1,621 - Ambulatory Care,35,000,2023,0,0,621511,126.0,2163.33,126195400.0
1,621 - Ambulatory Care,32,000,2018,0,0,621991,25.0,886.83,43011420.0
1,621 - Ambulatory Care,35,000,2021,0,0,621492,29.0,952.83,56573137.0
1,621 - Ambulatory Care,35,000,2021,0,0,621330,157.0,585.41,22061304.0
1,621 - Ambulatory Care,55,000,2020,0,0,621493,89.0,1654.75,97250939.0
1,621 - Ambulatory Care,19,000,2018,0,0,621511,74.0,605.0,35509651.0
1,621 - Ambulatory Care,28,000,2020,0,0,621999,82.0,272.5,15803310.0
1,621 - Ambulatory Care,28,000,2023,0,0,621310,165.0,600.25,23782303.0
1,621 - Ambulatory Care,47,000,2021,0,1,621340,652.0,7283.41,370387647.0
1,621 - Ambulatory Care,10,000,2019,0,0,621391,24.0,166.75,9362319.0
1,621 - Ambulatory Care,13,000,2022,0,0,621511,1279.0,7060.33,476000528.0
1,621 - Ambulatory Care,13,000,2024,0,0,621420,805.0,9895.41,485946137.0
1,621 - Ambulatory Care,25,000,2020,0,1,621610,804.0,41102.58,1823560637.0
1,621 - Ambulatory Care,26,000,2024,0,0,621991,54.0,2957.83,169078995.0
1,621 - Ambulatory Care,06,000,2021,0,1,621493,891.0,20238.33,1478750649.0
1,621 - Ambulatory Care,47,000,2022,0,0,621410,60.0,601.75,33155158.0
1,621 - Ambulatory Care,25,000,2021,0,0,621112,189.0,1316.58,105049850.0
1,621 - Ambulatory Care,25,000,2021,0,0,621511,277.0,4371.83,409866962.0
1,621 - Ambulatory Care,25,000,2023,0,1,621910,89.0,5303.91,318480473.0
1,621 - Ambulatory Care,50,000,2023,0,0,621999,53.0,116.0,9996624.0
1,621 - Ambulatory Care,54,000,2024,0,0,621498,78.0,1151.25,75110965.0
1,621 - Ambulatory Care,41,000,2022,0,1,621399,685.0,3430.5,175182276.0
1,621 - Ambulatory Care,02,000,2018,0,0,621511,17.0,139.83,6660375.0
1,621 - Ambulatory Care,47,000,2024,0,0,621391,111.0,609.16,40837805.0
1,621 - Ambulatory Care,13,000,2020,0,1,621493,185.0,2816.33,187359093.0
1,621 - Ambulatory Care,35,000,2020,0,1,621420,89.0,1213.33,55284412.0
1,621 - Ambulatory Care,09,000,2020,0,0,621111,2643.0,33994.91,3781370737.0
1,621 - Ambulatory Care,35,000,2018,0,0,621492,27.0,868.75,46841175.0
1,621 - Ambulatory Care,37,000,2018,0,0,621112,370.0,2046.25,103756820.0
1,621 - Ambulatory Care,55,000,2023,0,0,621410,50.0,436.58,21246994.0
1,621 - Ambulatory Care,13,000,2022,0,0,621491,78.0,3562.0,517066179.0
1,621 - Ambulatory Care,33,000,2023,0,0,621420,119.0,3334.5,193204124.0
1,621 - Ambulatory Care,28,000,2023,0,0,621991,25.0,648.66,30294102.0
1,621 - Ambulatory Care,33,000,2022,0,0,621410,14.0,125.16,5644063.0
1,621 - Ambulatory Care,13,000,2023,0,0,621991,74.0,2748.0,145473314.0
1,621 - Ambulatory Care,33,000,2024,0,0,621310,156.0,495.5,21242904.0
1,621 - Ambulatory Care,47,000,2019,0,1,621111,4006.0,67347.08,5954384599.0
1,621 - Ambulatory Care,25,000,2020,0,1,621910,87.0,5634.5,283253633.0
1,621 - Ambulatory Care,33,000,2023,0,1,621491,1.0,0.0,0.0
1,621 - Ambulatory Care,33,000,2023,0,0,621512,18.0,126.83,11982030.0
1,621 - Ambulatory Care,10,000,2018,0,0,621112,51.0,187.91,8921027.0
1,621 - Ambulatory Care,33,000,2023,0,0,621999,68.0,153.0,12492454.0
1,621 - Ambulatory Care,25,000,2024,0,0,621310,601.0,2124.83,106824492.0
1,621 - Ambulatory Care,54,000,2024,0,0,621410,10.0,30.66,1552743.0
1,621 - Ambulatory Care,25,000,2022,0,0,621512,104.0,2331.58,215302061.0
1,621 - Ambulatory Care,25,000,2024,0,0,621999,233.0,3292.41,312587711.0
1,621 - Ambulatory Care,50,000,2023,0,0,621210,216.0,1861.0,135815770.0
1,621 - Ambulatory Care,08,000,2022,0,0,621330,1572.0,5622.91,275715034.0
1,621 - Ambulatory Care,23,000,2020,0,0,621512,28.0,152.5,10911702.0
1,621 - Ambulatory Care,08,000,2018,0,0,621330,739.0,2196.66,88913820.0
1,621 - Ambulatory Care,23,000,2021,0,0,621492,17.0,342.91,19836978.0
1,621 - Ambulatory Care,42,000,2020,0,0,621492,351.0,5051.16,321878162.0
1,621 - Ambulatory Care,48,000,2021,0,0,621999,536.0,5343.0,381509113.0
1,621 - Ambulatory Care,48,000,2022,0,0,621391,348.0,2213.16,146675770.0
1,621 - Ambulatory Care,08,000,2022,0,0,621340,1021.0,8492.41,430620246.0
1,621 - Ambulatory Care,08,000,2022,0,0,621512,134.0,1489.33,109420405.0
1,621 - Ambulatory Care,48,000,2023,0,1,621210,12204.0,87562.75,5327622289.0
1,621 - Ambulatory Care,49,000,2018,0,0,621210,1726.0,13166.08,460766460.0
1,621 - Ambulatory Care,10,000,2021,0,0,621210,256.0,2674.16,204507393.0
1,621 - Ambulatory Care,15,000,2024,0,0,621340,246.0,1823.0,99225036.0
1,621 - Ambulatory Care,28,000,2019,0,0,621112,56.0,677.91,40807371.0
1,621 - Ambulatory Care,10,000,2024,0,0,621498,80.0,1444.83,103364759.0
1,621 - Ambulatory Care,10,000,2024,0,0,621610,176.0,6257.91,297330439.0
1,621 - Ambulatory Care,15,000,2019,0,0,621610,109.0,4632.0,156408530.0
1,621 - Ambulatory Care,29,000,2020,0,0,621610,765.0,18918.5,637631983.0
1,621 - Ambulatory Care,47,000,2024,0,0,621410,73.0,622.41,36067038.0
1,621 - Ambulatory Care,18,000,2019,0,1,621399,262.0,836.83,40023069.0
1,621 - Ambulatory Care,53,000,2023,0,0,621210,3079.0,29012.66,1620487443.0
1,621 - Ambulatory Care,53,000,2024,0,0,621410,48.0,692.33,50700633.0
1,621 - Ambulatory Care,23,000,2024,0,0,621492,21.0,332.75,22989874.0
1,621 - Ambulatory Care,54,000,2021,0,0,621320,123.0,871.08,35400879.0
1,621 - Ambulatory Care,54,000,2022,0,0,621399,125.0,647.5,23533781.0
1,621 - Ambulatory Care,16,000,2019,0,0,621511,72.0,1287.83,60102184.0
1,621 - Ambulatory Care,17,000,2022,0,0,621310,1779.0,6592.0,261826425.0
1,621 - Ambulatory Care,72,000,2022,0,1,621493,37.0,440.66,15853093.0
1,621 - Ambulatory Care,04,000,2023,0,1,621410,42.0,426.33,32327108.0
1,621 - Ambulatory Care,44,000,2018,0,0,621330,119.0,675.58,22628756.0
1,621 - Ambulatory Care,11,000,2019,0,0,621391,14.0,34.91,2179414.0
1,621 - Ambulatory Care,17,000,2023,0,1,621399,1044.0,4467.58,278836877.0
1,621 - Ambulatory Care,30,000,2021,0,0,621310,237.0,756.58,26665883.0
1,621 - Ambulatory Care,30,000,2020,0,0,621210,474.0,3350.16,165685081.0
1,621 - Ambulatory Care,36,000,2018,0,0,621512,467.0,6011.91,418159627.0
1,621 - Ambulatory Care,36,000,2021,0,0,621391,836.0,2989.83,141116756.0
1,621 - Ambulatory Care,40,000,2019,0,0,621492,100.0,1390.75,79516834.0
1,621 - Ambulatory Care,36,000,2020,0,1,621498,431.0,15343.16,1164815011.0
1,621 - Ambulatory Care,40,000,2019,0,0,621512,88.0,591.16,42931151.0
1,621 - Ambulatory Care,53,000,2018,0,0,621391,102.0,485.66,16916181.0
1,621 - Ambulatory Care,47,000,2021,0,0,621999,228.0,1410.58,116975021.0
1,621 - Ambulatory Care,50,000,2020,0,0,621310,91.0,272.16,9425000.0
1,621 - Ambulatory Care,42,000,2019,0,0,621399,648.0,3661.0,199285736.0
1,621 - Ambulatory Care,50,000,2018,0,1,621999,27.0,0.0,0.0
1,621 - Ambulatory Care,08,000,2018,0,0,621111,3038.0,39447.0,3806562345.0
1,621 - Ambulatory Care,08,000,2018,0,1,621610,439.0,19929.66,732526804.0
1,621 - Ambulatory Care,23,000,2020,0,0,621991,6.0,126.16,5726888.0
1,621 - Ambulatory Care,48,000,2024,0,0,621491,88.0,8266.5,909838665.0
1,621 - Ambulatory Care,50,000,2020,0,1,621391,9.0,0.0,0.0
1,621 - Ambulatory Care,08,000,2021,0,1,621512,125.0,1419.16,105380970.0
1,621 - Ambulatory Care,18,000,2018,0,1,621511,207.0,5287.41,295748325.0
1,621 - Ambulatory Care,18,000,2020,0,0,621330,396.0,3696.0,132748524.0
1,621 - Ambulatory Care,41,000,2023,0,0,621511,203.0,2501.5,200085074.0
1,621 - Ambulatory Care,47,000,2023,0,0,621493,158.0,3279.41,195864439.0
1,621 - Ambulatory Care,02,000,2019,0,0,621210,295.0,2442.33,121206857.0
1,621 - Ambulatory Care,02,000,2019,0,0,621330,32.0,470.91,20217540.0
1,621 - Ambulatory Care,53,000,2024,0,0,621610,483.0,13542.91,736008345.0
1,621 - Ambulatory Care,22,000,2018,0,0,621310,377.0,1618.91,60373097.0
1,621 - Ambulatory Care,30,000,2019,0,1,621491,1.0,0.0,0.0
1,621 - Ambulatory Care,53,000,2021,0,1,621340,937.0,9359.41,482007856.0
1,621 - Ambulatory Care,21,000,2023,0,0,621320,331.0,2582.5,143378003.0
1,621 - Ambulatory Care,53,000,2018,0,1,621498,112.0,5472.58,365866806.0
1,621 - Ambulatory Care,36,000,2021,0,0,621512,508.0,6201.41,490083162.0
1,621 - Ambulatory Care,12,000,2024,0,0,621512,905.0,11941.0,845950184.0
1,621 - Ambulatory Care,38,000,2021,0,0,621210,277.0,2492.33,174770535.0
1,621 - Ambulatory Care,38,000,2022,0,0,621399,98.0,408.66,46340277.0
1,621 - Ambulatory Care,41,000,2018,0,0,621391,75.0,366.08,16868136.0
1,621 - Ambulatory Care,39,000,2023,0,0,621410,65.0,636.75,34339490.0
1,621 - Ambulatory Care,27,000,2020,0,1,621330,345.0,4727.5,240330199.0
1,621 - Ambulatory Care,27,000,2020,0,0,621399,269.0,1017.66,59356365.0
1,621 - Ambulatory Care,38,000,2024,0,1,621498,10.0,0.0,0.0
1,621 - Ambulatory Care,41,000,2021,0,1,621330,794.0,4882.25,245104047.0
1,621 - Ambulatory Care,10,000,2022,0,0,621310,125.0,511.16,23015623.0
1,621 - Ambulatory Care,10,000,2022,0,0,621330,82.0,263.41,12834409.0
1,621 - Ambulatory Care,40,000,2021,0,1,621420,210.0,4361.33,204682415.0
1,621 - Ambulatory Care,40,000,2022,0,1,621399,629.0,1958.91,132872190.0
1,621 - Ambulatory Care,10,000,2024,0,1,621910,13.0,0.0,0.0
1,621 - Ambulatory Care,19,000,2021,0,0,621491,3.0,5.16,530857.0
1,621 - Ambulatory Care,17,000,2022,0,0,621320,683.0,5285.33,260005304.0
1,621 - Ambulatory Care,21,000,2020,0,0,621210,1547.0,9691.0,491773860.0
1,621 - Ambulatory Care,54,000,2018,0,0,621330,78.0,612.83,20347775.0
1,621 - Ambulatory Care,0 ,000,2019,0,0,621340,39774.0,422393.25,19127517989.0
1,621 - Ambulatory Care,54,000,2021,0,1,621511,220.0,761.25,45746728.0
1,621 - Ambulatory Care,11,000,2018,0,0,621420,36.0,1653.0,72790912.0
1,621 - Ambulatory Care,11,000,2023,0,0,621492,31.0,445.0,32773025.0
1,621 - Ambulatory Care,17,000,2023,0,0,621320,662.0,5278.25,273932358.0
1,621 - Ambulatory Care,04,000,2023,0,1,621340,963.0,8872.66,434407233.0
1,621 - Ambulatory Care,11,000,2020,0,0,621399,60.0,236.66,16355878.0
1,621 - Ambulatory Care,04,000,2023,0,0,621511,499.0,7875.08,565477666.0
1,621 - Ambulatory Care,17,000,2022,0,0,621210,5356.0,38225.33,2274667883.0
1,621 - Ambulatory Care,21,000,2020,0,1,621492,93.0,1697.5,101580624.0
1,621 - Ambulatory Care,24,000,2018,0,0,621210,2606.0,17706.33,1002022162.0
1,621 - Ambulatory Care,72,000,2022,0,0,621391,25.0,89.16,2676119.0
1,621 - Ambulatory Care,17,000,2020,0,0,621991,79.0,2516.41,120597710.0
1,621 - Ambulatory Care,21,000,2019,0,0,621210,1531.0,10715.08,515892077.0
1,621 - Ambulatory Care,72,000,2022,0,0,621310,145.0,579.33,14935796.0
1,621 - Ambulatory Care,20,000,2020,0,0,621498,89.0,2240.25,131270907.0
1,621 - Ambulatory Care,24,000,2023,0,0,621910,76.0,2066.0,102626564.0
1,621 - Ambulatory Care,45,000,2023,0,0,621991,36.0,1570.75,77595331.0
1,621 - Ambulatory Care,20,000,2021,0,0,621112,67.0,255.75,18515730.0
1,621 - Ambulatory Care,45,000,2019,0,0,621391,63.0,408.08,17879227.0
1,621 - Ambulatory Care,45,000,2024,0,0,621310,618.0,2075.83,80189409.0
1,621 - Ambulatory Care,45,000,2022,0,0,621210,1770.0,15079.0,912964404.0
1,621 - Ambulatory Care,21,000,2019,0,0,621310,509.0,1890.08,68716003.0
1,621 - Ambulatory Care,16,000,2019,0,0,621991,18.0,742.33,24029441.0
1,621 - Ambulatory Care,17,000,2024,0,0,621991,87.0,2842.5,178493370.0
1,621 - Ambulatory Care,11,000,2018,0,0,621112,52.0,503.91,51758444.0
1,621 - Ambulatory Care,11,000,2022,0,0,621910,6.0,180.0,11227813.0
1,621 - Ambulatory Care,39,000,2018,0,1,621111,6676.0,94074.5,9233312994.0
1,621 - Ambulatory Care,39,000,2021,0,0,621391,304.0,1480.16,69243909.0
1,621 - Ambulatory Care,72,000,2020,0,0,621391,25.0,83.66,2361181.0
1,621 - Ambulatory Care,72,000,2023,0,0,621330,131.0,346.41,9313639.0
1,621 - Ambulatory Care,39,000,2020,0,1,621498,305.0,8232.33,515610493.0
1,621 - Ambulatory Care,38,000,2022,0,0,621112,22.0,80.66,6807846.0
1,621 - Ambulatory Care,41,000,2018,0,1,621511,173.0,2317.33,153924009.0
1,621 - Ambulatory Care,27,000,2018,0,0,621391,33.0,174.16,9403310.0
1,621 - Ambulatory Care,36,000,2023,0,1,621330,2552.0,13204.08,731878678.0
1,621 - Ambulatory Care,39,000,2023,0,0,621210,3793.0,32637.41,1967942811.0
1,621 - Ambulatory Care,09,000,2024,0,0,621210,1576.0,11758.83,842999319.0
1,621 - Ambulatory Care,41,000,2019,0,1,621399,661.0,3482.0,123042012.0
1,621 - Ambulatory Care,27,000,2019,0,0,621491,60.0,3730.75,449674103.0
1,621 - Ambulatory Care,38,000,2022,0,0,621330,90.0,261.33,16664787.0
1,621 - Ambulatory Care,06,000,2019,0,0,621991,138.0,4561.58,291188424.0
1,621 - Ambulatory Care,37,000,2023,0,0,621493,222.0,2881.75,190928634.0
1,621 - Ambulatory Care,37,000,2024,0,0,621210,3952.0,34394.0,2444148224.0
1,621 - Ambulatory Care,05,000,2019,0,0,621340,629.0,5591.58,248040413.0
1,621 - Ambulatory Care,24,000,2019,0,0,621399,298.0,1927.75,113462706.0
1,621 - Ambulatory Care,24,000,2020,0,0,621910,67.0,2344.33,89972863.0
1,621 - Ambulatory Care,45,000,2020,0,1,621340,481.0,4300.83,208990000.0
1,621 - Ambulatory Care,45,000,2021,0,0,621391,57.0,392.66,18434473.0
1,621 - Ambulatory Care,24,000,2020,0,0,621498,269.0,4266.33,272859419.0
1,621 - Ambulatory Care,24,000,2024,0,0,621910,82.0,2301.33,114395878.0
1,621 - Ambulatory Care,45,000,2023,0,0,621310,611.0,1995.25,75647417.0
1,621 - Ambulatory Care,46,000,2018,0,1,621491,1.0,0.0,0.0
1,621 - Ambulatory Care,16,000,2020,0,0,621910,51.0,726.91,35016507.0
1,621 - Ambulatory Care,34,000,2024,0,0,621420,459.0,9157.0,515349464.0
1,621 - Ambulatory Care,78,000,2022,0,1,621999,5.0,0.0,0.0
1,621 - Ambulatory Care,78,000,2024,0,1,621320,3.0,0.0,0.0
1,621 - Ambulatory Care,34,000,2023,0,0,621112,450.0,3600.58,263166114.0
1,621 - Ambulatory Care,46,000,2023,0,0,621999,89.0,417.75,36513539.0
1,621 - Ambulatory Care,56,000,2024,0,1,621999,67.0,0.0,0.0
1,621 - Ambulatory Care,01,000,2020,0,1,621498,103.0,4622.91,513117495.0
1,621 - Ambulatory Care,44,000,2023,0,0,621112,49.0,171.5,12185166.0
1,621 - Ambulatory Care,20,000,2018,0,0,621610,270.0,7674.41,270542051.0
1,621 - Ambulatory Care,04,000,2020,0,0,621991,35.0,2218.08,120356693.0
1,621 - Ambulatory Care,26,000,2018,0,0,621991,35.0,2478.33,102842347.0
1,621 - Ambulatory Care,31,000,2018,0,0,621210,767.0,5575.91,281988035.0
1,621 - Ambulatory Care,22,000,2023,0,0,621320,246.0,1790.83,76808115.0
1,621 - Ambulatory Care,22,000,2024,0,1,621340,926.0,8445.58,365235358.0
1,621 - Ambulatory Care,22,000,2024,0,1,621999,279.0,1296.08,81367553.0
1,621 - Ambulatory Care,31,000,2019,0,1,621410,12.0,174.25,6007847.0
1,621 - Ambulatory Care,05,000,2024,0,0,621511,176.0,1369.41,94599262.0
1,621 - Ambulatory Care,12,000,2020,0,0,621991,212.0,5758.66,319853912.0
1,621 - Ambulatory Care,12,000,2021,0,0,621491,190.0,5448.83,382651555.0
1,621 - Ambulatory Care,56,000,2022,0,1,621420,48.0,504.41,23964780.0
1,621 - Ambulatory Care,49,000,2019,0,1,621511,166.0,4578.25,252979286.0
1,621 - Ambulatory Care,56,000,2023,0,1,621610,71.0,772.91,32503618.0
1,621 - Ambulatory Care,35,000,2020,0,0,621492,29.0,946.41,57709176.0
1,621 - Ambulatory Care,13,000,2020,0,1,621111,7273.0,101033.25,8678134067.0
1,621 - Ambulatory Care,35,000,2018,0,1,621111,1012.0,12120.33,899607018.0
1,621 - Ambulatory Care,35,000,2022,0,0,621420,90.0,1327.33,67507305.0
1,621 - Ambulatory Care,37,000,2020,0,1,621330,577.0,3337.66,130064955.0
1,621 - Ambulatory Care,32,000,2018,0,0,621410,19.0,162.91,6577881.0
1,621 - Ambulatory Care,55,000,2023,0,0,621340,835.0,7202.33,355465687.0
1,621 - Ambulatory Care,13,000,2022,0,0,621320,581.0,4215.41,207366983.0
1,621 - Ambulatory Care,28,000,2023,0,0,621610,362.0,7453.41,379082708.0
1,621 - Ambulatory Care,13,000,2020,0,0,621340,1054.0,9604.83,461203200.0
1,621 - Ambulatory Care,35,000,2019,0,0,621991,24.0,482.16,18546787.0
1,621 - Ambulatory Care,10,000,2019,0,0,621340,134.0,1536.41,77542139.0
1,621 - Ambulatory Care,26,000,2023,0,0,621492,156.0,3226.5,206045274.0
1,621 - Ambulatory Care,10,000,2019,0,0,621112,55.0,198.41,8955066.0
1,621 - Ambulatory Care,34,000,2019,0,1,621420,308.0,7055.66,305786322.0
1,621 - Ambulatory Care,18,000,2021,0,0,621391,115.0,668.75,34797090.0
1,621 - Ambulatory Care,02,000,2020,0,0,621320,56.0,478.5,23939005.0
1,621 - Ambulatory Care,08,000,2019,0,0,621399,1403.0,11825.33,426945857.0
1,621 - Ambulatory Care,08,000,2018,0,0,621410,44.0,393.16,17283201.0
1,621 - Ambulatory Care,08,000,2018,0,1,621493,141.0,3515.0,233055166.0
1,621 - Ambulatory Care,42,000,2021,0,0,621492,363.0,5003.16,316204048.0
1,621 - Ambulatory Care,48,000,2022,0,0,621610,5631.0,262567.66,6865859180.0
1,621 - Ambulatory Care,42,000,2022,0,0,621492,367.0,4940.08,333260259.0
1,621 - Ambulatory Care,48,000,2024,0,1,621111,24565.0,273943.58,29363612691.0
1,621 - Ambulatory Care,48,000,2024,0,0,621991,256.0,11696.83,685872589.0
1,621 - Ambulatory Care,50,000,2018,0,0,621112,20.0,49.66,3783097.0
1,621 - Ambulatory Care,08,000,2023,0,0,621491,49.0,6080.83,671319507.0
1,621 - Ambulatory Care,23,000,2018,0,0,621512,25.0,166.91,10984556.0
1,621 - Ambulatory Care,48,000,2023,0,1,621111,23909.0,268778.16,28021301586.0
1,621 - Ambulatory Care,49,000,2018,0,1,621492,21.0,252.5,13148635.0
1,621 - Ambulatory Care,50,000,2018,0,0,621320,44.0,275.5,15100195.0
1,621 - Ambulatory Care,38,000,2021,0,0,621399,88.0,380.0,38638360.0
1,621 - Ambulatory Care,41,000,2019,0,1,621210,1902.0,15912.91,879613021.0
1,621 - Ambulatory Care,36,000,2023,0,0,621512,511.0,6224.91,555134603.0
1,621 - Ambulatory Care,27,000,2023,0,0,621610,848.0,25034.5,930930869.0
1,621 - Ambulatory Care,41,000,2018,0,0,621493,82.0,1794.75,99194176.0
1,621 - Ambulatory Care,27,000,2022,0,0,621491,55.0,3767.0,489118446.0
1,621 - Ambulatory Care,29,000,2022,0,0,621999,314.0,3453.41,208120753.0
1,621 - Ambulatory Care,28,000,2018,0,0,621320,206.0,1353.08,47959496.0
1,621 - Ambulatory Care,29,000,2023,0,0,621399,490.0,2265.66,120955257.0
1,621 - Ambulatory Care,29,000,2024,0,0,621498,209.0,4713.91,308623538.0
1,621 - Ambulatory Care,19,000,2020,0,1,621112,67.0,396.16,30068281.0
1,621 - Ambulatory Care,19,000,2022,0,1,621910,59.0,911.91,38923185.0
1,621 - Ambulatory Care,40,000,2024,0,1,621610,635.0,12390.83,510346730.0
1,621 - Ambulatory Care,19,000,2022,0,0,621399,191.0,596.25,36074962.0
1,621 - Ambulatory Care,22,000,2022,0,0,621512,113.0,841.25,45029332.0
1,621 - Ambulatory Care,22,000,2024,0,1,621910,109.0,4186.91,272207094.0
1,621 - Ambulatory Care,31,000,2020,0,0,621910,43.0,750.91,34326890.0
1,621 - Ambulatory Care,22,000,2021,0,1,621493,157.0,2312.5,121222460.0
1,621 - Ambulatory Care,26,000,2019,0,0,621493,171.0,3226.83,209917455.0
1,621 - Ambulatory Care,22,000,2024,0,0,621391,52.0,238.0,12191947.0
1,621 - Ambulatory Care,31,000,2019,0,0,621991,16.0,699.08,28956407.0
1,621 - Ambulatory Care,30,000,2021,0,0,621320,99.0,748.33,31684170.0
1,621 - Ambulatory Care,30,000,2022,0,0,621410,18.0,107.66,5445482.0
1,621 - Ambulatory Care,30,000,2024,0,0,621399,255.0,726.75,34497305.0
1,621 - Ambulatory Care,30,000,2024,0,0,621511,54.0,361.25,36228545.0
1,621 - Ambulatory Care,36,000,2019,0,1,621498,402.0,16072.25,1160947702.0
1,621 - Ambulatory Care,30,000,2020,0,0,621410,13.0,99.16,4631445.0
1,621 - Ambulatory Care,30,000,2022,0,0,621340,271.0,1537.66,72878806.0
1,621 - Ambulatory Care,30,000,2023,0,1,621491,2.0,0.0,0.0
1,621 - Ambulatory Care,40,000,2019,0,1,621399,321.0,878.5,56801304.0
1,621 - Ambulatory Care,39,000,2021,0,0,621210,3846.0,31991.83,1802810358.0
1,621 - Ambulatory Care,54,000,2021,0,0,621340,275.0,2488.58,126085730.0
1,621 - Ambulatory Care,11,000,2022,0,0,621210,340.0,1664.16,135972518.0
1,621 - Ambulatory Care,39,000,2019,0,0,621492,379.0,4779.66,252192231.0
1,621 - Ambulatory Care,72,000,2020,0,0,621512,146.0,1269.5,40120753.0
1,621 - Ambulatory Care,0 ,000,2024,0,0,621910,6441.0,189465.16,11260004554.0
1,621 - Ambulatory Care,72,000,2024,0,0,621491,88.0,3412.16,159917220.0
1,621 - Ambulatory Care,04,000,2024,0,1,621410,47.0,481.0,39490774.0
1,621 - Ambulatory Care,24,000,2018,0,0,621999,126.0,3020.08,205043216.0
1,621 - Ambulatory Care,54,000,2019,0,0,621991,6.0,85.58,3758715.0
1,621 - Ambulatory Care,0 ,000,2023,0,0,621420,16736.0,321366.16,17926452862.0
1,621 - Ambulatory Care,02,000,2020,0,0,621310,157.0,791.0,32359171.0
1,621 - Ambulatory Care,18,000,2021,0,0,621999,130.0,863.91,56785440.0
1,621 - Ambulatory Care,41,000,2024,0,0,621391,70.0,388.83,23868392.0
1,621 - Ambulatory Care,53,000,2022,0,0,621491,74.0,8304.0,811721013.0
1,621 - Ambulatory Care,19,000,2020,0,1,621420,164.0,2275.91,100162578.0
1,621 - Ambulatory Care,29,000,2020,0,0,621320,356.0,2496.33,108009327.0
1,621 - Ambulatory Care,29,000,2021,0,0,621310,889.0,3028.16,107499176.0
1,621 - Ambulatory Care,40,000,2024,0,0,621210,1338.0,11350.16,720344565.0
1,621 - Ambulatory Care,10,000,2021,0,0,621492,28.0,455.41,27730141.0
1,621 - Ambulatory Care,19,000,2022,0,0,621512,40.0,245.08,18160095.0
1,621 - Ambulatory Care,09,000,2022,0,0,621991,14.0,339.0,24560500.0
1,621 - Ambulatory Care,36,000,2023,0,0,621999,309.0,3046.5,226119460.0
1,621 - Ambulatory Care,38,000,2021,0,0,621512,11.0,45.83,4215020.0
1,621 - Ambulatory Care,39,000,2023,0,0,621991,82.0,4241.5,242999792.0
1,621 - Ambulatory Care,41,000,2020,0,0,621498,79.0,2092.16,151443983.0
1,621 - Ambulatory Care,09,000,2023,0,0,621610,273.0,11853.33,678052843.0
1,621 - Ambulatory Care,39,000,2024,0,0,621399,1464.0,4865.33,261644117.0
1,621 - Ambulatory Care,38,000,2021,0,0,621420,24.0,281.08,14879084.0
1,621 - Ambulatory Care,38,000,2021,0,0,621330,60.0,202.16,14485267.0
1,621 - Ambulatory Care,39,000,2023,0,0,621511,685.0,5828.83,399268905.0
1,621 - Ambulatory Care,36,000,2024,0,0,621112,854.0,3745.33,358415816.0
1,621 - Ambulatory Care,41,000,2019,0,1,621999,37.0,753.0,46699086.0
1,621 - Ambulatory Care,42,000,2022,0,0,621210,4512.0,34538.33,2054900004.0
1,621 - Ambulatory Care,42,000,2024,0,0,621112,494.0,3315.16,284828708.0
1,621 - Ambulatory Care,48,000,2024,0,0,621399,2699.0,12505.58,745584823.0
1,621 - Ambulatory Care,42,000,2024,0,0,621610,1626.0,80870.33,3995772424.0
1,621 - Ambulatory Care,08,000,2018,0,0,621420,199.0,6046.0,313298794.0
1,621 - Ambulatory Care,08,000,2024,0,0,621210,3020.0,21567.16,1426715693.0
1,621 - Ambulatory Care,23,000,2019,0,0,621111,583.0,10639.16,978446987.0
1,621 - Ambulatory Care,20,000,2018,0,1,621111,1246.0,18042.5,1515982520.0
1,621 - Ambulatory Care,18,000,2023,0,0,621493,159.0,3721.66,240664900.0
1,621 - Ambulatory Care,01,000,2020,0,1,621399,310.0,2197.91,127322266.0
1,621 - Ambulatory Care,44,000,2021,0,0,621492,17.0,265.33,16865268.0
1,621 - Ambulatory Care,44,000,2021,0,1,621910,23.0,0.0,0.0
1,621 - Ambulatory Care,44,000,2022,0,0,621391,35.0,198.75,13349817.0
1,621 - Ambulatory Care,0 ,000,2021,0,1,621340,44118.0,412077.08,20009630966.0
1,621 - Ambulatory Care,17,000,2021,0,0,621410,86.0,708.41,33382676.0
1,621 - Ambulatory Care,11,000,2020,0,1,621320,26.0,0.0,0.0
1,621 - Ambulatory Care,21,000,2020,0,1,621511,207.0,2408.25,130573478.0
1,621 - Ambulatory Care,04,000,2024,0,1,621493,328.0,7944.75,552273823.0
1,621 - Ambulatory Care,21,000,2018,0,0,621420,230.0,4818.41,190442690.0
1,621 - Ambulatory Care,04,000,2024,0,1,621498,203.0,2757.83,201302481.0
1,621 - Ambulatory Care,0 ,000,2024,0,0,621420,18345.0,340403.0,19708620258.0
1,621 - Ambulatory Care,54,000,2018,0,0,621999,58.0,450.16,19736208.0
1,621 - Ambulatory Care,21,000,2019,0,0,621330,215.0,838.58,36431675.0
1,621 - Ambulatory Care,54,000,2018,0,1,621210,522.0,3858.33,169776968.0
1,621 - Ambulatory Care,54,000,2022,0,1,621491,0.0,0.0,0.0
1,621 - Ambulatory Care,72,000,2024,0,0,621391,24.0,90.83,3067529.0
1,621 - Ambulatory Care,30,000,2024,0,0,621493,22.0,456.66,29563923.0
1,621 - Ambulatory Care,53,000,2018,0,1,621491,71.0,0.0,0.0
1,621 - Ambulatory Care,30,000,2022,0,0,621112,71.0,255.41,15533147.0
1,621 - Ambulatory Care,30,000,2023,0,0,621112,89.0,296.5,21231262.0
1,621 - Ambulatory Care,36,000,2019,0,0,621491,21.0,153.0,10641360.0
1,621 - Ambulatory Care,21,000,2022,0,0,621111,2953.0,40304.83,3984651506.0
1,621 - Ambulatory Care,30,000,2023,0,0,621512,36.0,131.75,17258771.0
1,621 - Ambulatory Care,40,000,2018,0,0,621391,44.0,206.08,9970341.0
1,621 - Ambulatory Care,30,000,2019,0,0,621420,79.0,1092.0,37035295.0
1,621 - Ambulatory Care,31,000,2021,0,0,621399,170.0,538.16,28168753.0
1,621 - Ambulatory Care,33,000,2019,0,0,621420,95.0,2980.16,142882789.0
1,621 - Ambulatory Care,22,000,2023,0,0,621330,414.0,1917.16,68139194.0
1,621 - Ambulatory Care,31,000,2020,0,0,621999,75.0,557.75,34864427.0
1,621 - Ambulatory Care,78,000,2020,0,1,621999,3.0,0.0,0.0
1,621 - Ambulatory Care,46,000,2024,0,1,621391,6.0,0.0,0.0
1,621 - Ambulatory Care,45,000,2022,0,0,621492,187.0,2476.41,142260923.0
1,621 - Ambulatory Care,46,000,2021,0,0,621330,63.0,413.25,18474397.0
1,621 - Ambulatory Care,46,000,2022,0,1,621340,145.0,1006.91,48051310.0
1,621 - Ambulatory Care,26,000,2020,0,0,621391,295.0,1502.58,75115082.0
1,621 - Ambulatory Care,31,000,2018,0,0,621391,35.0,188.58,8024855.0
1,621 - Ambulatory Care,31,000,2018,0,1,621498,138.0,5447.41,433108566.0
1,621 - Ambulatory Care,31,000,2019,0,1,621420,137.0,863.5,31935566.0
1,621 - Ambulatory Care,33,000,2018,0,0,621498,39.0,522.0,32529213.0
1,621 - Ambulatory Care,33,000,2021,0,0,621512,12.0,127.16,11109969.0
1,621 - Ambulatory Care,04,000,2020,0,0,621492,107.0,2860.66,185778268.0
1,621 - Ambulatory Care,18,000,2022,0,0,621111,2678.0,57431.0,6320478199.0
1,621 - Ambulatory Care,20,000,2018,0,0,621391,46.0,221.66,9271428.0
1,621 - Ambulatory Care,01,000,2023,0,0,621492,208.0,2242.0,141777977.0
1,621 - Ambulatory Care,01,000,2019,0,1,621999,202.0,885.75,49077708.0
1,621 - Ambulatory Care,04,000,2021,0,1,621210,2578.0,20433.33,1121820187.0
1,621 - Ambulatory Care,44,000,2021,0,0,621111,561.0,8387.33,842322775.0
1,621 - Ambulatory Care,44,000,2023,0,0,621310,102.0,337.91,15763305.0
1,621 - Ambulatory Care,01,000,2022,0,1,621420,181.0,2112.83,99605839.0
1,621 - Ambulatory Care,01,000,2024,0,0,621410,30.0,149.5,6699804.0
1,621 - Ambulatory Care,04,000,2018,0,0,621310,827.0,3000.91,107135334.0
1,621 - Ambulatory Care,04,000,2022,0,0,621511,363.0,7832.83,554182410.0
1,621 - Ambulatory Care,78,000,2020,0,1,621512,2.0,0.0,0.0
1,621 - Ambulatory Care,16,000,2022,0,1,621491,2.0,0.0,0.0
1,621 - Ambulatory Care,16,000,2022,0,0,621111,1212.0,14156.66,1224170704.0
1,621 - Ambulatory Care,16,000,2024,0,1,621492,36.0,0.0,0.0
1,621 - Ambulatory Care,32,000,2020,0,1,621399,254.0,1061.91,68225105.0
1,621 - Ambulatory Care,32,000,2024,0,0,621610,378.0,7286.66,409532482.0
1,621 - Ambulatory Care,35,000,2024,0,0,621498,143.0,2679.75,181614311.0
1,621 - Ambulatory Care,48,000,2018,0,1,621111,20617.0,224076.91,20493203726.0
1,621 - Ambulatory Care,05,000,2022,0,0,621498,89.0,975.83,160818793.0
1,621 - Ambulatory Care,17,000,2018,0,0,621111,6088.0,91875.0,8756488602.0
1,621 - Ambulatory Care,15,000,2018,0,0,621610,95.0,4792.16,147630384.0
1,621 - Ambulatory Care,49,000,2019,0,0,621391,70.0,345.91,11010485.0
1,621 - Ambulatory Care,51,000,2020,0,0,621991,48.0,1915.25,118895560.0
1,621 - Ambulatory Care,51,000,2023,0,0,621112,503.0,2450.5,180509731.0
1,621 - Ambulatory Care,51,000,2018,0,1,621610,1129.0,32370.75,974708755.0
1,621 - Ambulatory Care,49,000,2023,0,0,621340,464.0,4185.16,156080091.0
1,621 - Ambulatory Care,35,000,2021,0,0,621210,739.0,5725.0,305251694.0
1,621 - Ambulatory Care,37,000,2018,0,1,621330,522.0,2636.91,86357219.0
1,621 - Ambulatory Care,37,000,2019,0,0,621511,1201.0,11414.58,811930125.0
1,621 - Ambulatory Care,13,000,2020,0,1,621410,51.0,479.08,22734078.0
1,621 - Ambulatory Care,37,000,2020,0,1,621399,661.0,2784.0,192561023.0
1,621 - Ambulatory Care,28,000,2021,0,0,621610,373.0,6916.16,343982163.0
1,621 - Ambulatory Care,28,000,2023,0,0,621910,69.0,2237.5,127858774.0
1,621 - Ambulatory Care,47,000,2022,0,0,621991,77.0,2388.08,126914443.0
1,621 - Ambulatory Care,47,000,2021,0,1,621498,165.0,3576.5,289124475.0
1,621 - Ambulatory Care,26,000,2022,0,0,621991,38.0,2956.58,149167982.0
1,621 - Ambulatory Care,28,000,2020,0,0,621112,59.0,678.33,43126765.0
1,621 - Ambulatory Care,28,000,2022,0,0,621493,77.0,1054.75,48985599.0
1,621 - Ambulatory Care,34,000,2020,0,1,621493,419.0,8774.83,590260974.0
1,621 - Ambulatory Care,25,000,2023,0,1,621610,902.0,40182.33,2052930879.0
1,621 - Ambulatory Care,50,000,2022,0,0,621340,107.0,724.5,38254669.0
1,621 - Ambulatory Care,42,000,2019,0,0,621330,719.0,5812.58,229258087.0
1,621 - Ambulatory Care,42,000,2020,0,0,621999,317.0,6363.25,448718764.0
1,621 - Ambulatory Care,08,000,2019,0,0,621491,41.0,6857.33,657139384.0
1,621 - Ambulatory Care,49,000,2018,0,0,621410,17.0,36.75,972440.0
1,621 - Ambulatory Care,42,000,2024,0,0,621512,220.0,3173.58,293815964.0
1,621 - Ambulatory Care,48,000,2022,0,1,621512,741.0,8859.08,616025067.0
1,621 - Ambulatory Care,50,000,2019,0,1,621410,16.0,0.0,0.0
1,621 - Ambulatory Care,18,000,2019,0,0,621420,365.0,8777.66,360776807.0
1,621 - Ambulatory Care,53,000,2022,0,0,621112,131.0,940.41,56355098.0
1,621 - Ambulatory Care,41,000,2024,0,0,621320,265.0,2023.25,103935602.0
1,621 - Ambulatory Care,47,000,2024,0,0,621498,199.0,3234.5,298985459.0
1,621 - Ambulatory Care,28,000,2020,0,0,621340,375.0,3538.0,174188682.0
1,621 - Ambulatory Care,28,000,2024,0,0,621420,143.0,2818.5,113669022.0
1,621 - Ambulatory Care,34,000,2019,0,0,621498,320.0,6289.5,444980604.0
1,621 - Ambulatory Care,10,000,2019,0,0,621491,4.0,10.0,536585.0
1,621 - Ambulatory Care,26,000,2024,0,0,621511,282.0,2175.58,147087263.0
1,621 - Ambulatory Care,28,000,2022,0,0,621320,214.0,1495.91,60119408.0
1,621 - Ambulatory Care,34,000,2018,0,0,621991,16.0,1208.58,94620992.0
1,621 - Ambulatory Care,47,000,2018,0,0,621310,599.0,2189.66,77016520.0
1,621 - Ambulatory Care,19,000,2018,0,1,621112,68.0,347.83,24945924.0
1,621 - Ambulatory Care,28,000,2020,0,0,621512,44.0,198.5,10553881.0
1,621 - Ambulatory Care,28,000,2023,0,0,621330,196.0,1042.66,45019138.0
1,621 - Ambulatory Care,33,000,2022,0,0,621320,82.0,695.91,39873219.0
1,621 - Ambulatory Care,13,000,2021,0,0,621610,1559.0,30374.58,1161389306.0
1,621 - Ambulatory Care,25,000,2023,0,0,621420,429.0,11795.91,714764637.0
1,621 - Ambulatory Care,25,000,2024,0,0,621410,42.0,556.91,40564366.0
1,621 - Ambulatory Care,40,000,2022,0,1,621493,355.0,3744.5,256958745.0
1,621 - Ambulatory Care,40,000,2024,0,0,621310,498.0,1579.25,59334976.0
1,621 - Ambulatory Care,15,000,2023,0,0,621512,22.0,136.16,10921434.0
1,621 - Ambulatory Care,19,000,2020,0,1,621910,70.0,936.66,35601948.0
1,621 - Ambulatory Care,29,000,2023,0,0,621512,115.0,911.41,57913400.0
1,621 - Ambulatory Care,29,000,2024,0,0,621399,508.0,2124.58,119321359.0
1,621 - Ambulatory Care,19,000,2021,0,1,621610,284.0,6574.25,297760942.0
1,621 - Ambulatory Care,40,000,2022,0,0,621111,2583.0,27057.16,2634821333.0
1,621 - Ambulatory Care,40,000,2022,0,0,621210,1366.0,11145.0,637692014.0
1,621 - Ambulatory Care,15,000,2019,0,1,621910,14.0,525.58,35187253.0
1,621 - Ambulatory Care,40,000,2023,0,1,621610,688.0,11647.16,461800392.0
1,621 - Ambulatory Care,18,000,2019,0,1,621111,2429.0,55680.83,5353799651.0
1,621 - Ambulatory Care,47,000,2024,0,0,621340,933.0,8444.25,435072739.0
1,621 - Ambulatory Care,18,000,2018,0,0,621410,40.0,369.0,17622353.0
1,621 - Ambulatory Care,08,000,2023,0,0,621420,306.0,6829.66,443090654.0
1,621 - Ambulatory Care,42,000,2019,0,0,621492,343.0,5097.0,297952531.0
1,621 - Ambulatory Care,23,000,2018,0,0,621340,267.0,1890.91,81292651.0
1,621 - Ambulatory Care,48,000,2022,0,0,621492,938.0,13933.66,976233751.0
1,621 - Ambulatory Care,50,000,2019,0,0,621498,22.0,1129.75,51942346.0
1,621 - Ambulatory Care,42,000,2023,0,0,621399,861.0,4080.5,283457790.0
1,621 - Ambulatory Care,50,000,2021,0,0,621610,56.0,2282.91,111330371.0
1,621 - Ambulatory Care,42,000,2021,0,0,621399,692.0,3544.5,227797812.0
1,621 - Ambulatory Care,42,000,2024,0,0,621420,901.0,19079.66,1003405048.0
1,621 - Ambulatory Care,30,000,2018,0,0,621210,470.0,3456.83,165208874.0
1,621 - Ambulatory Care,30,000,2023,0,0,621493,23.0,457.41,28960141.0
1,621 - Ambulatory Care,40,000,2018,0,0,621310,465.0,1444.25,46048851.0
1,621 - Ambulatory Care,30,000,2020,0,0,621391,21.0,99.41,4655450.0
1,621 - Ambulatory Care,53,000,2021,0,0,621391,91.0,462.08,17742495.0
1,621 - Ambulatory Care,30,000,2024,0,0,621111,572.0,8318.91,977359120.0
1,621 - Ambulatory Care,17,000,2023,0,0,621410,107.0,979.75,62056071.0
1,621 - Ambulatory Care,72,000,2022,0,0,621320,101.0,442.0,12835454.0
1,621 - Ambulatory Care,54,000,2022,0,1,621492,60.0,0.0,0.0
1,621 - Ambulatory Care,11,000,2019,0,0,621492,26.0,517.41,30943326.0
1,621 - Ambulatory Care,04,000,2024,0,1,621399,1661.0,5704.16,345780327.0
1,621 - Ambulatory Care,11,000,2023,0,0,621310,27.0,74.08,4683148.0
1,621 - Ambulatory Care,39,000,2021,0,0,621610,2132.0,59120.41,2004979859.0
1,621 - Ambulatory Care,17,000,2023,0,0,621491,44.0,2478.0,250710103.0
1,621 - Ambulatory Care,11,000,2021,0,1,621910,5.0,0.0,0.0
1,621 - Ambulatory Care,39,000,2021,0,0,621512,172.0,1736.33,125528940.0
1,621 - Ambulatory Care,0 ,000,2020,0,0,621391,6989.0,32474.41,1656320124.0
1,621 - Ambulatory Care,72,000,2023,0,0,621340,300.0,1997.58,55770577.0
1,621 - Ambulatory Care,0 ,000,2018,0,1,621340,38105.0,403713.41,18125856145.0
1,621 - Ambulatory Care,09,000,2021,0,0,621112,181.0,867.91,56986332.0
1,621 - Ambulatory Care,39,000,2023,0,0,621498,359.0,10215.08,749504292.0
1,621 - Ambulatory Care,36,000,2024,0,0,621511,798.0,10992.75,924327663.0
1,621 - Ambulatory Care,41,000,2020,0,0,621991,30.0,912.5,42930675.0
1,621 - Ambulatory Care,12,000,2024,0,0,621310,2848.0,11402.5,524007936.0
1,621 - Ambulatory Care,12,000,2023,0,0,621399,3570.0,14139.33,921831557.0
1,621 - Ambulatory Care,38,000,2023,0,1,621491,1.0,0.0,0.0
1,621 - Ambulatory Care,41,000,2018,0,0,621112,87.0,276.58,17198509.0
1,621 - Ambulatory Care,41,000,2019,0,0,621498,72.0,2146.91,146607239.0
1,621 - Ambulatory Care,29,000,2024,0,0,621112,247.0,1247.25,85308610.0
1,621 - Ambulatory Care,15,000,2020,0,0,621310,119.0,282.0,11462413.0
1,621 - Ambulatory Care,19,000,2021,0,1,621111,1325.0,22843.16,2418542449.0
1,621 - Ambulatory Care,10,000,2021,0,1,621991,2.0,0.0,0.0
1,621 - Ambulatory Care,19,000,2023,0,0,621511,88.0,650.41,44346719.0
1,621 - Ambulatory Care,19,000,2024,0,0,621512,42.0,269.08,20509228.0
1,621 - Ambulatory Care,28,000,2019,0,0,621610,351.0,7373.0,334261343.0
1,621 - Ambulatory Care,23,000,2024,0,0,621910,88.0,1488.33,71253595.0
1,621 - Ambulatory Care,47,000,2023,0,0,621330,526.0,3574.58,188294457.0
1,621 - Ambulatory Care,18,000,2020,0,0,621498,179.0,2818.83,188922817.0
1,621 - Ambulatory Care,23,000,2023,0,0,621111,559.0,11870.83,1235512656.0
1,621 - Ambulatory Care,47,000,2024,0,0,621112,306.0,1358.08,101646676.0
1,621 - Ambulatory Care,47,000,2024,0,0,621512,159.0,1731.91,173438865.0
1,621 - Ambulatory Care,20,000,2024,0,0,621910,41.0,790.66,55874396.0
1,621 - Ambulatory Care,45,000,2022,0,0,621112,149.0,860.08,50456292.0
1,621 - Ambulatory Care,24,000,2019,0,0,621391,201.0,1025.5,57758303.0
1,621 - Ambulatory Care,24,000,2020,0,0,621310,427.0,1627.66,73261857.0
1,621 - Ambulatory Care,20,000,2022,0,0,621310,535.0,1605.0,56650517.0
1,621 - Ambulatory Care,45,000,2023,0,0,621492,187.0,2433.83,143031316.0
1,621 - Ambulatory Care,16,000,2021,0,0,621498,47.0,364.66,23102463.0
1,621 - Ambulatory Care,34,000,2022,0,0,621498,375.0,7138.58,580445276.0
1,621 - Ambulatory Care,78,000,2020,0,1,621498,2.0,0.0,0.0
1,621 - Ambulatory Care,34,000,2021,0,0,621498,362.0,6859.83,528404969.0
1,621 - Ambulatory Care,46,000,2023,0,0,621320,104.0,803.33,41171976.0
1,621 - Ambulatory Care,16,000,2020,0,0,621610,2302.0,10021.41,249188642.0
1,621 - Ambulatory Care,18,000,2022,0,0,621910,90.0,2664.91,136508693.0
1,621 - Ambulatory Care,04,000,2018,0,0,621991,31.0,2266.16,109749902.0
1,621 - Ambulatory Care,04,000,2022,0,0,621210,2725.0,21429.41,1236743308.0
1,621 - Ambulatory Care,18,000,2024,0,0,621340,1149.0,14520.0,677235234.0
1,621 - Ambulatory Care,44,000,2023,0,0,621512,49.0,745.91,95640657.0
1,621 - Ambulatory Care,01,000,2021,0,0,621112,136.0,692.58,54400357.0
1,621 - Ambulatory Care,04,000,2018,0,0,621491,20.0,6515.08,511408172.0
1,621 - Ambulatory Care,20,000,2018,0,0,621410,8.0,61.08,1450996.0
1,621 - Ambulatory Care,26,000,2020,0,0,621498,145.0,3778.25,216633540.0
1,621 - Ambulatory Care,22,000,2019,0,0,621210,1578.0,11333.08,519305443.0
1,621 - Ambulatory Care,22,000,2018,0,0,621410,15.0,117.5,5399988.0
1,621 - Ambulatory Care,22,000,2018,0,0,621511,274.0,2172.66,92949299.0
1,621 - Ambulatory Care,53,000,2018,0,1,621493,59.0,0.0,0.0
1,621 - Ambulatory Care,0 ,000,2023,0,1,621493,9024.0,181117.5,13090792966.0
1,621 - Ambulatory Care,04,000,2023,0,1,621399,1462.0,5169.5,320587177.0
1,621 - Ambulatory Care,54,000,2023,0,0,621420,205.0,3304.25,148587046.0
1,621 - Ambulatory Care,11,000,2021,0,1,621999,53.0,0.0,0.0
1,621 - Ambulatory Care,11,000,2022,0,0,621330,93.0,212.5,16431031.0
1,621 - Ambulatory Care,54,000,2023,0,0,621493,93.0,903.0,57501614.0
1,621 - Ambulatory Care,72,000,2023,0,0,621491,93.0,3280.91,146436439.0
1,621 - Ambulatory Care,17,000,2022,0,0,621330,1850.0,7381.5,387128069.0
1,621 - Ambulatory Care,21,000,2019,0,0,621399,337.0,1531.91,80095420.0
1,621 - Ambulatory Care,17,000,2024,0,0,621210,5230.0,38864.41,2528639622.0
1,621 - Ambulatory Care,35,000,2024,0,1,621491,8.0,244.58,20737167.0
1,621 - Ambulatory Care,37,000,2022,0,0,621511,1986.0,13019.0,1085978857.0
1,621 - Ambulatory Care,37,000,2023,0,0,621498,233.0,3977.58,241917706.0
1,621 - Ambulatory Care,32,000,2022,0,0,621340,422.0,3872.91,199863565.0
1,621 - Ambulatory Care,32,000,2023,0,0,621310,333.0,1449.83,65343903.0
1,621 - Ambulatory Care,05,000,2022,0,0,621910,113.0,2598.33,150625410.0
1,621 - Ambulatory Care,05,000,2023,0,0,621410,31.0,149.66,5526044.0
1,621 - Ambulatory Care,05,000,2022,0,0,621999,87.0,235.83,14872823.0
1,621 - Ambulatory Care,17,000,2018,0,0,621330,1198.0,3591.08,167871211.0
1,621 - Ambulatory Care,31,000,2022,0,0,621310,444.0,1473.33,53949391.0
1,621 - Ambulatory Care,55,000,2018,0,0,621320,289.0,2084.33,83222320.0
1,621 - Ambulatory Care,12,000,2020,0,1,621910,158.0,5671.83,235148433.0
1,621 - Ambulatory Care,02,000,2021,0,0,621420,47.0,644.58,36050368.0
1,621 - Ambulatory Care,34,000,2022,0,0,621391,380.0,1940.16,96602708.0
1,621 - Ambulatory Care,78,000,2022,0,1,621492,2.0,0.0,0.0
1,621 - Ambulatory Care,32,000,2022,0,0,621391,62.0,280.08,11915655.0
1,621 - Ambulatory Care,32,000,2021,0,0,621330,364.0,1402.25,58239634.0
1,621 - Ambulatory Care,35,000,2024,0,0,621991,16.0,412.58,21749655.0
1,621 - Ambulatory Care,48,000,2019,0,0,621399,1637.0,9332.66,418621122.0
1,621 - Ambulatory Care,35,000,2024,0,0,621320,99.0,760.75,37677420.0
1,621 - Ambulatory Care,37,000,2021,0,0,621991,89.0,2506.33,122498319.0
1,621 - Ambulatory Care,24,000,2019,0,1,621420,441.0,6205.08,270955726.0
1,621 - Ambulatory Care,24,000,2023,0,0,621610,951.0,27546.0,1183700146.0
1,621 - Ambulatory Care,20,000,2022,0,0,621111,1298.0,20839.33,2271485254.0
1,621 - Ambulatory Care,05,000,2020,0,0,621512,47.0,213.08,20638273.0
1,621 - Ambulatory Care,46,000,2018,0,1,621340,144.0,981.58,42375348.0
1,621 - Ambulatory Care,05,000,2018,0,0,621320,273.0,1625.25,62763993.0
1,621 - Ambulatory Care,20,000,2020,0,0,621492,65.0,835.83,45740112.0
1,621 - Ambulatory Care,31,000,2022,0,0,621492,32.0,500.33,31389226.0
1,621 - Ambulatory Care,42,000,2018,0,0,621210,4778.0,34228.25,1710413934.0
1,621 - Ambulatory Care,05,000,2023,0,0,621493,121.0,1436.08,74657934.0
1,621 - Ambulatory Care,31,000,2023,0,0,621111,947.0,16370.83,1920572670.0
1,621 - Ambulatory Care,42,000,2018,0,0,621320,845.0,5019.5,202271452.0
1,621 - Ambulatory Care,45,000,2018,0,1,621498,98.0,1461.08,82740156.0
1,621 - Ambulatory Care,12,000,2018,0,0,621111,18933.0,215602.83,18225089837.0
1,621 - Ambulatory Care,51,000,2018,0,0,621410,27.0,225.16,13269098.0
1,621 - Ambulatory Care,01,000,2018,0,1,621420,137.0,1449.41,59418466.0
1,621 - Ambulatory Care,12,000,2020,0,1,621330,2111.0,6655.66,346740136.0
1,621 - Ambulatory Care,38,000,2018,0,1,621999,53.0,240.16,9980912.0
1,621 - Ambulatory Care,49,000,2020,0,0,621112,134.0,380.83,20132527.0
1,621 - Ambulatory Care,49,000,2020,0,0,621210,1750.0,13333.33,494924162.0
1,621 - Ambulatory Care,49,000,2023,0,0,621610,455.0,8792.33,418332094.0
1,621 - Ambulatory Care,51,000,2019,0,1,621511,690.0,6351.08,371473748.0
1,621 - Ambulatory Care,01,000,2018,0,0,621391,94.0,425.41,17109785.0
1,621 - Ambulatory Care,15,000,2019,0,0,621420,41.0,382.91,15324653.0
1,621 - Ambulatory Care,51,000,2021,0,0,621399,578.0,2560.0,140247762.0
1,621 - Ambulatory Care,51,000,2023,0,0,621511,988.0,7544.91,553000765.0
1,621 - Ambulatory Care,37,000,2018,0,0,621410,47.0,222.0,8284465.0
1,621 - Ambulatory Care,13,000,2018,0,1,621111,6800.0,88935.91,7248572872.0
1,621 - Ambulatory Care,13,000,2019,0,0,621391,169.0,983.91,51399111.0
1,621 - Ambulatory Care,55,000,2022,0,0,621399,295.0,1587.75,101480787.0
1,621 - Ambulatory Care,55,000,2024,0,0,621991,62.0,2283.75,124057672.0
1,621 - Ambulatory Care,35,000,2023,0,0,621340,315.0,2787.91,130841964.0
1,621 - Ambulatory Care,37,000,2019,0,1,621340,1167.0,9553.08,422548099.0
1,621 - Ambulatory Care,55,000,2022,0,0,621610,353.0,12042.16,557279428.0
1,621 - Ambulatory Care,19,000,2018,0,0,621320,338.0,2084.33,84656267.0
1,621 - Ambulatory Care,19,000,2018,0,0,621610,301.0,6899.5,276710828.0
1,621 - Ambulatory Care,28,000,2020,0,0,621420,70.0,3096.25,103199776.0
1,621 - Ambulatory Care,28,000,2021,0,1,621330,156.0,885.41,32385723.0
1,621 - Ambulatory Care,47,000,2018,0,0,621210,2138.0,16785.66,863746104.0
1,621 - Ambulatory Care,06,000,2021,0,0,621320,2634.0,16257.58,756199631.0
1,621 - Ambulatory Care,06,000,2022,0,0,621340,4737.0,46880.33,2295946683.0
1,621 - Ambulatory Care,13,000,2022,0,0,621493,255.0,3517.41,253911349.0
1,621 - Ambulatory Care,13,000,2024,0,0,621320,646.0,4408.0,228349383.0
1,621 - Ambulatory Care,26,000,2024,0,0,621610,2256.0,42485.66,1772396311.0
1,621 - Ambulatory Care,28,000,2022,0,0,621340,404.0,4009.91,198140859.0
1,621 - Ambulatory Care,47,000,2022,0,0,621491,8.0,64.58,4714990.0
1,621 - Ambulatory Care,25,000,2020,0,1,621111,2870.0,53037.16,6158999254.0
1,621 - Ambulatory Care,06,000,2021,0,0,621391,612.0,2487.66,143307757.0
1,621 - Ambulatory Care,19,000,2018,0,0,621210,1068.0,8595.66,481406070.0
1,621 - Ambulatory Care,28,000,2022,0,0,621999,110.0,324.0,21405761.0
1,621 - Ambulatory Care,28,000,2023,0,0,621340,425.0,4319.08,224900252.0
1,621 - Ambulatory Care,47,000,2020,0,0,621112,185.0,824.25,42126214.0
1,621 - Ambulatory Care,29,000,2018,0,1,621511,174.0,2810.0,160423214.0
1,621 - Ambulatory Care,50,000,2024,0,0,621210,210.0,1851.25,148726363.0
1,621 - Ambulatory Care,12,000,2024,0,0,621399,3994.0,14496.33,975838388.0
1,621 - Ambulatory Care,27,000,2020,0,0,621492,97.0,1108.83,73136831.0
1,621 - Ambulatory Care,27,000,2022,0,0,621112,105.0,1375.33,107280398.0
1,621 - Ambulatory Care,38,000,2022,0,1,621498,11.0,0.0,0.0
1,621 - Ambulatory Care,06,000,2020,0,1,621610,4313.0,99626.91,4484355949.0
1,621 - Ambulatory Care,35,000,2024,0,0,621391,26.0,307.91,20614910.0
1,621 - Ambulatory Care,37,000,2022,0,0,621391,107.0,851.66,49532428.0
1,621 - Ambulatory Care,35,000,2024,0,1,621493,49.0,0.0,0.0
1,621 - Ambulatory Care,37,000,2023,0,0,621410,76.0,867.58,59255380.0
1,621 - Ambulatory Care,32,000,2022,0,0,621210,1338.0,10050.0,574062097.0
1,621 - Ambulatory Care,48,000,2020,0,1,621111,21365.0,227395.25,22069664330.0
1,621 - Ambulatory Care,20,000,2022,0,0,621511,186.0,4125.83,272326746.0
1,621 - Ambulatory Care,45,000,2021,0,1,621493,92.0,1508.5,92123907.0
1,621 - Ambulatory Care,46,000,2020,0,0,621610,74.0,1941.75,70217613.0
1,621 - Ambulatory Care,24,000,2019,0,0,621112,317.0,1923.75,139712069.0
1,621 - Ambulatory Care,45,000,2020,0,0,621330,153.0,545.33,20874770.0
1,621 - Ambulatory Care,45,000,2022,0,0,621320,261.0,1817.58,82582768.0
1,621 - Ambulatory Care,46,000,2022,0,0,621991,12.0,292.16,13823468.0
1,621 - Ambulatory Care,05,000,2018,0,0,621330,206.0,572.41,23244527.0
1,621 - Ambulatory Care,78,000,2024,0,0,621340,11.0,54.83,2981689.0
1,621 - Ambulatory Care,78,000,2024,0,1,621493,3.0,0.0,0.0
1,621 - Ambulatory Care,34,000,2024,0,0,621210,4421.0,32009.0,2106323410.0
1,621 - Ambulatory Care,78,000,2022,0,0,621310,14.0,40.91,1532725.0
1,621 - Ambulatory Care,78,000,2022,0,0,621610,11.0,105.91,3130752.0
1,621 - Ambulatory Care,16,000,2024,0,0,621210,1014.0,7584.66,366348736.0
1,621 - Ambulatory Care,34,000,2023,0,0,621498,374.0,7655.08,656701675.0
1,621 - Ambulatory Care,34,000,2024,0,0,621330,914.0,8344.75,395294435.0
1,621 - Ambulatory Care,04,000,2018,0,0,621112,206.0,1137.0,62786038.0
1,621 - Ambulatory Care,04,000,2018,0,0,621210,2419.0,18794.41,925633971.0
1,621 - Ambulatory Care,44,000,2020,0,0,621420,61.0,1805.91,81899045.0
1,621 - Ambulatory Care,01,000,2019,0,1,621493,74.0,202.33,15158310.0
1,621 - Ambulatory Care,01,000,2022,0,0,621511,491.0,3237.33,193195038.0
1,621 - Ambulatory Care,01,000,2022,0,1,621512,117.0,914.33,58729886.0
1,621 - Ambulatory Care,04,000,2021,0,0,621511,244.0,7251.33,496792112.0
1,621 - Ambulatory Care,44,000,2020,0,0,621340,156.0,1499.41,69424566.0
1,621 - Ambulatory Care,44,000,2019,0,0,621420,56.0,1817.0,81267370.0
1,621 - Ambulatory Care,33,000,2021,0,0,621310,159.0,480.41,18604030.0
1,621 - Ambulatory Care,26,000,2019,0,0,621999,244.0,2035.16,110672154.0
1,621 - Ambulatory Care,31,000,2018,0,0,621399,130.0,539.0,26861817.0
1,621 - Ambulatory Care,31,000,2021,0,0,621910,41.0,711.33,35395624.0
1,621 - Ambulatory Care,26,000,2018,0,1,621111,4395.0,70719.25,6198605537.0
1,621 - Ambulatory Care,26,000,2020,0,0,621112,301.0,2401.25,143304407.0
1,621 - Ambulatory Care,26,000,2021,0,0,621512,84.0,963.08,93600304.0
1,621 - Ambulatory Care,22,000,2024,0,0,621512,110.0,808.66,47132403.0
1,621 - Ambulatory Care,33,000,2020,0,0,621112,36.0,271.41,20931325.0
1,621 - Ambulatory Care,05,000,2023,0,0,621399,288.0,964.5,55681517.0
1,621 - Ambulatory Care,31,000,2023,0,0,621910,33.0,678.16,40841190.0
1,621 - Ambulatory Care,31,000,2024,0,0,621511,79.0,509.58,35055503.0
1,621 - Ambulatory Care,55,000,2019,0,0,621491,35.0,8530.5,698532585.0
1,621 - Ambulatory Care,38,000,2018,0,0,621910,74.0,1082.58,33245940.0
1,621 - Ambulatory Care,56,000,2021,0,0,621512,17.0,201.16,21933910.0
1,621 - Ambulatory Care,49,000,2019,0,1,621498,76.0,1365.08,69445773.0
1,621 - Ambulatory Care,49,000,2022,0,0,621340,435.0,3789.91,136649279.0
1,621 - Ambulatory Care,49,000,2019,0,0,621410,23.0,82.66,2498062.0
1,621 - Ambulatory Care,12,000,2019,0,0,621410,142.0,1083.58,44799829.0
1,621 - Ambulatory Care,56,000,2021,0,0,621320,65.0,474.33,20644378.0
1,621 - Ambulatory Care,51,000,2022,0,0,621310,729.0,2913.83,127879671.0
1,621 - Ambulatory Care,12,000,2021,0,0,621340,3612.0,25631.16,1210407293.0
1,621 - Ambulatory Care,49,000,2023,0,0,621111,2061.0,26970.08,2256638614.0
1,621 - Ambulatory Care,51,000,2023,0,0,621610,2124.0,39186.08,1551942879.0
1,621 - Ambulatory Care,13,000,2020,0,0,621999,225.0,1877.41,86394642.0
1,621 - Ambulatory Care,55,000,2021,0,0,621112,116.0,745.33,60624869.0
1,621 - Ambulatory Care,55,000,2021,0,0,621210,1832.0,18458.5,1235056591.0
1,621 - Ambulatory Care,56,000,2019,0,0,621112,8.0,19.75,968435.0
1,621 - Ambulatory Care,12,000,2021,0,1,621498,842.0,15472.75,943138380.0
1,621 - Ambulatory Care,49,000,2024,0,0,621330,838.0,4883.08,186731054.0
1,621 - Ambulatory Care,56,000,2021,0,1,621493,25.0,465.25,26480249.0
1,621 - Ambulatory Care,49,000,2022,0,0,621610,478.0,8604.66,396906660.0
1,621 - Ambulatory Care,51,000,2019,0,0,621399,475.0,2234.0,107561465.0
1,621 - Ambulatory Care,12,000,2022,0,0,621410,196.0,1486.41,82164331.0
1,621 - Ambulatory Care,49,000,2022,0,0,621210,1830.0,14520.83,607910075.0
1,621 - Ambulatory Care,56,000,2021,0,0,621492,10.0,67.83,3692871.0
1,621 - Ambulatory Care,51,000,2021,0,1,621910,145.0,3568.83,153414033.0
1,621 - Ambulatory Care,12,000,2022,0,0,621512,845.0,11361.75,769831495.0
1,621 - Ambulatory Care,56,000,2022,0,1,621910,28.0,321.33,24086659.0
1,621 - Ambulatory Care,55,000,2021,0,0,621991,65.0,2194.83,105277968.0
1,621 - Ambulatory Care,55,000,2024,0,0,621512,62.0,653.58,51933632.0
1,621 - Ambulatory Care,35,000,2022,0,0,621111,926.0,10801.25,913925882.0
1,621 - Ambulatory Care,35,000,2019,0,1,621111,996.0,11853.5,911564087.0
1,621 - Ambulatory Care,55,000,2021,0,0,621498,100.0,2803.16,175903069.0
1,621 - Ambulatory Care,55,000,2022,0,0,621410,49.0,437.16,20636340.0
1,621 - Ambulatory Care,55,000,2024,0,0,621410,56.0,466.08,24636671.0
1,621 - Ambulatory Care,13,000,2019,0,1,621210,3545.0,28542.0,1539141779.0
1,621 - Ambulatory Care,32,000,2018,0,0,621112,82.0,366.83,23204195.0
1,621 - Ambulatory Care,35,000,2018,0,0,621999,35.0,168.75,9374319.0
1,621 - Ambulatory Care,37,000,2020,0,0,621112,398.0,1943.0,111260871.0
1,621 - Ambulatory Care,06,000,2021,0,1,621999,658.0,5771.16,471890089.0
1,621 - Ambulatory Care,19,000,2019,0,0,621492,63.0,603.0,33094252.0
1,621 - Ambulatory Care,34,000,2020,0,0,621330,505.0,3328.25,139227819.0
1,621 - Ambulatory Care,06,000,2021,0,0,621399,2929.0,12092.0,853442245.0
1,621 - Ambulatory Care,28,000,2020,0,0,621410,5.0,26.5,1032193.0
1,621 - Ambulatory Care,34,000,2020,0,0,621511,909.0,11045.0,745220538.0
1,621 - Ambulatory Care,19,000,2018,0,0,621410,22.0,167.91,5755779.0
1,621 - Ambulatory Care,25,000,2024,0,0,621512,112.0,1768.5,168419756.0
1,621 - Ambulatory Care,27,000,2024,0,0,621999,274.0,2029.08,183887483.0
1,621 - Ambulatory Care,50,000,2022,0,0,621391,7.0,20.75,815262.0
1,621 - Ambulatory Care,51,000,2024,0,0,621910,167.0,3539.25,182558442.0
1,621 - Ambulatory Care,27,000,2024,0,0,621910,87.0,2955.83,203031477.0
1,621 - Ambulatory Care,08,000,2023,0,0,621391,77.0,503.41,31640736.0
1,621 - Ambulatory Care,08,000,2023,0,0,621511,502.0,3888.5,304493454.0
1,621 - Ambulatory Care,23,000,2021,0,0,621210,433.0,3956.83,260240567.0
1,621 - Ambulatory Care,48,000,2021,0,0,621391,354.0,2126.08,127664485.0
1,621 - Ambulatory Care,08,000,2023,0,0,621991,51.0,1478.58,91252663.0
1,621 - Ambulatory Care,08,000,2024,0,0,621410,86.0,659.08,49789338.0
1,621 - Ambulatory Care,23,000,2019,0,0,621493,12.0,187.66,10157465.0
1,621 - Ambulatory Care,42,000,2024,0,0,621210,4468.0,34782.25,2264446403.0
1,621 - Ambulatory Care,50,000,2021,0,1,621999,42.0,0.0,0.0
1,621 - Ambulatory Care,08,000,2023,0,0,621610,673.0,25230.5,1209808942.0
1,621 - Ambulatory Care,42,000,2022,0,0,621391,435.0,2188.75,114264658.0
1,621 - Ambulatory Care,18,000,2018,0,0,621112,130.0,586.08,32001609.0
1,621 - Ambulatory Care,53,000,2024,0,1,621340,959.0,10284.91,604809761.0
1,621 - Ambulatory Care,18,000,2021,0,1,621491,13.0,0.0,0.0
1,621 - Ambulatory Care,41,000,2023,0,0,621391,70.0,402.08,23640211.0
1,621 - Ambulatory Care,12,000,2023,0,0,621610,4472.0,79649.58,4010210542.0
1,621 - Ambulatory Care,27,000,2019,0,0,621391,36.0,206.75,11368312.0
1,621 - Ambulatory Care,12,000,2023,0,0,621512,904.0,11561.41,788819684.0
1,621 - Ambulatory Care,27,000,2022,0,0,621991,41.0,2683.0,215220302.0
1,621 - Ambulatory Care,36,000,2022,0,0,621999,243.0,2894.0,197666321.0
1,621 - Ambulatory Care,09,000,2023,0,0,621340,667.0,7284.41,377357750.0
1,621 - Ambulatory Care,29,000,2022,0,0,621310,906.0,3140.25,116142115.0
1,621 - Ambulatory Care,19,000,2022,0,1,621420,207.0,2561.58,122571463.0
1,621 - Ambulatory Care,29,000,2021,0,0,621999,291.0,3047.41,161771091.0
1,621 - Ambulatory Care,29,000,2023,0,0,621310,933.0,3216.66,125370786.0
1,621 - Ambulatory Care,40,000,2023,0,1,621999,97.0,1933.0,66661934.0
1,621 - Ambulatory Care,10,000,2023,0,0,621391,23.0,147.33,9985928.0
1,621 - Ambulatory Care,19,000,2021,0,0,621410,27.0,179.0,7433114.0
1,621 - Ambulatory Care,02,000,2019,0,0,621511,17.0,143.83,6733754.0
1,621 - Ambulatory Care,18,000,2021,0,0,621420,410.0,9103.16,404614560.0
1,621 - Ambulatory Care,15,000,2023,0,0,621210,692.0,4616.33,272197343.0
1,621 - Ambulatory Care,15,000,2024,0,1,621491,30.0,0.0,0.0
1,621 - Ambulatory Care,19,000,2020,0,0,621391,62.0,279.66,14701659.0
1,621 - Ambulatory Care,28,000,2018,0,0,621112,50.0,629.33,36446644.0
1,621 - Ambulatory Care,15,000,2022,0,1,621399,275.0,1355.5,102636291.0
1,621 - Ambulatory Care,19,000,2024,0,1,621420,215.0,2794.33,146938831.0
1,621 - Ambulatory Care,19,000,2024,0,1,621330,321.0,1594.16,80064354.0
1,621 - Ambulatory Care,29,000,2021,0,0,621391,83.0,499.08,28146528.0
1,621 - Ambulatory Care,40,000,2024,0,1,621420,289.0,6657.08,373510416.0
1,621 - Ambulatory Care,12,000,2023,0,0,621498,1024.0,17999.25,1206735910.0
1,621 - Ambulatory Care,39,000,2023,0,0,621340,1375.0,15884.16,749386136.0
1,621 - Ambulatory Care,41,000,2021,0,0,621491,80.0,4905.5,719765835.0
1,621 - Ambulatory Care,12,000,2023,0,0,621999,1044.0,7682.08,665936824.0
1,621 - Ambulatory Care,27,000,2021,0,0,621498,90.0,693.0,51879087.0
1,621 - Ambulatory Care,27,000,2023,0,0,621112,125.0,965.16,72335517.0
1,621 - Ambulatory Care,41,000,2019,0,0,621112,91.0,302.75,19580773.0
1,621 - Ambulatory Care,08,000,2023,0,0,621999,293.0,1146.08,103926581.0
1,621 - Ambulatory Care,08,000,2020,0,0,621492,91.0,1342.75,90219858.0
1,621 - Ambulatory Care,08,000,2020,0,1,621610,497.0,21628.58,884070971.0
1,621 - Ambulatory Care,08,000,2022,0,0,621991,48.0,1453.16,84506929.0
1,621 - Ambulatory Care,50,000,2019,0,0,621112,21.0,44.5,3500791.0
1,621 - Ambulatory Care,50,000,2019,0,0,621310,92.0,297.25,9569373.0
1,621 - Ambulatory Care,50,000,2019,0,0,621320,44.0,287.5,16327461.0
1,621 - Ambulatory Care,04,000,2019,0,0,621320,316.0,2341.33,120617084.0
1,621 - Ambulatory Care,18,000,2022,0,0,621112,192.0,761.58,45655609.0
1,621 - Ambulatory Care,01,000,2022,0,0,621492,212.0,2271.75,140338084.0
1,621 - Ambulatory Care,04,000,2018,0,1,621610,517.0,24339.41,735765537.0
1,621 - Ambulatory Care,04,000,2019,0,0,621910,106.0,4734.0,255980775.0
1,621 - Ambulatory Care,04,000,2018,0,0,621999,252.0,3721.08,240701644.0
1,621 - Ambulatory Care,44,000,2022,0,0,621492,18.0,278.25,18536228.0
1,621 - Ambulatory Care,44,000,2022,0,0,621511,53.0,577.16,42037227.0
1,621 - Ambulatory Care,01,000,2019,0,1,621511,410.0,2696.91,136894301.0
1,621 - Ambulatory Care,04,000,2022,0,1,621340,894.0,8612.5,406007340.0
1,621 - Ambulatory Care,18,000,2024,0,1,621498,197.0,0.0,0.0
1,621 - Ambulatory Care,20,000,2019,0,1,621320,293.0,2271.83,92810632.0
1,621 - Ambulatory Care,21,000,2020,0,0,621910,120.0,2621.83,116335527.0
1,621 - Ambulatory Care,39,000,2018,0,0,621610,1933.0,64052.16,1867743158.0
1,621 - Ambulatory Care,72,000,2022,0,0,621512,146.0,1354.33,48369970.0
1,621 - Ambulatory Care,0 ,000,2024,0,1,621498,12309.0,277012.58,22994964550.0
1,621 - Ambulatory Care,11,000,2019,0,1,621491,3.0,0.0,0.0
1,621 - Ambulatory Care,54,000,2019,0,0,621610,211.0,6848.08,237506519.0
1,621 - Ambulatory Care,72,000,2024,0,0,621610,90.0,3305.0,110427376.0
1,621 - Ambulatory Care,0 ,000,2021,0,1,621310,39139.0,142394.75,5532722380.0
1,621 - Ambulatory Care,17,000,2021,0,0,621210,5478.0,37937.08,2167458353.0
1,621 - Ambulatory Care,17,000,2023,0,0,621999,381.0,4549.91,378167117.0
1,621 - Ambulatory Care,54,000,2020,0,0,621111,1300.0,15280.16,1331060243.0
1,621 - Ambulatory Care,17,000,2021,0,1,621910,174.0,6587.41,312525472.0
1,621 - Ambulatory Care,44,000,2018,0,0,621210,360.0,2919.75,145673875.0
1,621 - Ambulatory Care,17,000,2020,0,0,621999,270.0,2566.58,177916196.0
1,621 - Ambulatory Care,21,000,2021,0,0,621320,302.0,2361.58,123430212.0
1,621 - Ambulatory Care,24,000,2018,0,0,621410,37.0,235.41,12369888.0
1,621 - Ambulatory Care,72,000,2020,0,0,621340,241.0,1554.25,36504018.0
1,621 - Ambulatory Care,72,000,2020,0,0,621498,52.0,1864.66,61551902.0
1,621 - Ambulatory Care,72,000,2024,0,0,621410,4.0,25.83,619720.0
1,621 - Ambulatory Care,30,000,2018,0,0,621340,223.0,1357.41,58654857.0
1,621 - Ambulatory Care,30,000,2021,0,0,621493,23.0,414.91,24644285.0
1,621 - Ambulatory Care,40,000,2019,0,0,621210,1390.0,10329.91,531820920.0
1,621 - Ambulatory Care,40,000,2019,0,0,621320,376.0,2441.16,90272072.0
1,621 - Ambulatory Care,40,000,2019,0,1,621610,787.0,12701.91,416887858.0
1,621 - Ambulatory Care,33,000,2020,0,1,621910,41.0,831.41,39046789.0
1,621 - Ambulatory Care,26,000,2019,0,1,621610,1194.0,39159.75,1423601308.0
1,621 - Ambulatory Care,55,000,2023,0,0,621491,36.0,5303.0,461453581.0
1,621 - Ambulatory Care,09,000,2018,0,0,621340,543.0,5985.58,277699997.0
1,621 - Ambulatory Care,09,000,2018,0,0,621410,25.0,289.0,14949446.0
1,621 - Ambulatory Care,35,000,2020,0,0,621991,24.0,426.0,17639526.0
1,621 - Ambulatory Care,37,000,2018,0,0,621492,260.0,4695.66,246583523.0
1,621 - Ambulatory Care,55,000,2024,0,0,621340,863.0,7771.33,403852962.0
1,621 - Ambulatory Care,13,000,2023,0,0,621210,3947.0,31057.5,1988177259.0
1,621 - Ambulatory Care,34,000,2019,0,0,621210,4551.0,30462.25,1616396257.0
1,621 - Ambulatory Care,06,000,2023,0,0,621498,1472.0,47756.83,3754981975.0
1,621 - Ambulatory Care,47,000,2021,0,1,621493,155.0,0.0,0.0
1,621 - Ambulatory Care,19,000,2018,0,0,621991,41.0,1751.91,65516129.0
1,621 - Ambulatory Care,28,000,2024,0,0,621610,364.0,7810.25,407168298.0
1,621 - Ambulatory Care,06,000,2023,0,0,621112,2032.0,10731.83,887974313.0
1,621 - Ambulatory Care,10,000,2019,0,0,621330,55.0,199.58,7961500.0
1,621 - Ambulatory Care,19,000,2019,0,0,621210,1064.0,8719.58,493046477.0
1,621 - Ambulatory Care,10,000,2019,0,1,621910,14.0,0.0,0.0
1,621 - Ambulatory Care,28,000,2021,0,0,621498,111.0,1434.75,83814731.0
1,621 - Ambulatory Care,10,000,2019,0,0,621210,249.0,2634.75,182562795.0
1,621 - Ambulatory Care,47,000,2020,0,0,621492,195.0,3766.16,255519037.0
1,621 - Ambulatory Care,13,000,2024,0,0,621493,322.0,3556.83,277918423.0
1,621 - Ambulatory Care,47,000,2021,0,0,621310,622.0,2451.41,100312191.0
1,621 - Ambulatory Care,25,000,2023,0,0,621493,50.0,3258.5,391254817.0
1,621 - Ambulatory Care,25,000,2024,0,0,621492,85.0,1928.08,157518455.0
1,621 - Ambulatory Care,29,000,2018,0,0,621391,91.0,499.66,23543464.0
1,621 - Ambulatory Care,51,000,2024,0,0,621493,222.0,5902.66,445378910.0
1,621 - Ambulatory Care,27,000,2024,0,0,621340,510.0,4393.41,256951271.0
1,621 - Ambulatory Care,15,000,2023,0,0,621391,23.0,55.25,3484882.0
1,621 - Ambulatory Care,19,000,2021,0,1,621498,78.0,879.25,60030453.0
1,621 - Ambulatory Care,28,000,2019,0,0,621391,26.0,160.75,5412146.0
1,621 - Ambulatory Care,15,000,2022,0,0,621610,119.0,3926.0,170715863.0
1,621 - Ambulatory Care,19,000,2023,0,0,621399,203.0,663.58,40243127.0
1,621 - Ambulatory Care,29,000,2020,0,0,621112,166.0,958.25,58598546.0
1,621 - Ambulatory Care,29,000,2020,0,1,621498,166.0,2884.41,160895100.0
1,621 - Ambulatory Care,29,000,2022,0,0,621320,421.0,2661.66,125857591.0
1,621 - Ambulatory Care,40,000,2023,0,0,621491,11.0,70.25,13485705.0
1,621 - Ambulatory Care,02,000,2018,0,0,621610,74.0,2311.66,48172824.0
1,621 - Ambulatory Care,18,000,2019,0,1,621491,13.0,0.0,0.0
1,621 - Ambulatory Care,18,000,2020,0,1,621399,294.0,888.83,44884782.0
1,621 - Ambulatory Care,41,000,2022,0,1,621420,208.0,2764.66,159617600.0
1,621 - Ambulatory Care,53,000,2022,0,0,621399,1307.0,5743.0,250763731.0
1,621 - Ambulatory Care,08,000,2018,0,0,621391,81.0,420.83,21236131.0
1,621 - Ambulatory Care,23,000,2019,0,0,621498,40.0,980.58,66211881.0
1,621 - Ambulatory Care,23,000,2021,0,0,621320,94.0,890.25,44189565.0
1,621 - Ambulatory Care,42,000,2020,0,0,621420,674.0,18423.75,793515058.0
1,621 - Ambulatory Care,42,000,2023,0,0,621112,432.0,3128.91,263577208.0
1,621 - Ambulatory Care,42,000,2024,0,0,621391,416.0,2119.33,122608051.0
1,621 - Ambulatory Care,42,000,2021,0,0,621340,2205.0,19900.83,1039922716.0
1,621 - Ambulatory Care,42,000,2020,0,0,621610,1210.0,66344.83,2881200925.0
1,621 - Ambulatory Care,42,000,2024,0,0,621399,964.0,4365.75,295439264.0
1,621 - Ambulatory Care,48,000,2024,0,1,621210,12508.0,87975.58,5523829208.0
1,621 - Ambulatory Care,36,000,2019,0,0,621391,916.0,3280.75,141426385.0
1,621 - Ambulatory Care,22,000,2018,0,0,621491,17.0,368.08,25567824.0
1,621 - Ambulatory Care,30,000,2021,0,0,621399,200.0,671.66,29294483.0
1,621 - Ambulatory Care,36,000,2019,0,0,621310,1901.0,5346.91,197165097.0
1,621 - Ambulatory Care,53,000,2020,0,0,621492,109.0,3475.83,251507489.0
1,621 - Ambulatory Care,21,000,2022,0,0,621112,172.0,783.91,50468187.0
1,621 - Ambulatory Care,16,000,2019,0,0,621910,54.0,683.91,32095548.0
1,621 - Ambulatory Care,21,000,2018,0,0,621330,190.0,658.66,29162561.0
1,621 - Ambulatory Care,0 ,000,2023,0,1,621310,39540.0,146304.91,6117086778.0
1,621 - Ambulatory Care,11,000,2024,0,0,621492,30.0,460.0,34491706.0
1,621 - Ambulatory Care,39,000,2020,0,0,621340,1140.0,13916.0,635827941.0
1,621 - Ambulatory Care,0 ,000,2022,0,0,621999,10511.0,81922.41,6322057302.0
1,621 - Ambulatory Care,04,000,2024,0,0,621512,155.0,2875.16,280562066.0
1,621 - Ambulatory Care,09,000,2023,0,0,621511,248.0,2017.33,135933163.0
1,621 - Ambulatory Care,36,000,2022,0,0,621410,136.0,1511.5,121341762.0
1,621 - Ambulatory Care,38,000,2024,0,0,621340,147.0,1273.83,67025992.0
1,621 - Ambulatory Care,41,000,2021,0,0,621498,87.0,2262.16,164718078.0
1,621 - Ambulatory Care,09,000,2024,0,1,621910,74.0,2932.58,167361412.0
1,621 - Ambulatory Care,09,000,2021,0,1,621991,13.0,0.0,0.0
1,621 - Ambulatory Care,09,000,2024,0,0,621340,699.0,7750.25,411938750.0
1,621 - Ambulatory Care,38,000,2024,0,1,621399,131.0,7.66,348370.0
1,621 - Ambulatory Care,27,000,2021,0,0,621112,93.0,1333.5,125683908.0
1,621 - Ambulatory Care,27,000,2021,0,0,621999,192.0,1679.25,172099364.0
1,621 - Ambulatory Care,32,000,2024,0,0,621111,2773.0,26619.0,2774143627.0
1,621 - Ambulatory Care,32,000,2024,0,0,621410,31.0,204.58,15944076.0
1,621 - Ambulatory Care,37,000,2024,0,0,621610,1656.0,42575.41,1742515308.0
1,621 - Ambulatory Care,37,000,2024,0,0,621511,1103.0,11901.0,1009645718.0
1,621 - Ambulatory Care,32,000,2023,0,0,621491,28.0,997.16,99243155.0
1,621 - Ambulatory Care,37,000,2023,0,0,621511,1109.0,12662.33,1028825785.0
1,621 - Ambulatory Care,05,000,2018,0,0,621511,141.0,1095.83,66369715.0
1,621 - Ambulatory Care,24,000,2020,0,0,621492,210.0,3091.41,190811176.0
1,621 - Ambulatory Care,45,000,2023,0,0,621511,578.0,2858.16,211041768.0
1,621 - Ambulatory Care,45,000,2022,0,0,621910,112.0,3015.25,135164945.0
1,621 - Ambulatory Care,05,000,2018,0,1,621491,4.0,0.0,0.0
1,621 - Ambulatory Care,24,000,2023,0,0,621493,164.0,3524.75,296334070.0
1,621 - Ambulatory Care,45,000,2024,0,1,621511,585.0,2654.66,199795872.0
1,621 - Ambulatory Care,78,000,2021,0,1,621511,6.0,0.0,0.0
1,621 - Ambulatory Care,78,000,2020,0,1,621399,6.0,0.0,0.0
1,621 - Ambulatory Care,16,000,2022,0,0,621511,116.0,1437.0,77530640.0
1,621 - Ambulatory Care,02,000,2024,0,0,621310,136.0,799.0,36412295.0
1,621 - Ambulatory Care,56,000,2024,0,0,621511,32.0,194.16,12875699.0
1,621 - Ambulatory Care,33,000,2021,0,0,621330,76.0,530.16,23295615.0
1,621 - Ambulatory Care,22,000,2022,0,1,621492,207.0,2576.83,162300229.0
1,621 - Ambulatory Care,31,000,2020,0,0,621310,428.0,1403.33,49075425.0
1,621 - Ambulatory Care,33,000,2020,0,0,621493,36.0,1032.91,62141689.0
1,621 - Ambulatory Care,26,000,2019,0,1,621330,459.0,2702.25,109498045.0
1,621 - Ambulatory Care,26,000,2019,0,0,621492,151.0,3238.91,181027013.0
1,621 - Ambulatory Care,31,000,2018,0,0,621112,105.0,678.75,53319530.0
1,621 - Ambulatory Care,31,000,2019,0,0,621320,169.0,1235.75,50863820.0
1,621 - Ambulatory Care,01,000,2023,0,0,621112,189.0,874.58,70937459.0
1,621 - Ambulatory Care,04,000,2018,0,0,621340,748.0,7761.08,304200722.0
1,621 - Ambulatory Care,04,000,2018,0,1,621493,246.0,6706.41,380989108.0
1,621 - Ambulatory Care,01,000,2024,0,0,621112,205.0,990.41,81078210.0
1,621 - Ambulatory Care,44,000,2019,0,0,621340,148.0,1597.33,69817622.0
1,621 - Ambulatory Care,01,000,2021,0,1,621512,110.0,689.5,42668033.0
1,621 - Ambulatory Care,20,000,2019,0,0,621512,53.0,404.75,26362384.0
1,621 - Ambulatory Care,44,000,2019,0,0,621399,79.0,240.0,10729789.0
1,621 - Ambulatory Care,05,000,2023,0,0,621512,49.0,234.08,28217244.0
1,621 - Ambulatory Care,05,000,2024,0,0,621410,34.0,168.0,5939531.0
1,621 - Ambulatory Care,31,000,2024,0,0,621112,116.0,624.08,60934854.0
1,621 - Ambulatory Care,42,000,2018,0,0,621511,527.0,7340.5,453450560.0
1,621 - Ambulatory Care,42,000,2018,0,1,621991,62.0,3630.16,276053834.0
1,621 - Ambulatory Care,45,000,2018,0,1,621340,427.0,4289.41,196563187.0
1,621 - Ambulatory Care,05,000,2023,0,0,621340,751.0,6425.33,304083671.0
1,621 - Ambulatory Care,31,000,2024,0,0,621210,750.0,6216.75,397477522.0
1,621 - Ambulatory Care,55,000,2018,0,0,621512,54.0,450.0,31370085.0
1,621 - Ambulatory Care,55,000,2019,0,0,621410,40.0,350.75,15088447.0
1,621 - Ambulatory Care,38,000,2020,0,0,621310,225.0,722.25,29951251.0
1,621 - Ambulatory Care,51,000,2018,0,0,621991,56.0,2610.25,153834419.0
1,621 - Ambulatory Care,56,000,2018,0,0,621511,25.0,82.58,5754303.0
1,621 - Ambulatory Care,49,000,2021,0,0,621210,1798.0,14246.25,557817213.0
1,621 - Ambulatory Care,12,000,2021,0,0,621112,1272.0,6108.41,375408823.0
1,621 - Ambulatory Care,15,000,2018,0,1,621111,1177.0,7727.5,790409872.0
1,621 - Ambulatory Care,56,000,2022,0,1,621610,67.0,736.5,31090594.0
1,621 - Ambulatory Care,49,000,2021,0,0,621310,500.0,1904.66,58105183.0
1,621 - Ambulatory Care,51,000,2019,0,0,621320,500.0,4013.08,211366493.0
1,621 - Ambulatory Care,32,000,2021,0,1,621498,76.0,1316.41,69801032.0
1,621 - Ambulatory Care,37,000,2021,0,0,621320,630.0,5596.58,297120004.0
1,621 - Ambulatory Care,37,000,2022,0,0,621610,1452.0,40698.08,1584953726.0
1,621 - Ambulatory Care,48,000,2018,0,1,621512,703.0,10228.91,602402855.0
1,621 - Ambulatory Care,06,000,2018,0,1,621498,1016.0,27242.91,1605964060.0
1,621 - Ambulatory Care,37,000,2021,0,1,621210,3478.0,31984.66,2105978750.0
1,621 - Ambulatory Care,32,000,2022,0,0,621112,127.0,509.5,39752194.0
1,621 - Ambulatory Care,35,000,2024,0,0,621999,195.0,456.16,34111832.0
1,621 - Ambulatory Care,37,000,2023,0,0,621310,1119.0,4073.08,182840423.0
1,621 - Ambulatory Care,20,000,2022,0,0,621492,66.0,805.83,47650333.0
1,621 - Ambulatory Care,24,000,2019,0,0,621999,148.0,3057.5,221380404.0
1,621 - Ambulatory Care,24,000,2024,0,0,621491,81.0,5808.66,603216170.0
1,621 - Ambulatory Care,45,000,2022,0,0,621491,21.0,201.91,15571255.0
1,621 - Ambulatory Care,05,000,2020,0,0,621320,262.0,1568.75,64976869.0
1,621 - Ambulatory Care,24,000,2019,0,0,621330,368.0,2214.5,106121496.0
1,621 - Ambulatory Care,45,000,2019,0,0,621112,121.0,336.0,17762919.0
1,621 - Ambulatory Care,20,000,2020,0,0,621991,14.0,618.0,33861696.0
1,621 - Ambulatory Care,46,000,2021,0,1,621491,2.0,0.0,0.0
1,621 - Ambulatory Care,45,000,2023,0,0,621112,175.0,923.08,54395534.0
1,621 - Ambulatory Care,46,000,2020,0,0,621420,32.0,551.83,24241816.0
1,621 - Ambulatory Care,78,000,2021,0,1,621399,8.0,0.0,0.0
1,621 - Ambulatory Care,02,000,2023,0,0,621610,76.0,1741.58,53312889.0
1,621 - Ambulatory Care,16,000,2021,0,0,621512,43.0,554.25,51441131.0
1,621 - Ambulatory Care,16,000,2023,0,0,621210,951.0,7502.58,347382751.0
1,621 - Ambulatory Care,78,000,2020,0,1,621610,5.0,0.0,0.0
1,621 - Ambulatory Care,78,000,2021,0,1,621420,2.0,0.0,0.0
1,621 - Ambulatory Care,78,000,2023,0,1,621420,2.0,0.0,0.0
1,621 - Ambulatory Care,56,000,2024,0,1,621399,84.0,0.0,0.0
1,621 - Ambulatory Care,44,000,2022,0,0,621910,28.0,540.0,23528337.0
1,621 - Ambulatory Care,44,000,2024,0,0,621320,85.0,822.41,51240446.0
1,621 - Ambulatory Care,01,000,2024,0,0,621391,85.0,400.58,20069525.0
1,621 - Ambulatory Care,18,000,2023,0,0,621112,218.0,1011.75,62019161.0
1,621 - Ambulatory Care,44,000,2020,0,0,621210,352.0,2479.58,130176071.0
1,621 - Ambulatory Care,01,000,2021,0,1,621340,733.0,6784.33,342361862.0
1,621 - Ambulatory Care,01,000,2022,0,0,621111,3237.0,43435.16,3964992268.0
1,621 - Ambulatory Care,20,000,2018,0,0,621991,11.0,732.5,33609817.0
1,621 - Ambulatory Care,05,000,2022,0,0,621210,977.0,7779.16,428043752.0
1,621 - Ambulatory Care,42,000,2018,0,0,621399,583.0,3392.75,180957979.0
1,621 - Ambulatory Care,31,000,2023,0,0,621112,112.0,621.91,58734328.0
1,621 - Ambulatory Care,31,000,2023,0,0,621492,33.0,488.5,31722769.0
1,621 - Ambulatory Care,31,000,2024,0,0,621493,74.0,1646.33,114186352.0
1,621 - Ambulatory Care,38,000,2019,0,0,621112,15.0,64.83,4566292.0
1,621 - Ambulatory Care,51,000,2022,0,0,621991,52.0,2034.41,132470113.0
1,621 - Ambulatory Care,12,000,2020,0,0,621340,3312.0,22878.91,1069750438.0
1,621 - Ambulatory Care,38,000,2018,0,0,621112,15.0,201.33,7917859.0
1,621 - Ambulatory Care,49,000,2024,0,0,621511,207.0,5715.83,421857634.0
1,621 - Ambulatory Care,01,000,2018,0,1,621330,183.0,800.91,31772611.0
1,621 - Ambulatory Care,38,000,2020,0,0,621512,8.0,45.75,4160010.0
1,621 - Ambulatory Care,49,000,2023,0,0,621910,45.0,1484.58,93165454.0
1,621 - Ambulatory Care,49,000,2020,0,1,621492,24.0,295.5,18674687.0
1,621 - Ambulatory Care,51,000,2023,0,0,621910,169.0,3493.33,168737827.0
1,621 - Ambulatory Care,13,000,2018,0,0,621492,377.0,5946.16,321476991.0
1,621 - Ambulatory Care,13,000,2018,0,0,621991,53.0,1602.16,77903878.0
1,621 - Ambulatory Care,32,000,2019,0,0,621511,211.0,1980.16,122879999.0
1,621 - Ambulatory Care,35,000,2022,0,0,621310,195.0,676.41,25639533.0
1,621 - Ambulatory Care,35,000,2018,0,0,621320,118.0,777.66,28259286.0
1,621 - Ambulatory Care,35,000,2018,0,1,621493,52.0,0.0,0.0
1,621 - Ambulatory Care,35,000,2023,0,0,621610,243.0,15240.08,415976482.0
1,621 - Ambulatory Care,13,000,2019,0,1,621111,6980.0,100645.83,8296031307.0
1,621 - Ambulatory Care,55,000,2020,0,0,621320,334.0,2342.83,92887296.0
1,621 - Ambulatory Care,13,000,2019,0,0,621340,963.0,10103.66,468149222.0
1,621 - Ambulatory Care,55,000,2024,0,0,621492,114.0,1565.83,100154275.0
1,621 - Ambulatory Care,47,000,2022,0,0,621493,158.0,3219.0,190629618.0
1,621 - Ambulatory Care,33,000,2021,0,1,621991,9.0,0.0,0.0
1,621 - Ambulatory Care,16,000,2021,0,0,621492,32.0,543.91,35029307.0
1,621 - Ambulatory Care,02,000,2022,0,0,621399,108.0,648.33,40988117.0
1,621 - Ambulatory Care,16,000,2020,0,0,621498,35.0,318.58,19561320.0
1,621 - Ambulatory Care,56,000,2024,0,0,621410,12.0,62.16,2429136.0
1,621 - Ambulatory Care,78,000,2023,0,0,621210,24.0,150.75,8298741.0
1,621 - Ambulatory Care,46,000,2024,0,0,621111,369.0,8546.0,1097874203.0
1,621 - Ambulatory Care,34,000,2022,0,0,621320,595.0,3455.0,190832501.0
1,621 - Ambulatory Care,34,000,2024,0,0,621511,1242.0,11310.91,803623853.0
1,621 - Ambulatory Care,37,000,2023,0,0,621111,6119.0,88520.0,8828027475.0
1,621 - Ambulatory Care,37,000,2021,0,0,621340,1389.0,10654.16,505359288.0
1,621 - Ambulatory Care,37,000,2022,0,0,621999,359.0,1820.75,139852643.0
1,621 - Ambulatory Care,48,000,2018,0,0,621112,783.0,3615.08,237398176.0
1,621 - Ambulatory Care,45,000,2023,0,0,621399,386.0,2041.91,111128093.0
1,621 - Ambulatory Care,05,000,2018,0,0,621391,35.0,185.58,9925440.0
1,621 - Ambulatory Care,05,000,2018,0,0,621991,25.0,599.0,22569033.0
1,621 - Ambulatory Care,24,000,2019,0,0,621610,931.0,24188.5,891942432.0
1,621 - Ambulatory Care,45,000,2021,0,0,621511,477.0,2598.16,193089255.0
1,621 - Ambulatory Care,45,000,2023,0,0,621391,53.0,400.75,20845470.0
1,621 - Ambulatory Care,20,000,2022,0,0,621330,221.0,950.25,37618538.0
1,621 - Ambulatory Care,46,000,2021,0,0,621512,19.0,124.83,8831434.0
1,621 - Ambulatory Care,05,000,2021,0,1,621498,85.0,913.5,123938507.0
1,621 - Ambulatory Care,05,000,2024,0,0,621498,102.0,1087.75,162210286.0
1,621 - Ambulatory Care,17,000,2018,0,0,621999,233.0,3510.66,197945573.0
1,621 - Ambulatory Care,31,000,2023,0,0,621330,420.0,1378.08,60015356.0
1,621 - Ambulatory Care,05,000,2023,0,0,621991,32.0,822.75,42014656.0
1,621 - Ambulatory Care,51,000,2022,0,0,621210,3534.0,26918.5,1779383005.0
1,621 - Ambulatory Care,56,000,2023,0,0,621493,27.0,484.08,29221732.0
1,621 - Ambulatory Care,49,000,2024,0,0,621112,214.0,743.58,49312962.0
1,621 - Ambulatory Care,51,000,2019,0,0,621310,698.0,2802.41,108863941.0
1,621 - Ambulatory Care,56,000,2018,0,0,621512,17.0,191.41,20581038.0
1,621 - Ambulatory Care,56,000,2019,0,1,621991,9.0,0.0,0.0
1,621 - Ambulatory Care,38,000,2019,0,0,621511,19.0,193.08,9775839.0
1,621 - Ambulatory Care,49,000,2020,0,1,621493,48.0,665.5,30152568.0
1,621 - Ambulatory Care,49,000,2020,0,0,621320,216.0,1163.16,41150077.0
1,621 - Ambulatory Care,01,000,2018,0,0,621410,15.0,85.83,3475232.0
1,621 - Ambulatory Care,12,000,2022,0,0,621511,1412.0,16650.41,1247049779.0
1,621 - Ambulatory Care,49,000,2024,0,0,621610,480.0,9052.83,439947270.0
1,621 - Ambulatory Care,56,000,2018,0,0,621999,49.0,200.25,7583373.0
1,621 - Ambulatory Care,35,000,2022,0,0,621399,342.0,787.25,41837630.0
1,621 - Ambulatory Care,37,000,2019,0,1,621399,609.0,2974.5,183414591.0
1,621 - Ambulatory Care,34,000,2020,0,0,621391,393.0,1808.66,81861134.0
1,621 - Ambulatory Care,28,000,2024,0,0,621111,1891.0,23176.33,2144180649.0
1,621 - Ambulatory Care,26,000,2023,0,1,621310,1283.0,4779.16,176062502.0
1,621 - Ambulatory Care,10,000,2018,0,1,621491,3.0,0.0,0.0
1,621 - Ambulatory Care,25,000,2020,0,0,621340,823.0,8473.75,413354608.0
1,621 - Ambulatory Care,06,000,2021,0,0,621512,898.0,9797.66,889901752.0
1,621 - Ambulatory Care,26,000,2024,0,0,621512,96.0,662.0,65020806.0
1,621 - Ambulatory Care,25,000,2021,0,0,621111,2890.0,56041.16,6667941011.0
1,621 - Ambulatory Care,50,000,2024,0,0,621610,68.0,2012.41,114759225.0
1,621 - Ambulatory Care,25,000,2024,0,0,621511,358.0,4798.33,485475503.0
1,621 - Ambulatory Care,41,000,2023,0,0,621111,2620.0,36359.66,3676987262.0
1,621 - Ambulatory Care,23,000,2023,0,1,621511,34.0,0.0,0.0
1,621 - Ambulatory Care,18,000,2021,0,0,621910,93.0,2944.16,138618077.0
1,621 - Ambulatory Care,53,000,2023,0,0,621498,130.0,6937.83,594917103.0
1,621 - Ambulatory Care,15,000,2022,0,0,621512,20.0,139.25,9522387.0
1,621 - Ambulatory Care,19,000,2024,0,1,621111,1335.0,23293.33,2519636900.0
1,621 - Ambulatory Care,29,000,2024,0,0,621340,971.0,10774.08,548678135.0
1,621 - Ambulatory Care,29,000,2024,0,0,621512,109.0,866.66,57868539.0
1,621 - Ambulatory Care,15,000,2019,0,0,621999,25.0,171.91,7470175.0
1,621 - Ambulatory Care,29,000,2020,0,1,621511,210.0,2808.16,183519602.0
1,621 - Ambulatory Care,15,000,2021,0,0,621512,18.0,123.66,8512537.0
1,621 - Ambulatory Care,28,000,2019,0,0,621340,367.0,3984.75,181716511.0
1,621 - Ambulatory Care,11,000,2018,0,1,621493,5.0,2.0,272365.0
1,621 - Ambulatory Care,16,000,2018,0,0,621410,10.0,56.75,2687579.0
1,621 - Ambulatory Care,11,000,2024,0,1,621910,8.0,0.0,0.0
1,621 - Ambulatory Care,39,000,2019,0,0,621210,3950.0,32435.0,1662134696.0
1,621 - Ambulatory Care,72,000,2024,0,0,621320,112.0,494.0,16077112.0
1,621 - Ambulatory Care,04,000,2023,0,1,621910,119.0,4648.75,337052856.0
1,621 - Ambulatory Care,54,000,2021,0,0,621493,68.0,1085.5,66386245.0
1,621 - Ambulatory Care,54,000,2021,0,0,621910,97.0,2207.16,98213895.0
1,621 - Ambulatory Care,0 ,000,2021,0,1,621910,6181.0,179009.75,8894410046.0
1,621 - Ambulatory Care,21,000,2021,0,0,621991,29.0,838.91,43751846.0
1,621 - Ambulatory Care,39,000,2019,0,1,621340,1128.0,15403.66,649528511.0
1,621 - Ambulatory Care,72,000,2023,0,0,621498,70.0,2968.33,118948956.0
1,621 - Ambulatory Care,39,000,2019,0,0,621310,1327.0,5485.91,184310821.0
1,621 - Ambulatory Care,22,000,2023,0,1,621498,261.0,4835.41,351700317.0
1,621 - Ambulatory Care,22,000,2024,0,0,621210,1648.0,12289.0,670646661.0
1,621 - Ambulatory Care,33,000,2018,0,0,621340,190.0,1656.58,76930535.0
1,621 - Ambulatory Care,33,000,2019,0,0,621320,94.0,712.66,35787404.0
1,621 - Ambulatory Care,33,000,2021,0,0,621410,15.0,124.16,5080178.0
1,621 - Ambulatory Care,26,000,2018,0,0,621420,182.0,6775.91,330902334.0
1,621 - Ambulatory Care,21,000,2022,0,0,621310,500.0,1934.16,75253828.0
1,621 - Ambulatory Care,30,000,2018,0,0,621512,23.0,92.75,11730331.0
1,621 - Ambulatory Care,30,000,2022,0,0,621498,44.0,706.16,46337132.0
1,621 - Ambulatory Care,30,000,2023,0,0,621498,49.0,738.08,50326617.0
1,621 - Ambulatory Care,40,000,2020,0,0,621493,326.0,3617.41,252018094.0
1,621 - Ambulatory Care,53,000,2019,0,0,621330,244.0,2097.58,79550004.0
1,621 - Ambulatory Care,22,000,2020,0,1,621910,93.0,3632.91,232844480.0
1,621 - Ambulatory Care,32,000,2020,0,0,621410,18.0,136.66,7179694.0
1,621 - Ambulatory Care,32,000,2023,0,0,621492,68.0,1273.33,89390970.0
1,621 - Ambulatory Care,48,000,2019,0,1,621512,666.0,8263.41,517274490.0
1,621 - Ambulatory Care,06,000,2020,0,1,621910,397.0,20183.5,1055236899.0
1,621 - Ambulatory Care,06,000,2020,0,1,621999,542.0,4701.83,365836672.0
1,621 - Ambulatory Care,20,000,2020,0,0,621112,62.0,233.33,17727097.0
1,621 - Ambulatory Care,24,000,2024,0,0,621112,380.0,2242.75,197562640.0
1,621 - Ambulatory Care,24,000,2024,0,0,621210,2478.0,18040.75,1246786111.0
1,621 - Ambulatory Care,46,000,2018,0,0,621112,14.0,54.5,3032787.0
1,621 - Ambulatory Care,46,000,2018,0,0,621999,37.0,198.66,9409869.0
1,621 - Ambulatory Care,05,000,2018,0,1,621111,2260.0,25295.75,2102992340.0
1,621 - Ambulatory Care,78,000,2022,0,1,621320,3.0,0.0,0.0
1,621 - Ambulatory Care,34,000,2023,0,0,621610,952.0,47413.66,2143534966.0
1,621 - Ambulatory Care,34,000,2024,0,0,621498,375.0,8391.66,750874804.0
1,621 - Ambulatory Care,78,000,2021,0,0,621340,9.0,33.25,1307651.0
1,621 - Ambulatory Care,34,000,2022,0,0,621112,436.0,3247.5,235286211.0
1,621 - Ambulatory Care,02,000,2021,0,0,621391,8.0,51.66,3319321.0
1,621 - Ambulatory Care,01,000,2024,0,1,621910,121.0,3429.5,193539764.0
1,621 - Ambulatory Care,44,000,2019,0,0,621511,50.0,585.25,35077106.0
1,621 - Ambulatory Care,04,000,2018,0,1,621111,4454.0,57621.75,5122430259.0
1,621 - Ambulatory Care,04,000,2021,0,0,621310,852.0,3033.08,122818008.0
1,621 - Ambulatory Care,05,000,2024,0,0,621391,36.0,165.33,8754219.0
1,621 - Ambulatory Care,17,000,2018,0,0,621492,274.0,5364.58,306434419.0
1,621 - Ambulatory Care,17,000,2019,0,0,621320,747.0,5299.08,232308118.0
1,621 - Ambulatory Care,56,000,2019,0,1,621111,326.0,3453.25,307896291.0
1,621 - Ambulatory Care,12,000,2018,0,1,621330,1743.0,5160.66,225924218.0
1,621 - Ambulatory Care,56,000,2021,0,0,621410,13.0,58.41,1696529.0
1,621 - Ambulatory Care,12,000,2021,0,1,621910,173.0,5096.33,247448537.0
1,621 - Ambulatory Care,38,000,2018,0,1,621111,259.0,8650.75,766631282.0
1,621 - Ambulatory Care,49,000,2020,0,0,621491,11.0,97.41,4353981.0
1,621 - Ambulatory Care,51,000,2021,0,1,621492,247.0,3348.5,204412619.0
1,621 - Ambulatory Care,56,000,2018,0,1,621910,30.0,360.16,16940693.0
1,621 - Ambulatory Care,12,000,2019,0,0,621111,19440.0,223832.91,19273199966.0
1,621 - Ambulatory Care,51,000,2020,0,0,621320,508.0,3887.25,207745502.0
1,621 - Ambulatory Care,49,000,2021,0,1,621492,30.0,336.41,21694300.0
1,621 - Ambulatory Care,56,000,2020,0,0,621320,67.0,451.91,19298059.0
1,621 - Ambulatory Care,56,000,2022,0,0,621330,121.0,377.0,14995193.0
1,621 - Ambulatory Care,21,000,2020,0,0,621112,136.0,609.08,36594616.0
1,621 - Ambulatory Care,0 ,000,2019,0,0,621493,7797.0,166351.0,10645159885.0
1,621 - Ambulatory Care,0 ,000,2021,0,0,621320,20870.0,144591.66,6981388643.0
1,621 - Ambulatory Care,04,000,2024,0,0,621320,493.0,3031.5,182387293.0
1,621 - Ambulatory Care,54,000,2022,0,0,621111,1304.0,15447.25,1480846013.0
1,621 - Ambulatory Care,11,000,2023,0,0,621210,341.0,1677.08,143711133.0
1,621 - Ambulatory Care,11,000,2024,0,0,621410,14.0,976.83,94713836.0
1,621 - Ambulatory Care,72,000,2021,0,0,621420,44.0,661.25,23465644.0
1,621 - Ambulatory Care,72,000,2021,0,1,621492,38.0,0.0,0.0
1,621 - Ambulatory Care,0 ,000,2021,0,1,621492,8013.0,129920.83,8407436769.0
1,621 - Ambulatory Care,09,000,2022,0,0,621511,183.0,2042.41,133386714.0
1,621 - Ambulatory Care,27,000,2023,0,0,621399,327.0,1333.41,74398288.0
1,621 - Ambulatory Care,09,000,2021,0,0,621320,234.0,1599.33,86035459.0
1,621 - Ambulatory Care,09,000,2021,0,1,621420,189.0,4352.33,236466724.0
1,621 - Ambulatory Care,12,000,2024,0,0,621391,648.0,3216.5,199285927.0
1,621 - Ambulatory Care,41,000,2018,0,1,621330,574.0,3609.66,152980684.0
1,621 - Ambulatory Care,41,000,2020,0,0,621492,90.0,1323.16,88694478.0
1,621 - Ambulatory Care,0 ,000,2018,0,0,621111,205911.0,2617139.58,239118412758.0
1,621 - Ambulatory Care,38,000,2023,0,0,621330,134.0,346.91,22225543.0
1,621 - Ambulatory Care,41,000,2018,0,1,621999,33.0,681.0,39273277.0
1,621 - Ambulatory Care,32,000,2024,0,0,621999,77.0,557.33,41047873.0
1,621 - Ambulatory Care,37,000,2021,0,0,621999,321.0,1697.0,149662633.0
1,621 - Ambulatory Care,06,000,2019,0,1,621340,3715.0,42391.75,1913816931.0
1,621 - Ambulatory Care,32,000,2022,0,0,621498,85.0,1163.91,66457127.0
1,621 - Ambulatory Care,37,000,2024,0,0,621493,246.0,2922.91,204292287.0
1,621 - Ambulatory Care,37,000,2024,0,0,621498,267.0,3970.08,242633640.0
1,621 - Ambulatory Care,05,000,2019,0,0,621610,270.0,6950.83,257255716.0
1,621 - Ambulatory Care,20,000,2021,0,0,621320,279.0,2299.66,121800635.0
1,621 - Ambulatory Care,45,000,2021,0,1,621498,131.0,2248.08,135038567.0
1,621 - Ambulatory Care,45,000,2023,0,0,621910,120.0,3295.91,156798689.0
1,621 - Ambulatory Care,46,000,2020,0,0,621498,14.0,111.16,5678972.0
1,621 - Ambulatory Care,20,000,2021,0,0,621310,538.0,1619.5,55354115.0
1,621 - Ambulatory Care,45,000,2023,0,0,621111,2872.0,50973.0,5223405328.0
1,621 - Ambulatory Care,45,000,2024,0,1,621610,841.0,20001.75,789193558.0
1,621 - Ambulatory Care,45,000,2024,0,1,621910,123.0,2899.08,141344221.0
1,621 - Ambulatory Care,46,000,2021,0,0,621320,104.0,749.33,33996909.0
1,621 - Ambulatory Care,46,000,2022,0,0,621391,5.0,18.66,752016.0
1,621 - Ambulatory Care,16,000,2024,0,0,621410,33.0,93.33,4881653.0
1,621 - Ambulatory Care,78,000,2021,0,1,621610,7.0,0.0,0.0
1,621 - Ambulatory Care,02,000,2022,0,0,621310,146.0,814.83,34345450.0
1,621 - Ambulatory Care,02,000,2023,0,0,621320,60.0,498.08,27101264.0
1,621 - Ambulatory Care,16,000,2023,0,0,621610,2863.0,10350.41,296631089.0
1,621 - Ambulatory Care,01,000,2023,0,1,621999,307.0,1455.66,104771488.0
1,621 - Ambulatory Care,44,000,2020,0,1,621310,102.0,0.0,0.0
1,621 - Ambulatory Care,01,000,2021,0,1,621910,117.0,3135.75,143434461.0
1,621 - Ambulatory Care,04,000,2020,0,1,621999,261.0,4003.75,287291372.0
1,621 - Ambulatory Care,01,000,2020,0,0,621391,89.0,409.83,16813530.0
1,621 - Ambulatory Care,01,000,2022,0,1,621399,385.0,2520.16,151450189.0
1,621 - Ambulatory Care,18,000,2024,0,0,621991,61.0,2234.25,134127391.0
1,621 - Ambulatory Care,44,000,2024,0,0,621210,327.0,2861.33,189034444.0
1,621 - Ambulatory Care,04,000,2020,0,1,621910,109.0,4730.91,271203189.0
1,621 - Ambulatory Care,44,000,2022,0,0,621210,345.0,2806.58,162731270.0
1,621 - Ambulatory Care,31,000,2020,0,0,621320,164.0,1187.58,51670139.0
1,621 - Ambulatory Care,26,000,2018,0,0,621112,312.0,2691.83,149988892.0
1,621 - Ambulatory Care,17,000,2018,0,0,621991,81.0,2251.66,102140381.0
1,621 - Ambulatory Care,05,000,2021,0,0,621493,107.0,1291.08,66242981.0
1,621 - Ambulatory Care,05,000,2024,0,0,621610,446.0,6867.58,303038125.0
1,621 - Ambulatory Care,17,000,2019,0,0,621491,32.0,2170.91,161348655.0
1,621 - Ambulatory Care,56,000,2019,0,1,621493,25.0,361.91,18852347.0
1,621 - Ambulatory Care,01,000,2018,0,0,621492,205.0,2465.08,129371897.0
1,621 - Ambulatory Care,49,000,2024,0,0,621999,203.0,797.66,59811041.0
1,621 - Ambulatory Care,56,000,2021,0,1,621999,56.0,0.0,0.0
1,621 - Ambulatory Care,51,000,2021,0,1,621493,204.0,5445.08,371400474.0
1,621 - Ambulatory Care,36,000,2023,0,0,621491,19.0,180.91,26426787.0
1,621 - Ambulatory Care,0 ,000,2018,0,1,621310,38731.0,136926.41,4724473605.0
1,621 - Ambulatory Care,38,000,2023,0,0,621999,76.0,368.75,19498573.0
1,621 - Ambulatory Care,27,000,2018,0,0,621999,192.0,2145.91,162716963.0
1,621 - Ambulatory Care,36,000,2022,0,1,621399,1464.0,4784.75,255051819.0
1,621 - Ambulatory Care,39,000,2024,0,0,621310,1284.0,5217.41,211260665.0
1,621 - Ambulatory Care,41,000,2020,0,1,621399,646.0,3043.5,128590086.0
1,621 - Ambulatory Care,38,000,2022,0,0,621493,9.0,143.5,8428787.0
1,621 - Ambulatory Care,39,000,2022,0,0,621399,1282.0,4544.08,228300389.0
1,621 - Ambulatory Care,09,000,2023,0,0,621999,174.0,641.33,57517522.0
1,621 - Ambulatory Care,23,000,2021,0,0,621330,170.0,619.58,27942289.0
1,621 - Ambulatory Care,49,000,2018,0,0,621910,36.0,1325.25,50886745.0
1,621 - Ambulatory Care,42,000,2020,0,0,621340,2072.0,18572.16,947645744.0
1,621 - Ambulatory Care,49,000,2018,0,0,621991,25.0,1522.25,50650668.0
1,621 - Ambulatory Care,50,000,2019,0,0,621493,7.0,102.75,5314233.0
1,621 - Ambulatory Care,08,000,2021,0,1,621910,83.0,2605.33,181355623.0
1,621 - Ambulatory Care,42,000,2021,0,0,621910,488.0,11646.16,467011464.0
1,621 - Ambulatory Care,04,000,2021,0,1,621340,845.0,8526.33,379581661.0
1,621 - Ambulatory Care,01,000,2022,0,0,621991,56.0,1562.16,72527492.0
1,621 - Ambulatory Care,04,000,2019,0,1,621399,740.0,2832.16,133181951.0
1,621 - Ambulatory Care,20,000,2019,0,0,621210,989.0,8383.25,441882735.0
1,621 - Ambulatory Care,04,000,2022,0,0,621320,426.0,2964.66,163822617.0
1,621 - Ambulatory Care,18,000,2024,0,0,621999,203.0,1421.16,112549930.0
1,621 - Ambulatory Care,44,000,2023,0,0,621498,83.0,1849.25,124568193.0
1,621 - Ambulatory Care,04,000,2019,0,0,621492,107.0,2860.08,195087267.0
1,621 - Ambulatory Care,44,000,2023,0,0,621910,26.0,506.75,23426084.0
1,621 - Ambulatory Care,44,000,2024,0,0,621910,25.0,515.75,24402180.0
1,621 - Ambulatory Care,54,000,2022,0,0,621210,486.0,3951.25,199536574.0
1,621 - Ambulatory Care,72,000,2022,0,0,621999,25.0,191.83,5588025.0
1,621 - Ambulatory Care,17,000,2022,0,0,621391,375.0,1634.08,87837222.0
1,621 - Ambulatory Care,17,000,2024,0,0,621511,466.0,6437.41,471446894.0
1,621 - Ambulatory Care,21,000,2019,0,0,621498,199.0,3494.66,198305353.0
1,621 - Ambulatory Care,21,000,2020,0,1,621610,344.0,8545.33,431884003.0
1,621 - Ambulatory Care,72,000,2023,0,0,621910,135.0,1556.08,35347336.0
1,621 - Ambulatory Care,0 ,000,2021,0,1,621991,2172.0,76963.41,4264682336.0
1,621 - Ambulatory Care,11,000,2018,0,0,621511,30.0,266.0,14496978.0
1,621 - Ambulatory Care,11,000,2023,0,1,621491,6.0,0.0,0.0
1,621 - Ambulatory Care,17,000,2020,0,0,621493,123.0,2320.41,126490454.0
1,621 - Ambulatory Care,17,000,2024,0,0,621112,900.0,4444.83,368482639.0
1,621 - Ambulatory Care,21,000,2018,0,0,621999,136.0,508.08,31602188.0
1,621 - Ambulatory Care,54,000,2022,0,0,621420,180.0,3150.33,129317226.0
1,621 - Ambulatory Care,17,000,2021,0,0,621111,5650.0,93003.0,9555285532.0
1,621 - Ambulatory Care,21,000,2021,0,1,621512,81.0,952.66,71347732.0
1,621 - Ambulatory Care,39,000,2019,0,1,621991,70.0,2939.5,134129338.0
1,621 - Ambulatory Care,54,000,2019,0,1,621511,200.0,701.08,36423832.0
1,621 - Ambulatory Care,22,000,2019,0,1,621112,161.0,955.91,42852106.0
1,621 - Ambulatory Care,30,000,2022,0,0,621511,53.0,421.16,36203591.0
1,621 - Ambulatory Care,53,000,2020,0,0,621210,3210.0,25915.5,1156116020.0
1,621 - Ambulatory Care,22,000,2018,0,1,621111,3506.0,40269.25,2943140386.0
1,621 - Ambulatory Care,40,000,2019,0,1,621420,197.0,3944.83,159957354.0
1,621 - Ambulatory Care,53,000,2019,0,0,621511,184.0,4327.41,278856309.0
1,621 - Ambulatory Care,30,000,2022,0,0,621420,120.0,1028.33,47180796.0
1,621 - Ambulatory Care,53,000,2019,0,1,621491,73.0,0.0,0.0
1,621 - Ambulatory Care,26,000,2019,0,0,621320,474.0,4360.75,220483113.0
1,621 - Ambulatory Care,31,000,2021,0,0,621999,108.0,636.33,40766201.0
1,621 - Ambulatory Care,16,000,2020,0,1,621111,1071.0,12322.0,985040462.0
1,621 - Ambulatory Care,16,000,2022,0,0,621112,126.0,712.25,44301604.0
1,621 - Ambulatory Care,16,000,2022,0,0,621340,465.0,3049.33,140100084.0
1,621 - Ambulatory Care,56,000,2024,0,1,621340,151.0,1242.83,67805290.0
1,621 - Ambulatory Care,46,000,2023,0,0,621310,248.0,854.25,34369615.0
1,621 - Ambulatory Care,78,000,2020,0,1,621492,1.0,0.0,0.0
1,621 - Ambulatory Care,78,000,2021,0,0,621330,5.0,91.75,3529238.0
1,621 - Ambulatory Care,78,000,2022,0,1,621498,1.0,0.0,0.0
1,621 - Ambulatory Care,13,000,2021,0,0,621491,83.0,3350.66,489492734.0
1,621 - Ambulatory Care,33,000,2023,0,0,621340,216.0,1795.16,98084073.0
1,621 - Ambulatory Care,47,000,2018,0,0,621330,201.0,1282.83,68520493.0
1,621 - Ambulatory Care,25,000,2019,0,1,621610,802.0,45454.58,1834141101.0
1,621 - Ambulatory Care,28,000,2020,0,0,621492,86.0,1496.41,84536485.0
1,621 - Ambulatory Care,28,000,2021,0,0,621420,78.0,2806.33,96557066.0
1,621 - Ambulatory Care,26,000,2024,0,1,621210,3493.0,33104.58,2147821439.0
1,621 - Ambulatory Care,25,000,2022,0,0,621111,2910.0,56764.91,6987403791.0
1,621 - Ambulatory Care,25,000,2023,0,0,621210,3054.0,25344.91,1856700793.0
1,621 - Ambulatory Care,48,000,2023,0,0,621491,91.0,7999.25,840401786.0
1,621 - Ambulatory Care,48,000,2024,0,0,621610,5812.0,269111.5,7808594521.0
1,621 - Ambulatory Care,50,000,2018,0,0,621511,17.0,138.91,8359564.0
1,621 - Ambulatory Care,23,000,2019,0,0,621320,93.0,831.33,38302723.0
1,621 - Ambulatory Care,42,000,2019,0,0,621999,295.0,5886.08,415345916.0
1,621 - Ambulatory Care,50,000,2020,0,0,621610,53.0,2221.83,102870818.0
1,621 - Ambulatory Care,50,000,2021,0,0,621498,23.0,1023.33,53317697.0
1,621 - Ambulatory Care,02,000,2020,0,1,621999,24.0,0.0,0.0
1,621 - Ambulatory Care,41,000,2022,0,0,621320,254.0,1993.41,95746438.0
1,621 - Ambulatory Care,41,000,2024,0,0,621498,123.0,2836.75,241153025.0
1,621 - Ambulatory Care,47,000,2023,0,0,621391,114.0,595.33,35429238.0
1,621 - Ambulatory Care,19,000,2022,0,0,621493,21.0,1114.58,78453249.0
1,621 - Ambulatory Care,29,000,2021,0,0,621112,172.0,1018.33,66021698.0
1,621 - Ambulatory Care,28,000,2018,0,0,621410,5.0,28.75,979466.0
1,621 - Ambulatory Care,19,000,2022,0,1,621330,272.0,1116.75,53268375.0
1,621 - Ambulatory Care,28,000,2019,0,0,621310,162.0,580.58,20585866.0
1,621 - Ambulatory Care,39,000,2020,0,0,621512,167.0,1649.33,101083290.0
1,621 - Ambulatory Care,0 ,000,2020,0,1,621399,25568.0,109795.66,5592505001.0
1,621 - Ambulatory Care,11,000,2022,0,0,621320,30.0,176.5,12627810.0
1,621 - Ambulatory Care,0 ,000,2019,0,0,621910,5973.0,188892.91,8038100998.0
1,621 - Ambulatory Care,0 ,000,2021,0,1,621330,27827.0,149859.41,6782116080.0
1,621 - Ambulatory Care,54,000,2018,0,0,621111,1362.0,15098.75,1214158824.0
1,621 - Ambulatory Care,17,000,2021,0,0,621491,34.0,1785.91,157623441.0
1,621 - Ambulatory Care,44,000,2018,0,0,621399,75.0,242.75,10995178.0
1,621 - Ambulatory Care,0 ,000,2021,0,0,621391,6849.0,33471.58,1791515846.0
1,621 - Ambulatory Care,72,000,2023,0,0,621610,94.0,3038.0,97564618.0
1,621 - Ambulatory Care,21,000,2020,0,1,621512,77.0,646.75,47075087.0
1,621 - Ambulatory Care,39,000,2019,0,0,621512,166.0,1806.91,108174229.0
1,621 - Ambulatory Care,09,000,2023,0,0,621210,1583.0,11774.91,800697838.0
1,621 - Ambulatory Care,39,000,2024,0,0,621999,282.0,2324.75,156918347.0
1,621 - Ambulatory Care,41,000,2018,0,1,621399,672.0,3326.33,116176810.0
1,621 - Ambulatory Care,09,000,2021,0,0,621210,1614.0,11836.75,747997843.0
1,621 - Ambulatory Care,38,000,2024,0,0,621210,268.0,2580.91,202823407.0
1,621 - Ambulatory Care,36,000,2022,0,1,621498,477.0,16555.83,1312772563.0
1,621 - Ambulatory Care,39,000,2023,0,0,621111,7049.0,102734.66,11825951925.0
1,621 - Ambulatory Care,27,000,2022,0,0,621999,236.0,1738.08,157714685.0
1,621 - Ambulatory Care,12,000,2024,0,0,621511,1364.0,16424.25,1402160593.0
1,621 - Ambulatory Care,39,000,2022,0,0,621492,392.0,4671.25,290573272.0
1,621 - Ambulatory Care,41,000,2021,0,0,621112,96.0,356.91,26429291.0
1,621 - Ambulatory Care,32,000,2022,0,0,621492,65.0,1303.0,90940287.0
1,621 - Ambulatory Care,37,000,2023,0,0,621320,669.0,5437.33,308855991.0
1,621 - Ambulatory Care,32,000,2021,0,0,621420,88.0,875.75,43488100.0
1,621 - Ambulatory Care,37,000,2022,0,0,621210,3657.0,32163.25,2112552622.0
1,621 - Ambulatory Care,37,000,2024,0,0,621391,121.0,826.83,55217501.0
1,621 - Ambulatory Care,32,000,2024,0,0,621498,109.0,1406.25,90436854.0
1,621 - Ambulatory Care,24,000,2021,0,0,621491,91.0,5503.91,530322982.0
1,621 - Ambulatory Care,46,000,2018,0,0,621511,16.0,157.08,15002580.0
1,621 - Ambulatory Care,20,000,2023,0,0,621511,196.0,4368.75,291240885.0
1,621 - Ambulatory Care,24,000,2021,0,0,621498,292.0,4555.25,295367365.0
1,621 - Ambulatory Care,45,000,2021,0,0,621330,169.0,620.66,24212486.0
1,621 - Ambulatory Care,24,000,2020,0,0,621210,2545.0,15772.08,934635187.0
1,621 - Ambulatory Care,78,000,2024,0,1,621910,4.0,0.0,0.0
1,621 - Ambulatory Care,16,000,2023,0,0,621310,360.0,1208.58,37728055.0
1,621 - Ambulatory Care,02,000,2021,0,1,621991,6.0,0.0,0.0
1,621 - Ambulatory Care,53,000,2023,0,0,621910,77.0,3090.0,220009465.0
1,621 - Ambulatory Care,23,000,2023,0,0,621420,146.0,2468.41,132214598.0
1,621 - Ambulatory Care,23,000,2023,0,0,621112,43.0,163.08,11003429.0
1,621 - Ambulatory Care,23,000,2023,0,0,621410,26.0,185.66,12533255.0
1,621 - Ambulatory Care,41,000,2022,0,0,621512,60.0,595.58,42027149.0
1,621 - Ambulatory Care,47,000,2024,0,0,621320,466.0,3426.58,183700754.0
1,621 - Ambulatory Care,36,000,2024,0,1,621610,1355.0,372732.66,12830364383.0
1,621 - Ambulatory Care,36,000,2022,0,0,621511,813.0,13088.33,1021919567.0
1,621 - Ambulatory Care,39,000,2022,0,0,621310,1303.0,5334.91,203845248.0
1,621 - Ambulatory Care,41,000,2018,0,0,621491,77.0,5534.0,685804169.0
1,621 - Ambulatory Care,09,000,2023,0,0,621320,237.0,1695.91,95804415.0
1,621 - Ambulatory Care,09,000,2023,0,0,621399,392.0,1403.08,80454561.0
1,621 - Ambulatory Care,27,000,2022,0,0,621111,1619.0,71820.16,8398438616.0
1,621 - Ambulatory Care,38,000,2024,0,0,621111,296.0,6459.75,978694600.0
1,621 - Ambulatory Care,10,000,2022,0,0,621492,29.0,452.16,29438819.0
1,621 - Ambulatory Care,10,000,2022,0,1,621999,51.0,0.0,0.0
1,621 - Ambulatory Care,19,000,2020,0,0,621410,24.0,165.58,6506183.0
1,621 - Ambulatory Care,19,000,2024,0,0,621999,132.0,677.58,67289851.0
1,621 - Ambulatory Care,29,000,2024,0,0,621910,172.0,4658.91,298541985.0
1,621 - Ambulatory Care,40,000,2023,0,1,621493,376.0,3821.91,269250145.0
1,621 - Ambulatory Care,10,000,2023,0,0,621991,4.0,283.16,13427466.0
1,621 - Ambulatory Care,19,000,2023,0,0,621310,839.0,2565.08,94907806.0
1,621 - Ambulatory Care,28,000,2018,0,1,621493,46.0,724.75,26368665.0
1,621 - Ambulatory Care,29,000,2024,0,0,621420,375.0,10097.91,648623430.0
1,621 - Ambulatory Care,40,000,2021,0,1,621330,264.0,825.5,44758013.0
1,621 - Ambulatory Care,29,000,2024,0,0,621111,3287.0,49495.41,5991301302.0
1,621 - Ambulatory Care,0 ,000,2019,0,1,621320,20783.0,140432.16,6177616081.0
1,621 - Ambulatory Care,39,000,2020,0,1,621999,203.0,1441.16,82413334.0
1,621 - Ambulatory Care,11,000,2020,0,1,621310,23.0,3.5,305165.0
1,621 - Ambulatory Care,17,000,2024,0,0,621391,342.0,1498.58,88912574.0
1,621 - Ambulatory Care,39,000,2018,0,1,621991,90.0,3125.08,139698853.0
1,621 - Ambulatory Care,0 ,000,2019,0,1,621330,21541.0,116741.08,4754013607.0
1,621 - Ambulatory Care,04,000,2023,0,1,621493,348.0,8257.16,565880058.0
1,621 - Ambulatory Care,39,000,2021,0,0,621340,1217.0,14313.66,646329167.0
1,621 - Ambulatory Care,72,000,2024,0,0,621498,86.0,3201.83,137523110.0
1,621 - Ambulatory Care,17,000,2022,0,0,621410,95.0,796.75,43150422.0
1,621 - Ambulatory Care,39,000,2019,0,1,621111,6820.0,95362.75,9552597352.0
1,621 - Ambulatory Care,54,000,2018,0,1,621399,102.0,643.08,18694736.0
1,621 - Ambulatory Care,72,000,2024,0,0,621511,603.0,5453.08,200125394.0
1,621 - Ambulatory Care,17,000,2021,0,0,621391,397.0,1687.83,89262818.0
1,621 - Ambulatory Care,21,000,2019,0,1,621610,324.0,8936.91,437752880.0
1,621 - Ambulatory Care,39,000,2019,0,1,621999,195.0,1482.75,73285462.0
1,621 - Ambulatory Care,11,000,2021,0,0,621330,78.0,222.25,15726760.0
1,621 - Ambulatory Care,17,000,2021,0,1,621399,872.0,3973.5,216301487.0
1,621 - Ambulatory Care,21,000,2020,0,0,621330,241.0,922.58,40654751.0
1,621 - Ambulatory Care,11,000,2020,0,1,621511,39.0,0.0,0.0
1,621 - Ambulatory Care,26,000,2021,0,0,621399,393.0,1540.91,86245410.0
1,621 - Ambulatory Care,31,000,2019,0,0,621399,131.0,468.0,24022477.0
1,621 - Ambulatory Care,21,000,2024,0,0,621492,105.0,1691.0,114609305.0
1,621 - Ambulatory Care,30,000,2019,0,0,621340,234.0,1393.16,60067358.0
1,621 - Ambulatory Care,36,000,2019,0,1,621610,1164.0,264540.08,8071803106.0
1,621 - Ambulatory Care,36,000,2021,0,0,621112,691.0,2527.5,236205214.0
1,621 - Ambulatory Care,21,000,2024,0,0,621310,503.0,1888.0,76635558.0
1,621 - Ambulatory Care,22,000,2020,0,1,621111,3587.0,39690.58,3078900155.0
1,621 - Ambulatory Care,53,000,2018,0,1,621512,64.0,986.33,61695134.0
1,621 - Ambulatory Care,21,000,2023,0,0,621112,208.0,868.91,58848672.0
1,621 - Ambulatory Care,30,000,2024,0,0,621512,41.0,148.5,19925573.0
1,621 - Ambulatory Care,32,000,2024,0,0,621399,431.0,1508.5,106693229.0
1,621 - Ambulatory Care,35,000,2024,0,0,621512,66.0,698.58,67034578.0
1,621 - Ambulatory Care,06,000,2020,0,1,621210,21848.0,117346.66,6315675475.0
1,621 - Ambulatory Care,32,000,2021,0,0,621511,234.0,2366.16,159249453.0
1,621 - Ambulatory Care,48,000,2018,0,0,621498,778.0,15671.33,985617562.0
1,621 - Ambulatory Care,48,000,2019,0,1,621420,386.0,5032.25,226432040.0
1,621 - Ambulatory Care,51,000,2022,0,0,621399,700.0,2932.91,159639153.0
1,621 - Ambulatory Care,15,000,2018,0,0,621420,36.0,359.33,14081175.0
1,621 - Ambulatory Care,49,000,2023,0,0,621511,207.0,5715.5,396902328.0
1,621 - Ambulatory Care,49,000,2019,0,0,621112,125.0,466.58,23263178.0
1,621 - Ambulatory Care,49,000,2022,0,0,621991,35.0,1307.33,54865506.0
1,621 - Ambulatory Care,51,000,2023,0,0,621512,128.0,1478.33,104962484.0
1,621 - Ambulatory Care,56,000,2019,0,0,621512,16.0,196.91,22284948.0
1,621 - Ambulatory Care,13,000,2018,0,1,621498,327.0,2360.75,132525229.0
1,621 - Ambulatory Care,35,000,2018,0,0,621112,61.0,239.83,10339361.0
1,621 - Ambulatory Care,32,000,2019,0,1,621493,87.0,2053.58,111672862.0
1,621 - Ambulatory Care,35,000,2020,0,0,621112,53.0,204.0,11260553.0
1,621 - Ambulatory Care,37,000,2018,0,0,621910,151.0,3543.08,129565290.0
1,621 - Ambulatory Care,10,000,2018,0,0,621511,55.0,591.16,30140440.0
1,621 - Ambulatory Care,13,000,2024,0,0,621610,2031.0,37844.66,1560856793.0
1,621 - Ambulatory Care,34,000,2019,0,0,621310,1186.0,4701.58,194014765.0
1,621 - Ambulatory Care,28,000,2022,0,0,621420,123.0,2782.41,99196522.0
1,621 - Ambulatory Care,47,000,2019,0,0,621391,121.0,603.25,29092512.0
1,621 - Ambulatory Care,25,000,2018,0,0,621399,311.0,1816.66,68992700.0
1,621 - Ambulatory Care,25,000,2018,0,1,621420,345.0,10178.5,422013857.0
1,621 - Ambulatory Care,13,000,2024,0,0,621330,1337.0,4583.41,219494237.0
1,621 - Ambulatory Care,26,000,2022,0,0,621112,379.0,2795.5,185588619.0
1,621 - Ambulatory Care,06,000,2023,0,0,621391,614.0,2702.0,173368978.0
1,621 - Ambulatory Care,25,000,2018,0,0,621511,254.0,4407.16,307160099.0
1,621 - Ambulatory Care,34,000,2019,0,1,621999,176.0,1799.0,130349431.0
1,621 - Ambulatory Care,28,000,2023,0,0,621493,80.0,1100.08,51974180.0
1,621 - Ambulatory Care,47,000,2019,0,0,621210,2147.0,17289.33,902588966.0
1,621 - Ambulatory Care,25,000,2022,0,0,621112,210.0,1509.16,122254585.0
1,621 - Ambulatory Care,50,000,2023,0,0,621320,42.0,289.16,18153771.0
1,621 - Ambulatory Care,54,000,2024,0,0,621399,225.0,1042.33,51990994.0
1,621 - Ambulatory Care,25,000,2024,0,0,621420,440.0,11324.5,707470764.0
1,621 - Ambulatory Care,27,000,2024,0,0,621310,1234.0,4235.16,159853239.0
1,621 - Ambulatory Care,50,000,2023,0,0,621498,25.0,1076.33,63823416.0
1,621 - Ambulatory Care,50,000,2024,0,0,621111,279.0,5400.58,669838333.0
1,621 - Ambulatory Care,51,000,2024,0,0,621391,160.0,806.25,56934604.0
1,621 - Ambulatory Care,19,000,2022,0,1,621111,1341.0,22939.5,2422096205.0
1,621 - Ambulatory Care,29,000,2024,0,0,621210,1938.0,16729.33,1151996070.0
1,621 - Ambulatory Care,10,000,2021,0,0,621340,140.0,1512.25,82931348.0
1,621 - Ambulatory Care,19,000,2021,0,0,621391,63.0,289.25,15284797.0
1,621 - Ambulatory Care,40,000,2022,0,1,621910,130.0,2247.75,136497456.0
1,621 - Ambulatory Care,02,000,2020,0,0,621399,84.0,341.16,14626748.0
1,621 - Ambulatory Care,41,000,2024,0,0,621493,109.0,2046.91,138945412.0
1,621 - Ambulatory Care,23,000,2024,0,0,621610,153.0,4585.58,233414729.0
1,621 - Ambulatory Care,23,000,2023,0,0,621391,26.0,99.41,6824291.0
1,621 - Ambulatory Care,53,000,2023,0,0,621491,76.0,8612.25,854311321.0
1,621 - Ambulatory Care,08,000,2019,0,0,621310,1076.0,3360.0,119467378.0
1,621 - Ambulatory Care,23,000,2019,0,0,621340,269.0,1904.91,84526463.0
1,621 - Ambulatory Care,42,000,2024,0,0,621910,504.0,12128.91,585803220.0
1,621 - Ambulatory Care,23,000,2021,0,0,621111,567.0,11567.75,1125791615.0
1,621 - Ambulatory Care,30,000,2020,0,0,621512,24.0,85.91,11472123.0
1,621 - Ambulatory Care,53,000,2018,0,1,621610,262.0,11834.58,493032786.0
1,621 - Ambulatory Care,40,000,2019,0,0,621991,31.0,1399.83,65484817.0
1,621 - Ambulatory Care,30,000,2024,0,0,621310,234.0,764.75,31420156.0
1,621 - Ambulatory Care,16,000,2018,0,1,621493,52.0,1816.5,82135695.0
1,621 - Ambulatory Care,72,000,2024,0,0,621310,192.0,684.75,19345474.0
1,621 - Ambulatory Care,72,000,2023,0,0,621999,33.0,205.0,7055174.0
1,621 - Ambulatory Care,0 ,000,2022,0,0,621410,2655.0,27302.0,1738127135.0
1,621 - Ambulatory Care,11,000,2021,0,0,621492,27.0,437.5,29130877.0
1,621 - Ambulatory Care,39,000,2020,0,1,621111,6715.0,94186.08,9880432417.0
1,621 - Ambulatory Care,11,000,2018,0,0,621391,14.0,48.0,2497288.0
1,621 - Ambulatory Care,24,000,2018,0,1,621420,351.0,5671.25,247722860.0
1,621 - Ambulatory Care,21,000,2019,0,1,621511,201.0,2349.5,118189112.0
1,621 - Ambulatory Care,21,000,2020,0,0,621340,628.0,5409.08,262128819.0
1,621 - Ambulatory Care,11,000,2023,0,0,621391,12.0,32.58,2013662.0
1,621 - Ambulatory Care,13,000,2020,0,0,621491,80.0,3312.08,475780998.0
1,621 - Ambulatory Care,32,000,2018,0,0,621111,2381.0,21097.83,1910848516.0
1,621 - Ambulatory Care,13,000,2019,0,1,621410,43.0,376.25,15923229.0
1,621 - Ambulatory Care,35,000,2018,0,0,621310,197.0,669.83,21237103.0
1,621 - Ambulatory Care,55,000,2022,0,0,621498,106.0,2909.75,187697443.0
1,621 - Ambulatory Care,37,000,2020,0,0,621493,202.0,2434.58,151832935.0
1,621 - Ambulatory Care,34,000,2019,0,0,621410,56.0,949.25,64286127.0
1,621 - Ambulatory Care,47,000,2020,0,1,621111,3996.0,66133.58,6089728655.0
1,621 - Ambulatory Care,47,000,2022,0,0,621910,162.0,3736.33,205405400.0
1,621 - Ambulatory Care,33,000,2024,0,1,621999,65.0,0.0,0.0
1,621 - Ambulatory Care,19,000,2018,0,0,621310,856.0,2408.75,74920139.0
1,621 - Ambulatory Care,25,000,2018,0,0,621491,43.0,2891.58,244557562.0
1,621 - Ambulatory Care,28,000,2021,0,0,621310,163.0,590.25,22038533.0
1,621 - Ambulatory Care,06,000,2022,0,0,621610,5434.0,108985.08,5405142795.0
1,621 - Ambulatory Care,26,000,2022,0,0,621340,927.0,14639.5,661738211.0
1,621 - Ambulatory Care,13,000,2023,0,0,621111,7773.0,112854.0,10723287078.0
1,621 - Ambulatory Care,25,000,2024,0,0,621340,881.0,10534.33,558519348.0
1,621 - Ambulatory Care,54,000,2024,0,0,621999,138.0,757.25,43024527.0
1,621 - Ambulatory Care,25,000,2023,0,0,621391,132.0,618.75,41961668.0
1,621 - Ambulatory Care,27,000,2024,0,0,621112,151.0,1027.16,77087349.0
1,621 - Ambulatory Care,29,000,2018,0,1,621340,774.0,8170.66,350395555.0
1,621 - Ambulatory Care,50,000,2022,0,0,621210,226.0,1924.16,131566591.0
1,621 - Ambulatory Care,50,000,2022,0,0,621320,43.0,279.91,17169868.0
1,621 - Ambulatory Care,08,000,2021,0,0,621410,50.0,413.25,32936731.0
1,621 - Ambulatory Care,42,000,2023,0,1,621498,567.0,13182.08,1550706065.0
1,621 - Ambulatory Care,48,000,2023,0,0,621999,610.0,6774.16,482518908.0
1,621 - Ambulatory Care,42,000,2021,0,0,621410,100.0,886.58,46177615.0
1,621 - Ambulatory Care,53,000,2022,0,0,621420,304.0,9571.66,586181176.0
1,621 - Ambulatory Care,18,000,2018,0,0,621610,593.0,21644.58,698930241.0
1,621 - Ambulatory Care,02,000,2018,0,0,621112,14.0,59.25,4423142.0
1,621 - Ambulatory Care,41,000,2023,0,1,621410,51.0,429.75,28288754.0
1,621 - Ambulatory Care,53,000,2022,0,0,621999,58.0,754.33,53932101.0
1,621 - Ambulatory Care,53,000,2024,0,0,621210,3126.0,29401.58,1722476820.0
1,621 - Ambulatory Care,41,000,2020,0,1,621210,1886.0,14489.83,826483078.0
1,621 - Ambulatory Care,09,000,2023,0,0,621410,41.0,345.91,29373676.0
1,621 - Ambulatory Care,27,000,2019,0,0,621512,37.0,282.66,19685981.0
1,621 - Ambulatory Care,36,000,2022,0,1,621340,3459.0,28980.58,1439275200.0
1,621 - Ambulatory Care,09,000,2022,0,0,621112,182.0,969.16,63861819.0
1,621 - Ambulatory Care,36,000,2023,0,0,621410,149.0,1618.16,134874569.0
1,621 - Ambulatory Care,27,000,2021,0,0,621991,40.0,2567.58,193515358.0
1,621 - Ambulatory Care,27,000,2020,0,0,621999,184.0,1599.75,120976858.0
1,621 - Ambulatory Care,36,000,2024,0,1,621910,356.0,12520.83,620977468.0
1,621 - Ambulatory Care,38,000,2024,0,0,621420,43.0,505.41,29689953.0
1,621 - Ambulatory Care,12,000,2023,0,0,621340,4028.0,31564.33,1582829972.0
1,621 - Ambulatory Care,15,000,2023,0,0,621498,88.0,2434.0,191481070.0
1,621 - Ambulatory Care,29,000,2024,0,0,621999,342.0,4542.41,315539476.0
1,621 - Ambulatory Care,19,000,2021,0,0,621340,600.0,4466.5,224375887.0
1,621 - Ambulatory Care,40,000,2022,0,0,621310,488.0,1596.25,57222265.0
1,621 - Ambulatory Care,19,000,2023,0,0,621512,43.0,247.16,18387358.0
1,621 - Ambulatory Care,10,000,2021,0,0,621410,7.0,132.25,11532045.0
1,621 - Ambulatory Care,15,000,2020,0,0,621999,36.0,247.5,12765100.0
1,621 - Ambulatory Care,40,000,2021,0,1,621999,50.0,1398.33,33849829.0
1,621 - Ambulatory Care,0 ,000,2023,0,0,621320,21306.0,150983.5,7837372490.0
1,621 - Ambulatory Care,21,000,2021,0,0,621498,220.0,3678.33,259011668.0
1,621 - Ambulatory Care,72,000,2023,0,0,621112,101.0,274.33,8368624.0
1,621 - Ambulatory Care,17,000,2023,0,0,621112,838.0,4185.25,336866964.0
1,621 - Ambulatory Care,0 ,000,2019,0,0,621498,8849.0,212813.25,13952502164.0
1,621 - Ambulatory Care,16,000,2019,0,0,621210,764.0,6330.58,242119257.0
1,621 - Ambulatory Care,39,000,2018,0,1,621999,161.0,1378.91,69789701.0
1,621 - Ambulatory Care,54,000,2022,0,0,621498,56.0,1019.33,62880612.0
1,621 - Ambulatory Care,72,000,2022,0,0,621491,95.0,3221.66,137422884.0
1,621 - Ambulatory Care,54,000,2018,0,0,621610,205.0,7011.58,230543636.0
1,621 - Ambulatory Care,44,000,2018,0,1,621999,24.0,0.0,0.0
1,621 - Ambulatory Care,32,000,2019,0,1,621420,87.0,882.08,36296283.0
1,621 - Ambulatory Care,35,000,2020,0,0,621330,145.0,492.0,17250944.0
1,621 - Ambulatory Care,55,000,2022,0,0,621910,153.0,3217.08,124860254.0
1,621 - Ambulatory Care,55,000,2023,0,0,621391,56.0,309.25,25668409.0
1,621 - Ambulatory Care,09,000,2020,0,1,621498,90.0,3904.0,281334542.0
1,621 - Ambulatory Care,32,000,2018,0,0,621910,30.0,1653.5,81724865.0
1,621 - Ambulatory Care,35,000,2018,0,0,621340,290.0,2669.41,110816174.0
1,621 - Ambulatory Care,35,000,2021,0,0,621512,47.0,635.91,59220372.0
1,621 - Ambulatory Care,55,000,2022,0,1,621111,1931.0,52715.25,6244340984.0
1,621 - Ambulatory Care,55,000,2022,0,0,621492,122.0,1634.75,99062257.0
1,621 - Ambulatory Care,26,000,2024,0,0,621910,114.0,5886.08,332442384.0
1,621 - Ambulatory Care,06,000,2024,0,0,621111,34088.0,264982.5,31071478133.0
1,621 - Ambulatory Care,06,000,2021,0,0,621491,1649.0,126836.83,16751977083.0
1,621 - Ambulatory Care,06,000,2023,0,0,621999,821.0,7939.0,692398958.0
1,621 - Ambulatory Care,33,000,2023,0,0,621991,5.0,16.0,1509085.0
1,621 - Ambulatory Care,19,000,2019,0,1,621420,150.0,2319.16,94207345.0
1,621 - Ambulatory Care,47,000,2022,0,0,621210,2272.0,18702.66,1118129972.0
1,621 - Ambulatory Care,51,000,2024,0,0,621610,2139.0,43246.5,1744898649.0
1,621 - Ambulatory Care,50,000,2022,0,1,621492,7.0,0.0,0.0
1,621 - Ambulatory Care,50,000,2024,0,0,621320,41.0,303.25,19423398.0
1,621 - Ambulatory Care,42,000,2019,0,0,621320,885.0,5056.91,210309752.0
1,621 - Ambulatory Care,42,000,2020,0,0,621111,6995.0,114119.0,12645600121.0
1,621 - Ambulatory Care,08,000,2021,0,0,621511,407.0,3901.0,276901374.0
1,621 - Ambulatory Care,08,000,2022,0,0,621511,457.0,3899.08,294017066.0
1,621 - Ambulatory Care,23,000,2022,0,0,621340,340.0,1996.0,103719249.0
1,621 - Ambulatory Care,08,000,2024,0,0,621498,339.0,5008.58,368890015.0
1,621 - Ambulatory Care,50,000,2018,0,0,621210,237.0,1934.83,114219048.0
1,621 - Ambulatory Care,42,000,2020,0,0,621330,797.0,5868.0,245191226.0
1,621 - Ambulatory Care,42,000,2022,0,0,621111,7363.0,121008.91,14517585067.0
1,621 - Ambulatory Care,42,000,2024,0,0,621493,471.0,9435.83,719738284.0
1,621 - Ambulatory Care,48,000,2024,0,0,621320,1992.0,15599.08,797181944.0
1,621 - Ambulatory Care,15,000,2020,0,0,621498,78.0,2290.91,165510215.0
1,621 - Ambulatory Care,19,000,2024,0,1,621910,58.0,723.5,34462210.0
1,621 - Ambulatory Care,28,000,2018,0,1,621340,363.0,3986.33,173613982.0
1,621 - Ambulatory Care,29,000,2023,0,0,621330,568.0,2574.83,124100116.0
1,621 - Ambulatory Care,29,000,2023,0,0,621610,801.0,18492.75,774162642.0
1,621 - Ambulatory Care,40,000,2021,0,0,621320,373.0,2581.25,103462705.0
1,621 - Ambulatory Care,15,000,2021,0,0,621511,40.0,1711.16,105314455.0
1,621 - Ambulatory Care,19,000,2023,0,1,621330,298.0,1273.75,63649480.0
1,621 - Ambulatory Care,41,000,2022,0,0,621492,93.0,1144.58,86601916.0
1,621 - Ambulatory Care,41,000,2022,0,1,621330,926.0,5129.41,285574531.0
1,621 - Ambulatory Care,41,000,2022,0,1,621999,61.0,1166.41,107790230.0
1,621 - Ambulatory Care,23,000,2023,0,0,621492,18.0,332.91,22178756.0
1,621 - Ambulatory Care,53,000,2024,0,0,621491,80.0,8508.0,910915054.0
1,621 - Ambulatory Care,17,000,2023,0,0,621330,2069.0,8688.33,461785989.0
1,621 - Ambulatory Care,39,000,2018,0,0,621310,1329.0,5492.0,181579961.0
1,621 - Ambulatory Care,0 ,000,2020,0,0,621493,8137.0,168294.91,11071737707.0
1,621 - Ambulatory Care,0 ,000,2023,0,1,621511,22510.0,231771.66,18325607076.0
1,621 - Ambulatory Care,11,000,2024,0,0,621112,96.0,492.25,62167567.0
1,621 - Ambulatory Care,0 ,000,2020,0,0,621410,2154.0,24566.66,1326019981.0
1,621 - Ambulatory Care,0 ,000,2024,0,0,621512,7493.0,85514.66,7243824697.0
1,621 - Ambulatory Care,39,000,2018,0,1,621399,1048.0,4062.16,151972857.0
1,621 - Ambulatory Care,72,000,2024,0,0,621210,817.0,3919.83,103993441.0
1,621 - Ambulatory Care,11,000,2021,0,0,621420,39.0,1450.33,79707706.0
1,621 - Ambulatory Care,11,000,2024,0,0,621512,14.0,76.25,7050782.0
1,621 - Ambulatory Care,72,000,2022,0,0,621410,6.0,28.33,553828.0
1,621 - Ambulatory Care,11,000,2024,0,0,621111,440.0,6633.5,1241943978.0
1,621 - Ambulatory Care,30,000,2019,0,0,621112,50.0,183.66,10716103.0
1,621 - Ambulatory Care,21,000,2023,0,0,621310,506.0,1907.83,76866750.0
1,621 - Ambulatory Care,22,000,2018,0,1,621498,197.0,2766.83,146991682.0
1,621 - Ambulatory Care,36,000,2019,0,0,621492,244.0,6310.83,398984217.0
1,621 - Ambulatory Care,53,000,2018,0,0,621999,59.0,444.33,25010469.0
1,621 - Ambulatory Care,30,000,2018,0,0,621391,22.0,95.91,4190148.0
1,621 - Ambulatory Care,22,000,2023,0,0,621210,1638.0,12155.0,639648556.0
1,621 - Ambulatory Care,22,000,2021,0,0,621991,46.0,1135.75,53654419.0
1,621 - Ambulatory Care,22,000,2024,0,1,621420,297.0,2231.91,96395986.0
1,621 - Ambulatory Care,33,000,2018,0,0,621330,55.0,333.91,13726661.0
1,621 - Ambulatory Care,21,000,2023,0,0,621399,512.0,2003.5,137831638.0
1,621 - Ambulatory Care,36,000,2020,0,0,621512,519.0,6003.75,458536525.0
1,621 - Ambulatory Care,40,000,2018,0,0,621210,1411.0,10117.66,516390734.0
1,621 - Ambulatory Care,40,000,2019,0,1,621330,223.0,631.33,25487298.0
1,621 - Ambulatory Care,40,000,2020,0,0,621492,100.0,1437.25,89124120.0
1,621 - Ambulatory Care,53,000,2019,0,0,621991,37.0,2169.0,134024368.0
1,621 - Ambulatory Care,53,000,2020,0,1,621493,55.0,0.0,0.0
1,621 - Ambulatory Care,53,000,2021,0,0,621999,63.0,648.5,42937795.0
1,621 - Ambulatory Care,30,000,2021,0,0,621991,22.0,268.66,13436336.0
1,621 - Ambulatory Care,30,000,2024,0,0,621410,18.0,123.16,6858198.0
1,621 - Ambulatory Care,36,000,2020,0,0,621491,17.0,149.0,11192052.0
1,621 - Ambulatory Care,40,000,2020,0,1,621410,8.0,35.16,1559942.0
1,621 - Ambulatory Care,40,000,2020,0,0,621991,31.0,1450.0,67701343.0
1,621 - Ambulatory Care,30,000,2018,0,0,621320,105.0,626.75,25152487.0
1,621 - Ambulatory Care,32,000,2024,0,0,621112,145.0,655.83,51262107.0
1,621 - Ambulatory Care,06,000,2018,0,0,621491,1573.0,122866.0,14806719359.0
1,621 - Ambulatory Care,05,000,2019,0,1,621491,4.0,0.0,0.0
1,621 - Ambulatory Care,46,000,2018,0,0,621210,313.0,2778.08,164370993.0
1,621 - Ambulatory Care,46,000,2020,0,1,621391,7.0,0.0,0.0
1,621 - Ambulatory Care,05,000,2018,0,0,621999,58.0,156.58,9057605.0
1,621 - Ambulatory Care,20,000,2021,0,0,621420,140.0,3361.16,127049341.0
1,621 - Ambulatory Care,45,000,2024,0,0,621111,3096.0,52460.66,5595851330.0
1,621 - Ambulatory Care,24,000,2020,0,0,621493,190.0,3846.41,311341313.0
1,621 - Ambulatory Care,24,000,2022,0,0,621310,409.0,1638.0,77546294.0
1,621 - Ambulatory Care,24,000,2023,0,0,621210,2486.0,17414.08,1190624985.0
1,621 - Ambulatory Care,16,000,2024,0,0,621340,583.0,3333.58,159695153.0
1,621 - Ambulatory Care,78,000,2020,0,1,621320,3.0,0.0,0.0
1,621 - Ambulatory Care,78,000,2022,0,0,621493,3.0,71.16,4072405.0
1,621 - Ambulatory Care,02,000,2022,0,0,621340,116.0,828.5,47598388.0
1,621 - Ambulatory Care,02,000,2024,0,1,621492,5.0,0.0,0.0
1,621 - Ambulatory Care,16,000,2024,0,0,621999,168.0,638.83,38577950.0
1,621 - Ambulatory Care,46,000,2023,0,1,621399,79.0,0.0,0.0
1,621 - Ambulatory Care,16,000,2021,0,0,621310,334.0,1103.0,31345152.0
1,621 - Ambulatory Care,16,000,2023,0,0,621511,145.0,1410.58,82410074.0
1,621 - Ambulatory Care,34,000,2023,0,0,621399,605.0,3079.33,180669387.0
1,621 - Ambulatory Care,78,000,2020,0,1,621410,1.0,0.0,0.0
1,621 - Ambulatory Care,18,000,2022,0,1,621491,15.0,0.0,0.0
1,621 - Ambulatory Care,04,000,2021,0,0,621991,39.0,2303.08,123712307.0
1,621 - Ambulatory Care,44,000,2023,0,0,621320,80.0,783.41,50029542.0
1,621 - Ambulatory Care,44,000,2024,0,0,621498,86.0,2011.0,144568596.0
1,621 - Ambulatory Care,18,000,2022,0,0,621492,173.0,2512.0,154433264.0
1,621 - Ambulatory Care,18,000,2022,0,0,621991,57.0,2279.41,115272458.0
1,621 - Ambulatory Care,44,000,2021,0,0,621493,27.0,612.33,34944725.0
1,621 - Ambulatory Care,20,000,2019,0,0,621310,542.0,1598.75,51249325.0
1,621 - Ambulatory Care,44,000,2022,0,0,621610,345.0,5058.66,227137572.0
1,621 - Ambulatory Care,05,000,2023,0,0,621999,90.0,252.66,21268255.0
1,621 - Ambulatory Care,31,000,2022,0,0,621512,41.0,301.5,41167593.0
1,621 - Ambulatory Care,05,000,2023,0,0,621310,366.0,1304.66,54501461.0
1,621 - Ambulatory Care,56,000,2018,0,0,621210,246.0,1792.41,79292782.0
1,621 - Ambulatory Care,56,000,2020,0,0,621511,28.0,112.16,7994486.0
1,621 - Ambulatory Care,38,000,2019,0,0,621498,8.0,25.0,1616839.0
1,621 - Ambulatory Care,51,000,2023,0,0,621999,308.0,2062.16,161338648.0
1,621 - Ambulatory Care,15,000,2019,0,1,621491,36.0,0.0,0.0
1,621 - Ambulatory Care,49,000,2019,0,1,621340,366.0,3319.33,107503976.0
1,621 - Ambulatory Care,49,000,2021,0,0,621320,219.0,1222.58,46156651.0
1,621 - Ambulatory Care,51,000,2020,0,1,621511,727.0,6359.5,383980677.0
1,621 - Ambulatory Care,56,000,2022,0,1,621498,36.0,479.58,29433403.0
1,621 - Ambulatory Care,37,000,2018,0,1,621399,592.0,2924.75,157512389.0
1,621 - Ambulatory Care,35,000,2021,0,0,621112,55.0,199.58,12201950.0
1,621 - Ambulatory Care,01,000,2021,0,1,621999,247.0,1144.25,71061543.0
1,621 - Ambulatory Care,04,000,2022,0,1,621111,4977.0,66774.25,6498654584.0
1,621 - Ambulatory Care,18,000,2024,0,0,621111,2823.0,60029.5,7038089845.0
1,621 - Ambulatory Care,20,000,2019,0,0,621999,81.0,418.25,18219227.0
1,621 - Ambulatory Care,44,000,2019,0,0,621498,41.0,1213.16,66343432.0
1,621 - Ambulatory Care,01,000,2019,0,1,621498,98.0,4399.0,476768364.0
1,621 - Ambulatory Care,01,000,2023,0,0,621410,26.0,135.83,6593508.0
1,621 - Ambulatory Care,04,000,2019,0,0,621999,256.0,3780.0,260562038.0
1,621 - Ambulatory Care,04,000,2022,0,0,621492,110.0,2741.66,185618580.0
1,621 - Ambulatory Care,18,000,2023,0,0,621910,92.0,2487.0,130325302.0
1,621 - Ambulatory Care,18,000,2024,0,0,621512,114.0,918.08,87464664.0
1,621 - Ambulatory Care,44,000,2022,0,0,621330,188.0,1109.0,49491715.0
1,621 - Ambulatory Care,01,000,2024,0,0,621511,458.0,3280.25,194335499.0
1,621 - Ambulatory Care,22,000,2022,0,0,621511,390.0,2549.08,126948229.0
1,621 - Ambulatory Care,33,000,2021,0,0,621340,198.0,1724.16,91304201.0
1,621 - Ambulatory Care,22,000,2022,0,1,621999,232.0,1019.66,57200404.0
1,621 - Ambulatory Care,26,000,2021,0,0,621391,278.0,1551.33,81005748.0
1,621 - Ambulatory Care,26,000,2019,0,0,621391,310.0,1716.58,79629460.0
1,621 - Ambulatory Care,22,000,2018,0,1,621999,165.0,709.33,28052484.0
1,621 - Ambulatory Care,22,000,2019,0,0,621512,115.0,725.5,38200344.0
1,621 - Ambulatory Care,30,000,2024,0,0,621112,92.0,308.08,23741200.0
1,621 - Ambulatory Care,40,000,2020,0,0,621498,110.0,1862.41,104903575.0
1,621 - Ambulatory Care,53,000,2021,0,1,621493,55.0,0.0,0.0
1,621 - Ambulatory Care,21,000,2022,0,0,621610,395.0,8569.25,480029934.0
1,621 - Ambulatory Care,21,000,2023,0,0,621330,438.0,2234.25,103929293.0
1,621 - Ambulatory Care,30,000,2020,0,0,621610,109.0,2920.58,92188034.0
1,621 - Ambulatory Care,53,000,2018,0,0,621910,52.0,2588.0,127938885.0
1,621 - Ambulatory Care,05,000,2022,0,0,621511,169.0,1436.25,102145683.0
1,621 - Ambulatory Care,17,000,2018,0,0,621112,613.0,2552.41,183586366.0
1,621 - Ambulatory Care,31,000,2024,0,0,621512,44.0,310.25,43494781.0
1,621 - Ambulatory Care,05,000,2023,0,0,621420,187.0,2546.0,121341934.0
1,621 - Ambulatory Care,17,000,2019,0,0,621511,346.0,6371.91,393758614.0
1,621 - Ambulatory Care,31,000,2023,0,0,621391,30.0,156.25,9595759.0
1,621 - Ambulatory Care,38,000,2020,0,0,621320,69.0,610.25,31396078.0
1,621 - Ambulatory Care,56,000,2018,0,0,621492,9.0,62.25,3253450.0
1,621 - Ambulatory Care,12,000,2020,0,0,621112,1158.0,5440.58,315243131.0
1,621 - Ambulatory Care,38,000,2019,0,0,621493,9.0,132.08,6895730.0
1,621 - Ambulatory Care,49,000,2021,0,0,621991,32.0,1357.75,50807951.0
1,621 - Ambulatory Care,38,000,2018,0,0,621511,18.0,180.16,8449555.0
1,621 - Ambulatory Care,13,000,2020,0,0,621610,1369.0,27921.91,1041684046.0
1,621 - Ambulatory Care,37,000,2019,0,0,621320,633.0,5458.5,262445060.0
1,621 - Ambulatory Care,55,000,2020,0,0,621410,45.0,350.0,16046437.0
1,621 - Ambulatory Care,09,000,2018,0,1,621910,74.0,3273.33,135432228.0
1,621 - Ambulatory Care,09,000,2020,0,0,621410,27.0,291.5,17732119.0
1,621 - Ambulatory Care,55,000,2020,0,0,621420,187.0,2791.75,125387169.0
1,621 - Ambulatory Care,32,000,2019,0,1,621111,2367.0,21424.16,1985151952.0
1,621 - Ambulatory Care,33,000,2022,0,0,621493,55.0,1142.66,66828970.0
1,621 - Ambulatory Care,19,000,2018,0,1,621330,156.0,645.58,26397374.0
1,621 - Ambulatory Care,33,000,2024,0,0,621498,56.0,712.08,61827334.0
1,621 - Ambulatory Care,47,000,2020,0,1,621420,315.0,7073.33,330871825.0
1,621 - Ambulatory Care,47,000,2021,0,0,621492,194.0,3759.83,256209990.0
1,621 - Ambulatory Care,10,000,2019,0,0,621498,44.0,472.41,23087158.0
1,621 - Ambulatory Care,34,000,2018,0,0,621330,414.0,2309.83,90359028.0
1,621 - Ambulatory Care,33,000,2022,0,0,621610,144.0,3744.16,210513528.0
1,621 - Ambulatory Care,34,000,2019,0,1,621610,791.0,49424.5,1611629701.0
1,621 - Ambulatory Care,33,000,2022,0,0,621112,51.0,382.83,30263900.0
1,621 - Ambulatory Care,06,000,2024,0,0,621320,2662.0,16312.66,852956675.0
1,621 - Ambulatory Care,26,000,2024,0,0,621999,414.0,2865.41,201621960.0
1,621 - Ambulatory Care,47,000,2018,0,1,621111,3932.0,66215.25,5676722307.0
1,621 - Ambulatory Care,25,000,2021,0,0,621410,41.0,1008.5,64898214.0
1,621 - Ambulatory Care,25,000,2024,0,1,621610,917.0,42144.25,2187759276.0
1,621 - Ambulatory Care,50,000,2022,0,1,621999,47.0,109.0,9099954.0
1,621 - Ambulatory Care,51,000,2024,0,0,621310,726.0,3027.75,145931007.0
1,621 - Ambulatory Care,30,000,2022,0,0,621610,128.0,3072.33,108498572.0
1,621 - Ambulatory Care,30,000,2023,0,0,621330,381.0,1097.58,69764771.0
1,621 - Ambulatory Care,53,000,2019,0,1,621493,55.0,0.0,0.0
1,621 - Ambulatory Care,21,000,2023,0,0,621910,143.0,2496.91,140604397.0
1,621 - Ambulatory Care,30,000,2019,0,0,621511,34.0,325.16,24535632.0
1,621 - Ambulatory Care,38,000,2021,0,0,621112,18.0,59.91,5267575.0
1,621 - Ambulatory Care,41,000,2021,0,0,621391,69.0,364.41,18161696.0
1,621 - Ambulatory Care,36,000,2022,0,0,621310,1799.0,5208.16,216689071.0
1,621 - Ambulatory Care,09,000,2022,0,0,621111,2670.0,36666.91,4286569022.0
1,621 - Ambulatory Care,12,000,2023,0,0,621493,703.0,13262.41,858940248.0
1,621 - Ambulatory Care,27,000,2020,0,0,621112,91.0,1262.75,97355489.0
1,621 - Ambulatory Care,36,000,2024,0,0,621491,20.0,209.66,35181448.0
1,621 - Ambulatory Care,38,000,2022,0,0,621210,269.0,2514.41,183236994.0
1,621 - Ambulatory Care,27,000,2018,0,0,621420,153.0,4166.75,192339520.0
1,621 - Ambulatory Care,09,000,2021,0,1,621910,78.0,2931.33,146897207.0
1,621 - Ambulatory Care,27,000,2022,0,0,621610,794.0,23728.0,844722122.0
1,621 - Ambulatory Care,32,000,2020,0,0,621320,282.0,1566.33,70438768.0
1,621 - Ambulatory Care,48,000,2020,0,0,621498,838.0,16995.08,1136237228.0
1,621 - Ambulatory Care,32,000,2020,0,0,621991,26.0,960.5,50513089.0
1,621 - Ambulatory Care,32,000,2022,0,0,621991,32.0,1360.66,74273905.0
1,621 - Ambulatory Care,37,000,2023,0,0,621491,22.0,180.08,13828070.0
1,621 - Ambulatory Care,45,000,2024,0,0,621991,37.0,1545.5,82956875.0
1,621 - Ambulatory Care,05,000,2019,0,0,621512,47.0,216.25,21195284.0
1,621 - Ambulatory Care,05,000,2019,0,0,621999,73.0,240.83,13199241.0
1,621 - Ambulatory Care,05,000,2020,0,0,621210,954.0,6958.91,358034119.0
1,621 - Ambulatory Care,02,000,2024,0,0,621330,88.0,569.91,33705244.0
1,621 - Ambulatory Care,46,000,2023,0,0,621410,8.0,36.75,1274901.0
1,621 - Ambulatory Care,02,000,2022,0,0,621210,277.0,2432.08,130761971.0
1,621 - Ambulatory Care,16,000,2023,0,0,621340,534.0,3184.91,148715517.0
1,621 - Ambulatory Care,34,000,2024,0,0,621999,303.0,2429.16,225446156.0
1,621 - Ambulatory Care,02,000,2023,0,0,621111,344.0,8363.33,772320461.0
1,621 - Ambulatory Care,56,000,2024,0,1,621991,9.0,0.0,0.0
1,621 - Ambulatory Care,78,000,2020,0,1,621511,5.0,0.0,0.0
1,621 - Ambulatory Care,33,000,2019,0,0,621310,166.0,495.41,17079975.0
1,621 - Ambulatory Care,26,000,2018,0,0,621399,293.0,1193.66,53369201.0
1,621 - Ambulatory Care,26,000,2021,0,1,621111,4403.0,69961.75,6685000139.0
1,621 - Ambulatory Care,01,000,2022,0,0,621310,457.0,1746.75,65090499.0
1,621 - Ambulatory Care,01,000,2024,0,0,621320,394.0,2498.25,133622332.0
1,621 - Ambulatory Care,04,000,2018,0,1,621498,110.0,2648.08,154515287.0
1,621 - Ambulatory Care,20,000,2018,0,0,621330,122.0,379.0,13635556.0
1,621 - Ambulatory Care,44,000,2020,0,0,621511,50.0,521.5,33239897.0
1,621 - Ambulatory Care,44,000,2021,0,0,621320,72.0,698.33,39155390.0
1,621 - Ambulatory Care,05,000,2021,0,0,621391,37.0,179.75,10700387.0
1,621 - Ambulatory Care,05,000,2024,0,0,621320,251.0,1768.41,81671895.0
1,621 - Ambulatory Care,17,000,2018,0,0,621210,5676.0,38072.91,1948838656.0
1,621 - Ambulatory Care,31,000,2023,0,0,621320,172.0,1274.66,64094432.0
1,621 - Ambulatory Care,31,000,2023,0,0,621340,428.0,3392.83,158867398.0
1,621 - Ambulatory Care,31,000,2024,0,0,621610,265.0,6647.08,275523883.0
1,621 - Ambulatory Care,45,000,2018,0,0,621511,442.0,2053.33,124252996.0
1,621 - Ambulatory Care,31,000,2023,0,0,621999,145.0,819.33,56297328.0
1,621 - Ambulatory Care,31,000,2024,0,0,621391,24.0,140.91,10430551.0
1,621 - Ambulatory Care,51,000,2020,0,0,621910,136.0,3742.66,143243208.0
1,621 - Ambulatory Care,12,000,2018,0,0,621512,694.0,9449.5,500599545.0
1,621 - Ambulatory Care,49,000,2023,0,0,621410,60.0,389.66,21026499.0
1,621 - Ambulatory Care,12,000,2019,0,1,621493,623.0,13340.41,731929035.0
1,621 - Ambulatory Care,12,000,2022,0,0,621112,1379.0,7312.16,480435938.0
1,621 - Ambulatory Care,49,000,2020,0,0,621310,484.0,1799.08,51902837.0
1,621 - Ambulatory Care,15,000,2019,0,1,621111,1204.0,8308.5,863347617.0
1,621 - Ambulatory Care,51,000,2018,0,1,621492,236.0,3258.41,171832378.0
1,621 - Ambulatory Care,56,000,2020,0,0,621330,106.0,339.41,11498856.0
1,621 - Ambulatory Care,01,000,2018,0,1,621910,124.0,3515.0,135510313.0
1,621 - Ambulatory Care,12,000,2019,0,1,621330,1888.0,6119.08,264151055.0
1,621 - Ambulatory Care,09,000,2018,0,1,621420,153.0,4186.0,202601010.0
1,621 - Ambulatory Care,06,000,2023,0,0,621111,33268.0,260788.16,29130320212.0
1,621 - Ambulatory Care,33,000,2022,0,0,621420,112.0,3266.58,187905159.0
1,621 - Ambulatory Care,25,000,2019,0,0,621410,34.0,999.5,56230148.0
1,621 - Ambulatory Care,47,000,2022,0,0,621320,452.0,3310.83,165751994.0
1,621 - Ambulatory Care,06,000,2024,0,0,621610,6164.0,129626.75,6374921220.0
1,621 - Ambulatory Care,33,000,2022,0,0,621999,67.0,157.91,16097290.0
1,621 - Ambulatory Care,47,000,2021,0,0,621410,52.0,575.25,29070066.0
1,621 - Ambulatory Care,25,000,2021,0,0,621330,495.0,4753.75,253904853.0
1,621 - Ambulatory Care,25,000,2024,0,0,621991,25.0,865.83,82692905.0
1,621 - Ambulatory Care,50,000,2023,0,0,621310,91.0,299.16,11960016.0
1,621 - Ambulatory Care,50,000,2023,0,1,621511,21.0,0.0,0.0
1,621 - Ambulatory Care,27,000,2024,0,0,621391,30.0,193.75,13370082.0
1,621 - Ambulatory Care,50,000,2022,0,0,621420,69.0,3269.91,167075369.0
1,621 - Ambulatory Care,54,000,2024,0,0,621340,362.0,2732.33,148259307.0
1,621 - Ambulatory Care,08,000,2023,0,0,621493,146.0,4353.25,345951646.0
1,621 - Ambulatory Care,50,000,2019,0,0,621420,55.0,3460.91,140040634.0
1,621 - Ambulatory Care,08,000,2020,0,1,621498,178.0,3403.75,205091468.0
1,621 - Ambulatory Care,23,000,2022,0,0,621330,186.0,680.5,32674431.0
1,621 - Ambulatory Care,50,000,2018,0,0,621493,8.0,96.83,4675029.0
1,621 - Ambulatory Care,50,000,2019,0,1,621492,6.0,0.0,0.0
1,621 - Ambulatory Care,08,000,2022,0,0,621999,255.0,1248.66,105133202.0
1,621 - Ambulatory Care,08,000,2024,0,0,621399,1788.0,8255.0,426793938.0
1,621 - Ambulatory Care,23,000,2020,0,0,621320,95.0,812.0,38378556.0
1,621 - Ambulatory Care,23,000,2020,0,0,621493,14.0,237.66,13347002.0
1,621 - Ambulatory Care,36,000,2023,0,0,621493,495.0,10280.91,769577791.0
1,621 - Ambulatory Care,38,000,2024,0,0,621320,72.0,730.66,47742866.0
1,621 - Ambulatory Care,41,000,2021,0,1,621399,637.0,3234.33,150320564.0
1,621 - Ambulatory Care,38,000,2023,0,0,621492,8.0,73.5,4822935.0
1,621 - Ambulatory Care,39,000,2023,0,0,621999,245.0,2223.41,139829354.0
1,621 - Ambulatory Care,09,000,2022,0,0,621340,630.0,6802.08,343588311.0
1,621 - Ambulatory Care,38,000,2021,0,1,621498,8.0,0.0,0.0
1,621 - Ambulatory Care,40,000,2022,0,0,621511,292.0,2651.25,146841283.0
1,621 - Ambulatory Care,40,000,2022,0,0,621991,39.0,1528.25,82596903.0
1,621 - Ambulatory Care,19,000,2023,0,0,621493,22.0,1202.5,85036303.0
1,621 - Ambulatory Care,29,000,2021,0,1,621511,230.0,2813.25,192214855.0
1,621 - Ambulatory Care,10,000,2024,0,0,621340,177.0,1806.33,102138031.0
1,621 - Ambulatory Care,29,000,2024,0,0,621310,912.0,3267.41,133093505.0
1,621 - Ambulatory Care,10,000,2023,0,0,621330,96.0,288.66,13939568.0
1,621 - Ambulatory Care,40,000,2023,0,1,621420,262.0,6043.75,321817653.0
1,621 - Ambulatory Care,40,000,2023,0,0,621512,109.0,653.16,53139320.0
1,621 - Ambulatory Care,0 ,000,2024,0,0,621491,2961.0,218724.91,28772429378.0
1,621 - Ambulatory Care,17,000,2022,0,0,621511,405.0,6733.58,482904080.0
1,621 - Ambulatory Care,39,000,2019,0,0,621330,455.0,2366.33,97295728.0
1,621 - Ambulatory Care,17,000,2022,0,1,621340,1393.0,19895.75,1026906337.0
1,621 - Ambulatory Care,54,000,2023,0,0,621991,8.0,112.66,5973529.0
1,621 - Ambulatory Care,11,000,2024,0,0,621498,23.0,202.75,20460869.0
1,621 - Ambulatory Care,04,000,2023,0,0,621210,2801.0,22072.5,1310946718.0
1,621 - Ambulatory Care,11,000,2021,0,0,621610,60.0,5369.83,197354641.0
1,621 - Ambulatory Care,0 ,000,2024,0,1,621340,51754.0,491714.5,25550186844.0
1,621 - Ambulatory Care,04,000,2023,0,0,621330,912.0,4893.91,243109374.0
1,621 - Ambulatory Care,11,000,2021,0,0,621340,85.0,392.0,25968921.0
1,621 - Ambulatory Care,21,000,2019,0,0,621391,60.0,373.83,18603301.0
1,621 - Ambulatory Care,0 ,000,2022,0,0,621910,6327.0,179360.33,9707443490.0
1,621 - Ambulatory Care,31,000,2018,0,0,621320,176.0,1245.66,49726895.0
1,621 - Ambulatory Care,33,000,2018,0,1,621910,38.0,877.16,33467650.0
1,621 - Ambulatory Care,33,000,2019,0,0,621492,17.0,287.16,17969246.0
1,621 - Ambulatory Care,33,000,2018,0,0,621410,14.0,117.75,4241760.0
1,621 - Ambulatory Care,33,000,2021,0,1,621999,67.0,0.0,0.0
1,621 - Ambulatory Care,22,000,2018,0,1,621399,401.0,1316.33,68634625.0
1,621 - Ambulatory Care,22,000,2020,0,0,621512,112.0,724.91,38725149.0
1,621 - Ambulatory Care,53,000,2018,0,0,621112,130.0,634.5,29162372.0
1,621 - Ambulatory Care,53,000,2021,0,1,621512,89.0,1119.91,74611270.0
1,621 - Ambulatory Care,21,000,2023,0,0,621111,3060.0,40379.5,4061021776.0
1,621 - Ambulatory Care,36,000,2018,0,0,621399,1282.0,4310.41,173948050.0
1,621 - Ambulatory Care,36,000,2018,0,0,621991,35.0,1807.33,123998636.0
1,621 - Ambulatory Care,53,000,2019,0,0,621910,56.0,2699.5,150852512.0
1,621 - Ambulatory Care,40,000,2020,0,1,621910,131.0,2114.0,108859325.0
1,621 - Ambulatory Care,53,000,2019,0,0,621112,132.0,672.83,32736577.0
1,621 - Ambulatory Care,53,000,2020,0,0,621310,1202.0,4947.0,158089771.0
1,621 - Ambulatory Care,30,000,2022,0,0,621310,238.0,756.58,28627955.0
1,621 - Ambulatory Care,53,000,2020,0,0,621999,61.0,505.75,32767299.0
1,621 - Ambulatory Care,06,000,2018,0,1,621330,2478.0,18280.08,677596423.0
1,621 - Ambulatory Care,48,000,2018,0,0,621910,621.0,15814.0,753067670.0
1,621 - Ambulatory Care,24,000,2019,0,0,621498,271.0,4619.25,278103701.0
1,621 - Ambulatory Care,24,000,2024,0,0,621511,663.0,3960.0,320606278.0
1,621 - Ambulatory Care,45,000,2022,0,1,621610,709.0,17446.25,635698656.0
1,621 - Ambulatory Care,46,000,2018,0,0,621498,14.0,98.0,4832717.0
1,621 - Ambulatory Care,46,000,2021,0,0,621910,42.0,585.41,19739835.0
1,621 - Ambulatory Care,45,000,2022,0,1,621410,29.0,161.0,6771532.0
1,621 - Ambulatory Care,46,000,2021,0,1,621492,11.0,0.0,0.0
1,621 - Ambulatory Care,46,000,2022,0,1,621492,11.0,0.0,0.0
1,621 - Ambulatory Care,45,000,2020,0,0,621420,99.0,2819.5,124715095.0
1,621 - Ambulatory Care,45,000,2024,0,0,621420,174.0,3389.58,190822381.0
1,621 - Ambulatory Care,24,000,2021,0,0,621210,2519.0,17529.75,1100350578.0
1,621 - Ambulatory Care,24,000,2021,0,0,621310,416.0,1743.66,80035159.0
1,621 - Ambulatory Care,16,000,2023,0,0,621999,140.0,516.58,34471717.0
1,621 - Ambulatory Care,46,000,2023,0,0,621210,311.0,3162.08,224003403.0
1,621 - Ambulatory Care,16,000,2024,0,0,621391,38.0,183.58,6779249.0
1,621 - Ambulatory Care,16,000,2024,0,0,621511,151.0,1375.91,86237509.0
1,621 - Ambulatory Care,16,000,2020,0,0,621420,94.0,1392.33,44366621.0
1,621 - Ambulatory Care,20,000,2018,0,0,621492,63.0,835.5,41608031.0
1,621 - Ambulatory Care,20,000,2018,0,0,621999,75.0,506.91,23614318.0
1,621 - Ambulatory Care,44,000,2019,0,0,621330,126.0,728.66,25304727.0
1,621 - Ambulatory Care,44,000,2020,0,1,621391,35.0,0.0,0.0
1,621 - Ambulatory Care,18,000,2023,0,0,621610,895.0,27784.41,1201121691.0
1,621 - Ambulatory Care,20,000,2019,0,0,621330,132.0,473.5,17064269.0
1,621 - Ambulatory Care,44,000,2021,0,0,621399,93.0,235.0,9617371.0
1,621 - Ambulatory Care,31,000,2022,0,0,621493,69.0,1111.0,78525066.0
1,621 - Ambulatory Care,55,000,2019,0,0,621999,126.0,849.41,41586361.0
1,621 - Ambulatory Care,17,000,2019,0,1,621910,174.0,7045.83,270509460.0
1,621 - Ambulatory Care,55,000,2018,0,0,621310,1050.0,3798.75,132480458.0
1,621 - Ambulatory Care,55,000,2018,0,0,621511,86.0,3274.25,275406423.0
1,621 - Ambulatory Care,12,000,2019,0,1,621399,2414.0,8670.33,438814745.0
1,621 - Ambulatory Care,12,000,2021,0,1,621610,4131.0,76496.08,3467166291.0
1,621 - Ambulatory Care,15,000,2018,0,0,621512,17.0,134.58,7980032.0
1,621 - Ambulatory Care,56,000,2021,0,1,621610,64.0,791.5,30750376.0
1,621 - Ambulatory Care,15,000,2018,0,1,621491,33.0,0.0,0.0
1,621 - Ambulatory Care,15,000,2019,0,0,621112,63.0,306.0,15859827.0
1,621 - Ambulatory Care,09,000,2019,0,0,621493,117.0,2640.91,192016196.0
1,621 - Ambulatory Care,09,000,2020,0,0,621320,233.0,1416.66,71776164.0
1,621 - Ambulatory Care,55,000,2021,0,0,621512,67.0,594.5,42215522.0
1,621 - Ambulatory Care,09,000,2019,0,0,621310,372.0,1239.33,43019200.0
1,621 - Ambulatory Care,09,000,2020,0,0,621493,115.0,2748.66,205963593.0
1,621 - Ambulatory Care,13,000,2020,0,0,621511,1050.0,5733.75,346022735.0
1,621 - Ambulatory Care,35,000,2020,0,0,621910,61.0,1311.66,71234284.0
1,621 - Ambulatory Care,37,000,2019,0,0,621610,1097.0,43565.16,1322857956.0
1,621 - Ambulatory Care,13,000,2024,0,0,621399,1078.0,4298.16,263265297.0
1,621 - Ambulatory Care,26,000,2024,0,0,621340,1141.0,16716.16,788440958.0
1,621 - Ambulatory Care,47,000,2019,0,0,621511,257.0,5881.58,342819230.0
1,621 - Ambulatory Care,19,000,2018,0,0,621391,62.0,278.66,13500968.0
1,621 - Ambulatory Care,19,000,2019,0,1,621111,1308.0,23459.08,2257732329.0
1,621 - Ambulatory Care,28,000,2022,0,0,621399,421.0,2655.5,180212114.0
1,621 - Ambulatory Care,19,000,2019,0,0,621493,22.0,1077.5,69075985.0
1,621 - Ambulatory Care,26,000,2024,0,1,621111,4669.0,71989.41,7290628022.0
1,621 - Ambulatory Care,25,000,2018,0,0,621492,84.0,2341.5,159376894.0
1,621 - Ambulatory Care,33,000,2022,0,0,621111,724.0,15162.75,1884327267.0
1,621 - Ambulatory Care,24,000,2020,0,0,621410,43.0,268.5,15560378.0
1,621 - Ambulatory Care,20,000,2023,0,0,621410,18.0,152.16,8327551.0
1,621 - Ambulatory Care,45,000,2022,0,0,621391,55.0,394.5,19801101.0
1,621 - Ambulatory Care,45,000,2020,0,0,621910,112.0,2993.75,112760834.0
1,621 - Ambulatory Care,46,000,2019,0,1,621491,1.0,0.0,0.0
1,621 - Ambulatory Care,46,000,2024,0,0,621498,32.0,231.66,15466164.0
1,621 - Ambulatory Care,02,000,2022,0,0,621330,58.0,544.16,32089053.0
1,621 - Ambulatory Care,34,000,2021,0,1,621493,434.0,9362.16,626022051.0
1,621 - Ambulatory Care,34,000,2023,0,0,621330,812.0,6670.91,303015798.0
1,621 - Ambulatory Care,46,000,2024,0,1,621340,146.0,1055.5,53162615.0
1,621 - Ambulatory Care,46,000,2023,0,0,621111,351.0,8441.16,1053298767.0
1,621 - Ambulatory Care,04,000,2020,0,0,621330,569.0,2618.33,117263756.0
1,621 - Ambulatory Care,04,000,2021,0,1,621111,4826.0,63924.33,6170662868.0
1,621 - Ambulatory Care,17,000,2018,0,1,621340,1398.0,21183.33,958538057.0
1,621 - Ambulatory Care,31,000,2024,0,0,621399,208.0,599.5,40688779.0
1,621 - Ambulatory Care,45,000,2018,0,0,621330,136.0,744.41,23466650.0
1,621 - Ambulatory Care,45,000,2018,0,0,621491,13.0,138.08,4813718.0
1,621 - Ambulatory Care,55,000,2018,0,0,621991,57.0,2025.5,78733429.0
1,621 - Ambulatory Care,45,000,2018,0,1,621610,550.0,16662.08,514034419.0
1,621 - Ambulatory Care,56,000,2018,0,1,621493,25.0,366.0,18306210.0
1,621 - Ambulatory Care,01,000,2018,0,1,621512,85.0,682.66,35552498.0
1,621 - Ambulatory Care,56,000,2022,0,0,621512,22.0,213.5,23680723.0
1,621 - Ambulatory Care,38,000,2018,0,1,621991,13.0,0.0,0.0
1,621 - Ambulatory Care,12,000,2022,0,0,621310,2811.0,11597.33,508006753.0
1,621 - Ambulatory Care,15,000,2018,0,0,621330,169.0,882.16,33619819.0
1,621 - Ambulatory Care,49,000,2021,0,1,621330,516.0,2548.08,88408038.0
1,621 - Ambulatory Care,15,000,2018,0,0,621210,641.0,4299.33,221130896.0
1,621 - Ambulatory Care,56,000,2018,0,0,621112,8.0,21.25,1130336.0
1,621 - Ambulatory Care,49,000,2021,0,0,621999,139.0,589.16,44082030.0
1,621 - Ambulatory Care,56,000,2023,0,1,621340,154.0,1231.5,64717799.0
1,621 - Ambulatory Care,13,000,2018,0,1,621210,3492.0,27802.41,1490255571.0
1,621 - Ambulatory Care,35,000,2018,0,0,621210,715.0,5863.16,287739493.0
1,621 - Ambulatory Care,35,000,2018,0,0,621991,18.0,526.83,18734133.0
1,621 - Ambulatory Care,35,000,2019,0,1,621511,120.0,1926.58,96165852.0
1,621 - Ambulatory Care,35,000,2020,0,0,621320,128.0,741.33,28965279.0
1,621 - Ambulatory Care,55,000,2024,0,0,621112,145.0,841.16,73230344.0
1,621 - Ambulatory Care,09,000,2020,0,0,621610,246.0,13198.83,665476245.0
1,621 - Ambulatory Care,55,000,2020,0,0,621910,157.0,3350.16,105691225.0
1,621 - Ambulatory Care,55,000,2023,0,0,621493,73.0,1751.75,117299460.0
1,621 - Ambulatory Care,25,000,2019,0,0,621210,3114.0,25271.33,1522449700.0
1,621 - Ambulatory Care,06,000,2024,0,0,621999,943.0,9192.75,845200496.0
1,621 - Ambulatory Care,19,000,2018,0,1,621492,62.0,0.0,0.0
1,621 - Ambulatory Care,26,000,2024,0,1,621310,1205.0,4691.91,177737484.0
1,621 - Ambulatory Care,33,000,2022,0,0,621991,5.0,17.91,1499698.0
1,621 - Ambulatory Care,33,000,2023,0,1,621492,22.0,0.0,0.0
1,621 - Ambulatory Care,06,000,2023,0,0,621210,22395.0,139017.5,8428171532.0
1,621 - Ambulatory Care,47,000,2020,0,1,621610,621.0,20704.41,1057896376.0
1,621 - Ambulatory Care,13,000,2023,0,0,621610,1823.0,33910.5,1372791230.0
1,621 - Ambulatory Care,28,000,2021,0,0,621320,203.0,1443.83,55354878.0
1,621 - Ambulatory Care,13,000,2021,0,0,621330,814.0,2367.5,96790870.0
1,621 - Ambulatory Care,13,000,2022,0,0,621391,179.0,1033.25,59183772.0
1,621 - Ambulatory Care,13,000,2023,0,0,621330,1026.0,3345.58,153742578.0
1,621 - Ambulatory Care,25,000,2021,0,0,621340,852.0,9251.75,470374588.0
1,621 - Ambulatory Care,50,000,2023,0,0,621330,74.0,498.33,23853108.0
1,621 - Ambulatory Care,42,000,2019,0,1,621498,512.0,10729.25,1117701029.0
1,621 - Ambulatory Care,42,000,2024,0,1,621991,107.0,3591.33,242860859.0
1,621 - Ambulatory Care,08,000,2021,0,0,621399,1536.0,11310.41,474655670.0
1,621 - Ambulatory Care,23,000,2021,0,0,621511,39.0,1073.58,59308761.0
1,621 - Ambulatory Care,48,000,2022,0,0,621310,2621.0,11514.83,501831544.0
1,621 - Ambulatory Care,23,000,2020,0,1,621399,169.0,481.08,19555232.0
1,621 - Ambulatory Care,23,000,2022,0,0,621512,31.0,176.25,12662558.0
1,621 - Ambulatory Care,42,000,2022,0,0,621910,496.0,11750.33,522956847.0
1,621 - Ambulatory Care,50,000,2018,0,0,621610,47.0,2479.66,93055513.0
1,621 - Ambulatory Care,47,000,2019,0,0,621991,62.0,2039.5,97630984.0
1,621 - Ambulatory Care,25,000,2021,0,0,621399,405.0,2081.33,122804776.0
1,621 - Ambulatory Care,27,000,2024,0,0,621512,47.0,980.41,75495193.0
1,621 - Ambulatory Care,27,000,2024,0,0,621610,917.0,26592.08,1066199265.0
1,621 - Ambulatory Care,25,000,2023,0,0,621111,2871.0,57301.33,7331581001.0
1,621 - Ambulatory Care,29,000,2018,0,0,621999,250.0,2631.5,114714162.0
1,621 - Ambulatory Care,29,000,2019,0,0,621310,872.0,2718.5,86283740.0
1,621 - Ambulatory Care,50,000,2023,0,1,621512,8.0,0.0,0.0
1,621 - Ambulatory Care,23,000,2021,0,1,621399,191.0,570.58,29372229.0
1,621 - Ambulatory Care,42,000,2022,0,0,621340,2333.0,20552.25,1093094293.0
1,621 - Ambulatory Care,08,000,2020,0,0,621330,1002.0,3371.75,139540003.0
1,621 - Ambulatory Care,42,000,2021,0,0,621112,368.0,2655.66,203533534.0
1,621 - Ambulatory Care,48,000,2024,0,0,621330,3243.0,13712.75,705468383.0
1,621 - Ambulatory Care,08,000,2019,0,0,621320,423.0,2922.0,137696597.0
1,621 - Ambulatory Care,41,000,2022,0,1,621910,51.0,2112.16,152637681.0
1,621 - Ambulatory Care,41,000,2024,0,1,621999,112.0,650.16,63286056.0
1,621 - Ambulatory Care,02,000,2019,0,0,621310,159.0,911.0,36267247.0
1,621 - Ambulatory Care,18,000,2021,0,0,621512,100.0,874.41,76358714.0
1,621 - Ambulatory Care,41,000,2022,0,0,621491,82.0,4759.33,721792968.0
1,621 - Ambulatory Care,02,000,2019,0,1,621493,38.0,0.08,55171.0
1,621 - Ambulatory Care,18,000,2018,0,0,621391,124.0,681.08,31412354.0
1,621 - Ambulatory Care,53,000,2024,0,1,621512,119.0,1180.41,102229690.0
1,621 - Ambulatory Care,41,000,2024,0,0,621991,40.0,909.83,52212528.0
1,621 - Ambulatory Care,27,000,2018,0,0,621210,1840.0,16668.0,955161551.0
1,621 - Ambulatory Care,0 ,000,2018,0,1,621999,6642.0,60795.75,3706330830.0
1,621 - Ambulatory Care,09,000,2022,0,0,621320,238.0,1635.5,88730957.0
1,621 - Ambulatory Care,09,000,2024,0,0,621511,246.0,1951.08,134073632.0
1,621 - Ambulatory Care,27,000,2022,0,0,621498,76.0,728.0,54607588.0
1,621 - Ambulatory Care,36,000,2024,0,0,621492,271.0,6119.83,468114021.0
1,621 - Ambulatory Care,27,000,2019,0,0,621493,42.0,2030.58,156373609.0
1,621 - Ambulatory Care,39,000,2024,0,0,621491,40.0,795.08,85104230.0
1,621 - Ambulatory Care,41,000,2020,0,1,621420,166.0,2786.75,136242831.0
1,621 - Ambulatory Care,41,000,2020,0,0,621493,95.0,1781.83,103817238.0
1,621 - Ambulatory Care,39,000,2023,0,0,621910,312.0,6676.08,315122492.0
1,621 - Ambulatory Care,12,000,2023,0,0,621210,9008.0,68376.08,4481369314.0
1,621 - Ambulatory Care,38,000,2023,0,0,621910,75.0,989.41,29193542.0
1,621 - Ambulatory Care,15,000,2021,0,1,621493,37.0,623.5,58317745.0
1,621 - Ambulatory Care,15,000,2021,0,0,621991,7.0,165.41,8732415.0
1,621 - Ambulatory Care,19,000,2023,0,1,621111,1333.0,23200.5,2465103150.0
1,621 - Ambulatory Care,19,000,2023,0,0,621340,642.0,4756.66,249067787.0
1,621 - Ambulatory Care,19,000,2024,0,0,621493,24.0,1202.66,89855293.0
1,621 - Ambulatory Care,19,000,2023,0,1,621910,58.0,961.5,43631584.0
1,621 - Ambulatory Care,28,000,2018,0,0,621991,20.0,571.83,22261632.0
1,621 - Ambulatory Care,29,000,2020,0,0,621492,149.0,1870.83,107388897.0
1,621 - Ambulatory Care,29,000,2023,0,0,621991,51.0,2027.41,110934260.0
1,621 - Ambulatory Care,40,000,2021,0,0,621210,1378.0,10749.5,588763687.0
1,621 - Ambulatory Care,19,000,2022,0,0,621310,852.0,2547.91,90228227.0
1,621 - Ambulatory Care,54,000,2020,0,1,621399,104.0,623.41,20565965.0
1,621 - Ambulatory Care,11,000,2022,0,0,621391,12.0,36.0,2171255.0
1,621 - Ambulatory Care,54,000,2022,0,0,621391,30.0,95.83,8125235.0
1,621 - Ambulatory Care,04,000,2024,0,0,621420,555.0,11602.08,674188590.0
1,621 - Ambulatory Care,17,000,2021,0,1,621340,1480.0,18902.66,964666191.0
1,621 - Ambulatory Care,21,000,2018,0,0,621498,181.0,3310.66,179987837.0
1,621 - Ambulatory Care,39,000,2021,0,0,621492,391.0,4607.08,265408748.0
1,621 - Ambulatory Care,17,000,2023,0,0,621420,502.0,9630.16,515843772.0
1,621 - Ambulatory Care,54,000,2019,0,0,621340,295.0,2712.5,117452077.0
1,621 - Ambulatory Care,11,000,2022,0,0,621340,91.0,419.75,28593320.0
1,621 - Ambulatory Care,54,000,2023,0,0,621410,9.0,23.0,1116329.0
1,621 - Ambulatory Care,0 ,000,2019,0,1,621399,24014.0,115604.66,5430401076.0
1,621 - Ambulatory Care,04,000,2023,0,1,621112,333.0,2572.75,203641104.0
1,621 - Ambulatory Care,17,000,2020,0,0,621210,5507.0,34227.66,1842539074.0
1,621 - Ambulatory Care,0 ,000,2020,0,0,621112,11706.0,58323.5,3939463075.0
1,621 - Ambulatory Care,11,000,2023,0,0,621111,431.0,6467.58,1189614800.0
1,621 - Ambulatory Care,37,000,2018,0,0,621493,159.0,2350.5,134300686.0
1,621 - Ambulatory Care,37,000,2020,0,1,621210,3369.0,28374.08,1742606776.0
1,621 - Ambulatory Care,55,000,2023,0,1,621111,2089.0,54282.91,6540868483.0
1,621 - Ambulatory Care,35,000,2020,0,1,621111,978.0,10994.83,868778653.0
1,621 - Ambulatory Care,55,000,2024,0,0,621210,1853.0,18939.91,1387716640.0
1,621 - Ambulatory Care,09,000,2019,0,0,621492,59.0,1231.75,82717051.0
1,621 - Ambulatory Care,09,000,2018,0,1,621498,78.0,3644.08,234739648.0
1,621 - Ambulatory Care,35,000,2022,0,0,621210,733.0,5705.41,309305690.0
1,621 - Ambulatory Care,35,000,2023,0,0,621330,159.0,706.58,29482822.0
1,621 - Ambulatory Care,37,000,2019,0,1,621210,3332.0,29629.41,1792550434.0
1,621 - Ambulatory Care,55,000,2023,0,0,621610,380.0,11797.66,579869304.0
1,621 - Ambulatory Care,55,000,2024,0,0,621320,304.0,2501.5,119831677.0
1,621 - Ambulatory Care,10,000,2020,0,0,621399,60.0,205.33,10072963.0
1,621 - Ambulatory Care,25,000,2019,0,0,621999,144.0,1505.41,106587058.0
1,621 - Ambulatory Care,26,000,2022,0,0,621910,119.0,5723.0,284366055.0
1,621 - Ambulatory Care,10,000,2020,0,0,621511,53.0,573.08,30730839.0
1,621 - Ambulatory Care,26,000,2022,0,0,621391,278.0,1577.25,82283442.0
1,621 - Ambulatory Care,13,000,2022,0,0,621340,1296.0,12430.83,603200600.0
1,621 - Ambulatory Care,10,000,2018,0,0,621410,5.0,133.16,8958214.0
1,621 - Ambulatory Care,28,000,2020,0,0,621320,203.0,1356.91,51817180.0
1,621 - Ambulatory Care,33,000,2022,0,0,621511,75.0,285.0,27538091.0
1,621 - Ambulatory Care,33,000,2024,0,0,621340,259.0,1832.25,105338060.0
1,621 - Ambulatory Care,10,000,2019,0,0,621610,75.0,4322.75,175870874.0
1,621 - Ambulatory Care,06,000,2023,0,0,621399,3830.0,14772.0,949852193.0
1,621 - Ambulatory Care,34,000,2018,0,0,621112,345.0,2028.91,129151353.0
1,621 - Ambulatory Care,34,000,2018,0,0,621391,409.0,1965.0,81523211.0
1,621 - Ambulatory Care,19,000,2019,0,0,621310,856.0,2429.08,77142493.0
1,621 - Ambulatory Care,26,000,2022,0,0,621498,172.0,4373.91,263029750.0
1,621 - Ambulatory Care,25,000,2023,0,0,621498,189.0,7294.83,586452941.0
1,621 - Ambulatory Care,25,000,2023,0,0,621112,224.0,1580.16,133739370.0
1,621 - Ambulatory Care,25,000,2024,0,0,621112,244.0,1645.25,147259533.0
1,621 - Ambulatory Care,48,000,2021,0,1,621111,21774.0,240475.25,23732114685.0
1,621 - Ambulatory Care,08,000,2024,0,0,621493,160.0,4462.41,352629490.0
1,621 - Ambulatory Care,08,000,2024,0,0,621910,84.0,2803.75,206600636.0
1,621 - Ambulatory Care,42,000,2019,0,0,621391,458.0,2351.41,106419515.0
1,621 - Ambulatory Care,42,000,2020,0,0,621511,516.0,6681.25,450736487.0
1,621 - Ambulatory Care,48,000,2022,0,1,621498,914.0,18471.16,1357333523.0
1,621 - Ambulatory Care,42,000,2019,0,0,621410,85.0,777.75,34888347.0
1,621 - Ambulatory Care,42,000,2021,0,0,621420,718.0,18052.41,817182747.0
1,621 - Ambulatory Care,50,000,2019,0,0,621111,287.0,5091.25,493441469.0
1,621 - Ambulatory Care,08,000,2024,0,0,621112,311.0,1248.0,98690669.0
1,621 - Ambulatory Care,23,000,2020,0,0,621340,292.0,1702.58,79962909.0
1,621 - Ambulatory Care,42,000,2019,0,0,621512,249.0,3520.41,259150924.0
1,621 - Ambulatory Care,10,000,2023,0,0,621910,14.0,257.0,11592422.0
1,621 - Ambulatory Care,15,000,2020,0,0,621320,117.0,561.75,25485754.0
1,621 - Ambulatory Care,29,000,2024,0,0,621511,394.0,2377.83,194158797.0
1,621 - Ambulatory Care,40,000,2023,0,1,621330,350.0,1236.0,52048641.0
1,621 - Ambulatory Care,15,000,2024,0,0,621610,128.0,4030.66,191256900.0
1,621 - Ambulatory Care,19,000,2023,0,0,621410,30.0,178.33,7841977.0
1,621 - Ambulatory Care,29,000,2023,0,0,621511,399.0,2438.5,190069617.0
1,621 - Ambulatory Care,29,000,2024,0,0,621320,416.0,2685.16,138710930.0
1,621 - Ambulatory Care,40,000,2024,0,0,621111,2745.0,28467.08,2984467667.0
1,621 - Ambulatory Care,47,000,2024,0,0,621310,662.0,2620.41,115007934.0
1,621 - Ambulatory Care,47,000,2024,0,0,621493,168.0,3279.58,218450613.0
1,621 - Ambulatory Care,53,000,2022,0,0,621492,124.0,3401.5,266828621.0
1,621 - Ambulatory Care,53,000,2024,0,0,621492,129.0,3278.0,277218455.0
1,621 - Ambulatory Care,23,000,2024,0,0,621310,178.0,663.08,32284632.0
1,621 - Ambulatory Care,23,000,2024,0,0,621493,17.0,365.66,20607051.0
1,621 - Ambulatory Care,17,000,2020,0,0,621491,35.0,1843.16,141418990.0
1,621 - Ambulatory Care,17,000,2023,0,1,621340,1439.0,20719.41,1076586515.0
1,621 - Ambulatory Care,72,000,2024,0,0,621420,50.0,789.5,30459894.0
1,621 - Ambulatory Care,17,000,2022,0,0,621512,172.0,1859.58,131412913.0
1,621 - Ambulatory Care,0 ,000,2023,0,1,621112,14652.0,78574.08,5974192398.0
1,621 - Ambulatory Care,50,000,2019,0,0,621340,108.0,867.91,40758925.0
1,621 - Ambulatory Care,50,000,2020,0,0,621399,69.0,186.0,10464520.0
1,621 - Ambulatory Care,18,000,2019,0,0,621999,106.0,805.41,46508619.0
1,621 - Ambulatory Care,02,000,2018,0,1,621991,5.0,0.0,0.0
1,621 - Ambulatory Care,53,000,2024,0,0,621493,56.0,1915.08,192181576.0
1,621 - Ambulatory Care,18,000,2020,0,0,621512,95.0,807.5,68233107.0
1,621 - Ambulatory Care,09,000,2023,0,0,621112,189.0,1028.41,69884935.0
1,621 - Ambulatory Care,39,000,2022,0,0,621910,308.0,6653.91,304244290.0
1,621 - Ambulatory Care,41,000,2018,0,0,621310,731.0,3321.33,109741712.0
1,621 - Ambulatory Care,27,000,2020,0,0,621320,319.0,2466.41,121841219.0
1,621 - Ambulatory Care,36,000,2022,0,1,621420,717.0,16842.5,913671391.0
1,621 - Ambulatory Care,09,000,2023,0,0,621512,75.0,876.08,73264322.0
1,621 - Ambulatory Care,09,000,2024,0,0,621493,137.0,3315.33,274553198.0
1,621 - Ambulatory Care,38,000,2021,0,0,621391,4.0,15.0,535731.0
1,621 - Ambulatory Care,38,000,2023,0,0,621991,14.0,311.0,18064319.0
1,621 - Ambulatory Care,27,000,2021,0,0,621511,105.0,2348.25,163257634.0
1,621 - Ambulatory Care,41,000,2019,0,0,621391,79.0,369.0,17079651.0
1,621 - Ambulatory Care,12,000,2024,0,0,621111,21873.0,252951.08,26413727123.0
1,621 - Ambulatory Care,41,000,2020,0,1,621610,154.0,6107.25,259299922.0
1,621 - Ambulatory Care,40,000,2022,0,0,621492,100.0,1372.83,86703455.0
1,621 - Ambulatory Care,10,000,2024,0,0,621493,41.0,728.41,66803925.0
1,621 - Ambulatory Care,10,000,2022,0,0,621498,65.0,630.5,39094651.0
1,621 - Ambulatory Care,15,000,2022,0,0,621498,92.0,2326.0,165905998.0
1,621 - Ambulatory Care,16,000,2019,0,0,621420,83.0,1272.58,36458435.0
1,621 - Ambulatory Care,17,000,2024,0,0,621320,659.0,5395.08,294470368.0
1,621 - Ambulatory Care,16,000,2019,0,0,621310,301.0,965.33,24493765.0
1,621 - Ambulatory Care,39,000,2018,0,0,621340,1081.0,14840.08,608848152.0
1,621 - Ambulatory Care,17,000,2020,0,0,621112,664.0,2916.91,221765829.0
1,621 - Ambulatory Care,54,000,2019,0,1,621492,61.0,0.0,0.0
1,621 - Ambulatory Care,54,000,2023,0,1,621491,1.0,0.0,0.0
1,621 - Ambulatory Care,72,000,2023,0,0,621399,52.0,169.75,5330873.0
1,621 - Ambulatory Care,0 ,000,2022,0,1,621498,10745.0,238803.0,18100993662.0
1,621 - Ambulatory Care,17,000,2020,0,0,621492,330.0,5322.83,346685424.0
1,621 - Ambulatory Care,21,000,2018,0,0,621111,2775.0,37794.58,3256424248.0
1,621 - Ambulatory Care,21,000,2018,0,1,621610,317.0,9162.66,446394734.0
1,621 - Ambulatory Care,54,000,2022,0,0,621310,127.0,532.91,17706891.0
1,621 - Ambulatory Care,39,000,2021,0,1,621511,734.0,5305.66,340483115.0
1,621 - Ambulatory Care,22,000,2023,0,0,621512,112.0,810.91,45949163.0
1,621 - Ambulatory Care,33,000,2019,0,0,621210,594.0,4885.66,330516929.0
1,621 - Ambulatory Care,22,000,2021,0,0,621210,1623.0,11735.33,570842477.0
1,621 - Ambulatory Care,26,000,2018,0,0,621511,204.0,2021.75,112314691.0
1,621 - Ambulatory Care,22,000,2021,0,0,621491,14.0,271.33,21904853.0
1,621 - Ambulatory Care,31,000,2020,0,1,621410,13.0,180.0,6955908.0
1,621 - Ambulatory Care,30,000,2019,0,0,621512,24.0,97.83,12799714.0
1,621 - Ambulatory Care,30,000,2020,0,1,621498,35.0,294.16,16189495.0
1,621 - Ambulatory Care,30,000,2020,0,0,621991,20.0,273.58,12247033.0
1,621 - Ambulatory Care,40,000,2018,0,0,621112,89.0,510.66,25790215.0
1,621 - Ambulatory Care,40,000,2019,0,0,621112,88.0,506.75,25785120.0
1,621 - Ambulatory Care,40,000,2019,0,0,621310,464.0,1479.66,47745942.0
1,621 - Ambulatory Care,21,000,2023,0,0,621210,1563.0,10917.58,632938786.0
1,621 - Ambulatory Care,36,000,2020,0,0,621492,265.0,6339.75,438882103.0
1,621 - Ambulatory Care,53,000,2021,0,0,621910,76.0,2807.08,173106543.0
1,621 - Ambulatory Care,30,000,2024,0,0,621420,135.0,1021.33,52643139.0
1,621 - Ambulatory Care,06,000,2020,0,0,621399,2743.0,10468.08,611290358.0
1,621 - Ambulatory Care,32,000,2020,0,0,621512,95.0,2218.91,149639246.0
1,621 - Ambulatory Care,32,000,2021,0,0,621991,26.0,1124.41,59372665.0
1,621 - Ambulatory Care,37,000,2022,0,0,621399,864.0,3776.83,237396633.0
1,621 - Ambulatory Care,32,000,2020,0,0,621310,298.0,1266.0,52681910.0
1,621 - Ambulatory Care,32,000,2022,0,0,621111,2607.0,24956.16,2412011318.0
1,621 - Ambulatory Care,32,000,2022,0,0,621420,98.0,900.0,49036902.0
1,621 - Ambulatory Care,32,000,2022,0,0,621491,26.0,959.25,92483421.0
1,621 - Ambulatory Care,32,000,2020,0,0,621999,54.0,149.83,9828375.0
1,621 - Ambulatory Care,45,000,2019,0,0,621511,455.0,2247.33,141007217.0
1,621 - Ambulatory Care,25,000,2022,0,0,621420,423.0,11449.83,668478662.0
1,621 - Ambulatory Care,25,000,2023,0,0,621340,863.0,9698.41,507158096.0
1,621 - Ambulatory Care,27,000,2024,0,0,621511,126.0,2335.75,195421243.0
1,621 - Ambulatory Care,50,000,2023,0,1,621493,8.0,0.0,0.0
1,621 - Ambulatory Care,42,000,2021,0,0,621493,473.0,9507.16,656712898.0
1,621 - Ambulatory Care,08,000,2022,0,0,621498,286.0,4809.66,324455979.0
1,621 - Ambulatory Care,49,000,2018,0,1,621511,138.0,4293.58,236146306.0
1,621 - Ambulatory Care,42,000,2021,0,1,621991,82.0,3235.16,195284892.0
1,621 - Ambulatory Care,08,000,2021,0,0,621320,431.0,3023.08,155484854.0
1,621 - Ambulatory Care,23,000,2019,0,0,621420,124.0,2193.91,87548262.0
1,621 - Ambulatory Care,23,000,2021,0,0,621410,24.0,169.33,9645943.0
1,621 - Ambulatory Care,48,000,2021,0,0,621340,2632.0,30788.0,1569626049.0
1,621 - Ambulatory Care,50,000,2018,0,1,621391,9.0,0.0,0.0
1,621 - Ambulatory Care,41,000,2024,0,1,621610,289.0,8346.33,389698660.0
1,621 - Ambulatory Care,02,000,2019,0,0,621420,37.0,595.41,32748286.0
1,621 - Ambulatory Care,18,000,2018,0,0,621210,2185.0,19105.83,994580138.0
1,621 - Ambulatory Care,23,000,2023,0,0,621991,7.0,143.83,7839160.0
1,621 - Ambulatory Care,53,000,2022,0,1,621512,102.0,1112.91,81720710.0
1,621 - Ambulatory Care,53,000,2023,0,1,621512,106.0,1165.33,91259478.0
1,621 - Ambulatory Care,18,000,2018,0,0,621512,88.0,690.83,64751924.0
1,621 - Ambulatory Care,18,000,2019,0,0,621512,92.0,841.5,69342671.0
1,621 - Ambulatory Care,53,000,2024,0,0,621999,73.0,718.16,62546389.0
1,621 - Ambulatory Care,15,000,2023,0,0,621399,319.0,1744.66,95152861.0
1,621 - Ambulatory Care,40,000,2021,0,0,621491,11.0,76.75,5105969.0
1,621 - Ambulatory Care,19,000,2021,0,0,621310,860.0,2503.83,86324317.0
1,621 - Ambulatory Care,29,000,2020,0,1,621399,319.0,1565.91,67603338.0
1,621 - Ambulatory Care,29,000,2021,0,1,621399,357.0,1786.91,84300256.0
1,621 - Ambulatory Care,29,000,2024,0,0,621991,52.0,2018.91,117175078.0
1,621 - Ambulatory Care,15,000,2020,0,0,621512,18.0,102.5,6842824.0
1,621 - Ambulatory Care,29,000,2021,0,1,621512,102.0,745.5,46379086.0
1,621 - Ambulatory Care,15,000,2024,0,0,621498,93.0,2445.83,203349934.0
1,621 - Ambulatory Care,19,000,2024,0,1,621610,319.0,6463.33,337790897.0
1,621 - Ambulatory Care,11,000,2018,0,0,621210,332.0,1733.75,127592780.0
1,621 - Ambulatory Care,16,000,2019,0,0,621498,26.0,280.41,16764634.0
1,621 - Ambulatory Care,72,000,2021,0,0,621910,156.0,1878.75,37322800.0
1,621 - Ambulatory Care,21,000,2021,0,0,621111,2873.0,38942.0,3730993146.0
1,621 - Ambulatory Care,39,000,2021,0,1,621399,1221.0,4467.08,212345305.0
1,621 - Ambulatory Care,72,000,2021,0,0,621210,795.0,3356.0,72030765.0
1,621 - Ambulatory Care,11,000,2023,0,0,621999,74.0,358.0,43113668.0
1,621 - Ambulatory Care,0 ,000,2022,0,1,621112,13377.0,71917.91,5321033308.0
1,621 - Ambulatory Care,17,000,2022,0,0,621498,207.0,4027.41,250794985.0
1,621 - Ambulatory Care,11,000,2021,0,0,621112,62.0,542.66,58610037.0
1,621 - Ambulatory Care,04,000,2024,0,1,621999,473.0,9578.25,943213095.0
1,621 - Ambulatory Care,54,000,2022,0,0,621320,125.0,875.83,36919243.0
1,621 - Ambulatory Care,16,000,2018,0,0,621420,73.0,1106.5,30848381.0
1,621 - Ambulatory Care,09,000,2023,0,1,621910,82.0,2967.75,164853355.0
1,621 - Ambulatory Care,27,000,2019,0,1,621111,1508.0,72406.33,7708958933.0
1,621 - Ambulatory Care,36,000,2022,0,0,621512,513.0,6393.83,548460097.0
1,621 - Ambulatory Care,09,000,2021,0,0,621511,178.0,1971.25,125398815.0
1,621 - Ambulatory Care,27,000,2019,0,0,621610,640.0,26152.33,820110334.0
1,621 - Ambulatory Care,39,000,2024,0,0,621493,325.0,7981.25,550067373.0
1,621 - Ambulatory Care,32,000,2023,0,0,621330,446.0,2401.91,103754529.0
1,621 - Ambulatory Care,32,000,2024,0,0,621492,65.0,1226.08,89122347.0
1,621 - Ambulatory Care,06,000,2019,0,0,621492,739.0,17696.5,1180989983.0
1,621 - Ambulatory Care,37,000,2021,0,1,621910,177.0,2627.33,101205371.0
1,621 - Ambulatory Care,20,000,2024,0,0,621420,175.0,4220.66,217168073.0
1,621 - Ambulatory Care,24,000,2021,0,0,621111,4392.0,52217.66,5224809827.0
1,621 - Ambulatory Care,24,000,2021,0,0,621112,315.0,1943.5,145857357.0
1,621 - Ambulatory Care,45,000,2021,0,1,621420,110.0,744.66,30551802.0
1,621 - Ambulatory Care,24,000,2022,0,0,621320,214.0,1884.83,110646219.0
1,621 - Ambulatory Care,45,000,2020,0,1,621410,22.0,130.08,4531506.0
1,621 - Ambulatory Care,16,000,2021,0,0,621112,100.0,685.33,40130729.0
1,621 - Ambulatory Care,16,000,2022,0,0,621991,24.0,751.5,31392668.0
1,621 - Ambulatory Care,45,000,2022,0,0,621330,204.0,762.33,33372268.0
1,621 - Ambulatory Care,05,000,2019,0,1,621498,67.0,0.0,0.0
1,621 - Ambulatory Care,24,000,2022,0,0,621493,176.0,3880.83,309162333.0
1,621 - Ambulatory Care,45,000,2023,0,0,621210,1778.0,15558.16,991414813.0
1,621 - Ambulatory Care,46,000,2018,0,0,621610,76.0,1915.16,62262124.0
1,621 - Ambulatory Care,46,000,2020,0,1,621910,42.0,531.58,18526820.0
1,621 - Ambulatory Care,16,000,2021,0,0,621340,406.0,2879.33,129035982.0
1,621 - Ambulatory Care,16,000,2021,0,1,621111,1144.0,13014.16,1077786962.0
1,621 - Ambulatory Care,34,000,2024,0,0,621391,342.0,1780.91,97930225.0
1,621 - Ambulatory Care,78,000,2020,0,0,621310,15.0,40.58,1382549.0
1,621 - Ambulatory Care,56,000,2024,0,1,621498,42.0,546.83,34946275.0
1,621 - Ambulatory Care,44,000,2020,0,0,621498,50.0,1241.16,74999157.0
1,621 - Ambulatory Care,01,000,2021,0,1,621493,79.0,186.83,14371249.0
1,621 - Ambulatory Care,18,000,2023,0,0,621111,2744.0,58970.0,6660193756.0
1,621 - Ambulatory Care,20,000,2019,0,0,621610,264.0,7953.08,284538971.0
1,621 - Ambulatory Care,01,000,2019,0,0,621410,16.0,88.91,3908919.0
1,621 - Ambulatory Care,18,000,2023,0,0,621991,60.0,2232.16,125646331.0
1,621 - Ambulatory Care,05,000,2023,0,0,621610,442.0,6704.58,291302531.0
1,621 - Ambulatory Care,17,000,2019,0,0,621498,172.0,3384.08,181670578.0
1,621 - Ambulatory Care,05,000,2021,0,0,621399,189.0,800.08,38557798.0
1,621 - Ambulatory Care,05,000,2023,0,0,621492,75.0,1049.58,62924007.0
1,621 - Ambulatory Care,31,000,2022,0,0,621910,38.0,681.25,38386175.0
1,621 - Ambulatory Care,12,000,2018,0,1,621399,2338.0,9024.83,456167315.0
1,621 - Ambulatory Care,38,000,2020,0,0,621399,84.0,257.0,15306405.0
1,621 - Ambulatory Care,56,000,2019,0,0,621210,246.0,1797.41,79941178.0
1,621 - Ambulatory Care,38,000,2019,0,0,621420,22.0,226.0,11166798.0
1,621 - Ambulatory Care,38,000,2018,0,0,621330,24.0,123.0,7188608.0
1,621 - Ambulatory Care,51,000,2020,0,0,621999,193.0,1800.08,159819404.0
1,621 - Ambulatory Care,12,000,2019,0,0,621320,1279.0,6781.75,314026671.0
1,621 - Ambulatory Care,12,000,2019,0,1,621610,3724.0,79540.58,3202340884.0
1,621 - Ambulatory Care,38,000,2019,0,1,621391,3.0,0.0,0.0
1,621 - Ambulatory Care,13,000,2020,0,0,621391,171.0,937.16,50326650.0
1,621 - Ambulatory Care,37,000,2020,0,0,621320,630.0,5110.58,254326756.0
1,621 - Ambulatory Care,32,000,2019,0,0,621320,280.0,1608.33,70120296.0
1,621 - Ambulatory Care,37,000,2020,0,0,621991,59.0,2461.5,112192251.0
1,621 - Ambulatory Care,32,000,2019,0,0,621999,52.0,166.83,9355648.0
1,621 - Ambulatory Care,35,000,2021,0,0,621493,57.0,807.58,46293745.0
1,621 - Ambulatory Care,06,000,2023,0,0,621420,1465.0,32144.58,1992436106.0
1,621 - Ambulatory Care,13,000,2022,0,0,621111,7767.0,109286.25,10155896987.0
1,621 - Ambulatory Care,25,000,2018,0,0,621330,377.0,3689.41,166171443.0
1,621 - Ambulatory Care,25,000,2018,0,0,621493,59.0,3366.5,359711114.0
1,621 - Ambulatory Care,47,000,2018,0,0,621493,144.0,2940.75,149932326.0
1,621 - Ambulatory Care,06,000,2021,0,1,621610,4920.0,106758.16,5070692856.0
1,621 - Ambulatory Care,06,000,2022,0,0,621310,4055.0,12715.66,505228258.0
1,621 - Ambulatory Care,06,000,2024,0,0,621420,1828.0,35550.58,2272683713.0
1,621 - Ambulatory Care,13,000,2022,0,0,621399,786.0,6725.66,476505507.0
1,621 - Ambulatory Care,34,000,2018,0,1,621910,205.0,5498.25,180539082.0
1,621 - Ambulatory Care,25,000,2020,0,0,621511,257.0,4001.25,320929757.0
1,621 - Ambulatory Care,47,000,2022,0,0,621512,132.0,1718.41,149021577.0
1,621 - Ambulatory Care,25,000,2021,0,0,621310,662.0,2149.08,96713517.0
1,621 - Ambulatory Care,25,000,2024,0,1,621910,92.0,5373.33,334585337.0
1,621 - Ambulatory Care,29,000,2019,0,0,621340,858.0,9196.66,398493026.0
1,621 - Ambulatory Care,29,000,2019,0,0,621491,5.0,24.16,2802966.0
1,621 - Ambulatory Care,50,000,2024,0,0,621410,18.0,106.91,6729892.0
1,621 - Ambulatory Care,54,000,2024,0,0,621391,27.0,135.66,13181111.0
1,621 - Ambulatory Care,08,000,2020,0,0,621320,436.0,2807.58,136229216.0
1,621 - Ambulatory Care,08,000,2022,0,0,621410,64.0,501.91,33778878.0
1,621 - Ambulatory Care,08,000,2022,0,0,621391,75.0,485.0,29319583.0
1,621 - Ambulatory Care,42,000,2023,0,0,621910,511.0,11904.33,555278080.0
1,621 - Ambulatory Care,48,000,2024,0,0,621310,2760.0,12214.33,585863705.0
1,621 - Ambulatory Care,08,000,2021,0,1,621610,554.0,22592.66,958744820.0
1,621 - Ambulatory Care,02,000,2020,0,0,621410,6.0,71.91,3125650.0
1,621 - Ambulatory Care,18,000,2020,0,0,621999,115.0,773.16,47743681.0
1,621 - Ambulatory Care,34,000,2023,0,0,621410,71.0,1128.08,106261496.0
1,621 - Ambulatory Care,78,000,2024,0,1,621391,3.0,0.0,0.0
1,621 - Ambulatory Care,02,000,2021,0,0,621511,24.0,268.58,14266885.0
1,621 - Ambulatory Care,02,000,2024,0,0,621111,332.0,8511.5,803309392.0
1,621 - Ambulatory Care,02,000,2024,0,0,621420,50.0,843.66,55940653.0
1,621 - Ambulatory Care,16,000,2023,0,0,621391,35.0,183.41,6820824.0
1,621 - Ambulatory Care,01,000,2022,0,0,621410,24.0,125.5,6397636.0
1,621 - Ambulatory Care,04,000,2021,0,1,621112,261.0,1244.41,79202531.0
1,621 - Ambulatory Care,04,000,2022,0,1,621999,320.0,4177.5,344987277.0
1,621 - Ambulatory Care,01,000,2020,0,0,621112,120.0,657.33,48536241.0
1,621 - Ambulatory Care,04,000,2018,0,1,621410,25.0,285.91,16460813.0
1,621 - Ambulatory Care,01,000,2021,0,0,621111,3169.0,42575.41,3808471394.0
1,621 - Ambulatory Care,04,000,2019,0,0,621512,129.0,2434.75,174355714.0
1,621 - Ambulatory Care,04,000,2021,0,0,621512,127.0,2554.41,224188520.0
1,621 - Ambulatory Care,01,000,2020,0,1,621910,125.0,3314.08,139941145.0
1,621 - Ambulatory Care,31,000,2021,0,0,621111,985.0,15596.75,1719046629.0
1,621 - Ambulatory Care,31,000,2021,0,1,621420,182.0,1044.0,42056862.0
1,621 - Ambulatory Care,31,000,2021,0,0,621512,39.0,302.0,37953540.0
1,621 - Ambulatory Care,26,000,2018,0,0,621410,38.0,916.41,43951011.0
1,621 - Ambulatory Care,22,000,2023,0,1,621399,649.0,1755.5,109014488.0
1,621 - Ambulatory Care,26,000,2020,0,0,621491,26.0,2795.91,205005016.0
1,621 - Ambulatory Care,31,000,2018,0,1,621420,133.0,843.75,30679846.0
1,621 - Ambulatory Care,31,000,2018,0,0,621910,40.0,949.08,39849512.0
1,621 - Ambulatory Care,31,000,2021,0,1,621610,210.0,4621.08,176498128.0
1,621 - Ambulatory Care,36,000,2018,0,1,621420,553.0,14513.41,634487643.0
1,621 - Ambulatory Care,53,000,2021,0,0,621498,116.0,6319.41,471066772.0
1,621 - Ambulatory Care,22,000,2019,0,0,621330,254.0,1342.66,38784512.0
1,621 - Ambulatory Care,30,000,2023,0,0,621340,298.0,1641.08,80982869.0
1,621 - Ambulatory Care,36,000,2019,0,1,621340,3320.0,29939.83,1295534630.0
1,621 - Ambulatory Care,40,000,2020,0,0,621310,454.0,1486.75,50711468.0
1,621 - Ambulatory Care,40,000,2020,0,1,621399,382.0,1011.91,66375528.0
1,621 - Ambulatory Care,22,000,2020,0,0,621410,14.0,126.33,6297351.0
1,621 - Ambulatory Care,36,000,2021,0,0,621210,8141.0,54179.75,3267774578.0
1,621 - Ambulatory Care,05,000,2022,0,0,621399,245.0,828.75,44528648.0
1,621 - Ambulatory Care,31,000,2024,0,0,621111,910.0,16728.0,2034054478.0
1,621 - Ambulatory Care,45,000,2018,0,0,621493,80.0,1481.66,87012895.0
1,621 - Ambulatory Care,55,000,2019,0,0,621492,112.0,1557.91,82964170.0
1,621 - Ambulatory Care,05,000,2024,0,0,621111,2353.0,28144.75,2759855641.0
1,621 - Ambulatory Care,17,000,2019,0,0,621420,284.0,6275.91,245656348.0
1,621 - Ambulatory Care,31,000,2023,0,0,621511,81.0,535.16,35533375.0
1,621 - Ambulatory Care,49,000,2021,0,0,621410,38.0,136.75,5192041.0
1,621 - Ambulatory Care,51,000,2018,0,0,621512,103.0,1479.5,104988976.0
1,621 - Ambulatory Care,51,000,2021,0,0,621410,30.0,267.75,22206540.0
1,621 - Ambulatory Care,51,000,2019,0,0,621999,162.0,1501.25,103943418.0
1,621 - Ambulatory Care,56,000,2018,0,0,621391,10.0,45.08,1867721.0
1,621 - Ambulatory Care,12,000,2022,0,0,621492,566.0,8138.83,520019758.0
1,621 - Ambulatory Care,49,000,2023,0,0,621512,68.0,520.16,53926960.0
1,621 - Ambulatory Care,56,000,2021,0,1,621340,130.0,1080.83,55283176.0
1,621 - Ambulatory Care,56,000,2021,0,1,621991,10.0,0.0,0.0
1,621 - Ambulatory Care,55,000,2020,0,0,621498,100.0,2682.41,161279686.0
1,621 - Ambulatory Care,09,000,2018,0,0,621111,2562.0,34769.75,3500356069.0
1,621 - Ambulatory Care,13,000,2019,0,0,621310,1187.0,4088.33,141877630.0
1,621 - Ambulatory Care,32,000,2019,0,0,621210,1226.0,9162.5,467415468.0
1,621 - Ambulatory Care,55,000,2021,0,0,621511,84.0,5518.91,503363092.0
1,621 - Ambulatory Care,32,000,2018,0,1,621420,103.0,887.25,34042766.0
1,621 - Ambulatory Care,13,000,2018,0,0,621399,508.0,4650.83,265812617.0
1,621 - Ambulatory Care,37,000,2019,0,0,621310,982.0,3409.08,130295505.0
1,621 - Ambulatory Care,10,000,2020,0,0,621410,6.0,117.25,8888568.0
1,621 - Ambulatory Care,19,000,2018,0,0,621493,22.0,1076.75,70002282.0
1,621 - Ambulatory Care,47,000,2020,0,1,621498,156.0,3578.5,282757066.0
1,621 - Ambulatory Care,33,000,2022,0,0,621498,50.0,577.83,44239459.0
1,621 - Ambulatory Care,13,000,2023,0,0,621420,682.0,9946.58,464597912.0
1,621 - Ambulatory Care,25,000,2018,0,0,621320,330.0,2061.41,105274878.0
1,621 - Ambulatory Care,18,000,2018,0,1,621492,169.0,0.0,0.0
1,621 - Ambulatory Care,18,000,2019,0,0,621991,55.0,2359.5,104361450.0
1,621 - Ambulatory Care,18,000,2020,0,0,621420,388.0,8950.75,387560314.0
1,621 - Ambulatory Care,47,000,2023,0,0,621410,68.0,591.58,32782811.0
1,621 - Ambulatory Care,53,000,2023,0,0,621999,63.0,687.5,57548601.0
1,621 - Ambulatory Care,23,000,2024,0,0,621420,154.0,2505.08,142787220.0
1,621 - Ambulatory Care,09,000,2024,0,0,621320,240.0,1673.5,98991194.0
1,621 - Ambulatory Care,27,000,2018,0,1,621330,324.0,4114.16,189542498.0
1,621 - Ambulatory Care,38,000,2021,0,1,621340,126.0,1055.83,52177138.0
1,621 - Ambulatory Care,39,000,2023,0,0,621112,341.0,2157.58,144954376.0
1,621 - Ambulatory Care,12,000,2023,0,0,621310,2854.0,11657.66,523646054.0
1,621 - Ambulatory Care,41,000,2020,0,1,621330,683.0,4241.66,198340312.0
1,621 - Ambulatory Care,41,000,2020,0,0,621320,258.0,1835.08,78853046.0
1,621 - Ambulatory Care,15,000,2021,0,0,621498,85.0,2426.41,174207651.0
1,621 - Ambulatory Care,10,000,2024,0,0,621310,124.0,523.25,24830907.0
1,621 - Ambulatory Care,04,000,2024,0,0,621511,492.0,8034.66,602194132.0
1,621 - Ambulatory Care,17,000,2020,0,0,621391,406.0,1703.5,84808162.0
1,621 - Ambulatory Care,21,000,2018,0,1,621492,96.0,1670.66,89173141.0
1,621 - Ambulatory Care,21,000,2021,0,1,621511,214.0,2800.16,171334289.0
1,621 - Ambulatory Care,72,000,2022,0,0,621610,86.0,2770.5,84623205.0
1,621 - Ambulatory Care,21,000,2021,0,0,621391,61.0,383.41,19895457.0
1,621 - Ambulatory Care,44,000,2018,0,0,621310,109.0,361.91,14842579.0
1,621 - Ambulatory Care,0 ,000,2022,0,1,621111,215715.0,2781651.5,290591698540.0
1,621 - Ambulatory Care,54,000,2021,0,0,621991,6.0,91.25,4426357.0
1,621 - Ambulatory Care,11,000,2024,0,0,621310,27.0,74.75,4541095.0
1,621 - Ambulatory Care,54,000,2020,0,0,621391,29.0,130.91,6313946.0
1,621 - Ambulatory Care,72,000,2024,0,0,621999,34.0,225.41,9009314.0
1,621 - Ambulatory Care,24,000,2018,0,0,621493,181.0,3768.83,293897652.0
1,621 - Ambulatory Care,72,000,2024,0,0,621111,3647.0,16287.91,584469541.0
1,621 - Ambulatory Care,26,000,2018,0,0,621492,149.0,3104.91,165721645.0
1,621 - Ambulatory Care,31,000,2018,0,1,621340,400.0,3620.91,150785620.0
1,621 - Ambulatory Care,33,000,2019,0,0,621498,38.0,488.16,31223726.0
1,621 - Ambulatory Care,33,000,2021,0,0,621492,21.0,311.41,22014919.0
1,621 - Ambulatory Care,31,000,2018,0,1,621610,142.0,3302.08,111668064.0
1,621 - Ambulatory Care,31,000,2021,0,1,621410,16.0,196.75,7549918.0
1,621 - Ambulatory Care,22,000,2023,0,1,621910,105.0,4118.91,251072404.0
1,621 - Ambulatory Care,21,000,2023,0,0,621999,382.0,1419.66,103046449.0
1,621 - Ambulatory Care,30,000,2019,0,0,621310,235.0,731.75,22307140.0
1,621 - Ambulatory Care,21,000,2022,0,0,621493,89.0,2974.08,301777110.0
1,621 - Ambulatory Care,53,000,2021,0,0,621410,49.0,692.91,38637528.0
1,621 - Ambulatory Care,32,000,2020,0,0,621491,26.0,1044.33,89421772.0
1,621 - Ambulatory Care,37,000,2021,0,0,621491,19.0,106.41,6999100.0
1,621 - Ambulatory Care,48,000,2020,0,0,621340,2496.0,29729.5,1480089464.0
1,621 - Ambulatory Care,05,000,2018,0,0,621410,19.0,110.08,3125368.0
1,621 - Ambulatory Care,05,000,2020,0,0,621493,83.0,1163.75,58101834.0
1,621 - Ambulatory Care,20,000,2024,0,1,621492,66.0,0.0,0.0
1,621 - Ambulatory Care,20,000,2021,0,0,621210,959.0,8506.25,477284029.0
1,621 - Ambulatory Care,24,000,2024,0,0,621320,223.0,2041.0,129566494.0
1,621 - Ambulatory Care,24,000,2024,0,0,621512,166.0,2621.33,226575533.0
1,621 - Ambulatory Care,45,000,2020,0,0,621991,27.0,1005.58,45774015.0
1,621 - Ambulatory Care,46,000,2021,0,0,621410,6.0,30.58,704208.0
1,621 - Ambulatory Care,46,000,2022,0,0,621498,18.0,150.41,9049162.0
1,621 - Ambulatory Care,05,000,2020,0,0,621310,345.0,1116.58,43371114.0
1,621 - Ambulatory Care,02,000,2023,0,0,621498,61.0,3208.83,275537700.0
1,621 - Ambulatory Care,02,000,2024,0,0,621391,8.0,43.16,2944007.0
1,621 - Ambulatory Care,16,000,2024,0,0,621420,174.0,1740.0,80404228.0
1,621 - Ambulatory Care,34,000,2022,0,0,621999,265.0,2011.83,177992041.0
1,621 - Ambulatory Care,01,000,2023,0,1,621512,120.0,931.5,58954682.0
1,621 - Ambulatory Care,01,000,2023,0,0,621991,57.0,1536.83,73983025.0
1,621 - Ambulatory Care,04,000,2020,0,0,621310,830.0,3179.41,134194942.0
1,621 - Ambulatory Care,01,000,2020,0,0,621111,3127.0,41201.66,3623683597.0
1,621 - Ambulatory Care,01,000,2022,0,1,621498,124.0,5079.16,619448262.0
1,621 - Ambulatory Care,01,000,2021,0,1,621491,7.0,0.0,0.0
1,621 - Ambulatory Care,01,000,2021,0,0,621610,493.0,11732.91,622016910.0
1,621 - Ambulatory Care,18,000,2023,0,0,621330,718.0,5852.33,245526558.0
1,621 - Ambulatory Care,20,000,2019,0,0,621410,12.0,113.5,5087380.0
1,621 - Ambulatory Care,44,000,2020,0,0,621999,30.0,423.0,30077754.0
1,621 - Ambulatory Care,05,000,2024,0,0,621991,32.0,782.16,41042243.0
1,621 - Ambulatory Care,17,000,2018,0,0,621511,355.0,6362.83,373918447.0
1,621 - Ambulatory Care,17,000,2019,0,0,621330,1327.0,4193.58,198360362.0
1,621 - Ambulatory Care,31,000,2022,0,0,621210,753.0,5943.91,357003307.0
1,621 - Ambulatory Care,55,000,2018,0,0,621420,173.0,2588.66,104762628.0
1,621 - Ambulatory Care,38,000,2018,0,1,621391,3.0,0.0,0.0
1,621 - Ambulatory Care,49,000,2021,0,0,621910,39.0,1366.83,68650646.0
1,621 - Ambulatory Care,51,000,2018,0,1,621111,4670.0,70830.83,6410308834.0
1,621 - Ambulatory Care,51,000,2019,0,0,621391,151.0,784.16,43757099.0
1,621 - Ambulatory Care,56,000,2020,0,1,621991,9.0,0.0,0.0
1,621 - Ambulatory Care,49,000,2020,0,0,621610,377.0,8319.41,330100108.0
1,621 - Ambulatory Care,12,000,2022,0,0,621491,209.0,5798.33,429306415.0
1,621 - Ambulatory Care,51,000,2019,0,1,621492,240.0,3359.66,184038048.0
1,621 - Ambulatory Care,51,000,2021,0,1,621491,29.0,0.0,0.0
1,621 - Ambulatory Care,51,000,2023,0,0,621391,161.0,831.16,57564669.0
1,621 - Ambulatory Care,35,000,2019,0,0,621310,200.0,672.75,22011222.0
1,621 - Ambulatory Care,37,000,2018,0,1,621340,1098.0,8913.66,387559743.0
1,621 - Ambulatory Care,37,000,2018,0,0,621999,249.0,1801.91,105184158.0
1,621 - Ambulatory Care,09,000,2019,0,0,621112,174.0,928.91,55157347.0
1,621 - Ambulatory Care,13,000,2020,0,0,621420,562.0,8192.08,318067676.0
1,621 - Ambulatory Care,35,000,2019,0,0,621330,135.0,462.66,14478666.0
1,621 - Ambulatory Care,10,000,2019,0,1,621991,3.0,0.0,0.0
1,621 - Ambulatory Care,13,000,2024,0,0,621511,1350.0,6510.41,491714155.0
1,621 - Ambulatory Care,06,000,2022,0,0,621512,1072.0,10180.25,922658515.0
1,621 - Ambulatory Care,34,000,2019,0,0,621340,1488.0,14597.25,754528800.0
1,621 - Ambulatory Care,19,000,2019,0,0,621999,75.0,575.91,49649449.0
1,621 - Ambulatory Care,25,000,2019,0,0,621112,160.0,1197.58,81541314.0
1,621 - Ambulatory Care,47,000,2019,0,0,621310,601.0,2332.08,84243181.0
1,621 - Ambulatory Care,25,000,2022,0,0,621492,88.0,2044.66,152837914.0
1,621 - Ambulatory Care,27,000,2024,0,0,621330,527.0,6720.16,395361576.0
1,621 - Ambulatory Care,29,000,2018,0,1,621498,149.0,2674.75,140329992.0
1,621 - Ambulatory Care,08,000,2018,0,0,621492,90.0,1359.83,77577324.0
1,621 - Ambulatory Care,50,000,2018,0,0,621330,43.0,504.66,17543315.0
1,621 - Ambulatory Care,23,000,2022,0,0,621492,18.0,341.16,21698289.0
1,621 - Ambulatory Care,42,000,2020,0,0,621493,482.0,9419.0,633298347.0
1,621 - Ambulatory Care,42,000,2020,0,0,621910,486.0,11811.33,443472170.0
1,621 - Ambulatory Care,23,000,2020,0,0,621391,29.0,111.91,6498086.0
1,621 - Ambulatory Care,42,000,2021,0,0,621511,536.0,7271.41,534045731.0
1,621 - Ambulatory Care,48,000,2022,0,0,621511,1551.0,18886.75,1395474862.0
1,621 - Ambulatory Care,48,000,2023,0,0,621391,343.0,2278.33,158720095.0
1,621 - Ambulatory Care,08,000,2022,0,0,621210,3056.0,20674.75,1276370843.0
1,621 - Ambulatory Care,23,000,2020,0,0,621420,132.0,2480.5,100774017.0
1,621 - Ambulatory Care,23,000,2024,0,0,621399,287.0,760.58,42274943.0
1,621 - Ambulatory Care,53,000,2023,0,1,621340,953.0,10198.75,574075952.0
1,621 - Ambulatory Care,53,000,2023,0,0,621492,127.0,3330.66,275079919.0
1,621 - Ambulatory Care,47,000,2023,0,0,621112,274.0,1230.5,83598750.0
1,621 - Ambulatory Care,53,000,2022,0,0,621210,3169.0,28421.66,1486771574.0
1,621 - Ambulatory Care,09,000,2022,0,0,621391,114.0,438.33,27122991.0
1,621 - Ambulatory Care,27,000,2022,0,0,621210,1729.0,17240.25,1191795671.0
1,621 - Ambulatory Care,12,000,2023,0,0,621320,1425.0,9291.0,503171229.0
1,621 - Ambulatory Care,0 ,000,2018,0,1,621491,2685.0,208954.0,22006847203.0
1,621 - Ambulatory Care,09,000,2023,0,0,621310,346.0,1138.66,49983364.0
1,621 - Ambulatory Care,09,000,2022,0,0,621310,349.0,1148.25,48563949.0
1,621 - Ambulatory Care,27,000,2019,0,0,621910,80.0,2604.66,136374870.0
1,621 - Ambulatory Care,27,000,2022,0,0,621492,105.0,1272.08,90634748.0
1,621 - Ambulatory Care,27,000,2023,0,0,621410,55.0,411.91,19601635.0
1,621 - Ambulatory Care,39,000,2023,0,0,621399,1382.0,4710.41,249953069.0
1,621 - Ambulatory Care,19,000,2022,0,1,621498,79.0,896.66,62725689.0
1,621 - Ambulatory Care,10,000,2023,0,0,621310,127.0,515.0,24325417.0
1,621 - Ambulatory Care,33,000,2024,0,0,621210,575.0,5320.25,442591757.0
1,621 - Ambulatory Care,13,000,2021,0,1,621910,205.0,5938.08,263330657.0
1,621 - Ambulatory Care,19,000,2018,0,1,621910,68.0,1055.16,35723680.0
1,621 - Ambulatory Care,33,000,2023,0,0,621210,575.0,5118.0,411905611.0
1,621 - Ambulatory Care,25,000,2022,0,0,621320,330.0,2141.91,133689356.0
1,621 - Ambulatory Care,29,000,2018,0,0,621210,1888.0,14972.33,803880952.0
1,621 - Ambulatory Care,51,000,2024,0,0,621210,3537.0,28675.58,2076508854.0
1,621 - Ambulatory Care,42,000,2020,0,0,621112,356.0,2621.83,199637280.0
1,621 - Ambulatory Care,42,000,2023,0,0,621111,7381.0,125809.91,15312471031.0
1,621 - Ambulatory Care,23,000,2018,0,0,621999,53.0,349.16,21887177.0
1,621 - Ambulatory Care,42,000,2022,0,0,621512,225.0,3212.66,269983639.0
1,621 - Ambulatory Care,50,000,2018,0,1,621910,32.0,0.0,0.0
1,621 - Ambulatory Care,50,000,2019,0,0,621391,10.0,24.41,823452.0
1,621 - Ambulatory Care,08,000,2022,0,0,621420,259.0,6360.41,408205647.0
1,621 - Ambulatory Care,23,000,2019,0,0,621112,33.0,69.33,3541217.0
1,621 - Ambulatory Care,23,000,2021,0,0,621112,34.0,84.5,4954563.0
1,621 - Ambulatory Care,23,000,2022,0,0,621391,29.0,102.33,6311624.0
1,621 - Ambulatory Care,48,000,2021,0,0,621511,983.0,17154.16,1206444485.0
1,621 - Ambulatory Care,50,000,2020,0,1,621410,16.0,0.0,0.0
1,621 - Ambulatory Care,08,000,2022,0,0,621399,1637.0,10041.5,463773774.0
1,621 - Ambulatory Care,50,000,2020,0,0,621112,23.0,66.41,4137644.0
1,621 - Ambulatory Care,18,000,2021,0,0,621410,42.0,332.41,16096309.0
1,621 - Ambulatory Care,23,000,2024,0,0,621111,658.0,14465.33,1502814743.0
1,621 - Ambulatory Care,41,000,2023,0,1,621910,54.0,2117.0,167685113.0
1,621 - Ambulatory Care,41,000,2024,0,1,621410,55.0,460.58,30728997.0
1,621 - Ambulatory Care,23,000,2024,0,0,621999,68.0,352.66,27620344.0
1,621 - Ambulatory Care,41,000,2023,0,0,621491,81.0,4923.66,752828351.0
1,621 - Ambulatory Care,19,000,2021,0,1,621330,249.0,953.08,44245853.0
1,621 - Ambulatory Care,15,000,2023,0,0,621999,56.0,292.33,16349830.0
1,621 - Ambulatory Care,40,000,2021,0,0,621111,2535.0,26635.25,2564468820.0
1,621 - Ambulatory Care,40,000,2021,0,0,621512,92.0,620.08,47273882.0
1,621 - Ambulatory Care,15,000,2021,0,0,621999,42.0,280.25,16564670.0
1,621 - Ambulatory Care,54,000,2023,0,0,621310,127.0,521.08,17690528.0
1,621 - Ambulatory Care,17,000,2020,0,1,621340,1462.0,19311.33,960548605.0
1,621 - Ambulatory Care,54,000,2018,0,1,621498,56.0,814.5,46754968.0
1,621 - Ambulatory Care,39,000,2019,0,1,621511,648.0,4729.91,273188524.0
1,621 - Ambulatory Care,0 ,000,2019,0,1,621492,7661.0,131447.0,7851016225.0
1,621 - Ambulatory Care,04,000,2023,0,0,621420,527.0,10544.58,625092474.0
1,621 - Ambulatory Care,54,000,2023,0,0,621330,119.0,888.58,43002651.0
1,621 - Ambulatory Care,54,000,2020,0,0,621340,295.0,2571.75,123555260.0
1,621 - Ambulatory Care,27,000,2021,0,1,621210,1723.0,16968.83,1130865405.0
1,621 - Ambulatory Care,27,000,2022,0,0,621320,342.0,3154.0,172649143.0
1,621 - Ambulatory Care,38,000,2024,0,0,621493,12.0,156.16,9974744.0
1,621 - Ambulatory Care,38,000,2021,0,0,621493,10.0,148.58,8401224.0
1,621 - Ambulatory Care,38,000,2022,0,0,621512,13.0,52.66,4830562.0
1,621 - Ambulatory Care,37,000,2023,0,0,621112,486.0,2300.58,146078460.0
1,621 - Ambulatory Care,32,000,2020,0,0,621492,64.0,1371.0,95631564.0
1,621 - Ambulatory Care,32,000,2022,0,0,621511,250.0,2367.25,169026222.0
1,621 - Ambulatory Care,32,000,2023,0,0,621910,32.0,2015.41,123598591.0
1,621 - Ambulatory Care,48,000,2018,0,0,621491,68.0,6558.16,533514164.0
1,621 - Ambulatory Care,48,000,2018,0,0,621511,919.0,14014.0,845713202.0
1,621 - Ambulatory Care,05,000,2018,0,0,621210,977.0,7370.91,366153796.0
1,621 - Ambulatory Care,05,000,2019,0,0,621399,174.0,659.0,30135940.0
1,621 - Ambulatory Care,46,000,2019,0,1,621340,156.0,973.66,43920423.0
1,621 - Ambulatory Care,05,000,2020,0,0,621991,27.0,666.75,26216220.0
1,621 - Ambulatory Care,20,000,2020,0,0,621493,55.0,1045.91,67065249.0
1,621 - Ambulatory Care,45,000,2019,0,0,621991,22.0,863.91,35647192.0
1,621 - Ambulatory Care,45,000,2021,0,0,621910,109.0,2990.0,122414701.0
1,621 - Ambulatory Care,02,000,2022,0,0,621391,8.0,53.16,3911416.0
1,621 - Ambulatory Care,02,000,2023,0,0,621512,14.0,157.75,13099361.0
1,621 - Ambulatory Care,16,000,2023,0,0,621910,57.0,763.83,53138389.0
1,621 - Ambulatory Care,16,000,2020,0,0,621410,11.0,76.0,3871416.0
1,621 - Ambulatory Care,16,000,2020,0,0,621512,38.0,522.41,46708491.0
1,621 - Ambulatory Care,02,000,2021,0,0,621610,80.0,1884.58,47572882.0
1,621 - Ambulatory Care,02,000,2022,0,0,621511,32.0,167.0,9104988.0
1,621 - Ambulatory Care,78,000,2024,0,1,621498,1.0,0.0,0.0
1,621 - Ambulatory Care,04,000,2022,0,0,621420,401.0,9890.66,596293282.0
1,621 - Ambulatory Care,44,000,2020,0,0,621410,9.0,46.0,2191591.0
1,621 - Ambulatory Care,44,000,2024,0,0,621991,12.0,412.0,25452868.0
1,621 - Ambulatory Care,04,000,2019,0,0,621112,222.0,1253.33,71774189.0
1,621 - Ambulatory Care,01,000,2020,0,1,621340,697.0,6225.25,292853684.0
1,621 - Ambulatory Care,22,000,2021,0,1,621111,3633.0,41228.08,3324049044.0
1,621 - Ambulatory Care,33,000,2020,0,1,621991,10.0,0.0,0.0
1,621 - Ambulatory Care,30,000,2023,0,0,621410,20.0,116.91,6193465.0
1,621 - Ambulatory Care,36,000,2021,0,0,621491,16.0,151.91,14579787.0
1,621 - Ambulatory Care,22,000,2020,0,1,621399,446.0,1145.5,67795128.0
1,621 - Ambulatory Care,40,000,2020,0,0,621112,89.0,517.0,24989942.0
1,621 - Ambulatory Care,21,000,2023,0,0,621991,41.0,965.5,54141440.0
1,621 - Ambulatory Care,30,000,2018,0,0,621493,24.0,399.91,22570445.0
1,621 - Ambulatory Care,22,000,2019,0,0,621310,388.0,1658.66,64392027.0
1,621 - Ambulatory Care,30,000,2018,0,0,621991,18.0,271.75,10564415.0
1,621 - Ambulatory Care,53,000,2018,0,0,621511,192.0,4599.83,289999208.0
1,621 - Ambulatory Care,53,000,2020,0,0,621330,257.0,2413.33,95585916.0
1,621 - Ambulatory Care,31,000,2024,0,0,621910,34.0,667.5,42228263.0
1,621 - Ambulatory Care,31,000,2022,0,0,621420,204.0,1057.66,44015001.0
1,621 - Ambulatory Care,31,000,2023,0,0,621410,18.0,201.91,9238224.0
1,621 - Ambulatory Care,42,000,2018,0,0,621391,473.0,2417.0,104636154.0
1,621 - Ambulatory Care,51,000,2019,0,0,621991,43.0,2201.5,143724739.0
1,621 - Ambulatory Care,12,000,2018,0,0,621310,2582.0,10118.75,392386401.0
1,621 - Ambulatory Care,49,000,2019,0,1,621330,410.0,1239.5,39440829.0
1,621 - Ambulatory Care,56,000,2019,0,0,621399,55.0,157.25,5660626.0
1,621 - Ambulatory Care,51,000,2022,0,0,621320,545.0,4228.5,243190383.0
1,621 - Ambulatory Care,56,000,2020,0,0,621399,65.0,175.25,6379167.0
1,621 - Ambulatory Care,56,000,2023,0,1,621498,36.0,545.16,34888811.0
1,621 - Ambulatory Care,49,000,2019,0,0,621610,342.0,8408.16,314540469.0
1,621 - Ambulatory Care,38,000,2020,0,0,621910,74.0,958.41,25239344.0
1,621 - Ambulatory Care,56,000,2023,0,0,621210,228.0,1839.0,92908552.0
1,621 - Ambulatory Care,13,000,2020,0,1,621498,347.0,2169.66,128096765.0
1,621 - Ambulatory Care,13,000,2019,0,0,621420,539.0,7694.83,291787883.0
1,621 - Ambulatory Care,06,000,2023,0,0,621610,5962.0,117474.41,5821410051.0
1,621 - Ambulatory Care,28,000,2022,0,0,621210,912.0,6670.33,351569327.0
1,621 - Ambulatory Care,47,000,2019,0,1,621610,597.0,21417.83,914790592.0
1,621 - Ambulatory Care,10,000,2018,0,0,621340,125.0,1482.25,73454676.0
1,621 - Ambulatory Care,47,000,2019,0,0,621330,189.0,1161.08,67786010.0
1,621 - Ambulatory Care,25,000,2024,0,0,621491,63.0,2829.58,312790533.0
1,621 - Ambulatory Care,29,000,2019,0,1,621512,104.0,648.58,37971107.0
1,621 - Ambulatory Care,51,000,2024,0,0,621340,1356.0,11590.91,612491629.0
1,621 - Ambulatory Care,50,000,2024,0,0,621330,81.0,526.33,25830399.0
1,621 - Ambulatory Care,50,000,2024,0,1,621492,8.0,0.0,0.0
1,621 - Ambulatory Care,50,000,2024,0,1,621493,8.0,0.0,0.0
1,621 - Ambulatory Care,08,000,2024,0,0,621340,1108.0,8730.91,481986313.0
1,621 - Ambulatory Care,23,000,2018,0,0,621391,27.0,118.33,6447083.0
1,621 - Ambulatory Care,23,000,2020,0,0,621498,40.0,1136.08,78918496.0
1,621 - Ambulatory Care,42,000,2024,0,0,621410,134.0,1108.75,78855722.0
1,621 - Ambulatory Care,23,000,2019,0,0,621210,436.0,3841.25,232960728.0
1,621 - Ambulatory Care,23,000,2019,0,1,621399,150.0,418.16,14436793.0
1,621 - Ambulatory Care,48,000,2024,0,1,621420,724.0,7821.16,479162951.0
1,621 - Ambulatory Care,50,000,2020,0,0,621111,280.0,5104.0,512942418.0
1,621 - Ambulatory Care,08,000,2024,0,0,621492,88.0,1242.33,91505181.0
1,621 - Ambulatory Care,42,000,2023,0,0,621511,644.0,7181.91,562372965.0
1,621 - Ambulatory Care,48,000,2024,0,1,621112,1185.0,5833.33,464454657.0
1,621 - Ambulatory Care,23,000,2020,0,0,621111,579.0,10585.83,1043701076.0
1,621 - Ambulatory Care,49,000,2018,0,0,621610,329.0,8168.16,296644314.0
1,621 - Ambulatory Care,47,000,2024,0,0,621420,431.0,8645.66,505642972.0
1,621 - Ambulatory Care,18,000,2019,0,0,621410,45.0,374.41,17393761.0
1,621 - Ambulatory Care,23,000,2023,0,0,621330,228.0,822.08,40071518.0
1,621 - Ambulatory Care,41,000,2023,0,1,621399,797.0,3686.83,202712526.0
1,621 - Ambulatory Care,53,000,2023,0,0,621420,310.0,10167.58,653980303.0
1,621 - Ambulatory Care,19,000,2024,0,0,621511,80.0,671.5,45977162.0
1,621 - Ambulatory Care,28,000,2018,0,1,621498,106.0,1430.08,73847161.0
1,621 - Ambulatory Care,10,000,2022,0,1,621991,3.0,0.0,0.0
1,621 - Ambulatory Care,28,000,2018,0,0,621310,160.0,568.0,19339842.0
1,621 - Ambulatory Care,29,000,2021,0,0,621330,359.0,1639.16,67899092.0
1,621 - Ambulatory Care,40,000,2022,0,0,621340,573.0,4987.16,216468629.0
1,621 - Ambulatory Care,15,000,2023,0,0,621991,6.0,172.91,9647190.0
1,621 - Ambulatory Care,28,000,2019,0,1,621493,74.0,911.08,35383607.0
1,621 - Ambulatory Care,29,000,2020,0,0,621420,327.0,8705.5,457852589.0
1,621 - Ambulatory Care,16,000,2018,0,0,621210,758.0,6070.58,225610567.0
1,621 - Ambulatory Care,0 ,000,2020,0,1,621492,7870.0,132924.16,8691292360.0
1,621 - Ambulatory Care,21,000,2019,0,0,621340,586.0,5818.16,266605290.0
1,621 - Ambulatory Care,0 ,000,2023,0,0,621399,35135.0,150932.41,9093674015.0
1,621 - Ambulatory Care,54,000,2020,0,0,621330,90.0,726.5,26654523.0
1,621 - Ambulatory Care,54,000,2019,0,0,621112,43.0,657.08,33850906.0
1,621 - Ambulatory Care,11,000,2024,0,1,621493,10.0,0.0,0.0
1,621 - Ambulatory Care,17,000,2024,0,0,621330,2272.0,10328.16,553437563.0
1,621 - Ambulatory Care,54,000,2021,0,0,621310,124.0,511.33,16525383.0
1,621 - Ambulatory Care,27,000,2023,0,0,621340,492.0,4199.5,236106385.0
1,621 - Ambulatory Care,27,000,2023,0,0,621493,44.0,2143.16,186242330.0
1,621 - Ambulatory Care,41,000,2020,0,0,621111,2213.0,34212.58,3181778603.0
1,621 - Ambulatory Care,09,000,2024,0,0,621391,105.0,398.16,27271980.0
1,621 - Ambulatory Care,27,000,2019,0,0,621498,86.0,628.5,44000152.0
1,621 - Ambulatory Care,27,000,2023,0,0,621320,350.0,3227.08,186565171.0
1,621 - Ambulatory Care,38,000,2023,0,0,621512,16.0,54.16,5067874.0
1,621 - Ambulatory Care,12,000,2024,0,0,621330,3742.0,13681.83,706595936.0
1,621 - Ambulatory Care,27,000,2022,0,0,621340,506.0,4388.0,238509680.0
1,621 - Ambulatory Care,36,000,2023,0,0,621210,8031.0,54215.0,3593346000.0
1,621 - Ambulatory Care,36,000,2023,0,1,621399,1697.0,5272.5,287822760.0
1,621 - Ambulatory Care,36,000,2023,0,0,621991,45.0,2006.0,192751643.0
1,621 - Ambulatory Care,06,000,2018,0,1,621420,997.0,21250.08,1024193737.0
1,621 - Ambulatory Care,37,000,2021,0,0,621391,108.0,855.66,48053051.0
1,621 - Ambulatory Care,37,000,2023,0,0,621330,1139.0,5319.08,250095657.0
1,621 - Ambulatory Care,06,000,2020,0,0,621391,640.0,2436.75,136559330.0
1,621 - Ambulatory Care,37,000,2023,0,0,621999,385.0,1794.08,149795797.0
1,621 - Ambulatory Care,20,000,2022,0,0,621112,68.0,310.75,23978885.0
1,621 - Ambulatory Care,20,000,2024,0,0,621410,19.0,154.75,8142036.0
1,621 - Ambulatory Care,20,000,2024,0,0,621999,113.0,551.83,45449873.0
1,621 - Ambulatory Care,46,000,2020,0,0,621512,18.0,120.25,8222461.0
1,621 - Ambulatory Care,20,000,2020,0,0,621511,166.0,3996.5,248248364.0
1,621 - Ambulatory Care,45,000,2019,0,1,621340,458.0,4595.33,212876152.0
1,621 - Ambulatory Care,46,000,2018,0,0,621420,33.0,519.33,20202241.0
1,621 - Ambulatory Care,45,000,2019,0,0,621310,603.0,2169.83,70395911.0
1,621 - Ambulatory Care,45,000,2019,0,1,621410,19.0,123.25,5605863.0
1,621 - Ambulatory Care,45,000,2020,0,0,621320,268.0,1724.75,70897650.0
1,621 - Ambulatory Care,45,000,2023,0,0,621491,21.0,228.08,17874152.0
1,621 - Ambulatory Care,46,000,2021,0,0,621112,15.0,57.91,3216590.0
1,621 - Ambulatory Care,02,000,2022,0,0,621910,20.0,408.33,44745041.0
1,621 - Ambulatory Care,46,000,2024,0,0,621210,308.0,3269.16,240252462.0
1,621 - Ambulatory Care,78,000,2021,0,1,621320,3.0,0.0,0.0
1,621 - Ambulatory Care,78,000,2021,0,1,621910,2.0,0.0,0.0
1,621 - Ambulatory Care,78,000,2024,0,0,621610,11.0,129.58,4202722.0
1,621 - Ambulatory Care,02,000,2021,0,0,621210,286.0,2432.16,127055005.0
1,621 - Ambulatory Care,02,000,2024,0,0,621493,37.0,1009.5,93343022.0
1,621 - Ambulatory Care,16,000,2021,0,0,621420,116.0,1439.16,51265893.0
1,621 - Ambulatory Care,04,000,2019,0,1,621498,108.0,2802.5,174773990.0
1,621 - Ambulatory Care,18,000,2022,0,0,621420,408.0,9128.25,431076014.0
1,621 - Ambulatory Care,20,000,2019,0,0,621498,94.0,2208.75,122246527.0
1,621 - Ambulatory Care,01,000,2019,0,0,621310,424.0,1561.41,52495201.0
1,621 - Ambulatory Care,01,000,2020,0,1,621512,93.0,616.16,36960542.0
1,621 - Ambulatory Care,04,000,2021,0,0,621491,45.0,6260.0,534346532.0
1,621 - Ambulatory Care,16,000,2023,0,0,621493,82.0,3454.66,188377028.0
1,621 - Ambulatory Care,34,000,2023,0,0,621420,398.0,8256.25,450006519.0
1,621 - Ambulatory Care,34,000,2022,0,0,621492,227.0,3698.5,285915479.0
1,621 - Ambulatory Care,01,000,2022,0,1,621493,77.0,175.25,13214561.0
1,621 - Ambulatory Care,01,000,2024,0,1,621340,857.0,7994.91,392007434.0
1,621 - Ambulatory Care,04,000,2022,0,0,621512,146.0,2855.41,268790209.0
1,621 - Ambulatory Care,01,000,2020,0,0,621511,422.0,2801.16,146791726.0
1,621 - Ambulatory Care,18,000,2023,0,0,621391,107.0,612.08,34453018.0
1,621 - Ambulatory Care,18,000,2022,0,0,621399,398.0,1092.58,60221952.0
1,621 - Ambulatory Care,20,000,2019,0,0,621340,264.0,3662.08,146389322.0
1,621 - Ambulatory Care,31,000,2024,0,0,621991,25.0,723.75,38665994.0
1,621 - Ambulatory Care,05,000,2021,0,0,621340,685.0,5410.16,246961347.0
1,621 - Ambulatory Care,55,000,2019,0,0,621511,82.0,4054.66,507063917.0
1,621 - Ambulatory Care,01,000,2018,0,0,621991,44.0,1228.33,50595502.0
1,621 - Ambulatory Care,56,000,2020,0,0,621410,12.0,52.16,1509233.0
1,621 - Ambulatory Care,15,000,2018,0,0,621391,22.0,56.0,2536629.0
1,621 - Ambulatory Care,13,000,2018,0,1,621910,169.0,6196.58,234844505.0
1,621 - Ambulatory Care,35,000,2023,0,0,621420,85.0,1262.83,69095505.0
1,621 - Ambulatory Care,32,000,2018,0,0,621210,1189.0,8730.08,448524241.0
1,621 - Ambulatory Care,35,000,2020,0,1,621399,279.0,627.41,29413481.0
1,621 - Ambulatory Care,47,000,2021,0,0,621320,446.0,3200.16,157503636.0
1,621 - Ambulatory Care,25,000,2020,0,0,621512,92.0,1606.33,133274763.0
1,621 - Ambulatory Care,33,000,2024,0,0,621410,15.0,93.91,4357829.0
1,621 - Ambulatory Care,47,000,2018,0,1,621498,179.0,3198.75,329410377.0
1,621 - Ambulatory Care,47,000,2020,0,1,621493,157.0,0.0,0.0
1,621 - Ambulatory Care,28,000,2021,0,0,621493,75.0,1017.25,44807699.0
1,621 - Ambulatory Care,19,000,2019,0,1,621910,70.0,1006.5,36255662.0
1,621 - Ambulatory Care,33,000,2023,0,0,621399,177.0,648.75,40966011.0
1,621 - Ambulatory Care,19,000,2019,0,0,621610,295.0,7007.91,284232812.0
1,621 - Ambulatory Care,10,000,2018,0,0,621330,53.0,190.41,7933965.0
1,621 - Ambulatory Care,25,000,2021,0,0,621210,3083.0,24716.58,1660774738.0
1,621 - Ambulatory Care,29,000,2018,0,1,621399,288.0,1695.41,63210762.0
1,621 - Ambulatory Care,41,000,2023,0,0,621991,40.0,917.41,50118309.0
1,621 - Ambulatory Care,02,000,2020,0,0,621512,16.0,146.16,11649343.0
1,621 - Ambulatory Care,18,000,2021,0,1,621492,174.0,0.0,0.0
1,621 - Ambulatory Care,02,000,2018,0,0,621399,79.0,456.16,19638533.0
1,621 - Ambulatory Care,41,000,2024,0,1,621210,1933.0,15998.66,1097530247.0
1,621 - Ambulatory Care,38,000,2023,0,0,621320,74.0,748.16,46883426.0
1,621 - Ambulatory Care,15,000,2019,0,0,621512,18.0,119.83,7493954.0
1,621 - Ambulatory Care,15,000,2024,0,0,621512,19.0,143.58,12762896.0
1,621 - Ambulatory Care,29,000,2020,0,0,621340,904.0,8461.33,400749921.0
1,621 - Ambulatory Care,29,000,2023,0,0,621391,97.0,471.66,28877130.0
1,621 - Ambulatory Care,10,000,2023,0,0,621511,80.0,504.33,28178596.0
1,621 - Ambulatory Care,17,000,2021,0,0,621420,392.0,7449.0,348284773.0
1,621 - Ambulatory Care,17,000,2021,0,0,621310,1815.0,6663.08,257961277.0
1,621 - Ambulatory Care,21,000,2018,0,0,621399,304.0,1382.0,70828517.0
1,621 - Ambulatory Care,54,000,2019,0,0,621999,73.0,452.75,20543154.0
1,621 - Ambulatory Care,54,000,2020,0,1,621498,54.0,761.16,43783188.0
1,621 - Ambulatory Care,22,000,2024,0,0,621610,732.0,20031.5,817183558.0
1,621 - Ambulatory Care,31,000,2020,0,0,621111,952.0,15085.25,1625987292.0
1,621 - Ambulatory Care,22,000,2019,0,1,621493,133.0,2021.83,99765851.0
1,621 - Ambulatory Care,30,000,2019,0,0,621610,104.0,3105.41,90843313.0
1,621 - Ambulatory Care,30,000,2024,0,0,621491,4.0,12.0,865568.0
1,621 - Ambulatory Care,22,000,2019,0,0,621991,39.0,1092.25,48720854.0
1,621 - Ambulatory Care,30,000,2021,0,0,621391,22.0,106.91,5088699.0
1,621 - Ambulatory Care,36,000,2020,0,0,621511,789.0,10095.08,769309867.0
1,621 - Ambulatory Care,36,000,2018,0,0,621493,307.0,8428.58,538984146.0
1,621 - Ambulatory Care,40,000,2020,0,1,621420,202.0,4041.16,177252301.0
1,621 - Ambulatory Care,06,000,2020,0,1,621420,1142.0,25871.25,1394101041.0
1,621 - Ambulatory Care,32,000,2021,0,0,621910,30.0,1819.16,104410762.0
1,621 - Ambulatory Care,45,000,2023,0,0,621320,250.0,1745.58,84248107.0
1,621 - Ambulatory Care,05,000,2020,0,0,621610,279.0,6641.58,266655614.0
1,621 - Ambulatory Care,20,000,2022,0,0,621410,16.0,119.16,6302619.0
1,621 - Ambulatory Care,45,000,2021,0,0,621999,294.0,1377.0,90736944.0
1,621 - Ambulatory Care,46,000,2019,0,0,621610,80.0,1964.5,65735587.0
1,621 - Ambulatory Care,05,000,2018,0,0,621512,44.0,219.58,20039086.0
1,621 - Ambulatory Care,02,000,2021,0,0,621410,6.0,76.91,3228885.0
1,621 - Ambulatory Care,78,000,2023,0,1,621910,5.0,0.0,0.0
1,621 - Ambulatory Care,56,000,2024,0,0,621320,61.0,486.91,24081044.0
1,621 - Ambulatory Care,01,000,2020,0,0,621320,351.0,2130.16,91276322.0
1,621 - Ambulatory Care,44,000,2021,0,1,621999,32.0,0.0,0.0
1,621 - Ambulatory Care,01,000,2019,0,0,621320,355.0,2189.0,90562425.0
1,621 - Ambulatory Care,20,000,2018,0,1,621910,31.0,753.25,32168959.0
1,621 - Ambulatory Care,01,000,2020,0,1,621420,145.0,1745.08,77628021.0
1,621 - Ambulatory Care,18,000,2023,0,1,621492,169.0,0.0,0.0
1,621 - Ambulatory Care,55,000,2018,0,0,621910,170.0,3509.91,96819311.0
1,621 - Ambulatory Care,12,000,2018,0,1,621498,608.0,13473.58,718913648.0
1,621 - Ambulatory Care,49,000,2023,0,0,621999,171.0,925.58,77331836.0
1,621 - Ambulatory Care,56,000,2021,0,0,621511,30.0,117.5,8579696.0
1,621 - Ambulatory Care,51,000,2018,0,0,621310,706.0,2771.0,107522351.0
1,621 - Ambulatory Care,55,000,2022,0,0,621420,204.0,2825.91,143132739.0
1,621 - Ambulatory Care,13,000,2020,0,1,621210,3640.0,26580.25,1454083898.0
1,621 - Ambulatory Care,32,000,2019,0,0,621512,82.0,2281.25,149659002.0
1,621 - Ambulatory Care,55,000,2024,0,0,621310,1068.0,4157.75,177328626.0
1,621 - Ambulatory Care,34,000,2019,0,1,621493,313.0,8030.58,521645481.0
1,621 - Ambulatory Care,13,000,2021,0,0,621340,1152.0,10720.16,523898274.0
1,621 - Ambulatory Care,28,000,2022,0,0,621991,22.0,610.83,27423477.0
1,621 - Ambulatory Care,25,000,2018,0,0,621340,809.0,9741.25,436354680.0
1,621 - Ambulatory Care,47,000,2023,0,0,621310,648.0,2680.25,115860748.0
1,621 - Ambulatory Care,41,000,2024,0,0,621512,79.0,855.25,78324502.0
1,621 - Ambulatory Care,41,000,2020,0,0,621391,74.0,334.58,15599928.0
1,621 - Ambulatory Care,09,000,2024,0,1,621492,68.0,0.0,0.0
1,621 - Ambulatory Care,38,000,2023,0,0,621410,9.0,54.0,2136848.0
1,621 - Ambulatory Care,27,000,2023,0,1,621498,88.0,0.0,0.0
1,621 - Ambulatory Care,36,000,2022,0,0,621991,41.0,1689.75,160036589.0
1,621 - Ambulatory Care,15,000,2022,0,0,621511,45.0,1699.5,114009055.0
1,621 - Ambulatory Care,19,000,2021,0,0,621991,40.0,1625.33,75436915.0
1,621 - Ambulatory Care,19,000,2022,0,1,621610,278.0,6220.66,303329795.0
1,621 - Ambulatory Care,11,000,2022,0,0,621420,43.0,1453.66,87279825.0
1,621 - Ambulatory Care,39,000,2018,0,0,621210,3983.0,32241.58,1619101140.0
1,621 - Ambulatory Care,54,000,2023,0,0,621340,324.0,2545.58,137065052.0
1,621 - Ambulatory Care,17,000,2024,0,0,621111,5552.0,92269.83,9965699114.0
1,621 - Ambulatory Care,54,000,2019,0,0,621910,107.0,2690.66,104372656.0
1,621 - Ambulatory Care,22,000,2023,0,1,621420,297.0,2321.08,94821835.0
1,621 - Ambulatory Care,26,000,2018,0,0,621493,177.0,3273.16,212821420.0
1,621 - Ambulatory Care,26,000,2019,0,0,621498,143.0,3812.83,207909695.0
1,621 - Ambulatory Care,31,000,2021,0,0,621112,102.0,647.58,58132588.0
1,621 - Ambulatory Care,53,000,2018,0,1,621340,782.0,9419.5,432089024.0
1,621 - Ambulatory Care,30,000,2022,0,0,621991,23.0,234.33,13780281.0
1,621 - Ambulatory Care,30,000,2020,0,0,621310,238.0,720.0,23238417.0
1,621 - Ambulatory Care,30,000,2018,0,1,621491,1.0,0.0,0.0
1,621 - Ambulatory Care,06,000,2020,0,1,621498,1199.0,33775.41,2235670725.0
1,621 - Ambulatory Care,32,000,2023,0,0,621399,371.0,1295.91,89534730.0
1,621 - Ambulatory Care,37,000,2021,0,0,621112,422.0,2162.16,128878074.0
1,621 - Ambulatory Care,48,000,2018,0,0,621493,928.0,16820.58,984733474.0
1,621 - Ambulatory Care,06,000,2018,0,1,621340,3430.0,39013.66,1737596882.0
1,621 - Ambulatory Care,32,000,2021,0,0,621320,305.0,1772.66,81804061.0
1,621 - Ambulatory Care,06,000,2018,0,0,621320,2765.0,15769.5,649754245.0
1,621 - Ambulatory Care,45,000,2023,0,1,621410,30.0,184.5,8557095.0
1,621 - Ambulatory Care,24,000,2023,0,0,621399,484.0,2386.33,186376001.0
1,621 - Ambulatory Care,24,000,2020,0,0,621112,312.0,1992.91,144673783.0
1,621 - Ambulatory Care,24,000,2024,0,0,621111,4211.0,55786.66,6098006302.0
1,621 - Ambulatory Care,02,000,2024,0,0,621610,72.0,1776.83,54788767.0
1,621 - Ambulatory Care,16,000,2020,0,1,621493,58.0,2483.16,116203384.0
1,621 - Ambulatory Care,34,000,2021,0,0,621991,18.0,1230.91,112044347.0
1,621 - Ambulatory Care,02,000,2023,0,0,621310,141.0,802.0,35820094.0
1,621 - Ambulatory Care,16,000,2023,0,0,621498,79.0,683.0,43711062.0
1,621 - Ambulatory Care,78,000,2021,0,1,621410,2.0,0.0,0.0
1,621 - Ambulatory Care,02,000,2022,0,1,621492,4.0,0.0,0.0
1,621 - Ambulatory Care,02,000,2023,0,0,621511,43.0,161.33,8909834.0
1,621 - Ambulatory Care,46,000,2023,0,0,621330,80.0,376.0,18156906.0
1,621 - Ambulatory Care,46,000,2024,0,0,621112,33.0,93.25,5783385.0
1,621 - Ambulatory Care,01,000,2023,0,0,621493,78.0,2335.66,162242032.0
1,621 - Ambulatory Care,44,000,2021,0,0,621330,162.0,888.58,35612496.0
1,621 - Ambulatory Care,17,000,2018,0,0,621420,254.0,6063.41,226246958.0
1,621 - Ambulatory Care,05,000,2021,0,0,621330,289.0,1032.25,41909446.0
1,621 - Ambulatory Care,31,000,2024,0,0,621330,504.0,1873.16,85176252.0
1,621 - Ambulatory Care,09,000,2020,0,0,621511,173.0,1925.16,114795600.0
1,621 - Ambulatory Care,35,000,2019,0,1,621420,82.0,1097.83,47443135.0
1,621 - Ambulatory Care,09,000,2018,0,0,621310,373.0,1231.16,41171360.0
1,621 - Ambulatory Care,47,000,2020,0,0,621210,2161.0,16649.16,898288117.0
1,621 - Ambulatory Care,47,000,2020,0,0,621999,213.0,1601.16,114523505.0
1,621 - Ambulatory Care,47,000,2022,0,0,621999,249.0,1609.75,168112257.0
1,621 - Ambulatory Care,33,000,2023,0,0,621330,156.0,730.91,36926370.0
1,621 - Ambulatory Care,34,000,2020,0,0,621410,61.0,919.25,69856794.0
1,621 - Ambulatory Care,41,000,2023,0,0,621112,132.0,440.41,33911546.0
1,621 - Ambulatory Care,53,000,2022,0,0,621320,466.0,3389.58,145726865.0
1,621 - Ambulatory Care,53,000,2023,0,0,621320,442.0,3463.0,161887547.0
1,621 - Ambulatory Care,41,000,2022,0,0,621111,2279.0,35672.66,3489942334.0
1,621 - Ambulatory Care,47,000,2023,0,0,621340,802.0,8635.83,420941436.0
1,621 - Ambulatory Care,53,000,2024,0,0,621399,1313.0,5959.83,278820150.0
1,621 - Ambulatory Care,18,000,2021,0,0,621320,523.0,4235.83,193128356.0
1,621 - Ambulatory Care,23,000,2024,0,0,621391,24.0,94.91,6591378.0
1,621 - Ambulatory Care,08,000,2021,0,1,621999,221.0,1083.0,86452115.0
1,621 - Ambulatory Care,08,000,2023,0,0,621210,3104.0,21169.5,1363702756.0
1,621 - Ambulatory Care,42,000,2020,0,0,621512,231.0,3314.66,256870781.0
1,621 - Ambulatory Care,48,000,2021,0,1,621210,11734.0,81847.58,4573205544.0
1,621 - Ambulatory Care,48,000,2024,0,1,621410,294.0,2014.16,129083475.0
1,621 - Ambulatory Care,49,000,2018,0,0,621512,47.0,262.08,22309768.0
1,621 - Ambulatory Care,41,000,2019,0,1,621910,46.0,2249.41,126840204.0
1,621 - Ambulatory Care,36,000,2024,0,1,621420,762.0,16929.25,1007513639.0
1,621 - Ambulatory Care,19,000,2021,0,0,621399,165.0,510.0,30087499.0
1,621 - Ambulatory Care,40,000,2024,0,0,621112,98.0,444.5,27110158.0
1,621 - Ambulatory Care,15,000,2019,0,1,621493,36.0,620.91,58897265.0
1,621 - Ambulatory Care,10,000,2023,0,1,621210,285.0,2881.25,230127179.0
1,621 - Ambulatory Care,04,000,2024,0,1,621112,372.0,3100.91,270577871.0
1,621 - Ambulatory Care,16,000,2018,0,0,621512,27.0,330.58,28389032.0
1,621 - Ambulatory Care,17,000,2024,0,1,621399,1133.0,4654.33,296520627.0
1,621 - Ambulatory Care,16,000,2019,0,0,621391,33.0,160.66,4998279.0
1,621 - Ambulatory Care,22,000,2023,0,1,621491,11.0,0.0,0.0
1,621 - Ambulatory Care,31,000,2021,0,0,621493,73.0,1123.91,77057530.0
1,621 - Ambulatory Care,33,000,2018,0,0,621210,589.0,4789.91,319254511.0
1,621 - Ambulatory Care,33,000,2020,0,1,621999,57.0,0.0,0.0
1,621 - Ambulatory Care,21,000,2024,0,1,621511,466.0,2839.33,191247786.0
1,621 - Ambulatory Care,30,000,2024,0,0,621340,284.0,1547.5,78763511.0
1,621 - Ambulatory Care,36,000,2018,0,1,621498,384.0,15308.58,1048948972.0
1,621 - Ambulatory Care,22,000,2019,0,1,621420,237.0,3153.75,118483379.0
1,621 - Ambulatory Care,30,000,2022,0,0,621391,22.0,109.25,5013371.0
1,621 - Ambulatory Care,30,000,2022,0,0,621999,70.0,249.5,15515489.0
1,621 - Ambulatory Care,06,000,2019,0,0,621491,1638.0,127053.66,15560389823.0
1,621 - Ambulatory Care,48,000,2020,0,1,621210,11579.0,73338.08,3891753919.0
1,621 - Ambulatory Care,37,000,2021,0,1,621498,194.0,2882.75,164368922.0
1,621 - Ambulatory Care,20,000,2022,0,0,621512,53.0,381.0,31425596.0
1,621 - Ambulatory Care,20,000,2024,0,0,621512,60.0,395.16,34543550.0
1,621 - Ambulatory Care,45,000,2019,0,0,621320,269.0,1840.41,72810762.0
1,621 - Ambulatory Care,46,000,2023,0,0,621112,29.0,86.91,5014250.0
1,621 - Ambulatory Care,02,000,2022,0,0,621420,46.0,757.33,46107166.0
1,621 - Ambulatory Care,34,000,2024,0,0,621910,186.0,4161.91,190820646.0
1,621 - Ambulatory Care,04,000,2018,0,0,621391,139.0,601.91,30391271.0
1,621 - Ambulatory Care,04,000,2019,0,0,621310,831.0,3054.83,114409281.0
1,621 - Ambulatory Care,01,000,2019,0,0,621391,95.0,431.75,17590625.0
1,621 - Ambulatory Care,42,000,2018,0,0,621330,649.0,5798.41,222461824.0
1,621 - Ambulatory Care,17,000,2018,0,1,621610,1176.0,43950.83,1348618711.0
1,621 - Ambulatory Care,45,000,2018,0,0,621310,586.0,2254.0,74001644.0
1,621 - Ambulatory Care,55,000,2019,0,1,621111,1920.0,49757.5,5496610223.0
1,621 - Ambulatory Care,38,000,2018,0,1,621399,91.0,0.0,0.0
1,621 - Ambulatory Care,56,000,2018,0,1,621610,61.0,627.58,23248329.0
1,621 - Ambulatory Care,49,000,2019,0,0,621420,113.0,1604.58,57262593.0
1,621 - Ambulatory Care,12,000,2018,0,1,621910,142.0,5982.16,221172215.0
1,621 - Ambulatory Care,12,000,2021,0,0,621991,230.0,5969.41,345756266.0
1,621 - Ambulatory Care,15,000,2019,0,0,621320,115.0,605.25,26482883.0
1,621 - Ambulatory Care,51,000,2020,0,0,621310,696.0,2714.91,112993831.0
1,621 - Ambulatory Care,56,000,2020,0,0,621111,332.0,3657.83,331051941.0
1,621 - Ambulatory Care,37,000,2018,0,0,621498,162.0,2613.91,128979333.0
1,621 - Ambulatory Care,55,000,2022,0,0,621991,57.0,2283.25,112506270.0
1,621 - Ambulatory Care,35,000,2018,0,0,621910,56.0,1355.33,66594984.0
1,621 - Ambulatory Care,25,000,2020,0,0,621991,24.0,800.0,61848603.0
1,621 - Ambulatory Care,13,000,2022,0,0,621512,197.0,1695.41,104940520.0
1,621 - Ambulatory Care,28,000,2020,0,0,621310,166.0,572.33,20813875.0
1,621 - Ambulatory Care,10,000,2018,0,1,621420,22.0,521.16,20556413.0
1,621 - Ambulatory Care,13,000,2023,0,0,621399,863.0,7941.5,596832681.0
1,621 - Ambulatory Care,19,000,2019,0,0,621391,60.0,285.83,14470613.0
1,621 - Ambulatory Care,28,000,2022,0,0,621410,8.0,47.33,1792873.0
1,621 - Ambulatory Care,13,000,2021,0,0,621511,1158.0,6510.66,445092178.0
1,621 - Ambulatory Care,13,000,2021,0,0,621512,178.0,1573.0,99469157.0
1,621 - Ambulatory Care,34,000,2019,0,0,621492,210.0,3865.33,255985655.0
1,621 - Ambulatory Care,06,000,2021,0,1,621420,1240.0,26683.16,1506018241.0
1,621 - Ambulatory Care,10,000,2020,0,1,621420,19.0,529.75,24189737.0
1,621 - Ambulatory Care,27,000,2024,0,1,621498,89.0,0.0,0.0
1,621 - Ambulatory Care,29,000,2019,0,0,621610,795.0,19683.41,618479007.0
1,621 - Ambulatory Care,41,000,2023,0,1,621420,258.0,3012.16,184669285.0
1,621 - Ambulatory Care,53,000,2022,0,0,621493,56.0,1855.0,185415985.0
1,621 - Ambulatory Care,48,000,2022,0,0,621991,245.0,10707.5,576477536.0
1,621 - Ambulatory Care,08,000,2021,0,0,621340,938.0,7921.5,374658837.0
1,621 - Ambulatory Care,48,000,2023,0,0,621492,915.0,13834.5,986265748.0
1,621 - Ambulatory Care,23,000,2021,0,0,621391,30.0,112.08,7150762.0
1,621 - Ambulatory Care,39,000,2023,0,0,621420,748.0,18547.83,960438145.0
1,621 - Ambulatory Care,10,000,2024,0,1,621420,43.0,866.16,46682233.0
1,621 - Ambulatory Care,10,000,2024,0,0,621511,86.0,502.08,30113495.0
1,621 - Ambulatory Care,10,000,2023,0,0,621410,11.0,118.41,10594297.0
1,621 - Ambulatory Care,28,000,2018,0,0,621492,83.0,1460.08,70080550.0
1,621 - Ambulatory Care,19,000,2024,0,0,621391,60.0,279.91,17060906.0
1,621 - Ambulatory Care,28,000,2018,0,1,621330,112.0,491.41,16609328.0
1,621 - Ambulatory Care,72,000,2022,0,0,621991,16.0,163.41,7863740.0
1,621 - Ambulatory Care,0 ,000,2021,0,1,621491,2819.0,201247.83,24154454702.0
1,621 - Ambulatory Care,16,000,2019,0,0,621330,111.0,1233.58,34297386.0
1,621 - Ambulatory Care,72,000,2022,0,0,621399,41.0,190.33,5327678.0
1,621 - Ambulatory Care,72,000,2022,0,0,621498,65.0,2619.33,95202797.0
1,621 - Ambulatory Care,24,000,2018,0,0,621511,576.0,3631.41,220628577.0
1,621 - Ambulatory Care,0 ,000,2024,0,1,621330,46459.0,251401.25,12501992915.0
1,621 - Ambulatory Care,54,000,2019,0,0,621330,84.0,676.5,23300530.0
1,621 - Ambulatory Care,31,000,2018,0,0,621111,949.0,15016.41,1529778793.0
1,621 - Ambulatory Care,21,000,2022,0,0,621410,23.0,134.66,6030577.0
1,621 - Ambulatory Care,22,000,2018,0,0,621991,37.0,1012.5,44700172.0
1,621 - Ambulatory Care,30,000,2018,0,0,621399,180.0,564.5,20576347.0
1,621 - Ambulatory Care,40,000,2018,0,1,621410,10.0,33.0,1355256.0
1,621 - Ambulatory Care,30,000,2024,0,0,621330,426.0,1241.91,77441012.0
1,621 - Ambulatory Care,36,000,2018,0,1,621111,15197.0,159551.75,14117916250.0
1,621 - Ambulatory Care,22,000,2018,0,0,621330,243.0,1147.58,32424049.0
1,621 - Ambulatory Care,48,000,2019,0,0,621310,2452.0,10007.16,381038718.0
1,621 - Ambulatory Care,37,000,2022,0,0,621491,20.0,130.25,9454974.0
1,621 - Ambulatory Care,37,000,2023,0,0,621492,286.0,4912.0,320139693.0
1,621 - Ambulatory Care,05,000,2018,0,0,621910,108.0,2454.75,112668668.0
1,621 - Ambulatory Care,24,000,2020,0,0,621340,981.0,7310.75,365563691.0
1,621 - Ambulatory Care,46,000,2020,0,1,621330,61.0,0.0,0.0
1,621 - Ambulatory Care,20,000,2022,0,0,621420,156.0,3505.75,149101471.0
1,621 - Ambulatory Care,45,000,2023,0,0,621999,379.0,1456.41,121400620.0
1,621 - Ambulatory Care,46,000,2018,0,1,621492,9.0,0.0,0.0
1,621 - Ambulatory Care,46,000,2023,0,0,621512,18.0,141.91,11070072.0
1,621 - Ambulatory Care,78,000,2022,0,1,621910,4.0,0.0,0.0
1,621 - Ambulatory Care,01,000,2020,0,0,621310,431.0,1531.41,53871637.0
1,621 - Ambulatory Care,01,000,2024,0,0,621310,468.0,1875.41,75473380.0
1,621 - Ambulatory Care,04,000,2020,0,0,621210,2517.0,18678.41,974662515.0
1,621 - Ambulatory Care,44,000,2022,0,0,621410,16.0,62.41,3679046.0
1,621 - Ambulatory Care,44,000,2024,0,0,621399,110.0,314.25,16491048.0
1,621 - Ambulatory Care,20,000,2019,0,0,621391,44.0,230.16,9734431.0
1,621 - Ambulatory Care,44,000,2021,0,0,621112,38.0,112.33,7726516.0
1,621 - Ambulatory Care,44,000,2024,0,0,621340,198.0,1963.5,100164693.0
1,621 - Ambulatory Care,17,000,2018,0,1,621910,169.0,7185.16,267676284.0
1,621 - Ambulatory Care,55,000,2019,0,0,621210,1895.0,18245.08,1090910306.0
1,621 - Ambulatory Care,17,000,2018,0,0,621512,186.0,1883.16,121687256.0
1,621 - Ambulatory Care,56,000,2022,0,0,621399,73.0,184.08,7627691.0
1,621 - Ambulatory Care,51,000,2019,0,0,621340,1135.0,10008.58,482755871.0
1,621 - Ambulatory Care,12,000,2019,0,0,621492,548.0,8328.66,472054564.0
1,621 - Ambulatory Care,49,000,2021,0,1,621493,53.0,725.16,34639522.0
1,621 - Ambulatory Care,49,000,2022,0,0,621493,56.0,779.91,42468018.0
1,621 - Ambulatory Care,55,000,2024,0,0,621391,49.0,286.75,25357555.0
1,621 - Ambulatory Care,35,000,2020,0,1,621511,119.0,1937.33,107624599.0
1,621 - Ambulatory Care,26,000,2023,0,0,621991,48.0,3062.91,163793400.0
1,621 - Ambulatory Care,10,000,2018,0,0,621492,23.0,426.41,24451355.0
1,621 - Ambulatory Care,13,000,2023,0,0,621410,64.0,717.75,38783105.0
1,621 - Ambulatory Care,47,000,2021,0,0,621330,278.0,1844.0,92131145.0
1,621 - Ambulatory Care,06,000,2024,0,0,621512,974.0,10400.08,929954633.0
1,621 - Ambulatory Care,29,000,2018,0,0,621112,153.0,854.66,50607203.0
1,621 - Ambulatory Care,27,000,2024,0,0,621410,59.0,432.0,20083955.0
1,621 - Ambulatory Care,18,000,2021,0,0,621210,2184.0,19492.75,1132456158.0
1,621 - Ambulatory Care,02,000,2020,0,0,621111,399.0,8550.08,687410302.0
1,621 - Ambulatory Care,47,000,2023,0,0,621910,171.0,3699.0,215318079.0
1,621 - Ambulatory Care,18,000,2020,0,1,621111,2534.0,55270.33,5626121562.0
1,621 - Ambulatory Care,41,000,2022,0,0,621493,108.0,2001.91,126671583.0
1,621 - Ambulatory Care,08,000,2019,0,0,621340,805.0,7416.5,325209463.0
1,621 - Ambulatory Care,42,000,2024,0,1,621498,569.0,14037.75,1668162687.0
1,621 - Ambulatory Care,42,000,2024,0,0,621330,1461.0,9776.33,487172397.0
1,621 - Ambulatory Care,48,000,2022,0,1,621112,997.0,4880.91,406176646.0
1,621 - Ambulatory Care,48,000,2023,0,1,621420,634.0,7458.66,439489196.0
1,621 - Ambulatory Care,42,000,2021,0,0,621330,926.0,6480.41,286527965.0
1,621 - Ambulatory Care,0 ,000,2018,0,0,621410,1962.0,22943.16,1094243379.0
1,621 - Ambulatory Care,39,000,2024,0,0,621512,181.0,1774.58,158472136.0
1,621 - Ambulatory Care,38,000,2024,0,0,621511,26.0,175.91,10135145.0
1,621 - Ambulatory Care,38,000,2022,0,0,621991,13.0,303.5,16846303.0
1,621 - Ambulatory Care,15,000,2023,0,0,621320,122.0,595.16,28943271.0
1,621 - Ambulatory Care,15,000,2022,0,1,621491,29.0,0.0,0.0
1,621 - Ambulatory Care,19,000,2020,0,0,621320,352.0,2004.16,86746827.0
1,621 - Ambulatory Care,19,000,2024,0,0,621491,6.0,29.08,2759974.0
1,621 - Ambulatory Care,15,000,2024,0,0,621310,139.0,407.58,20210783.0
1,621 - Ambulatory Care,11,000,2020,0,0,621330,64.0,206.33,14682527.0
1,621 - Ambulatory Care,54,000,2019,0,0,621310,135.0,521.75,15458004.0
1,621 - Ambulatory Care,44,000,2018,0,1,621420,59.0,0.0,0.0
1,621 - Ambulatory Care,11,000,2018,0,0,621512,7.0,47.83,3492389.0
1,621 - Ambulatory Care,17,000,2020,0,1,621399,818.0,3539.91,178332515.0
1,621 - Ambulatory Care,0 ,000,2023,0,0,621999,11974.0,97009.0,7795262556.0
1,621 - Ambulatory Care,04,000,2023,0,0,621320,497.0,3055.66,176344850.0
1,621 - Ambulatory Care,11,000,2018,0,0,621399,61.0,249.16,16541236.0
1,621 - Ambulatory Care,16,000,2018,0,0,621610,1879.0,9128.83,210615594.0
1,621 - Ambulatory Care,72,000,2024,0,0,621991,13.0,256.33,12217163.0
1,621 - Ambulatory Care,11,000,2020,0,0,621420,38.0,1550.33,79651174.0
1,621 - Ambulatory Care,11,000,2021,0,0,621310,22.0,61.66,3302607.0
1,621 - Ambulatory Care,54,000,2021,0,0,621112,40.0,566.16,35248915.0
1,621 - Ambulatory Care,26,000,2021,0,0,621491,28.0,3021.58,227565164.0
1,621 - Ambulatory Care,31,000,2020,0,0,621991,17.0,687.75,30606034.0
1,621 - Ambulatory Care,31,000,2019,0,1,621511,41.0,495.5,25729545.0
1,621 - Ambulatory Care,30,000,2021,0,1,621910,45.0,631.91,30754397.0
1,621 - Ambulatory Care,21,000,2024,0,0,621112,224.0,869.0,60285265.0
1,621 - Ambulatory Care,30,000,2023,0,1,621492,16.0,0.0,0.0
1,621 - Ambulatory Care,36,000,2021,0,1,621910,345.0,11698.0,489413769.0
1,621 - Ambulatory Care,32,000,2024,0,0,621210,1410.0,10651.83,667801767.0
1,621 - Ambulatory Care,48,000,2020,0,0,621991,229.0,8689.75,401589906.0
1,621 - Ambulatory Care,32,000,2020,0,1,621111,2427.0,21478.0,2037641177.0
1,621 - Ambulatory Care,37,000,2023,0,0,621210,3844.0,33280.25,2304925702.0
1,621 - Ambulatory Care,46,000,2018,0,1,621391,8.0,0.0,0.0
1,621 - Ambulatory Care,24,000,2022,0,0,621399,413.0,2600.5,188583956.0
1,621 - Ambulatory Care,24,000,2021,0,0,621492,209.0,3029.66,183734489.0
1,621 - Ambulatory Care,16,000,2022,0,0,621999,106.0,364.75,26555777.0
1,621 - Ambulatory Care,16,000,2020,0,0,621340,357.0,2567.83,108594017.0
1,621 - Ambulatory Care,78,000,2023,0,1,621511,9.0,0.0,0.0
1,621 - Ambulatory Care,44,000,2022,0,0,621111,557.0,8574.5,891733206.0
1,621 - Ambulatory Care,01,000,2021,0,1,621420,160.0,1913.5,84586627.0
1,621 - Ambulatory Care,01,000,2022,0,1,621491,6.0,0.0,0.0
1,621 - Ambulatory Care,20,000,2018,0,0,621511,182.0,3904.66,229545264.0
1,621 - Ambulatory Care,45,000,2018,0,0,621399,201.0,1379.58,58815056.0
1,621 - Ambulatory Care,05,000,2023,0,0,621210,981.0,7924.58,454632317.0
1,621 - Ambulatory Care,15,000,2018,0,0,621498,58.0,2102.25,142833867.0
1,621 - Ambulatory Care,51,000,2020,0,0,621340,1130.0,8844.0,442188788.0
1,621 - Ambulatory Care,51,000,2022,0,0,621330,1065.0,4781.16,230305040.0
1,621 - Ambulatory Care,56,000,2020,0,1,621610,62.0,679.41,27301289.0
1,621 - Ambulatory Care,12,000,2018,0,0,621391,618.0,3279.66,164404366.0
1,621 - Ambulatory Care,28,000,2024,0,0,621330,236.0,1166.0,55048926.0
1,621 - Ambulatory Care,25,000,2018,0,0,621410,35.0,926.41,50646247.0
1,621 - Ambulatory Care,25,000,2019,0,0,621330,398.0,3940.58,187166104.0
1,621 - Ambulatory Care,47,000,2018,0,1,621399,405.0,2537.83,125122555.0
1,621 - Ambulatory Care,25,000,2020,0,0,621999,158.0,1578.25,122192242.0
1,621 - Ambulatory Care,47,000,2022,0,0,621399,510.0,4360.41,260517289.0
1,621 - Ambulatory Care,02,000,2019,0,0,621320,56.0,502.0,24813415.0
1,621 - Ambulatory Care,18,000,2020,0,1,621511,235.0,5203.41,323447433.0
1,621 - Ambulatory Care,08,000,2018,0,1,621498,166.0,2988.91,168609246.0
1,621 - Ambulatory Care,48,000,2021,0,1,621112,933.0,4196.5,332981922.0
1,621 - Ambulatory Care,23,000,2019,0,0,621310,198.0,703.58,26109277.0
1,621 - Ambulatory Care,23,000,2022,0,0,621399,199.0,675.75,46941541.0
1,621 - Ambulatory Care,27,000,2018,0,0,621610,609.0,25794.16,775293704.0
1,621 - Ambulatory Care,27,000,2018,0,0,621399,260.0,1262.83,60503087.0
1,621 - Ambulatory Care,12,000,2024,0,0,621493,739.0,12332.5,837106838.0
1,621 - Ambulatory Care,11,000,2020,0,1,621493,5.0,0.0,20960.0
1,621 - Ambulatory Care,0 ,000,2022,0,0,621391,6787.0,33356.0,1846226069.0
1,621 - Ambulatory Care,39,000,2021,0,1,621420,637.0,15972.16,738622885.0
1,621 - Ambulatory Care,17,000,2023,0,0,621210,5302.0,38633.25,2373360944.0
1,621 - Ambulatory Care,0 ,000,2019,0,0,621410,2046.0,24516.08,1259139379.0
1,621 - Ambulatory Care,21,000,2021,0,0,621210,1545.0,10617.25,558805854.0
1,621 - Ambulatory Care,54,000,2020,0,0,621493,65.0,1049.08,66689196.0
1,621 - Ambulatory Care,31,000,2020,0,0,621512,39.0,338.75,33420961.0
1,621 - Ambulatory Care,36,000,2018,0,0,621999,201.0,1875.91,133233952.0
1,621 - Ambulatory Care,53,000,2021,0,0,621330,276.0,2843.66,125420586.0
1,621 - Ambulatory Care,30,000,2018,0,0,621410,13.0,96.16,4117872.0
1,621 - Ambulatory Care,30,000,2021,0,0,621340,263.0,1478.66,68244500.0
1,621 - Ambulatory Care,36,000,2021,0,0,621493,477.0,10097.41,731841199.0
1,621 - Ambulatory Care,32,000,2023,0,0,621112,139.0,614.66,48092576.0
1,621 - Ambulatory Care,06,000,2019,0,0,621399,2588.0,11254.0,614395507.0
1,621 - Ambulatory Care,45,000,2024,0,1,621493,109.0,1367.91,80496465.0
1,621 - Ambulatory Care,46,000,2018,0,0,621493,8.0,185.5,8207474.0
1,621 - Ambulatory Care,05,000,2020,0,0,621399,176.0,701.58,33036631.0
1,621 - Ambulatory Care,24,000,2023,0,0,621491,86.0,5753.16,564071533.0
1,621 - Ambulatory Care,20,000,2022,0,0,621399,206.0,1201.16,82266706.0
1,621 - Ambulatory Care,20,000,2024,0,0,621511,195.0,4194.58,291773396.0
1,621 - Ambulatory Care,20,000,2024,0,1,621491,3.0,0.0,0.0
1,621 - Ambulatory Care,78,000,2022,0,0,621330,6.0,115.0,4519377.0
1,621 - Ambulatory Care,78,000,2022,0,1,621420,2.0,0.0,0.0
1,621 - Ambulatory Care,02,000,2022,0,0,621498,53.0,2913.75,236403687.0
1,621 - Ambulatory Care,01,000,2022,0,1,621330,264.0,1065.83,41428697.0
1,621 - Ambulatory Care,04,000,2019,0,1,621111,4630.0,60372.66,5446382417.0
1,621 - Ambulatory Care,44,000,2019,0,0,621391,37.0,204.83,11554611.0
1,621 - Ambulatory Care,44,000,2022,0,0,621999,40.0,374.0,29497574.0
1,621 - Ambulatory Care,31,000,2024,0,0,621320,184.0,1297.41,67844466.0
1,621 - Ambulatory Care,05,000,2024,0,0,621512,49.0,340.33,38057940.0
1,621 - Ambulatory Care,12,000,2018,0,0,621420,625.0,13315.75,526374293.0
1,621 - Ambulatory Care,51,000,2018,0,0,621910,132.0,3899.83,137481498.0
1,621 - Ambulatory Care,12,000,2019,0,1,621910,142.0,5852.83,229063415.0
1,621 - Ambulatory Care,51,000,2018,0,1,621511,649.0,6224.58,356917725.0
1,621 - Ambulatory Care,12,000,2021,0,0,621210,8749.0,63156.5,3793971310.0
1,621 - Ambulatory Care,32,000,2019,0,0,621991,26.0,953.41,46638678.0
1,621 - Ambulatory Care,37,000,2018,0,1,621210,3251.0,28327.5,1678430406.0
1,621 - Ambulatory Care,55,000,2020,0,0,621310,1048.0,3788.58,140291207.0
1,621 - Ambulatory Care,28,000,2024,0,0,621340,441.0,4513.25,238449065.0
1,621 - Ambulatory Care,34,000,2018,0,0,621512,230.0,3869.16,291394858.0
1,621 - Ambulatory Care,06,000,2024,0,0,621210,22564.0,140129.16,8824212855.0
1,621 - Ambulatory Care,10,000,2020,0,0,621320,35.0,306.33,16027301.0
1,621 - Ambulatory Care,50,000,2022,0,0,621310,89.0,301.83,11416019.0
1,621 - Ambulatory Care,50,000,2024,0,0,621112,56.0,119.83,9289787.0
1,621 - Ambulatory Care,50,000,2024,0,1,621512,7.0,0.0,0.0
1,621 - Ambulatory Care,53,000,2023,0,0,621391,87.0,449.66,19205847.0
1,621 - Ambulatory Care,42,000,2022,0,0,621320,841.0,4959.0,248039140.0
1,621 - Ambulatory Care,50,000,2020,0,1,621320,43.0,0.0,0.0
1,621 - Ambulatory Care,50,000,2020,0,1,621512,8.0,0.0,0.0
1,621 - Ambulatory Care,36,000,2024,0,0,621493,480.0,10137.66,767144837.0
1,621 - Ambulatory Care,27,000,2020,0,0,621491,57.0,3272.58,431983483.0
1,621 - Ambulatory Care,28,000,2018,0,0,621610,352.0,7265.83,324659776.0
1,621 - Ambulatory Care,28,000,2019,0,0,621492,85.0,1469.25,73379300.0
1,621 - Ambulatory Care,19,000,2021,0,1,621112,66.0,409.0,32722698.0
1,621 - Ambulatory Care,17,000,2020,0,0,621511,335.0,6517.75,419260872.0
1,621 - Ambulatory Care,54,000,2021,0,1,621498,56.0,874.58,54853013.0
1,621 - Ambulatory Care,72,000,2024,0,0,621330,122.0,349.91,9581466.0
1,621 - Ambulatory Care,0 ,000,2022,0,0,621610,47231.0,1536612.5,59468704760.0
1,621 - Ambulatory Care,17,000,2024,0,1,621610,1398.0,64567.58,2333011984.0
1,621 - Ambulatory Care,0 ,000,2019,0,1,621512,6291.0,76919.5,5428945315.0
1,621 - Ambulatory Care,0 ,000,2019,0,1,621991,1917.0,75831.66,3879367730.0
1,621 - Ambulatory Care,21,000,2021,0,1,621492,98.0,1705.58,104089996.0
1,621 - Ambulatory Care,39,000,2018,0,0,621391,346.0,1732.0,71484871.0
1,621 - Ambulatory Care,0 ,000,2020,0,1,621340,41969.0,385537.08,18222441879.0
1,621 - Ambulatory Care,17,000,2022,0,0,621111,5549.0,94861.75,9934528131.0
1,621 - Ambulatory Care,22,000,2021,0,1,621492,209.0,2562.91,151623885.0
1,621 - Ambulatory Care,53,000,2018,0,1,621420,334.0,9397.58,482088733.0
1,621 - Ambulatory Care,22,000,2019,0,0,621491,13.0,265.0,19668203.0
1,621 - Ambulatory Care,30,000,2023,0,0,621111,572.0,8147.5,934223765.0
1,621 - Ambulatory Care,30,000,2018,0,1,621498,25.0,229.83,11428224.0
1,621 - Ambulatory Care,53,000,2020,0,0,621910,69.0,2766.41,157644685.0
1,621 - Ambulatory Care,35,000,2024,0,0,621112,60.0,228.58,14399079.0
1,621 - Ambulatory Care,37,000,2022,0,0,621112,463.0,2238.25,137703273.0
1,621 - Ambulatory Care,24,000,2019,0,0,621111,4529.0,51915.16,4783690535.0
1,621 - Ambulatory Care,78,000,2021,0,0,621310,13.0,41.16,1765625.0
1,621 - Ambulatory Care,02,000,2024,0,0,621112,20.0,68.66,5684094.0
1,621 - Ambulatory Care,04,000,2022,0,1,621410,45.0,373.16,26624943.0
1,621 - Ambulatory Care,44,000,2020,0,0,621111,542.0,7876.25,780982108.0
1,621 - Ambulatory Care,04,000,2020,0,0,621320,319.0,2219.25,120856279.0
1,621 - Ambulatory Care,19,000,2020,0,0,621210,1067.0,8189.41,471694744.0
1,621 - Ambulatory Care,15,000,2024,0,0,621320,130.0,616.0,31023718.0
1,621 - Ambulatory Care,15,000,2021,0,0,621112,69.0,378.75,21077986.0
1,621 - Ambulatory Care,11,000,2021,0,0,621498,17.0,130.33,12074946.0
1,621 - Ambulatory Care,17,000,2021,0,0,621493,121.0,2717.08,187818065.0
1,621 - Ambulatory Care,54,000,2023,0,0,621391,30.0,136.41,11378520.0
1,621 - Ambulatory Care,39,000,2019,0,1,621498,303.0,8635.5,507424305.0
1,621 - Ambulatory Care,17,000,2020,0,0,621420,325.0,6492.16,277702686.0
1,621 - Ambulatory Care,17,000,2023,0,0,621492,331.0,5026.41,356927433.0
1,621 - Ambulatory Care,54,000,2018,0,0,621493,58.0,1012.41,51628085.0
1,621 - Ambulatory Care,54,000,2021,0,0,621420,163.0,2947.75,110962608.0
1,621 - Ambulatory Care,72,000,2021,0,0,621330,96.0,280.5,6207721.0
1,621 - Ambulatory Care,0 ,000,2021,0,0,621399,27825.0,127770.16,7222303098.0
1,621 - Ambulatory Care,24,000,2018,0,0,621491,79.0,6546.25,519787175.0
1,621 - Ambulatory Care,39,000,2021,0,0,621330,622.0,3577.83,156144524.0
1,621 - Ambulatory Care,11,000,2023,0,0,621320,31.0,165.33,12423291.0
1,621 - Ambulatory Care,16,000,2019,0,0,621410,10.0,64.5,3263742.0
1,621 - Ambulatory Care,22,000,2021,0,0,621330,323.0,1599.25,51391435.0
1,621 - Ambulatory Care,22,000,2023,0,0,621511,455.0,2480.66,124226279.0
1,621 - Ambulatory Care,33,000,2020,0,0,621498,38.0,476.16,32360023.0
1,621 - Ambulatory Care,26,000,2018,0,0,621910,115.0,5926.91,231765832.0
1,621 - Ambulatory Care,33,000,2020,0,0,621320,94.0,667.66,35685380.0
1,621 - Ambulatory Care,33,000,2021,0,0,621498,42.0,514.33,36270544.0
1,621 - Ambulatory Care,26,000,2019,0,0,621410,37.0,953.25,46186836.0
1,621 - Ambulatory Care,31,000,2020,0,0,621493,76.0,1177.66,72404050.0
1,621 - Ambulatory Care,33,000,2020,0,0,621210,593.0,4453.58,316833432.0
1,621 - Ambulatory Care,40,000,2018,0,0,621330,224.0,553.16,22525309.0
1,621 - Ambulatory Care,53,000,2019,0,0,621420,314.0,10073.08,528812295.0
1,621 - Ambulatory Care,53,000,2021,0,0,621310,1195.0,5051.5,173455736.0
1,621 - Ambulatory Care,30,000,2021,0,0,621330,253.0,494.16,20949917.0
1,621 - Ambulatory Care,30,000,2022,0,0,621910,49.0,689.83,35733910.0
1,621 - Ambulatory Care,36,000,2020,0,1,621340,3409.0,26542.83,1183015946.0
1,621 - Ambulatory Care,40,000,2020,0,0,621491,11.0,68.08,4581005.0
1,621 - Ambulatory Care,37,000,2023,0,0,621610,1647.0,41748.41,1643702733.0
1,621 - Ambulatory Care,48,000,2020,0,0,621391,353.0,2074.91,118161234.0
1,621 - Ambulatory Care,32,000,2024,0,0,621910,37.0,2131.83,132117610.0
1,621 - Ambulatory Care,48,000,2019,0,1,621410,193.0,1747.08,91109461.0
1,621 - Ambulatory Care,06,000,2019,0,0,621111,31451.0,244071.08,23314276168.0
1,621 - Ambulatory Care,46,000,2018,0,0,621512,19.0,116.91,7498329.0
1,621 - Ambulatory Care,20,000,2020,0,0,621330,152.0,601.0,22417155.0
1,621 - Ambulatory Care,46,000,2021,0,0,621310,240.0,829.0,31556852.0
1,621 - Ambulatory Care,45,000,2020,0,0,621511,455.0,2409.25,159845167.0
1,621 - Ambulatory Care,16,000,2021,0,0,621991,20.0,772.5,28015253.0
1,621 - Ambulatory Care,46,000,2024,0,0,621991,12.0,244.75,13972989.0
1,621 - Ambulatory Care,34,000,2024,0,0,621493,445.0,9865.25,771053116.0
1,621 - Ambulatory Care,46,000,2023,0,0,621498,24.0,212.33,13953622.0
1,621 - Ambulatory Care,78,000,2023,0,0,621610,12.0,112.66,3780196.0
1,621 - Ambulatory Care,16,000,2021,0,0,621330,149.0,1385.75,46470211.0
1,621 - Ambulatory Care,16,000,2023,0,0,621991,26.0,709.58,32632703.0
1,621 - Ambulatory Care,16,000,2024,0,0,621330,359.0,2047.41,84071472.0
1,621 - Ambulatory Care,34,000,2022,0,0,621111,7502.0,81139.75,8887436004.0
1,621 - Ambulatory Care,16,000,2022,0,0,621410,23.0,83.75,4015990.0
1,621 - Ambulatory Care,18,000,2023,0,0,621320,560.0,4163.33,206552312.0
1,621 - Ambulatory Care,20,000,2019,0,0,621991,13.0,613.5,30529219.0
1,621 - Ambulatory Care,18,000,2024,0,0,621410,60.0,471.25,25454504.0
1,621 - Ambulatory Care,20,000,2018,0,0,621310,548.0,1610.66,50283292.0
1,621 - Ambulatory Care,44,000,2020,0,0,621512,46.0,713.75,66953164.0
1,621 - Ambulatory Care,01,000,2024,0,1,621512,125.0,999.83,64072827.0
2,622 - Hospitals,04,000,2023,0,0,622310,108.0,4036.16,267052183.0
2,622 - Hospitals,23,000,2023,0,1,622210,4.0,463.83,29699589.0
2,622 - Hospitals,23,000,2024,0,0,622110,45.0,30477.66,2565168365.0
2,622 - Hospitals,28,000,2020,0,0,622310,33.0,1977.16,111710168.0
2,622 - Hospitals,28,000,2022,0,0,622310,30.0,2034.5,122349088.0
1,621 - Ambulatory Care,17,000,2023,0,0,621310,1767.0,6660.75,274481194.0
1,621 - Ambulatory Care,26,000,2019,0,1,621111,4391.0,71043.66,6372729724.0
1,621 - Ambulatory Care,26,000,2018,0,0,621491,37.0,5139.58,387587242.0
1,621 - Ambulatory Care,31,000,2021,0,1,621340,408.0,3204.0,146144744.0
1,621 - Ambulatory Care,26,000,2021,0,0,621498,152.0,4194.25,241748860.0
1,621 - Ambulatory Care,21,000,2024,0,0,621391,64.0,345.75,18394788.0
1,621 - Ambulatory Care,36,000,2021,0,0,621320,812.0,4670.0,232309129.0
1,621 - Ambulatory Care,40,000,2018,0,1,621610,890.0,12820.66,416329262.0
1,621 - Ambulatory Care,53,000,2021,0,0,621210,3181.0,27989.83,1392589567.0
1,621 - Ambulatory Care,53,000,2021,0,0,621991,39.0,2102.0,139429877.0
1,621 - Ambulatory Care,21,000,2022,0,0,621991,36.0,914.25,50397185.0
1,621 - Ambulatory Care,36,000,2019,0,0,621511,776.0,10293.91,763691298.0
1,621 - Ambulatory Care,53,000,2020,0,0,621111,2723.0,53514.25,5329986121.0
1,621 - Ambulatory Care,48,000,2018,0,0,621999,365.0,3075.75,187060382.0
1,621 - Ambulatory Care,37,000,2023,0,0,621399,1033.0,3990.75,255117420.0
1,621 - Ambulatory Care,48,000,2020,0,0,621320,2020.0,13082.75,577902902.0
1,621 - Ambulatory Care,06,000,2018,0,0,621511,1579.0,26945.66,2235637879.0
1,621 - Ambulatory Care,06,000,2018,0,0,621512,750.0,8906.41,719730196.0
1,621 - Ambulatory Care,20,000,2020,0,0,621391,41.0,212.58,9633778.0
1,621 - Ambulatory Care,20,000,2021,0,0,621511,180.0,4121.66,279746471.0
1,621 - Ambulatory Care,20,000,2021,0,0,621999,91.0,480.33,31674595.0
1,621 - Ambulatory Care,45,000,2021,0,1,621610,635.0,17460.33,598665466.0
1,621 - Ambulatory Care,02,000,2023,0,0,621420,50.0,833.58,52998121.0
1,621 - Ambulatory Care,34,000,2021,0,0,621112,389.0,2660.16,182548843.0
1,621 - Ambulatory Care,78,000,2021,0,1,621111,84.0,13.25,1156831.0
1,621 - Ambulatory Care,16,000,2022,0,0,621310,354.0,1145.08,35041940.0
1,621 - Ambulatory Care,16,000,2022,0,0,621492,35.0,548.66,38034314.0
1,621 - Ambulatory Care,16,000,2020,0,0,621991,19.0,741.66,26082461.0
1,621 - Ambulatory Care,78,000,2022,0,1,621399,9.0,0.0,0.0
1,621 - Ambulatory Care,78,000,2022,0,0,621210,23.0,132.91,7117861.0
1,621 - Ambulatory Care,01,000,2021,0,1,621330,222.0,869.5,32144193.0
1,621 - Ambulatory Care,04,000,2021,0,1,621399,1008.0,4145.0,221119199.0
1,621 - Ambulatory Care,18,000,2022,0,0,621391,111.0,639.0,35260687.0
1,621 - Ambulatory Care,18,000,2023,0,0,621511,383.0,5340.83,399122284.0
1,621 - Ambulatory Care,01,000,2024,0,1,621330,378.0,1672.66,67387250.0
1,621 - Ambulatory Care,44,000,2022,0,0,621493,26.0,594.83,37254027.0
1,621 - Ambulatory Care,01,000,2020,0,0,621210,1510.0,11526.66,593923784.0
1,621 - Ambulatory Care,44,000,2023,0,0,621391,34.0,192.16,13925097.0
1,621 - Ambulatory Care,01,000,2024,0,1,621491,8.0,0.0,0.0
2,622 - Hospitals,28,000,2021,0,1,622210,20.0,1267.0,59661555.0
2,622 - Hospitals,28,000,2024,0,0,622310,30.0,2141.25,118239840.0
2,622 - Hospitals,47,000,2020,0,1,622210,53.0,4132.91,198546284.0
2,622 - Hospitals,50,000,2020,0,1,622110,19.0,1093.0,99735203.0
2,622 - Hospitals,08,000,2018,0,0,622310,26.0,9878.91,616916980.0
2,622 - Hospitals,08,000,2020,0,0,622110,125.0,88929.41,6347143234.0
2,622 - Hospitals,08,000,2023,0,0,622110,158.0,95129.66,7812362589.0
2,622 - Hospitals,10,000,2021,0,1,622310,13.0,522.66,29409265.0
2,622 - Hospitals,13,000,2019,0,1,622310,40.0,5289.08,292345749.0
2,622 - Hospitals,33,000,2022,0,0,622110,42.0,27994.5,2064792091.0
2,622 - Hospitals,01,000,2019,0,1,622310,26.0,2164.0,107655326.0
2,622 - Hospitals,01,000,2024,0,0,622110,196.0,96479.75,6650291265.0
2,622 - Hospitals,12,000,2019,0,0,622210,119.0,13829.25,572470977.0
2,622 - Hospitals,12,000,2019,0,0,622310,193.0,15429.75,842583206.0
2,622 - Hospitals,26,000,2018,0,1,622110,361.0,221063.75,13621169101.0
2,622 - Hospitals,38,000,2020,0,1,622310,3.0,0.0,0.0
2,622 - Hospitals,02,000,2023,0,1,622210,3.0,0.0,0.0
2,622 - Hospitals,19,000,2021,0,0,622310,26.0,1081.75,46956085.0
2,622 - Hospitals,19,000,2023,0,1,622110,221.0,58858.91,4055532316.0
2,622 - Hospitals,41,000,2022,0,0,622210,8.0,2540.83,234570503.0
2,622 - Hospitals,54,000,2024,0,0,622110,138.0,51895.25,4249701915.0
2,622 - Hospitals,11,000,2022,0,1,622310,13.0,0.0,0.0
2,622 - Hospitals,18,000,2023,0,0,622310,43.0,5809.41,378620925.0
2,622 - Hospitals,18,000,2024,0,0,622310,40.0,6008.58,400148330.0
2,622 - Hospitals,23,000,2020,0,1,622110,43.0,31939.16,2259526278.0
2,622 - Hospitals,50,000,2022,0,1,622210,3.0,0.0,0.0
2,622 - Hospitals,53,000,2021,0,1,622210,43.0,2664.58,185527260.0
2,622 - Hospitals,05,000,2020,0,1,622110,112.0,46038.08,2671911726.0
2,622 - Hospitals,17,000,2021,0,0,622110,339.0,248367.41,18208164069.0
2,622 - Hospitals,17,000,2021,0,0,622310,43.0,4087.91,297183153.0
2,622 - Hospitals,17,000,2023,0,0,622110,409.0,259827.25,21328429505.0
2,622 - Hospitals,46,000,2021,0,1,622310,6.0,0.0,0.0
2,622 - Hospitals,25,000,2020,0,0,622210,45.0,7662.41,499242843.0
2,622 - Hospitals,32,000,2021,0,1,622210,15.0,1363.08,67604889.0
2,622 - Hospitals,34,000,2019,0,1,622110,123.0,143422.16,10094388982.0
2,622 - Hospitals,40,000,2024,0,0,622110,179.0,76112.33,5880818619.0
2,622 - Hospitals,37,000,2023,0,0,622310,39.0,1658.08,104729902.0
2,622 - Hospitals,44,000,2018,0,1,622310,6.0,0.0,0.0
2,622 - Hospitals,53,000,2022,0,0,622210,51.0,5553.66,442608302.0
2,622 - Hospitals,01,000,2018,0,0,622110,141.0,89845.16,4679065740.0
2,622 - Hospitals,13,000,2021,0,1,622310,45.0,5046.5,316871181.0
2,622 - Hospitals,20,000,2022,0,0,622210,15.0,2419.66,125261593.0
2,622 - Hospitals,48,000,2022,0,1,622210,160.0,17510.5,902648906.0
2,622 - Hospitals,49,000,2021,0,1,622110,99.0,39083.66,2638397548.0
2,622 - Hospitals,49,000,2022,0,0,622210,20.0,2044.75,132837340.0
2,622 - Hospitals,78,000,2023,0,0,622110,2.0,1103.41,80960765.0
2,622 - Hospitals,09,000,2022,0,0,622110,131.0,62203.25,5172702627.0
2,622 - Hospitals,09,000,2024,0,1,622210,15.0,1178.5,146241512.0
2,622 - Hospitals,21,000,2021,0,1,622210,36.0,3606.91,179819046.0
2,622 - Hospitals,21,000,2021,0,0,622310,25.0,4995.75,335991218.0
2,622 - Hospitals,24,000,2023,0,1,622310,62.0,4191.33,307187055.0
2,622 - Hospitals,32,000,2018,0,0,622210,13.0,1497.58,70182328.0
2,622 - Hospitals,04,000,2020,0,0,622310,81.0,3304.16,192316567.0
2,622 - Hospitals,41,000,2020,0,1,622210,7.0,317.16,18109357.0
2,622 - Hospitals,41,000,2021,0,1,622110,100.0,63979.58,5382974512.0
2,622 - Hospitals,12,000,2023,0,0,622210,130.0,11978.08,627542416.0
2,622 - Hospitals,12,000,2023,0,0,622310,330.0,18174.5,1243047917.0
2,622 - Hospitals,29,000,2022,0,0,622210,36.0,5897.16,265362822.0
2,622 - Hospitals,33,000,2018,0,1,622210,39.0,0.0,0.0
2,622 - Hospitals,51,000,2022,0,0,622210,38.0,6234.66,389058281.0
2,622 - Hospitals,06,000,2018,0,1,622110,691.0,443383.91,37651025711.0
2,622 - Hospitals,06,000,2020,0,1,622310,136.0,15990.08,1155277586.0
2,622 - Hospitals,22,000,2022,0,1,622310,93.0,9649.58,633299681.0
2,622 - Hospitals,24,000,2018,0,0,622110,205.0,105244.58,6636094579.0
2,622 - Hospitals,08,000,2020,0,0,622210,15.0,3442.91,210312290.0
2,622 - Hospitals,08,000,2021,0,0,622210,17.0,3290.5,205606431.0
2,622 - Hospitals,10,000,2023,0,1,622210,12.0,668.41,41505803.0
2,622 - Hospitals,10,000,2024,0,1,622310,13.0,577.33,37254085.0
2,622 - Hospitals,04,000,2023,0,0,622210,30.0,3140.41,209226504.0
2,622 - Hospitals,04,000,2024,0,0,622310,107.0,4644.91,317875061.0
2,622 - Hospitals,10,000,2019,0,1,622210,9.0,721.0,35064306.0
2,622 - Hospitals,15,000,2024,0,1,622210,12.0,0.0,0.0
2,622 - Hospitals,28,000,2020,0,1,622210,17.0,1248.0,54376499.0
2,622 - Hospitals,45,000,2022,0,1,622210,35.0,2305.0,119535101.0
2,622 - Hospitals,47,000,2019,0,1,622210,51.0,4202.75,191972390.0
2,622 - Hospitals,47,000,2020,0,1,622110,180.0,111462.25,7447956858.0
2,622 - Hospitals,47,000,2020,0,0,622310,36.0,3323.41,243536240.0
2,622 - Hospitals,35,000,2024,0,1,622310,13.0,190.66,14228283.0
2,622 - Hospitals,01,000,2021,0,1,622210,67.0,1965.83,83476363.0
2,622 - Hospitals,01,000,2024,0,1,622210,61.0,3074.41,164755909.0
2,622 - Hospitals,12,000,2019,0,0,622110,675.0,354706.83,22060037719.0
2,622 - Hospitals,54,000,2021,0,1,622310,17.0,1157.75,65805380.0
2,622 - Hospitals,22,000,2018,0,1,622110,249.0,85975.58,4893388058.0
2,622 - Hospitals,30,000,2019,0,0,622110,76.0,25423.75,1687458330.0
2,622 - Hospitals,48,000,2019,0,1,622110,758.0,334095.16,22725824449.0
2,622 - Hospitals,48,000,2020,0,1,622210,149.0,16973.83,786593536.0
2,622 - Hospitals,54,000,2024,0,0,622210,25.0,2580.91,151750018.0
2,622 - Hospitals,02,000,2018,0,1,622210,3.0,0.0,0.0
2,622 - Hospitals,11,000,2020,0,0,622110,72.0,28371.91,2573275873.0
2,622 - Hospitals,18,000,2024,0,0,622110,242.0,145486.83,10802184085.0
2,622 - Hospitals,45,000,2020,0,1,622310,62.0,2201.25,122379086.0
2,622 - Hospitals,45,000,2023,0,1,622210,38.0,2352.91,129167011.0
2,622 - Hospitals,46,000,2023,0,1,622210,7.0,0.0,0.0
2,622 - Hospitals,46,000,2024,0,1,622210,7.0,0.0,0.0
2,622 - Hospitals,47,000,2018,0,0,622310,35.0,3149.16,202437942.0
2,622 - Hospitals,49,000,2018,0,0,622310,11.0,3933.25,213104493.0
2,622 - Hospitals,05,000,2021,0,0,622310,22.0,2920.83,164228725.0
2,622 - Hospitals,05,000,2024,0,0,622310,28.0,3171.33,196533610.0
2,622 - Hospitals,08,000,2024,0,0,622310,40.0,12947.33,1051386184.0
2,622 - Hospitals,13,000,2020,0,1,622310,43.0,4959.83,295819701.0
2,622 - Hospitals,12,000,2018,0,0,622310,187.0,15497.75,842520481.0
2,622 - Hospitals,12,000,2020,0,0,622310,197.0,15685.5,892224634.0
2,622 - Hospitals,17,000,2019,0,0,622310,37.0,4068.0,270473731.0
2,622 - Hospitals,26,000,2019,0,0,622310,105.0,5894.83,299346237.0
2,622 - Hospitals,38,000,2018,0,1,622310,4.0,0.0,0.0
2,622 - Hospitals,38,000,2020,0,1,622210,4.0,0.0,0.0
2,622 - Hospitals,54,000,2023,0,0,622110,99.0,49969.58,3825983770.0
2,622 - Hospitals,06,000,2021,0,1,622110,663.0,449772.33,43742655610.0
2,622 - Hospitals,06,000,2022,0,0,622310,154.0,18033.16,1475752878.0
2,622 - Hospitals,19,000,2020,0,1,622110,223.0,57225.08,3372576718.0
2,622 - Hospitals,19,000,2024,0,0,622310,26.0,1054.16,52484282.0
2,622 - Hospitals,22,000,2020,0,1,622110,271.0,87278.41,5413127333.0
2,622 - Hospitals,30,000,2022,0,1,622210,4.0,495.25,17927245.0
2,622 - Hospitals,30,000,2023,0,1,622310,11.0,0.0,0.0
2,622 - Hospitals,30,000,2024,0,0,622110,142.0,27301.58,2225793608.0
2,622 - Hospitals,41,000,2023,0,0,622310,12.0,653.0,53786239.0
2,622 - Hospitals,25,000,2018,0,0,622210,45.0,8052.25,459670295.0
2,622 - Hospitals,25,000,2019,0,1,622110,205.0,178462.25,14033260613.0
2,622 - Hospitals,25,000,2020,0,0,622310,49.0,21145.58,1562603469.0
2,622 - Hospitals,27,000,2024,0,0,622110,409.0,126181.5,10756271876.0
2,622 - Hospitals,27,000,2024,0,0,622310,63.0,1740.25,169724116.0
2,622 - Hospitals,32,000,2021,0,0,622310,17.0,2425.16,155050986.0
2,622 - Hospitals,40,000,2022,0,0,622110,173.0,70193.58,4918578308.0
2,622 - Hospitals,40,000,2024,0,0,622310,15.0,1588.16,94292605.0
2,622 - Hospitals,55,000,2020,0,1,622210,18.0,4096.41,258353067.0
2,622 - Hospitals,55,000,2020,0,0,622310,21.0,1743.16,103202465.0
2,622 - Hospitals,16,000,2024,0,0,622310,39.0,1844.08,144947432.0
2,622 - Hospitals,46,000,2019,0,1,622310,5.0,0.0,0.0
2,622 - Hospitals,02,000,2020,0,1,622310,2.0,0.0,0.0
2,622 - Hospitals,23,000,2022,0,0,622110,43.0,30905.33,2402963738.0
2,622 - Hospitals,23,000,2022,0,1,622210,4.0,468.91,29636530.0
2,622 - Hospitals,23,000,2022,0,1,622310,6.0,0.0,0.0
2,622 - Hospitals,47,000,2024,0,0,622210,72.0,6514.5,394837600.0
2,622 - Hospitals,53,000,2020,0,1,622210,42.0,2668.25,173616068.0
2,622 - Hospitals,53,000,2021,0,1,622110,168.0,118353.16,10526048390.0
2,622 - Hospitals,37,000,2021,0,1,622110,492.0,136615.66,9544338640.0
2,622 - Hospitals,37,000,2023,0,0,622110,625.0,225476.41,17656345417.0
2,622 - Hospitals,42,000,2019,0,0,622110,243.0,254935.75,16290174878.0
2,622 - Hospitals,42,000,2024,0,0,622110,433.0,262609.16,20661732443.0
2,622 - Hospitals,18,000,2018,0,0,622110,143.0,141069.41,7955506047.0
2,622 - Hospitals,18,000,2020,0,0,622310,37.0,4801.66,285518285.0
2,622 - Hospitals,01,000,2018,0,1,622210,64.0,2210.0,77581814.0
2,622 - Hospitals,20,000,2020,0,1,622310,9.0,1295.16,72911324.0
2,622 - Hospitals,31,000,2023,0,0,622210,8.0,1029.91,77486824.0
2,622 - Hospitals,40,000,2018,0,0,622210,36.0,3057.5,121157530.0
2,622 - Hospitals,49,000,2019,0,0,622310,12.0,3994.16,226389452.0
2,622 - Hospitals,49,000,2024,0,0,622210,16.0,2136.58,161947060.0
2,622 - Hospitals,09,000,2021,0,1,622210,17.0,1449.75,111529560.0
2,622 - Hospitals,24,000,2022,0,1,622210,73.0,3795.91,217442532.0
2,622 - Hospitals,29,000,2018,0,1,622210,33.0,2097.25,96425744.0
2,622 - Hospitals,34,000,2023,0,0,622210,36.0,7259.83,546036106.0
2,622 - Hospitals,29,000,2022,0,0,622110,309.0,151574.0,10993982044.0
2,622 - Hospitals,29,000,2023,0,0,622110,339.0,158858.58,12183938135.0
2,622 - Hospitals,29,000,2023,0,0,622310,52.0,3880.83,274238878.0
2,622 - Hospitals,29,000,2024,0,0,622310,55.0,3910.75,291228774.0
2,622 - Hospitals,53,000,2019,0,0,622310,10.0,2071.66,179604694.0
2,622 - Hospitals,16,000,2021,0,0,622210,16.0,1299.16,65810140.0
2,622 - Hospitals,17,000,2020,0,0,622210,52.0,10146.33,628590862.0
2,622 - Hospitals,17,000,2022,0,0,622110,372.0,248883.08,19628199593.0
2,622 - Hospitals,21,000,2023,0,0,622310,34.0,5599.0,416476971.0
2,622 - Hospitals,0 ,000,2024,0,0,622310,2616.0,313349.83,26647183899.0
2,622 - Hospitals,31,000,2020,0,1,622210,8.0,195.41,12580605.0
2,622 - Hospitals,55,000,2021,0,1,622110,172.0,110460.41,7158989541.0
2,622 - Hospitals,37,000,2021,0,0,622310,29.0,1607.08,100226488.0
2,622 - Hospitals,37,000,2024,0,0,622110,686.0,240901.83,20099351697.0
2,622 - Hospitals,42,000,2019,0,1,622310,89.0,21913.91,1418891434.0
2,622 - Hospitals,42,000,2020,0,0,622210,38.0,14011.58,821989010.0
2,622 - Hospitals,31,000,2024,0,0,622110,170.0,39705.58,2794163997.0
2,622 - Hospitals,40,000,2020,0,0,622110,177.0,66990.16,4100565923.0
2,622 - Hospitals,44,000,2022,0,1,622310,7.0,0.0,0.0
2,622 - Hospitals,48,000,2022,0,1,622110,810.0,333753.83,26422539472.0
2,622 - Hospitals,48,000,2024,0,1,622210,168.0,19117.25,1080889432.0
2,622 - Hospitals,56,000,2018,0,1,622310,2.0,0.0,0.0
2,622 - Hospitals,56,000,2023,0,0,622110,35.0,12247.5,986010357.0
2,622 - Hospitals,09,000,2023,0,1,622210,19.0,1080.66,131419877.0
2,622 - Hospitals,09,000,2024,0,1,622310,4.0,0.0,0.0
2,622 - Hospitals,21,000,2020,0,1,622110,173.0,80463.58,4776881044.0
2,622 - Hospitals,24,000,2020,0,1,622210,53.0,2911.16,160057822.0
2,622 - Hospitals,24,000,2021,0,1,622310,43.0,4008.5,268139722.0
2,622 - Hospitals,32,000,2019,0,0,622210,15.0,1532.41,74237635.0
2,622 - Hospitals,04,000,2019,0,0,622110,149.0,108477.58,7505295459.0
2,622 - Hospitals,04,000,2019,0,0,622210,28.0,2673.91,148258737.0
2,622 - Hospitals,27,000,2023,0,0,622210,35.0,3432.5,280343426.0
2,622 - Hospitals,27,000,2023,0,0,622310,62.0,1660.75,156564406.0
2,622 - Hospitals,29,000,2019,0,1,622210,36.0,2284.25,106456641.0
2,622 - Hospitals,33,000,2019,0,0,622110,36.0,29071.16,1840428551.0
2,622 - Hospitals,37,000,2019,0,1,622310,23.0,1746.33,95635928.0
2,622 - Hospitals,51,000,2018,0,1,622210,30.0,1765.41,80903350.0
2,622 - Hospitals,51,000,2022,0,0,622310,60.0,2593.0,170007293.0
2,622 - Hospitals,38,000,2024,0,1,622210,3.0,402.25,24176766.0
2,622 - Hospitals,04,000,2023,0,0,622110,209.0,113029.58,9532724317.0
2,622 - Hospitals,15,000,2021,0,1,622310,7.0,0.0,0.0
2,622 - Hospitals,15,000,2022,0,1,622310,7.0,0.0,0.0
2,622 - Hospitals,28,000,2024,0,0,622110,129.0,55049.5,3598072384.0
2,622 - Hospitals,45,000,2020,0,0,622110,259.0,86166.16,5401100278.0
2,622 - Hospitals,45,000,2022,0,1,622110,375.0,48951.5,3377160949.0
2,622 - Hospitals,47,000,2019,0,0,622310,35.0,3324.83,225723552.0
2,622 - Hospitals,47,000,2021,0,1,622110,193.0,112741.5,7987291150.0
2,622 - Hospitals,50,000,2021,0,1,622210,2.0,0.0,0.0
2,622 - Hospitals,20,000,2018,0,1,622110,195.0,64517.25,3574836190.0
2,622 - Hospitals,36,000,2020,0,1,622110,297.0,415053.5,34681324578.0
2,622 - Hospitals,01,000,2019,0,1,622210,66.0,2238.33,81174687.0
2,622 - Hospitals,26,000,2018,0,0,622210,39.0,4788.08,262416688.0
2,622 - Hospitals,26,000,2018,0,0,622310,95.0,5378.66,261454131.0
2,622 - Hospitals,26,000,2020,0,0,622210,47.0,4763.25,287653272.0
2,622 - Hospitals,38,000,2019,0,1,622310,3.0,0.0,0.0
2,622 - Hospitals,38,000,2020,0,0,622110,67.0,24245.91,1487532562.0
2,622 - Hospitals,06,000,2024,0,0,622310,172.0,30132.0,2906847362.0
2,622 - Hospitals,19,000,2024,0,1,622110,228.0,59335.0,4261971169.0
2,622 - Hospitals,22,000,2019,0,1,622310,84.0,8599.33,452365965.0
2,622 - Hospitals,48,000,2018,0,1,622210,147.0,16661.5,724733446.0
2,622 - Hospitals,18,000,2023,0,0,622210,36.0,5502.0,328144729.0
2,622 - Hospitals,23,000,2021,0,1,622110,43.0,31197.25,2268587753.0
2,622 - Hospitals,53,000,2018,0,0,622310,6.0,1899.58,181887305.0
2,622 - Hospitals,17,000,2022,0,0,622210,50.0,9723.25,659884912.0
2,622 - Hospitals,17,000,2023,0,0,622210,51.0,9656.16,736804247.0
2,622 - Hospitals,17,000,2024,0,0,622110,436.0,268370.66,23023488982.0
2,622 - Hospitals,21,000,2022,0,1,622210,40.0,4001.58,216990783.0
2,622 - Hospitals,0 ,000,2019,0,0,622210,2317.0,252811.08,13755967988.0
2,622 - Hospitals,0 ,000,2021,0,0,622310,2044.0,272036.5,20499144495.0
2,622 - Hospitals,33,000,2019,0,1,622210,39.0,0.0,0.0
2,622 - Hospitals,37,000,2020,0,1,622310,22.0,1621.5,92806326.0
2,622 - Hospitals,51,000,2018,0,0,622310,53.0,2466.91,131708951.0
2,622 - Hospitals,51,000,2023,0,0,622310,68.0,2858.75,193442462.0
2,622 - Hospitals,06,000,2019,0,0,622210,744.0,22438.91,1341187925.0
2,622 - Hospitals,10,000,2019,0,0,622110,13.0,24991.08,1918080091.0
2,622 - Hospitals,15,000,2019,0,1,622210,11.0,0.0,0.0
2,622 - Hospitals,15,000,2019,0,1,622310,6.0,0.0,0.0
2,622 - Hospitals,15,000,2021,0,0,622110,57.0,18413.08,1647268132.0
2,622 - Hospitals,15,000,2022,0,0,622110,57.0,18500.75,1644870842.0
2,622 - Hospitals,15,000,2023,0,1,622310,8.0,0.0,0.0
2,622 - Hospitals,28,000,2023,0,0,622210,21.0,3808.33,172855226.0
2,622 - Hospitals,28,000,2023,0,0,622310,30.0,2140.66,117918522.0
2,622 - Hospitals,45,000,2021,0,0,622310,71.0,2357.83,134799867.0
2,622 - Hospitals,45,000,2022,0,0,622310,90.0,2547.5,151923435.0
2,622 - Hospitals,46,000,2023,0,1,622110,73.0,29689.91,2195341945.0
2,622 - Hospitals,47,000,2022,0,0,622110,202.0,136838.58,10177719844.0
2,622 - Hospitals,50,000,2019,0,1,622210,4.0,0.0,0.0
2,622 - Hospitals,05,000,2023,0,0,622210,12.0,2333.58,120034505.0
2,622 - Hospitals,05,000,2024,0,0,622110,173.0,62174.0,4662767908.0
2,622 - Hospitals,05,000,2024,0,0,622210,13.0,2378.33,124571556.0
2,622 - Hospitals,08,000,2022,0,0,622210,19.0,3181.83,208913719.0
2,622 - Hospitals,08,000,2022,0,0,622310,34.0,11288.58,885211525.0
2,622 - Hospitals,10,000,2021,0,0,622110,14.0,24915.58,2066706227.0
2,622 - Hospitals,15,000,2018,0,1,622310,6.0,0.0,0.0
2,622 - Hospitals,33,000,2024,0,0,622110,56.0,29052.25,2284926535.0
2,622 - Hospitals,35,000,2024,0,1,622210,37.0,1416.41,98085244.0
2,622 - Hospitals,01,000,2019,0,0,622110,146.0,91611.41,4911676297.0
2,622 - Hospitals,01,000,2023,0,1,622210,61.0,2850.16,149914814.0
2,622 - Hospitals,12,000,2021,0,1,622210,121.0,9273.66,441009308.0
2,622 - Hospitals,17,000,2019,0,0,622110,326.0,258322.91,17199725751.0
2,622 - Hospitals,26,000,2019,0,0,622210,44.0,4925.58,277710076.0
2,622 - Hospitals,26,000,2021,0,1,622110,412.0,212823.33,14713462345.0
2,622 - Hospitals,54,000,2021,0,1,622110,72.0,47794.41,3312125057.0
2,622 - Hospitals,06,000,2021,0,0,622210,702.0,21966.25,1402658876.0
2,622 - Hospitals,06,000,2023,0,0,622110,726.0,564091.25,59658449289.0
2,622 - Hospitals,19,000,2020,0,0,622310,23.0,1034.0,42815519.0
2,622 - Hospitals,30,000,2019,0,1,622310,6.0,0.0,0.0
2,622 - Hospitals,39,000,2022,0,0,622110,462.0,274687.41,19861563560.0
2,622 - Hospitals,48,000,2018,0,1,622310,241.0,19633.58,1043229284.0
2,622 - Hospitals,55,000,2019,0,1,622110,154.0,112010.33,6737042734.0
2,622 - Hospitals,02,000,2020,0,0,622110,25.0,13918.75,1068544449.0
2,622 - Hospitals,11,000,2018,0,1,622210,7.0,0.0,0.0
2,622 - Hospitals,11,000,2024,0,1,622310,16.0,0.0,0.0
2,622 - Hospitals,18,000,2022,0,0,622310,43.0,5307.41,345128667.0
2,622 - Hospitals,50,000,2022,0,1,622310,1.0,0.0,0.0
2,622 - Hospitals,50,000,2023,0,1,622310,2.0,0.0,0.0
2,622 - Hospitals,05,000,2018,0,0,622310,19.0,2763.83,135003243.0
2,622 - Hospitals,16,000,2020,0,0,622210,15.0,1255.25,60173463.0
2,622 - Hospitals,21,000,2023,0,1,622210,53.0,4165.91,238712134.0
2,622 - Hospitals,46,000,2019,0,0,622110,69.0,28955.75,1757381826.0
2,622 - Hospitals,25,000,2019,0,0,622210,45.0,8242.66,490191249.0
2,622 - Hospitals,31,000,2021,0,1,622210,8.0,128.0,10315199.0
2,622 - Hospitals,32,000,2022,0,0,622210,14.0,1758.66,99842256.0
2,622 - Hospitals,35,000,2018,0,0,622210,40.0,2148.16,98971830.0
2,622 - Hospitals,35,000,2023,0,1,622210,37.0,1313.33,88810878.0
2,622 - Hospitals,35,000,2023,0,1,622310,12.0,188.16,13802873.0
2,622 - Hospitals,42,000,2024,0,0,622310,92.0,22403.16,1859349438.0
2,622 - Hospitals,18,000,2019,0,0,622210,36.0,5376.25,252578419.0
2,622 - Hospitals,18,000,2020,0,0,622210,39.0,5287.08,262931436.0
2,622 - Hospitals,53,000,2022,0,0,622310,7.0,1962.58,194871933.0
2,622 - Hospitals,01,000,2018,0,1,622310,24.0,2103.33,101324222.0
2,622 - Hospitals,13,000,2021,0,0,622110,396.0,168083.0,11555819533.0
2,622 - Hospitals,13,000,2024,0,0,622310,86.0,5504.16,387787680.0
2,622 - Hospitals,20,000,2022,0,0,622110,199.0,68590.75,4527621336.0
2,622 - Hospitals,19,000,2018,0,1,622110,227.0,59889.58,3267207991.0
2,622 - Hospitals,32,000,2022,0,0,622110,48.0,39760.66,3332026186.0
2,622 - Hospitals,32,000,2024,0,0,622210,11.0,1817.75,124505010.0
2,622 - Hospitals,35,000,2018,0,1,622310,12.0,298.16,13830818.0
2,622 - Hospitals,35,000,2021,0,1,622210,37.0,1273.33,77473046.0
2,622 - Hospitals,40,000,2023,0,0,622210,33.0,3530.41,179000301.0
2,622 - Hospitals,55,000,2020,0,1,622110,169.0,110030.66,6851142478.0
2,622 - Hospitals,55,000,2024,0,0,622310,28.0,2055.66,130172443.0
2,622 - Hospitals,37,000,2024,0,0,622210,19.0,8207.58,645429580.0
2,622 - Hospitals,18,000,2021,0,0,622310,38.0,4817.91,297221249.0
2,622 - Hospitals,13,000,2023,0,0,622210,97.0,3723.91,210604071.0
2,622 - Hospitals,13,000,2023,0,0,622310,66.0,5203.08,349890831.0
2,622 - Hospitals,20,000,2021,0,0,622210,15.0,2604.58,119888583.0
2,622 - Hospitals,20,000,2024,0,0,622110,247.0,71248.16,5085975187.0
2,622 - Hospitals,31,000,2024,0,0,622310,11.0,2763.75,158973580.0
2,622 - Hospitals,44,000,2019,0,1,622310,7.0,0.0,0.0
2,622 - Hospitals,48,000,2021,0,1,622110,772.0,326019.08,24753921995.0
2,622 - Hospitals,49,000,2024,0,0,622110,139.0,53092.75,4394847906.0
2,622 - Hospitals,72,000,2020,0,0,622310,14.0,540.83,17133391.0
2,622 - Hospitals,72,000,2021,0,0,622310,14.0,589.16,19841899.0
2,622 - Hospitals,21,000,2019,0,1,622210,33.0,3688.33,161086440.0
2,622 - Hospitals,24,000,2019,0,0,622110,203.0,106194.66,6876814906.0
2,622 - Hospitals,28,000,2019,0,1,622210,17.0,1298.0,53117464.0
2,622 - Hospitals,32,000,2019,0,0,622310,21.0,2541.66,143144401.0
2,622 - Hospitals,51,000,2024,0,0,622210,40.0,7170.25,488150694.0
2,622 - Hospitals,04,000,2022,0,0,622310,108.0,4039.75,251843482.0
2,622 - Hospitals,29,000,2018,0,0,622310,43.0,4827.5,243840074.0
2,622 - Hospitals,41,000,2021,0,1,622210,7.0,335.5,21398387.0
2,622 - Hospitals,33,000,2021,0,0,622110,42.0,28144.75,1949932685.0
2,622 - Hospitals,37,000,2020,0,1,622110,538.0,196739.16,12900452275.0
2,622 - Hospitals,39,000,2020,0,0,622210,47.0,7293.41,427191681.0
2,622 - Hospitals,39,000,2020,0,1,622310,52.0,5307.16,277473002.0
2,622 - Hospitals,0 ,000,2018,0,0,622110,9185.0,5943713.66,390183760227.0
2,622 - Hospitals,0 ,000,2018,0,0,622310,1843.0,265306.75,17445756732.0
2,622 - Hospitals,06,000,2020,0,0,622210,719.0,21707.83,1338464442.0
2,622 - Hospitals,22,000,2024,0,1,622310,109.0,10533.0,722519457.0
2,622 - Hospitals,38,000,2021,0,1,622210,3.0,0.0,0.0
2,622 - Hospitals,38,000,2022,0,1,622210,3.0,407.66,21992963.0
2,622 - Hospitals,38,000,2023,0,0,622110,108.0,23290.16,1733421006.0
2,622 - Hospitals,23,000,2023,0,1,622310,6.0,0.0,0.0
2,622 - Hospitals,47,000,2018,0,1,622110,177.0,113063.08,7001522056.0
2,622 - Hospitals,47,000,2022,0,0,622210,64.0,5861.83,326975529.0
2,622 - Hospitals,50,000,2018,0,1,622110,19.0,1072.0,91805638.0
2,622 - Hospitals,16,000,2018,0,0,622310,28.0,1446.0,94038017.0
2,622 - Hospitals,08,000,2019,0,0,622310,27.0,10408.08,662893719.0
2,622 - Hospitals,08,000,2024,0,0,622210,20.0,3163.5,218869832.0
2,622 - Hospitals,20,000,2019,0,1,622310,9.0,1273.08,67686157.0
2,622 - Hospitals,36,000,2021,0,0,622210,102.0,18278.5,1796975246.0
2,622 - Hospitals,36,000,2021,0,1,622310,30.0,20801.41,2436980810.0
2,622 - Hospitals,42,000,2018,0,0,622110,235.0,253583.91,15689066386.0
2,622 - Hospitals,13,000,2019,0,0,622110,396.0,171956.66,10528801403.0
2,622 - Hospitals,01,000,2020,0,0,622110,154.0,91210.5,5107571450.0
2,622 - Hospitals,01,000,2021,0,0,622110,161.0,91844.66,5502118963.0
2,622 - Hospitals,17,000,2018,0,0,622110,324.0,258780.83,17022145037.0
2,622 - Hospitals,54,000,2019,0,1,622310,15.0,1121.08,57589336.0
2,622 - Hospitals,22,000,2018,0,1,622210,81.0,5810.0,252283941.0
2,622 - Hospitals,30,000,2024,0,1,622310,9.0,0.0,0.0
2,622 - Hospitals,39,000,2024,0,0,622110,466.0,285526.33,22214833236.0
2,622 - Hospitals,41,000,2022,0,0,622110,110.0,63048.5,5618625915.0
2,622 - Hospitals,11,000,2018,0,1,622310,14.0,0.0,0.0
2,622 - Hospitals,11,000,2019,0,0,622110,57.0,28536.5,2513304828.0
2,622 - Hospitals,11,000,2021,0,0,622110,74.0,27363.66,2433458989.0
2,622 - Hospitals,11,000,2021,0,1,622310,10.0,0.0,0.0
2,622 - Hospitals,11,000,2024,0,0,622110,100.0,27917.08,2815511312.0
2,622 - Hospitals,18,000,2022,0,0,622110,252.0,144209.91,10569719761.0
2,622 - Hospitals,44,000,2020,0,1,622310,7.0,0.0,0.0
2,622 - Hospitals,44,000,2021,0,1,622110,24.0,19888.91,1293560808.0
2,622 - Hospitals,44,000,2021,0,1,622210,5.0,0.0,0.0
2,622 - Hospitals,48,000,2021,0,1,622210,155.0,17637.66,850477215.0
2,622 - Hospitals,48,000,2021,0,1,622310,253.0,20861.5,1290304498.0
2,622 - Hospitals,56,000,2020,0,1,622110,30.0,9078.41,646802974.0
2,622 - Hospitals,56,000,2020,0,1,622310,1.0,0.0,0.0
2,622 - Hospitals,72,000,2021,0,0,622210,21.0,782.33,29115098.0
2,622 - Hospitals,72,000,2022,0,0,622210,21.0,790.33,29011042.0
2,622 - Hospitals,72,000,2023,0,0,622310,13.0,667.41,24355074.0
2,622 - Hospitals,09,000,2021,0,0,622310,6.0,1591.58,100489463.0
2,622 - Hospitals,21,000,2018,0,0,622310,20.0,4731.33,267750898.0
2,622 - Hospitals,21,000,2019,0,1,622110,157.0,82162.66,4653474193.0
2,622 - Hospitals,36,000,2023,0,1,622310,45.0,21027.83,2656676035.0
2,622 - Hospitals,41,000,2019,0,0,622310,6.0,745.75,50323207.0
2,622 - Hospitals,41,000,2020,0,0,622110,91.0,64818.83,5075262430.0
2,622 - Hospitals,37,000,2019,0,1,622210,16.0,3741.25,251401006.0
2,622 - Hospitals,06,000,2018,0,0,622210,785.0,23430.75,1341676327.0
2,622 - Hospitals,38,000,2023,0,1,622310,4.0,0.0,0.0
2,622 - Hospitals,10,000,2018,0,1,622210,9.0,0.0,0.0
2,622 - Hospitals,15,000,2020,0,0,622110,55.0,18287.08,1577080966.0
2,622 - Hospitals,15,000,2020,0,1,622210,12.0,0.0,0.0
2,622 - Hospitals,28,000,2021,0,1,622110,125.0,28647.25,1795703902.0
2,622 - Hospitals,45,000,2019,0,0,622110,232.0,86451.33,5238141788.0
2,622 - Hospitals,45,000,2019,0,1,622310,55.0,2218.16,115233898.0
2,622 - Hospitals,45,000,2020,0,1,622210,35.0,2511.91,114948506.0
2,622 - Hospitals,45,000,2023,0,0,622310,101.0,2718.75,171740325.0
2,622 - Hospitals,46,000,2024,0,1,622110,73.0,30332.41,2354807026.0
2,622 - Hospitals,08,000,2019,0,0,622110,123.0,89488.83,6059825834.0
2,622 - Hospitals,08,000,2023,0,0,622210,21.0,3212.91,213888215.0
2,622 - Hospitals,20,000,2019,0,0,622210,16.0,2694.33,112662667.0
2,622 - Hospitals,42,000,2018,0,0,622210,37.0,13669.5,713561237.0
2,622 - Hospitals,13,000,2019,0,1,622210,83.0,3895.08,201666028.0
2,622 - Hospitals,12,000,2022,0,0,622210,124.0,11815.16,593218200.0
2,622 - Hospitals,38,000,2018,0,1,622210,3.0,0.0,0.0
2,622 - Hospitals,54,000,2022,0,0,622210,12.0,1868.91,85847262.0
2,622 - Hospitals,02,000,2022,0,1,622310,2.0,0.0,0.0
2,622 - Hospitals,06,000,2023,0,0,622310,175.0,24396.83,2302576976.0
2,622 - Hospitals,30,000,2019,0,1,622210,4.0,0.0,0.0
2,622 - Hospitals,30,000,2021,0,1,622310,5.0,0.0,0.0
2,622 - Hospitals,30,000,2023,0,0,622110,120.0,26864.0,2104296928.0
2,622 - Hospitals,55,000,2019,0,0,622310,23.0,1910.33,102405278.0
2,622 - Hospitals,09,000,2018,0,0,622310,5.0,1693.5,99321747.0
2,622 - Hospitals,09,000,2020,0,0,622310,5.0,1645.91,99813542.0
2,622 - Hospitals,11,000,2022,0,1,622210,9.0,0.0,0.0
2,622 - Hospitals,23,000,2018,0,1,622210,4.0,0.0,0.0
2,622 - Hospitals,23,000,2018,0,1,622310,5.0,0.0,0.0
2,622 - Hospitals,50,000,2023,0,0,622110,23.0,14708.83,1173651687.0
2,622 - Hospitals,16,000,2021,0,0,622310,38.0,1760.08,117414513.0
2,622 - Hospitals,16,000,2023,0,0,622110,201.0,33224.08,2553486562.0
2,622 - Hospitals,17,000,2024,0,0,622310,49.0,4889.0,393943009.0
2,622 - Hospitals,19,000,2019,0,1,622210,8.0,1011.58,57414064.0
2,622 - Hospitals,25,000,2020,0,1,622110,222.0,176860.5,14440938676.0
2,622 - Hospitals,31,000,2018,0,0,622310,13.0,2835.0,129472487.0
2,622 - Hospitals,31,000,2019,0,1,622210,7.0,86.0,5920078.0
2,622 - Hospitals,31,000,2021,0,0,622310,9.0,2681.0,140962392.0
2,622 - Hospitals,34,000,2020,0,1,622110,132.0,142762.83,10736282354.0
2,622 - Hospitals,40,000,2021,0,0,622110,173.0,67936.33,4396736532.0
2,622 - Hospitals,55,000,2022,0,1,622110,171.0,109833.75,7674587300.0
2,622 - Hospitals,55,000,2022,0,1,622210,22.0,4283.33,292477265.0
2,622 - Hospitals,42,000,2021,0,0,622310,84.0,20577.66,1527241311.0
2,622 - Hospitals,25,000,2023,0,0,622310,50.0,23307.0,2002372039.0
2,622 - Hospitals,53,000,2022,0,0,622110,179.0,125956.41,11810515250.0
2,622 - Hospitals,20,000,2021,0,1,622310,9.0,1306.0,73795442.0
2,622 - Hospitals,31,000,2024,0,0,622210,8.0,1121.0,84169757.0
2,622 - Hospitals,44,000,2021,0,1,622310,8.0,0.0,0.0
2,622 - Hospitals,44,000,2023,0,1,622110,30.0,20537.41,1465618643.0
2,622 - Hospitals,48,000,2024,0,1,622110,913.0,366139.5,30652207476.0
2,622 - Hospitals,49,000,2020,0,0,622310,13.0,3933.5,237246354.0
2,622 - Hospitals,49,000,2022,0,0,622110,115.0,48717.25,3646521998.0
2,622 - Hospitals,56,000,2018,0,1,622210,3.0,0.0,0.0
2,622 - Hospitals,56,000,2021,0,1,622110,30.0,9027.58,686279763.0
2,622 - Hospitals,56,000,2023,0,1,622210,3.0,0.0,0.0
2,622 - Hospitals,56,000,2024,0,1,622110,35.0,9491.33,817054211.0
2,622 - Hospitals,56,000,2024,0,1,622310,2.0,0.0,0.0
2,622 - Hospitals,72,000,2021,0,1,622110,62.0,30529.0,1133538213.0
2,622 - Hospitals,72,000,2024,0,0,622110,65.0,30640.66,1324915065.0
2,622 - Hospitals,24,000,2020,0,0,622110,216.0,104026.08,7046879324.0
2,622 - Hospitals,26,000,2023,0,0,622210,48.0,5045.5,346727734.0
2,622 - Hospitals,26,000,2024,0,1,622110,533.0,220050.83,17530875576.0
2,622 - Hospitals,28,000,2019,0,1,622110,106.0,30580.33,1649198860.0
2,622 - Hospitals,36,000,2022,0,0,622210,107.0,18391.0,2146782295.0
2,622 - Hospitals,36,000,2023,0,1,622110,357.0,421124.41,40465015202.0
2,622 - Hospitals,45,000,2018,0,1,622310,52.0,2208.83,108781051.0
2,622 - Hospitals,04,000,2018,0,0,622210,30.0,2584.91,137414022.0
2,622 - Hospitals,27,000,2018,0,0,622110,245.0,124199.5,8287235686.0
2,622 - Hospitals,27,000,2020,0,0,622310,38.0,2155.75,153067599.0
2,622 - Hospitals,34,000,2021,0,1,622210,26.0,2434.08,140716583.0
2,622 - Hospitals,34,000,2024,0,0,622310,57.0,8083.16,653193349.0
2,622 - Hospitals,0 ,000,2018,0,0,622210,2467.0,250627.33,13144757051.0
2,622 - Hospitals,38,000,2021,0,0,622110,69.0,24207.91,1573149308.0
2,622 - Hospitals,38,000,2022,0,0,622110,88.0,24144.91,1681033643.0
2,622 - Hospitals,38,000,2024,0,0,622110,110.0,23648.5,1824154459.0
2,622 - Hospitals,10,000,2019,0,1,622310,9.0,474.0,24111818.0
2,622 - Hospitals,28,000,2023,0,0,622110,133.0,54534.33,3486563577.0
2,622 - Hospitals,45,000,2021,0,1,622110,304.0,47628.41,3153137440.0
2,622 - Hospitals,46,000,2023,0,1,622310,5.0,0.0,0.0
2,622 - Hospitals,47,000,2021,0,0,622310,37.0,3164.83,226999478.0
2,622 - Hospitals,08,000,2022,0,0,622110,143.0,92424.33,7298468250.0
2,622 - Hospitals,10,000,2022,0,1,622210,12.0,631.16,37645147.0
2,622 - Hospitals,36,000,2018,0,0,622210,240.0,20624.91,1449924291.0
2,622 - Hospitals,13,000,2020,0,0,622110,399.0,167946.5,10781694776.0
2,622 - Hospitals,33,000,2023,0,0,622210,48.0,776.08,56275784.0
2,622 - Hospitals,01,000,2022,0,0,622110,166.0,92131.5,5981947668.0
2,622 - Hospitals,54,000,2018,0,0,622210,14.0,2251.83,87751584.0
2,622 - Hospitals,54,000,2018,0,1,622310,17.0,1119.0,55017572.0
2,622 - Hospitals,19,000,2023,0,0,622210,13.0,1091.33,68868817.0
2,622 - Hospitals,19,000,2024,0,1,622210,12.0,353.25,22726075.0
2,622 - Hospitals,22,000,2020,0,1,622310,88.0,8769.41,494794113.0
2,622 - Hospitals,30,000,2018,0,1,622210,3.0,0.0,0.0
2,622 - Hospitals,30,000,2021,0,0,622110,92.0,26937.5,1935556983.0
2,622 - Hospitals,48,000,2019,0,0,622310,247.0,41326.66,3512846534.0
2,622 - Hospitals,02,000,2018,0,1,622310,3.0,0.0,0.0
2,622 - Hospitals,11,000,2018,0,0,622110,48.0,28629.83,2450360577.0
2,622 - Hospitals,18,000,2022,0,0,622210,37.0,5366.08,314355239.0
2,622 - Hospitals,23,000,2021,0,1,622210,4.0,0.0,0.0
2,622 - Hospitals,50,000,2024,0,1,622210,2.0,0.0,0.0
2,622 - Hospitals,53,000,2019,0,1,622110,150.0,119586.25,9729285736.0
2,622 - Hospitals,05,000,2019,0,1,622210,12.0,1939.58,85070655.0
2,622 - Hospitals,16,000,2023,0,0,622310,38.0,1808.16,135455564.0
2,622 - Hospitals,17,000,2022,0,0,622310,46.0,4271.25,317792702.0
2,622 - Hospitals,21,000,2024,0,1,622210,59.0,4159.75,246469568.0
2,622 - Hospitals,46,000,2018,0,1,622310,4.0,0.0,0.0
2,622 - Hospitals,46,000,2020,0,1,622310,6.0,0.0,0.0
2,622 - Hospitals,46,000,2022,0,1,622210,7.0,0.0,0.0
2,622 - Hospitals,34,000,2018,0,1,622210,26.0,2376.66,119877926.0
2,622 - Hospitals,35,000,2019,0,0,622210,40.0,1925.33,98073935.0
2,622 - Hospitals,35,000,2019,0,1,622310,13.0,290.75,13323898.0
2,622 - Hospitals,35,000,2021,0,1,622310,13.0,0.0,0.0
2,622 - Hospitals,35,000,2022,0,1,622310,12.0,181.41,12400793.0
2,622 - Hospitals,55,000,2021,0,1,622210,19.0,4218.25,264379273.0
2,622 - Hospitals,55,000,2023,0,1,622110,195.0,111901.41,8039981010.0
2,622 - Hospitals,55,000,2023,0,1,622210,24.0,4359.0,309127435.0
2,622 - Hospitals,55,000,2024,0,1,622110,190.0,114222.33,8519694043.0
2,622 - Hospitals,37,000,2023,0,0,622210,19.0,8039.33,595385291.0
2,622 - Hospitals,25,000,2023,0,0,622210,50.0,8152.75,636596959.0
2,622 - Hospitals,31,000,2023,0,0,622110,150.0,38575.66,2633863353.0
2,622 - Hospitals,31,000,2023,0,0,622310,8.0,2572.5,156068185.0
2,622 - Hospitals,48,000,2023,0,1,622210,170.0,18322.66,991220671.0
2,622 - Hospitals,56,000,2021,0,1,622310,1.0,0.0,0.0
2,622 - Hospitals,56,000,2022,0,1,622310,1.0,0.0,0.0
2,622 - Hospitals,56,000,2023,0,1,622310,2.0,0.0,0.0
2,622 - Hospitals,78,000,2021,0,1,622110,2.0,0.0,0.0
2,622 - Hospitals,78,000,2024,0,0,622110,2.0,1150.5,88125046.0
2,622 - Hospitals,21,000,2020,0,1,622210,35.0,3631.16,170073473.0
2,622 - Hospitals,26,000,2022,0,1,622110,462.0,209645.0,15491008527.0
2,622 - Hospitals,28,000,2019,0,0,622310,27.0,1959.91,103386374.0
2,622 - Hospitals,04,000,2020,0,0,622110,158.0,108718.75,7898865596.0
2,622 - Hospitals,04,000,2021,0,0,622310,93.0,3670.08,214718073.0
2,622 - Hospitals,29,000,2019,0,0,622310,51.0,4884.83,257590882.0
2,622 - Hospitals,34,000,2022,0,0,622310,41.0,8064.75,623445516.0
2,622 - Hospitals,34,000,2023,0,0,622110,156.0,153010.75,13042093309.0
2,622 - Hospitals,34,000,2023,0,0,622310,55.0,8175.08,655740071.0
2,622 - Hospitals,41,000,2018,0,1,622210,7.0,0.0,0.0
2,622 - Hospitals,41,000,2019,0,0,622110,89.0,65273.08,4904003999.0
2,622 - Hospitals,29,000,2020,0,0,622310,49.0,4319.91,255989043.0
2,622 - Hospitals,29,000,2021,0,1,622210,34.0,2168.41,113280342.0
2,622 - Hospitals,29,000,2022,0,0,622310,50.0,4329.5,288392441.0
2,622 - Hospitals,29,000,2023,0,0,622210,39.0,6559.75,320087646.0
2,622 - Hospitals,33,000,2021,0,1,622210,39.0,0.0,0.0
2,622 - Hospitals,51,000,2018,0,1,622110,229.0,109180.0,6829386048.0
2,622 - Hospitals,06,000,2019,0,1,622110,663.0,448587.08,39672823060.0
2,622 - Hospitals,22,000,2021,0,1,622210,85.0,5806.33,289627862.0
2,622 - Hospitals,38,000,2023,0,1,622210,4.0,413.91,23339589.0
2,622 - Hospitals,10,000,2020,0,1,622210,10.0,714.25,35865264.0
2,622 - Hospitals,28,000,2020,0,1,622110,109.0,29322.91,1694400799.0
2,622 - Hospitals,46,000,2024,0,1,622310,6.0,0.0,0.0
2,622 - Hospitals,47,000,2019,0,1,622110,182.0,112228.75,7112449656.0
2,622 - Hospitals,05,000,2021,0,1,622110,111.0,46479.91,2826699987.0
2,622 - Hospitals,05,000,2022,0,0,622310,21.0,2911.33,174112545.0
2,622 - Hospitals,20,000,2019,0,1,622110,191.0,65350.75,3728441890.0
2,622 - Hospitals,36,000,2019,0,1,622310,31.0,20035.41,2205067582.0
2,622 - Hospitals,42,000,2018,0,1,622310,92.0,22520.83,1412386313.0
2,622 - Hospitals,01,000,2021,0,1,622310,25.0,2039.5,116767765.0
2,622 - Hospitals,12,000,2018,0,0,622210,121.0,13684.33,542908752.0
2,622 - Hospitals,12,000,2021,0,0,622310,239.0,16129.66,1019842186.0
2,622 - Hospitals,26,000,2019,0,1,622110,380.0,219964.08,13995914367.0
2,622 - Hospitals,38,000,2018,0,0,622110,59.0,18327.0,1272799151.0
2,622 - Hospitals,54,000,2021,0,0,622210,13.0,1987.16,85099765.0
2,622 - Hospitals,54,000,2023,0,0,622210,18.0,2005.83,102124512.0
2,622 - Hospitals,54,000,2023,0,0,622310,18.0,1399.66,83337648.0
2,622 - Hospitals,19,000,2022,0,0,622210,13.0,1170.83,70610402.0
2,622 - Hospitals,30,000,2018,0,0,622110,71.0,25155.58,1610278797.0
2,622 - Hospitals,30,000,2020,0,0,622110,80.0,25991.75,1809031870.0
2,622 - Hospitals,30,000,2021,0,1,622210,4.0,0.0,0.0
2,622 - Hospitals,30,000,2022,0,1,622310,9.0,0.0,0.0
2,622 - Hospitals,30,000,2023,0,1,622210,7.0,506.41,19810090.0
2,622 - Hospitals,39,000,2023,0,0,622210,55.0,7313.58,510554447.0
2,622 - Hospitals,55,000,2018,0,0,622310,26.0,2048.5,103850644.0
2,622 - Hospitals,55,000,2019,0,1,622210,15.0,3918.75,233489914.0
2,622 - Hospitals,02,000,2020,0,1,622210,4.0,0.0,0.0
2,622 - Hospitals,09,000,2019,0,0,622310,5.0,1659.66,100005006.0
2,622 - Hospitals,11,000,2023,0,0,622110,84.0,26515.66,2616614268.0
2,622 - Hospitals,23,000,2019,0,1,622210,4.0,0.0,0.0
2,622 - Hospitals,23,000,2020,0,1,622310,6.0,0.0,0.0
2,622 - Hospitals,53,000,2020,0,0,622310,12.0,2046.41,183662152.0
2,622 - Hospitals,53,000,2021,0,0,622310,12.0,2019.5,195403202.0
2,622 - Hospitals,05,000,2018,0,1,622110,102.0,46683.08,2464661963.0
2,622 - Hospitals,16,000,2020,0,0,622110,144.0,30147.83,1954156144.0
2,622 - Hospitals,17,000,2024,0,0,622210,51.0,10417.16,844602843.0
2,622 - Hospitals,21,000,2022,0,1,622110,230.0,83074.5,5652775161.0
2,622 - Hospitals,0 ,000,2022,0,0,622210,2418.0,238210.41,15821749942.0
2,622 - Hospitals,0 ,000,2023,0,0,622310,2436.0,295600.58,24549496126.0
2,622 - Hospitals,31,000,2018,0,0,622110,139.0,36981.41,1928875132.0
2,622 - Hospitals,31,000,2018,0,1,622210,7.0,67.0,3912852.0
2,622 - Hospitals,31,000,2020,0,0,622110,148.0,37083.08,2132548429.0
2,622 - Hospitals,32,000,2023,0,0,622110,58.0,41158.08,3553696943.0
2,622 - Hospitals,34,000,2019,0,0,622310,33.0,8875.83,577043772.0
2,622 - Hospitals,35,000,2020,0,1,622110,75.0,28804.66,2180257381.0
2,622 - Hospitals,35,000,2020,0,1,622210,39.0,1334.66,77345289.0
2,622 - Hospitals,35,000,2022,0,0,622110,77.0,39405.41,3088862975.0
2,622 - Hospitals,40,000,2023,0,0,622310,20.0,1377.0,88095997.0
2,622 - Hospitals,37,000,2022,0,0,622110,541.0,213945.91,16267253586.0
2,622 - Hospitals,18,000,2019,0,0,622310,30.0,4458.08,255834331.0
2,622 - Hospitals,44,000,2018,0,1,622210,4.0,0.0,0.0
2,622 - Hospitals,13,000,2024,0,0,622210,115.0,4418.08,261068900.0
2,622 - Hospitals,20,000,2020,0,0,622210,15.0,2636.16,122681812.0
2,622 - Hospitals,20,000,2023,0,0,622310,14.0,1906.08,110031113.0
2,622 - Hospitals,20,000,2024,0,0,622210,16.0,2507.08,148947139.0
2,622 - Hospitals,40,000,2018,0,0,622310,40.0,1850.16,92041099.0
2,622 - Hospitals,40,000,2020,0,0,622310,19.0,1476.16,78695859.0
2,622 - Hospitals,44,000,2019,0,1,622210,4.0,0.0,0.0
2,622 - Hospitals,44,000,2022,0,1,622210,6.0,0.0,0.0
2,622 - Hospitals,56,000,2021,0,1,622210,3.0,0.0,0.0
2,622 - Hospitals,56,000,2022,0,1,622210,3.0,0.0,0.0
2,622 - Hospitals,09,000,2022,0,0,622210,17.0,2486.16,234419436.0
2,622 - Hospitals,24,000,2020,0,1,622310,33.0,4035.33,254711447.0
2,622 - Hospitals,24,000,2021,0,1,622210,57.0,3544.91,185089840.0
2,622 - Hospitals,24,000,2022,0,1,622310,57.0,4040.0,282870055.0
2,622 - Hospitals,24,000,2024,0,0,622110,446.0,105436.75,8491884498.0
2,622 - Hospitals,26,000,2022,0,0,622310,108.0,5594.41,341400218.0
2,622 - Hospitals,04,000,2018,0,0,622110,144.0,105286.08,7013400541.0
2,622 - Hospitals,27,000,2019,0,0,622310,35.0,2463.75,181465212.0
2,622 - Hospitals,27,000,2021,0,0,622210,29.0,2914.33,200578315.0
2,622 - Hospitals,34,000,2021,0,1,622110,140.0,143367.08,10969760857.0
2,622 - Hospitals,34,000,2024,0,0,622210,38.0,7635.83,608821469.0
2,622 - Hospitals,12,000,2024,0,0,622210,140.0,12067.41,654442405.0
2,622 - Hospitals,33,000,2020,0,1,622210,39.0,0.0,0.0
2,622 - Hospitals,39,000,2019,0,0,622210,48.0,7534.25,419648869.0
2,622 - Hospitals,51,000,2023,0,0,622110,321.0,121387.66,9750597347.0
2,622 - Hospitals,06,000,2018,0,1,622310,167.0,15434.83,1023361326.0
2,622 - Hospitals,15,000,2024,0,0,622110,58.0,19463.66,1811633316.0
2,622 - Hospitals,23,000,2024,0,1,622310,6.0,0.0,0.0
2,622 - Hospitals,28,000,2022,0,0,622210,20.0,3618.83,159534890.0
2,622 - Hospitals,28,000,2024,0,0,622210,21.0,3811.08,177502365.0
2,622 - Hospitals,45,000,2021,0,1,622210,38.0,2392.41,117392798.0
2,622 - Hospitals,45,000,2024,0,1,622210,37.0,2300.66,129673342.0
2,622 - Hospitals,49,000,2018,0,1,622110,92.0,36755.75,2158580783.0
2,622 - Hospitals,49,000,2018,0,1,622210,18.0,833.33,35382525.0
2,622 - Hospitals,50,000,2020,0,1,622210,2.0,0.0,0.0
2,622 - Hospitals,16,000,2018,0,0,622210,9.0,1006.83,44634933.0
2,622 - Hospitals,16,000,2019,0,0,622210,12.0,1174.66,53895791.0
2,622 - Hospitals,08,000,2020,0,0,622310,38.0,10681.0,754623693.0
2,622 - Hospitals,10,000,2024,0,1,622210,14.0,698.0,43376821.0
2,622 - Hospitals,36,000,2019,0,1,622110,285.0,418608.75,33137691755.0
2,622 - Hospitals,13,000,2018,0,0,622210,77.0,7391.58,343446978.0
2,622 - Hospitals,33,000,2023,0,0,622310,13.0,973.33,60576668.0
2,622 - Hospitals,01,000,2020,0,1,622310,25.0,2073.58,111288675.0
2,622 - Hospitals,01,000,2024,0,1,622310,31.0,2650.66,167339620.0
2,622 - Hospitals,26,000,2021,0,0,622210,45.0,4859.83,301370646.0
2,622 - Hospitals,02,000,2021,0,1,622110,25.0,12708.33,1022557294.0
2,622 - Hospitals,19,000,2020,0,0,622210,10.0,1069.75,62840787.0
2,622 - Hospitals,22,000,2020,0,1,622210,80.0,5745.5,282674238.0
2,622 - Hospitals,30,000,2022,0,0,622110,105.0,26524.0,2043679841.0
2,622 - Hospitals,39,000,2022,0,0,622310,55.0,8709.16,567818059.0
2,622 - Hospitals,39,000,2023,0,0,622310,63.0,9346.0,632211989.0
2,622 - Hospitals,48,000,2019,0,1,622210,154.0,10529.33,509627178.0
2,622 - Hospitals,02,000,2018,0,0,622110,30.0,14398.58,1046243881.0
2,622 - Hospitals,09,000,2019,0,1,622110,89.0,59073.5,4225831370.0
2,622 - Hospitals,11,000,2023,0,1,622310,14.0,0.0,0.0
2,622 - Hospitals,11,000,2024,0,1,622210,10.0,0.0,0.0
2,622 - Hospitals,23,000,2021,0,1,622310,6.0,0.0,0.0
2,622 - Hospitals,47,000,2024,0,0,622310,50.0,3446.83,239890895.0
2,622 - Hospitals,17,000,2020,0,0,622310,39.0,4056.66,289828630.0
2,622 - Hospitals,46,000,2021,0,0,622110,70.0,30705.08,2057278266.0
2,622 - Hospitals,0 ,000,2020,0,0,622110,10066.0,5961628.66,421761075028.0
2,622 - Hospitals,0 ,000,2024,0,0,622110,13703.0,6418192.33,548992247930.0
2,622 - Hospitals,19,000,2019,0,1,622310,22.0,0.0,0.0
2,622 - Hospitals,25,000,2019,0,0,622310,45.0,21031.5,1476301899.0
2,622 - Hospitals,31,000,2020,0,0,622310,9.0,2692.0,132718260.0
2,622 - Hospitals,55,000,2021,0,0,622310,20.0,1725.83,105553927.0
2,622 - Hospitals,55,000,2022,0,0,622310,21.0,1733.0,113021431.0
2,622 - Hospitals,37,000,2021,0,1,622210,15.0,3679.5,273858493.0
2,622 - Hospitals,53,000,2023,0,0,622310,8.0,2073.75,206455072.0
2,622 - Hospitals,20,000,2024,0,0,622310,19.0,2200.91,133411035.0
2,622 - Hospitals,40,000,2019,0,0,622210,34.0,3214.41,131728882.0
2,622 - Hospitals,40,000,2019,0,0,622310,21.0,1542.0,81401098.0
2,622 - Hospitals,44,000,2019,0,1,622110,18.0,20181.83,1240938316.0
2,622 - Hospitals,56,000,2019,0,1,622110,30.0,8903.08,610847341.0
2,622 - Hospitals,56,000,2020,0,1,622210,3.0,0.0,0.0
2,622 - Hospitals,78,000,2020,0,1,622110,2.0,0.0,0.0
2,622 - Hospitals,26,000,2024,0,0,622210,52.0,5320.66,375672018.0
2,622 - Hospitals,45,000,2018,0,1,622210,33.0,1531.91,63898927.0
2,622 - Hospitals,27,000,2019,0,0,622110,254.0,125787.41,8533180151.0
2,622 - Hospitals,27,000,2019,0,0,622210,28.0,3047.41,191473724.0
2,622 - Hospitals,34,000,2022,0,0,622210,32.0,7185.41,529087462.0
2,622 - Hospitals,34,000,2024,0,0,622110,186.0,161933.58,14259315037.0
2,622 - Hospitals,41,000,2019,0,1,622210,7.0,331.5,18498372.0
2,622 - Hospitals,33,000,2020,0,1,622310,9.0,0.0,0.0
2,622 - Hospitals,37,000,2018,0,1,622310,21.0,1585.5,81598296.0
2,622 - Hospitals,22,000,2023,0,1,622310,94.0,10934.58,768659851.0
2,622 - Hospitals,24,000,2018,0,1,622310,36.0,4242.16,236128660.0
2,622 - Hospitals,10,000,2018,0,0,622110,13.0,24342.41,1835253001.0
2,622 - Hospitals,10,000,2020,0,0,622110,13.0,25458.0,1932004570.0
2,622 - Hospitals,50,000,2021,0,1,622110,18.0,1069.25,104187199.0
2,622 - Hospitals,16,000,2018,0,0,622110,158.0,30246.25,1822741629.0
2,622 - Hospitals,08,000,2018,0,0,622110,119.0,87328.58,5723038813.0
2,622 - Hospitals,08,000,2021,0,0,622310,35.0,10896.91,780136668.0
2,622 - Hospitals,10,000,2022,0,1,622310,13.0,501.41,31339221.0
2,622 - Hospitals,20,000,2018,0,1,622310,9.0,1236.66,61059951.0
2,622 - Hospitals,36,000,2018,0,1,622110,280.0,412258.5,31850783228.0
2,622 - Hospitals,36,000,2021,0,1,622110,293.0,411363.16,35435943523.0
2,622 - Hospitals,33,000,2023,0,0,622110,46.0,28546.25,2147217307.0
2,622 - Hospitals,33,000,2024,0,0,622310,12.0,957.75,64016629.0
2,622 - Hospitals,12,000,2021,0,1,622110,698.0,352439.25,25073495343.0
2,622 - Hospitals,17,000,2018,0,0,622310,36.0,4089.91,261684932.0
2,622 - Hospitals,26,000,2020,0,1,622110,401.0,212643.91,14164369594.0
2,622 - Hospitals,02,000,2021,0,1,622310,1.0,0.0,0.0
2,622 - Hospitals,02,000,2024,0,0,622110,32.0,16046.0,1505973228.0
2,622 - Hospitals,22,000,2019,0,1,622210,79.0,5906.33,263333710.0
2,622 - Hospitals,30,000,2018,0,1,622310,5.0,0.0,0.0
2,622 - Hospitals,41,000,2024,0,0,622310,12.0,696.0,60397006.0
2,622 - Hospitals,54,000,2024,0,0,622310,24.0,1491.25,92176600.0
2,622 - Hospitals,55,000,2018,0,1,622210,15.0,3750.83,216499681.0
2,622 - Hospitals,11,000,2019,0,1,622210,7.0,0.0,0.0
2,622 - Hospitals,11,000,2023,0,1,622210,10.0,0.0,0.0
2,622 - Hospitals,23,000,2019,0,1,622110,44.0,32755.58,2156432118.0
2,622 - Hospitals,47,000,2023,0,0,622210,67.0,6150.75,360098244.0
2,622 - Hospitals,16,000,2022,0,0,622210,16.0,1268.33,70060429.0
2,622 - Hospitals,16,000,2023,0,0,622210,18.0,1294.33,75851780.0
2,622 - Hospitals,46,000,2018,0,1,622210,7.0,0.0,0.0
2,622 - Hospitals,46,000,2019,0,1,622210,7.0,0.0,0.0
2,622 - Hospitals,0 ,000,2023,0,0,622110,12721.0,6205221.33,509592790943.0
2,622 - Hospitals,31,000,2019,0,0,622110,140.0,37044.25,2031137958.0
2,622 - Hospitals,32,000,2020,0,0,622310,17.0,2416.0,145068009.0
2,622 - Hospitals,34,000,2020,0,1,622210,24.0,2484.66,142154056.0
2,622 - Hospitals,42,000,2022,0,0,622310,87.0,21176.66,1697590248.0
2,622 - Hospitals,25,000,2022,0,0,622310,53.0,22151.91,1829959389.0
2,622 - Hospitals,25,000,2024,0,0,622310,62.0,23969.08,2116661960.0
2,622 - Hospitals,40,000,2020,0,0,622210,32.0,3086.16,132074525.0
2,622 - Hospitals,44,000,2020,0,1,622210,4.0,0.0,0.0
2,622 - Hospitals,48,000,2022,0,1,622310,248.0,21338.0,1372033335.0
2,622 - Hospitals,49,000,2019,0,1,622110,93.0,38639.58,2374046427.0
2,622 - Hospitals,49,000,2024,0,0,622310,28.0,4346.91,326802890.0
2,622 - Hospitals,56,000,2019,0,1,622310,1.0,0.0,0.0
2,622 - Hospitals,21,000,2018,0,1,622110,148.0,81468.83,4501529187.0
2,622 - Hospitals,21,000,2020,0,0,622310,24.0,4905.0,306628820.0
2,622 - Hospitals,36,000,2022,0,1,622310,33.0,21334.91,2561256437.0
2,622 - Hospitals,45,000,2018,0,1,622110,207.0,78128.25,4534254650.0
2,622 - Hospitals,41,000,2018,0,0,622110,82.0,64697.08,4652400160.0
2,622 - Hospitals,29,000,2020,0,1,622110,258.0,147794.75,9429996988.0
2,622 - Hospitals,29,000,2020,0,1,622210,35.0,2164.0,105657886.0
2,622 - Hospitals,39,000,2018,0,1,622310,56.0,5168.08,252182219.0
2,622 - Hospitals,39,000,2021,0,1,622210,50.0,5034.25,284794808.0
2,622 - Hospitals,22,000,2022,0,1,622110,357.0,73083.41,5227794584.0
2,622 - Hospitals,10,000,2018,0,1,622310,7.0,0.0,0.0
2,622 - Hospitals,15,000,2019,0,0,622110,53.0,18454.75,1565847450.0
2,622 - Hospitals,15,000,2020,0,1,622310,7.0,0.0,0.0
2,622 - Hospitals,15,000,2024,0,1,622310,8.0,0.0,0.0
2,622 - Hospitals,23,000,2024,0,1,622210,5.0,471.0,33933643.0
2,622 - Hospitals,45,000,2023,0,1,622110,572.0,53929.83,3744049337.0
2,622 - Hospitals,50,000,2019,0,1,622110,20.0,1120.16,96922440.0
2,622 - Hospitals,16,000,2019,0,0,622310,29.0,1569.75,99072977.0
2,622 - Hospitals,05,000,2023,0,0,622110,153.0,61022.08,4428624186.0
2,622 - Hospitals,08,000,2019,0,0,622210,14.0,3421.75,196907544.0
2,622 - Hospitals,10,000,2023,0,0,622110,21.0,26123.33,2507233019.0
2,622 - Hospitals,10,000,2023,0,1,622310,14.0,620.83,38239516.0
2,622 - Hospitals,33,000,2022,0,0,622310,13.0,1001.0,59938089.0
2,622 - Hospitals,12,000,2022,0,0,622110,789.0,365109.41,27639215177.0
2,622 - Hospitals,26,000,2021,0,0,622310,109.0,5741.91,328990198.0
2,622 - Hospitals,54,000,2022,0,0,622110,79.0,47961.41,3459132931.0
2,622 - Hospitals,02,000,2022,0,0,622110,27.0,14780.25,1285383871.0
2,622 - Hospitals,02,000,2024,0,1,622210,3.0,0.0,0.0
2,622 - Hospitals,30,000,2020,0,1,622310,7.0,0.0,0.0
2,622 - Hospitals,39,000,2023,0,0,622110,483.0,280429.58,21001010318.0
2,622 - Hospitals,39,000,2024,0,0,622310,78.0,10444.5,720301340.0
2,622 - Hospitals,48,000,2020,0,1,622310,252.0,20877.41,1233175102.0
2,622 - Hospitals,09,000,2018,0,1,622110,85.0,58367.75,4054061437.0
2,622 - Hospitals,09,000,2018,0,1,622210,20.0,1617.5,109480051.0
2,622 - Hospitals,09,000,2019,0,1,622210,20.0,1652.91,114225466.0
2,622 - Hospitals,11,000,2021,0,1,622210,8.0,0.0,0.0
2,622 - Hospitals,11,000,2022,0,0,622110,78.0,26329.41,2517908185.0
2,622 - Hospitals,05,000,2019,0,1,622110,108.0,46851.16,2546644738.0
2,622 - Hospitals,16,000,2020,0,0,622310,34.0,1728.66,113412101.0
2,622 - Hospitals,16,000,2022,0,0,622310,40.0,1821.5,127741549.0
2,622 - Hospitals,17,000,2021,0,0,622210,51.0,10127.0,641519091.0
2,622 - Hospitals,17,000,2023,0,0,622310,47.0,4625.25,369862682.0
2,622 - Hospitals,21,000,2023,0,1,622110,260.0,86176.33,6140655881.0
2,622 - Hospitals,0 ,000,2020,0,0,622210,2299.0,246167.58,14150874150.0
2,622 - Hospitals,19,000,2018,0,1,622310,24.0,0.0,0.0
2,622 - Hospitals,25,000,2018,0,0,622310,40.0,20604.33,1408046543.0
2,622 - Hospitals,32,000,2020,0,0,622210,14.0,1336.91,65141571.0
2,622 - Hospitals,32,000,2024,0,0,622110,50.0,41856.75,3733487070.0
2,622 - Hospitals,35,000,2018,0,1,622110,80.0,27619.91,1927754067.0
2,622 - Hospitals,40,000,2023,0,0,622110,179.0,72951.08,5297184149.0
2,622 - Hospitals,55,000,2023,0,0,622310,26.0,1842.33,116101453.0
2,622 - Hospitals,42,000,2020,0,1,622310,92.0,21385.16,1475541317.0
2,622 - Hospitals,42,000,2021,0,0,622110,429.0,249031.83,17339630573.0
2,622 - Hospitals,25,000,2021,0,0,622210,49.0,7632.83,518193532.0
2,622 - Hospitals,53,000,2023,0,0,622210,53.0,5529.91,477671440.0
2,622 - Hospitals,53,000,2024,0,0,622210,54.0,5811.58,529457542.0
2,622 - Hospitals,13,000,2022,0,0,622110,407.0,170293.5,12448500889.0
2,622 - Hospitals,20,000,2023,0,0,622110,199.0,69442.5,4803255733.0
2,622 - Hospitals,44,000,2022,0,1,622110,29.0,20068.16,1353914314.0
2,622 - Hospitals,44,000,2023,0,1,622310,7.0,0.0,0.0
2,622 - Hospitals,49,000,2021,0,0,622310,16.0,3786.08,244079712.0
2,622 - Hospitals,56,000,2018,0,1,622110,31.0,8757.0,575034134.0
2,622 - Hospitals,72,000,2022,0,0,622310,14.0,603.0,21476819.0
2,622 - Hospitals,09,000,2022,0,0,622310,8.0,1547.0,107780438.0
2,622 - Hospitals,09,000,2023,0,1,622310,15.0,0.0,0.0
2,622 - Hospitals,24,000,2021,0,0,622110,259.0,102130.33,7227572542.0
2,622 - Hospitals,36,000,2024,0,1,622110,391.0,437701.58,43974527296.0
2,622 - Hospitals,36,000,2024,0,0,622210,115.0,18242.58,2430183886.0
2,622 - Hospitals,04,000,2022,0,0,622110,185.0,107499.58,8706030949.0
2,622 - Hospitals,27,000,2020,0,0,622110,268.0,122824.25,8579357746.0
2,622 - Hospitals,27,000,2021,0,0,622310,45.0,1658.41,141608629.0
2,622 - Hospitals,27,000,2022,0,0,622210,31.0,2946.91,230475012.0
2,622 - Hospitals,27,000,2023,0,0,622110,396.0,124384.33,10265888604.0
2,622 - Hospitals,12,000,2023,0,0,622110,954.0,395345.91,30340207408.0
2,622 - Hospitals,12,000,2024,0,0,622310,386.0,19628.08,1385965802.0
2,622 - Hospitals,33,000,2019,0,1,622310,8.0,0.0,0.0
2,622 - Hospitals,51,000,2020,0,1,622110,244.0,109429.33,7247650423.0
2,622 - Hospitals,04,000,2024,0,0,622110,233.0,119197.25,10411048545.0
2,622 - Hospitals,28,000,2021,0,0,622310,25.0,1911.5,113152222.0
2,622 - Hospitals,28,000,2022,0,0,622110,134.0,53938.08,3380821464.0
2,622 - Hospitals,47,000,2022,0,0,622310,48.0,3100.91,227404682.0
2,622 - Hospitals,08,000,2023,0,0,622310,38.0,12536.5,1010503857.0
2,622 - Hospitals,10,000,2022,0,0,622110,15.0,25130.75,2359223207.0
2,622 - Hospitals,15,000,2018,0,1,622210,11.0,0.0,0.0
2,622 - Hospitals,36,000,2018,0,1,622310,35.0,19504.83,2004308106.0
2,622 - Hospitals,36,000,2020,0,1,622310,32.0,20836.41,2391605771.0
2,622 - Hospitals,13,000,2018,0,1,622310,37.0,5235.5,303945303.0
2,622 - Hospitals,13,000,2020,0,1,622210,72.0,3820.16,203058486.0
2,622 - Hospitals,33,000,2024,0,0,622210,51.0,819.41,64377219.0
2,622 - Hospitals,01,000,2022,0,1,622210,62.0,2713.5,132733662.0
2,622 - Hospitals,01,000,2023,0,1,622310,29.0,2672.0,159050390.0
2,622 - Hospitals,38,000,2019,0,0,622110,68.0,24259.83,1442623791.0
2,622 - Hospitals,38,000,2019,0,1,622210,3.0,0.0,0.0
2,622 - Hospitals,54,000,2018,0,1,622110,68.0,48158.58,2893714385.0
2,622 - Hospitals,54,000,2019,0,1,622110,68.0,48849.16,3030201578.0
2,622 - Hospitals,54,000,2019,0,0,622210,13.0,2160.75,87951538.0
2,622 - Hospitals,54,000,2020,0,1,622110,66.0,47420.83,3149912270.0
2,622 - Hospitals,54,000,2020,0,0,622210,15.0,2101.58,90907231.0
2,622 - Hospitals,02,000,2021,0,1,622210,4.0,0.0,0.0
2,622 - Hospitals,02,000,2022,0,1,622210,3.0,0.0,0.0
2,622 - Hospitals,06,000,2022,0,0,622210,701.0,22481.16,1454727184.0
2,622 - Hospitals,06,000,2024,0,0,622110,720.0,573054.83,62898509257.0
2,622 - Hospitals,06,000,2024,0,0,622210,678.0,22639.83,1725473387.0
2,622 - Hospitals,19,000,2022,0,1,622110,225.0,58106.0,3879718561.0
2,622 - Hospitals,41,000,2022,0,0,622310,9.0,622.33,52158180.0
2,622 - Hospitals,41,000,2024,0,0,622210,13.0,2913.58,263193848.0
2,622 - Hospitals,02,000,2019,0,1,622310,3.0,0.0,0.0
2,622 - Hospitals,23,000,2019,0,1,622310,5.0,0.0,0.0
2,622 - Hospitals,47,000,2023,0,0,622110,199.0,143414.58,11200287956.0
2,622 - Hospitals,53,000,2018,0,1,622210,37.0,1940.41,115584633.0
2,622 - Hospitals,05,000,2019,0,0,622310,20.0,2825.33,140975683.0
2,622 - Hospitals,16,000,2022,0,0,622110,181.0,31887.25,2353932430.0
2,622 - Hospitals,0 ,000,2019,0,0,622310,1870.0,269449.25,18412896488.0
2,622 - Hospitals,0 ,000,2020,0,0,622310,1934.0,272060.41,19479943856.0
2,622 - Hospitals,0 ,000,2022,0,0,622310,2219.0,277576.75,22154939573.0
2,622 - Hospitals,0 ,000,2023,0,0,622210,2503.0,240977.0,16894418275.0
2,622 - Hospitals,0 ,000,2024,0,0,622210,2579.0,251021.25,18475057684.0
2,622 - Hospitals,19,000,2018,0,1,622210,7.0,1036.66,57381318.0
2,622 - Hospitals,34,000,2020,0,0,622310,34.0,8411.91,602331848.0
2,622 - Hospitals,35,000,2019,0,1,622110,79.0,28599.5,2037105269.0
2,622 - Hospitals,35,000,2023,0,0,622110,81.0,40637.33,3288866212.0
2,622 - Hospitals,40,000,2021,0,0,622210,32.0,3132.41,138285814.0
2,622 - Hospitals,40,000,2022,0,0,622210,33.0,3243.5,155989519.0
2,622 - Hospitals,42,000,2024,0,0,622210,43.0,11667.5,789220641.0
2,622 - Hospitals,18,000,2021,0,0,622110,243.0,143140.0,9355024746.0
2,622 - Hospitals,25,000,2021,0,0,622310,52.0,21562.91,1655354162.0
2,622 - Hospitals,53,000,2024,0,0,622110,209.0,133653.25,13769472406.0
2,622 - Hospitals,53,000,2024,0,0,622310,8.0,2125.58,213249336.0
2,622 - Hospitals,13,000,2022,0,0,622310,50.0,5181.66,340597490.0
2,622 - Hospitals,31,000,2022,0,0,622310,9.0,2474.66,139217817.0
2,622 - Hospitals,40,000,2019,0,0,622110,183.0,67637.5,3972720228.0
2,622 - Hospitals,48,000,2023,0,1,622110,875.0,351893.83,28543668971.0
2,622 - Hospitals,48,000,2023,0,1,622310,247.0,22033.0,1393676816.0
2,622 - Hospitals,49,000,2019,0,1,622210,19.0,853.58,38168549.0
2,622 - Hospitals,49,000,2022,0,0,622310,22.0,3756.08,280427586.0
2,622 - Hospitals,49,000,2023,0,0,622110,128.0,51050.25,4033049874.0
2,622 - Hospitals,24,000,2024,0,1,622310,77.0,4551.25,339628490.0
2,622 - Hospitals,28,000,2018,0,1,622110,105.0,30329.58,1594298621.0
2,622 - Hospitals,36,000,2023,0,0,622210,111.0,17604.91,2246167874.0
2,622 - Hospitals,04,000,2018,0,0,622310,52.0,3071.33,173370016.0
2,622 - Hospitals,04,000,2021,0,0,622110,179.0,108282.58,8324905024.0
2,622 - Hospitals,27,000,2022,0,0,622110,348.0,120964.16,9636101154.0
2,622 - Hospitals,41,000,2018,0,1,622310,5.0,0.0,0.0
2,622 - Hospitals,12,000,2024,0,0,622110,1040.0,413261.0,32647370248.0
2,622 - Hospitals,29,000,2024,0,0,622110,362.0,161618.16,12941581969.0
2,622 - Hospitals,33,000,2018,0,1,622310,9.0,0.0,0.0
2,622 - Hospitals,33,000,2020,0,0,622110,39.0,28125.25,1880436540.0
2,622 - Hospitals,37,000,2018,0,1,622110,474.0,192018.25,11739872168.0
2,622 - Hospitals,22,000,2021,0,1,622110,304.0,87397.5,5844169481.0
2,622 - Hospitals,22,000,2021,0,1,622310,94.0,9131.91,557814634.0
2,622 - Hospitals,22,000,2024,0,0,622210,99.0,6356.58,355511675.0
2,622 - Hospitals,23,000,2023,0,0,622110,58.0,31444.75,2538698327.0
2,622 - Hospitals,45,000,2024,0,0,622310,110.0,2971.33,187262232.0
2,622 - Hospitals,47,000,2018,0,1,622210,48.0,3812.83,194381791.0
2,622 - Hospitals,05,000,2022,0,0,622110,153.0,58724.5,4131996666.0
2,622 - Hospitals,08,000,2021,0,0,622110,131.0,90572.25,6802066136.0
2,622 - Hospitals,10,000,2021,0,1,622210,11.0,643.83,34773719.0
2,622 - Hospitals,10,000,2024,0,0,622110,24.0,27482.5,2716192785.0
2,622 - Hospitals,15,000,2018,0,0,622110,42.0,18639.33,1494260480.0
2,622 - Hospitals,20,000,2018,0,0,622210,16.0,2771.33,110566159.0
2,622 - Hospitals,12,000,2020,0,1,622110,672.0,352822.83,22850786498.0
2,622 - Hospitals,12,000,2020,0,1,622210,117.0,9504.91,431944189.0
2,622 - Hospitals,12,000,2022,0,0,622310,271.0,16973.41,1143521642.0
2,622 - Hospitals,17,000,2018,0,0,622210,50.0,10067.08,569919051.0
2,622 - Hospitals,26,000,2020,0,0,622310,108.0,5761.83,309366873.0
2,622 - Hospitals,02,000,2023,0,1,622310,2.0,0.0,0.0
2,622 - Hospitals,02,000,2024,0,1,622310,3.0,0.0,0.0
2,622 - Hospitals,06,000,2023,0,0,622210,673.0,21612.41,1521421803.0
2,622 - Hospitals,19,000,2021,0,0,622210,11.0,1175.5,67401649.0
2,622 - Hospitals,22,000,2018,0,1,622310,79.0,8372.66,425204426.0
2,622 - Hospitals,39,000,2024,0,0,622210,65.0,7645.16,561252039.0
2,622 - Hospitals,41,000,2023,0,0,622110,130.0,64883.83,5950375582.0
2,622 - Hospitals,48,000,2018,0,1,622110,699.0,330200.75,21783041179.0
2,622 - Hospitals,02,000,2019,0,1,622210,4.0,0.0,0.0
2,622 - Hospitals,11,000,2020,0,1,622210,7.0,0.0,0.0
2,622 - Hospitals,11,000,2020,0,1,622310,12.0,0.0,0.0
2,622 - Hospitals,16,000,2024,0,0,622210,18.0,1334.0,81697768.0
2,622 - Hospitals,32,000,2021,0,0,622110,46.0,39030.91,3158750996.0
2,622 - Hospitals,34,000,2018,0,0,622310,33.0,8802.25,554484816.0
2,622 - Hospitals,34,000,2019,0,1,622210,24.0,2521.16,131969543.0
2,622 - Hospitals,35,000,2022,0,1,622210,37.0,1270.0,81725439.0
2,622 - Hospitals,40,000,2022,0,0,622310,16.0,1149.0,66074699.0
2,622 - Hospitals,37,000,2022,0,0,622310,34.0,1589.75,101242202.0
2,622 - Hospitals,42,000,2021,0,0,622210,39.0,11190.5,645451967.0
2,622 - Hospitals,42,000,2023,0,0,622110,433.0,255609.33,19464840960.0
2,622 - Hospitals,18,000,2020,0,0,622110,241.0,142609.33,8711266246.0
2,622 - Hospitals,25,000,2022,0,0,622210,51.0,7852.58,614288270.0
2,622 - Hospitals,25,000,2023,0,1,622110,218.0,182318.5,16531384321.0
2,622 - Hospitals,25,000,2024,0,1,622110,211.0,182751.91,17475348090.0
2,622 - Hospitals,13,000,2021,0,1,622210,75.0,3412.0,180499168.0
2,622 - Hospitals,20,000,2022,0,0,622310,13.0,1721.5,94994911.0
2,622 - Hospitals,31,000,2022,0,0,622210,8.0,945.75,68797792.0
2,622 - Hospitals,49,000,2020,0,1,622110,96.0,39091.25,2558006408.0
2,622 - Hospitals,49,000,2023,0,0,622210,17.0,2161.83,149906760.0
2,622 - Hospitals,56,000,2024,0,1,622210,3.0,0.0,0.0
2,622 - Hospitals,72,000,2023,0,0,622110,64.0,31134.83,1308252894.0
2,622 - Hospitals,26,000,2023,0,1,622110,508.0,214410.16,16297516821.0
2,622 - Hospitals,26,000,2023,0,0,622310,111.0,5695.83,350667975.0
2,622 - Hospitals,28,000,2018,0,0,622310,27.0,2036.5,101787994.0
2,622 - Hospitals,36,000,2022,0,1,622110,313.0,408101.58,37192237673.0
2,622 - Hospitals,04,000,2021,0,0,622210,29.0,3118.91,187840245.0
2,622 - Hospitals,04,000,2022,0,0,622210,30.0,3081.08,197568381.0
2,622 - Hospitals,34,000,2022,0,0,622110,154.0,148906.91,12309194859.0
2,622 - Hospitals,39,000,2021,0,1,622310,51.0,5431.75,291766987.0
2,622 - Hospitals,51,000,2019,0,1,622110,239.0,111712.83,7153266457.0
2,622 - Hospitals,51,000,2019,0,1,622210,31.0,1849.0,89426528.0
2,622 - Hospitals,51,000,2019,0,0,622310,52.0,2430.0,137088815.0
2,622 - Hospitals,51,000,2020,0,0,622310,53.0,2493.25,150847705.0
2,622 - Hospitals,51,000,2021,0,1,622310,52.0,2525.33,160637290.0
2,622 - Hospitals,51,000,2022,0,0,622110,306.0,119196.58,9131857530.0
2,622 - Hospitals,51,000,2023,0,0,622210,40.0,6387.91,418322808.0
2,622 - Hospitals,22,000,2024,0,1,622110,360.0,75307.08,5802396781.0
2,622 - Hospitals,24,000,2018,0,1,622210,52.0,3463.75,168651922.0
2,622 - Hospitals,15,000,2023,0,0,622110,58.0,19076.41,1705632800.0
2,622 - Hospitals,15,000,2023,0,1,622210,12.0,0.0,0.0
2,622 - Hospitals,47,000,2021,0,1,622210,58.0,4104.58,208526106.0
2,622 - Hospitals,50,000,2018,0,1,622210,4.0,0.0,0.0
2,622 - Hospitals,05,000,2021,0,1,622210,13.0,1791.08,84622581.0
2,622 - Hospitals,08,000,2018,0,0,622210,13.0,3340.33,180798651.0
2,622 - Hospitals,36,000,2019,0,0,622210,98.0,19201.83,1394927681.0
2,622 - Hospitals,36,000,2020,0,0,622210,100.0,19035.91,1435351358.0
2,622 - Hospitals,33,000,2022,0,0,622210,43.0,721.25,48847865.0
2,622 - Hospitals,35,000,2024,0,0,622110,82.0,41872.0,3563586303.0
2,622 - Hospitals,01,000,2020,0,1,622210,66.0,2144.25,82960739.0
2,622 - Hospitals,12,000,2018,0,0,622110,641.0,346870.66,20987384288.0
2,622 - Hospitals,17,000,2019,0,0,622210,49.0,10316.5,661434048.0
2,622 - Hospitals,54,000,2022,0,0,622310,18.0,1318.66,76198386.0
2,622 - Hospitals,19,000,2021,0,1,622110,224.0,58076.91,3595584330.0
2,622 - Hospitals,19,000,2022,0,0,622310,26.0,1052.08,49083827.0
2,622 - Hospitals,19,000,2023,0,0,622310,26.0,1033.66,50306714.0
2,622 - Hospitals,22,000,2019,0,1,622110,262.0,88015.83,5186605321.0
2,622 - Hospitals,55,000,2018,0,1,622110,149.0,109784.08,6471898634.0
2,622 - Hospitals,11,000,2019,0,1,622310,13.0,0.0,0.0
2,622 - Hospitals,23,000,2020,0,1,622210,4.0,0.0,0.0
2,622 - Hospitals,47,000,2024,0,0,622110,221.0,147728.75,12091038865.0
2,622 - Hospitals,50,000,2022,0,0,622110,21.0,14508.5,1114994880.0
2,622 - Hospitals,50,000,2024,0,1,622110,22.0,1081.16,131501088.0
2,622 - Hospitals,53,000,2019,0,1,622210,40.0,2406.08,151081175.0
2,622 - Hospitals,16,000,2021,0,0,622110,153.0,31202.5,2168928069.0
2,622 - Hospitals,17,000,2020,0,0,622110,330.0,250459.58,17638575405.0
2,622 - Hospitals,21,000,2022,0,0,622310,28.0,5040.16,365714478.0
2,622 - Hospitals,46,000,2022,0,1,622310,5.0,0.0,0.0
2,622 - Hospitals,32,000,2023,0,0,622210,11.0,1745.83,107926977.0
2,622 - Hospitals,32,000,2024,0,0,622310,14.0,2431.25,171821674.0
2,622 - Hospitals,35,000,2020,0,1,622310,14.0,0.0,0.0
2,622 - Hospitals,40,000,2021,0,0,622310,17.0,1344.41,74529502.0
2,622 - Hospitals,40,000,2024,0,0,622210,35.0,3590.5,189267901.0
2,622 - Hospitals,42,000,2020,0,0,622110,360.0,253462.25,16895831079.0
2,622 - Hospitals,42,000,2023,0,0,622310,91.0,21197.0,1719348289.0
2,622 - Hospitals,18,000,2018,0,0,622210,30.0,5339.58,246272449.0
2,622 - Hospitals,18,000,2019,0,0,622110,187.0,144769.41,8344043351.0
2,622 - Hospitals,18,000,2021,0,0,622210,39.0,5293.66,277272322.0
2,622 - Hospitals,25,000,2022,0,1,622110,234.0,179554.0,15683073328.0
2,622 - Hospitals,53,000,2023,0,0,622110,182.0,128968.33,12635134180.0
2,622 - Hospitals,13,000,2022,0,0,622210,84.0,4892.33,262754017.0
2,622 - Hospitals,31,000,2022,0,0,622110,149.0,38118.66,2499940142.0
2,622 - Hospitals,44,000,2023,0,1,622210,6.0,0.0,0.0
2,622 - Hospitals,48,000,2024,0,1,622310,253.0,22527.75,1447669725.0
2,622 - Hospitals,49,000,2023,0,0,622310,24.0,4069.16,306755712.0
2,622 - Hospitals,72,000,2023,0,0,622210,23.0,805.08,28386239.0
2,622 - Hospitals,78,000,2022,0,0,622110,2.0,1035.08,77815395.0
2,622 - Hospitals,09,000,2023,0,0,622110,144.0,65393.16,5570732376.0
2,622 - Hospitals,21,000,2021,0,1,622110,198.0,81433.41,5229732050.0
2,622 - Hospitals,36,000,2024,0,1,622310,56.0,21097.58,2756209924.0
2,622 - Hospitals,51,000,2024,0,0,622310,70.0,2946.91,199263846.0
2,622 - Hospitals,04,000,2019,0,0,622310,75.0,3322.41,188566475.0
2,622 - Hospitals,04,000,2020,0,0,622210,29.0,2815.16,164147446.0
2,622 - Hospitals,27,000,2020,0,0,622210,26.0,3044.58,209274922.0
2,622 - Hospitals,29,000,2019,0,1,622110,265.0,151402.5,9236028131.0
2,622 - Hospitals,34,000,2021,0,0,622310,36.0,8390.33,619444038.0
2,622 - Hospitals,41,000,2021,0,0,622310,8.0,673.41,50913953.0
2,622 - Hospitals,29,000,2021,0,1,622110,261.0,147930.25,9925538522.0
2,622 - Hospitals,29,000,2021,0,0,622310,49.0,4387.91,268407168.0
2,622 - Hospitals,33,000,2018,0,0,622110,35.0,28454.33,1748470520.0
2,622 - Hospitals,37,000,2019,0,1,622110,483.0,197132.25,12448967844.0
2,622 - Hospitals,37,000,2020,0,1,622210,15.0,3639.0,260607486.0
2,622 - Hospitals,39,000,2019,0,1,622310,54.0,5102.5,253337188.0
2,622 - Hospitals,39,000,2020,0,1,622110,337.0,261789.0,16431743145.0
2,622 - Hospitals,06,000,2019,0,1,622310,142.0,16090.25,1106282849.0
2,622 - Hospitals,38,000,2022,0,1,622310,4.0,0.0,0.0
2,622 - Hospitals,04,000,2024,0,0,622210,30.0,3372.25,223606216.0
2,622 - Hospitals,10,000,2020,0,1,622310,10.0,486.91,25989403.0
2,622 - Hospitals,15,000,2021,0,1,622210,12.0,0.0,0.0
2,622 - Hospitals,15,000,2022,0,1,622210,12.0,0.0,0.0
2,622 - Hospitals,45,000,2019,0,1,622210,36.0,2582.16,114099700.0
2,622 - Hospitals,45,000,2024,0,1,622110,673.0,58200.66,4279401626.0
2,622 - Hospitals,16,000,2019,0,0,622110,138.0,30201.66,1901289868.0
2,622 - Hospitals,05,000,2022,0,0,622210,13.0,2325.08,119165058.0
2,622 - Hospitals,05,000,2023,0,0,622310,26.0,3115.66,188099829.0
2,622 - Hospitals,08,000,2024,0,0,622110,251.0,97591.83,8271582520.0
2,622 - Hospitals,13,000,2018,0,1,622110,371.0,177998.0,10419650513.0
2,622 - Hospitals,01,000,2022,0,1,622310,28.0,2538.41,150979256.0
2,622 - Hospitals,01,000,2023,0,0,622110,173.0,93579.08,6370236236.0
2,622 - Hospitals,54,000,2020,0,1,622310,14.0,1114.5,60570142.0
2,622 - Hospitals,02,000,2023,0,0,622110,33.0,15390.83,1392273174.0
2,622 - Hospitals,06,000,2021,0,1,622310,144.0,16861.16,1314870245.0
2,622 - Hospitals,06,000,2022,0,0,622110,714.0,550791.33,55823840998.0
2,622 - Hospitals,30,000,2020,0,1,622210,4.0,0.0,0.0
2,622 - Hospitals,30,000,2024,0,1,622210,7.0,522.08,21470002.0
2,622 - Hospitals,39,000,2022,0,0,622210,53.0,7073.25,466832899.0
2,622 - Hospitals,41,000,2023,0,0,622210,10.0,2732.16,238252850.0
2,622 - Hospitals,41,000,2024,0,0,622110,149.0,67846.0,6590583257.0
2,622 - Hospitals,48,000,2020,0,1,622110,767.0,328175.0,22933474950.0
2,622 - Hospitals,02,000,2019,0,0,622110,28.0,14591.0,1084635356.0
2,622 - Hospitals,09,000,2020,0,1,622110,90.0,59206.08,4485027761.0
2,622 - Hospitals,09,000,2020,0,1,622210,18.0,1476.16,108274082.0
2,622 - Hospitals,18,000,2024,0,0,622210,33.0,5708.83,357229604.0
2,622 - Hospitals,23,000,2018,0,1,622110,44.0,32824.91,2072419467.0
2,622 - Hospitals,50,000,2023,0,1,622210,3.0,0.0,0.0
2,622 - Hospitals,53,000,2018,0,1,622110,147.0,116589.33,9155176462.0
2,622 - Hospitals,53,000,2020,0,1,622110,154.0,117650.58,9896733281.0
2,622 - Hospitals,05,000,2018,0,1,622210,11.0,1929.16,82169629.0
2,622 - Hospitals,05,000,2020,0,1,622210,14.0,1879.5,85701754.0
2,622 - Hospitals,05,000,2020,0,0,622310,21.0,2723.91,141078880.0
2,622 - Hospitals,16,000,2024,0,0,622110,224.0,34496.16,2902398644.0
2,622 - Hospitals,46,000,2021,0,1,622210,8.0,0.0,0.0
2,622 - Hospitals,46,000,2022,0,1,622110,73.0,29428.33,2112014453.0
2,622 - Hospitals,0 ,000,2021,0,0,622210,2332.0,240455.33,14623425169.0
2,622 - Hospitals,0 ,000,2022,0,0,622110,11624.0,5996095.41,476025847667.0
2,622 - Hospitals,25,000,2018,0,1,622110,184.0,174146.41,13363830317.0
2,622 - Hospitals,27,000,2024,0,0,622210,34.0,3623.66,317845959.0
2,622 - Hospitals,31,000,2019,0,0,622310,12.0,2790.91,130885952.0
2,622 - Hospitals,32,000,2023,0,0,622310,16.0,2387.16,160679253.0
2,622 - Hospitals,34,000,2018,0,1,622110,122.0,142218.5,9683073911.0
2,622 - Hospitals,37,000,2024,0,0,622310,47.0,1639.33,112733836.0
2,622 - Hospitals,42,000,2019,0,0,622210,35.0,14232.75,773562001.0
2,622 - Hospitals,42,000,2023,0,0,622210,42.0,11313.58,743526253.0
2,622 - Hospitals,18,000,2018,0,0,622310,27.0,4355.16,239382383.0
2,622 - Hospitals,25,000,2024,0,0,622210,50.0,8791.83,697048825.0
2,622 - Hospitals,13,000,2023,0,0,622110,434.0,183965.66,13959634682.0
2,622 - Hospitals,20,000,2020,0,1,622110,191.0,64627.58,3871036504.0
2,622 - Hospitals,44,000,2024,0,1,622310,11.0,0.0,0.0
2,622 - Hospitals,49,000,2020,0,1,622210,17.0,798.08,38584919.0
2,622 - Hospitals,56,000,2022,0,0,622110,32.0,11919.25,919814629.0
2,622 - Hospitals,72,000,2020,0,1,622110,62.0,30787.5,1126189327.0
2,622 - Hospitals,72,000,2020,0,0,622210,20.0,849.33,28219001.0
2,622 - Hospitals,72,000,2024,0,0,622310,12.0,698.33,26609263.0
2,622 - Hospitals,09,000,2024,0,0,622110,122.0,67926.0,5924963544.0
2,622 - Hospitals,21,000,2019,0,0,622310,21.0,4773.0,281780073.0
2,622 - Hospitals,24,000,2022,0,0,622110,348.0,99937.0,7581142352.0
2,622 - Hospitals,24,000,2023,0,0,622110,386.0,101407.75,7855099023.0
2,622 - Hospitals,24,000,2023,0,1,622210,78.0,3708.58,232495635.0
2,622 - Hospitals,26,000,2024,0,0,622310,98.0,6111.83,386280402.0
2,622 - Hospitals,32,000,2018,0,0,622110,44.0,37132.75,2713469185.0
2,622 - Hospitals,32,000,2018,0,0,622310,18.0,2423.41,135055107.0
2,622 - Hospitals,32,000,2019,0,0,622110,48.0,38339.16,2833716368.0
2,622 - Hospitals,51,000,2024,0,0,622110,346.0,126587.83,10597090143.0
2,622 - Hospitals,27,000,2018,0,1,622310,37.0,0.0,0.0
2,622 - Hospitals,29,000,2024,0,0,622210,39.0,6731.33,346279772.0
2,622 - Hospitals,33,000,2021,0,1,622310,10.0,0.0,0.0
2,622 - Hospitals,39,000,2019,0,1,622110,323.0,267400.41,16111628030.0
2,622 - Hospitals,51,000,2021,0,1,622110,261.0,108561.25,7715231630.0
2,622 - Hospitals,51,000,2021,0,1,622210,33.0,1870.91,100095381.0
2,622 - Hospitals,06,000,2020,0,1,622110,651.0,446561.08,41629663071.0
2,622 - Hospitals,22,000,2023,0,1,622110,354.0,72839.66,5450157261.0
2,622 - Hospitals,38,000,2021,0,1,622310,3.0,0.0,0.0
2,622 - Hospitals,38,000,2024,0,1,622310,4.0,0.0,0.0
3,623 - Nursing and Residential Care,02,000,2021,0,0,623110,6.0,402.25,20073322.0
3,623 - Nursing and Residential Care,13,000,2022,0,0,623990,224.0,3542.08,142632507.0
3,623 - Nursing and Residential Care,44,000,2020,0,1,623990,37.0,0.0,0.0
3,623 - Nursing and Residential Care,11,000,2023,0,0,623210,55.0,1918.0,96081748.0
3,623 - Nursing and Residential Care,49,000,2021,0,1,623110,130.0,8452.91,326504394.0
3,623 - Nursing and Residential Care,53,000,2018,0,0,623220,102.0,4051.58,160364977.0
3,623 - Nursing and Residential Care,0 ,000,2021,0,0,623990,7216.0,165239.5,6934681126.0
3,623 - Nursing and Residential Care,0 ,000,2023,0,0,623990,7744.0,170282.41,8076667761.0
3,623 - Nursing and Residential Care,08,000,2020,0,0,623220,115.0,3197.83,141335758.0
3,623 - Nursing and Residential Care,08,000,2024,0,0,623990,56.0,1067.0,51529416.0
3,623 - Nursing and Residential Care,54,000,2023,0,0,623110,140.0,9250.16,423286873.0
3,623 - Nursing and Residential Care,0 ,000,2021,0,0,623110,19269.0,1430548.83,60303188245.0
2,622 - Hospitals,18,000,2023,0,0,622110,236.0,145031.16,10264541548.0
2,622 - Hospitals,47,000,2023,0,0,622310,49.0,3227.16,247722036.0
2,622 - Hospitals,21,000,2024,0,1,622110,285.0,89747.58,6493824619.0
2,622 - Hospitals,21,000,2024,0,0,622310,37.0,6015.66,435279189.0
2,622 - Hospitals,46,000,2018,0,0,622110,70.0,28630.41,1651784824.0
2,622 - Hospitals,46,000,2020,0,0,622110,68.0,29965.75,1990055188.0
2,622 - Hospitals,46,000,2020,0,1,622210,7.0,0.0,0.0
2,622 - Hospitals,0 ,000,2019,0,0,622110,9625.0,6029687.25,407460461989.0
2,622 - Hospitals,0 ,000,2021,0,0,622110,10680.0,5977603.5,445620179353.0
2,622 - Hospitals,19,000,2019,0,1,622110,225.0,59062.41,3346251206.0
2,622 - Hospitals,31,000,2021,0,0,622110,151.0,38038.5,2300720392.0
2,622 - Hospitals,32,000,2020,0,0,622110,45.0,38773.66,3012260960.0
2,622 - Hospitals,32,000,2022,0,0,622310,17.0,2384.33,163446035.0
2,622 - Hospitals,35,000,2021,0,1,622110,74.0,31261.16,2374350629.0
2,622 - Hospitals,55,000,2024,0,1,622210,24.0,4599.33,337684071.0
2,622 - Hospitals,37,000,2022,0,0,622210,19.0,8089.66,553213299.0
2,622 - Hospitals,42,000,2022,0,0,622110,430.0,248836.5,18653378326.0
2,622 - Hospitals,42,000,2022,0,0,622210,39.0,11066.66,709206443.0
2,622 - Hospitals,25,000,2021,0,1,622110,224.0,179554.91,15198250848.0
2,622 - Hospitals,44,000,2018,0,1,622110,17.0,19551.75,1203208449.0
2,622 - Hospitals,13,000,2024,0,0,622110,504.0,196100.66,15427769338.0
2,622 - Hospitals,20,000,2021,0,1,622110,193.0,64401.08,4057925777.0
2,622 - Hospitals,20,000,2023,0,0,622210,15.0,2412.25,133878969.0
2,622 - Hospitals,40,000,2018,0,0,622110,176.0,66036.83,3738742822.0
2,622 - Hospitals,44,000,2020,0,1,622110,20.0,19754.75,1250678137.0
2,622 - Hospitals,44,000,2024,0,1,622110,36.0,20810.83,1564944667.0
2,622 - Hospitals,44,000,2024,0,1,622210,6.0,0.0,0.0
2,622 - Hospitals,49,000,2021,0,1,622210,19.0,808.16,43892748.0
2,622 - Hospitals,56,000,2019,0,1,622210,2.0,0.0,0.0
2,622 - Hospitals,72,000,2022,0,0,622110,63.0,31235.41,1218190030.0
2,622 - Hospitals,72,000,2024,0,0,622210,20.0,816.41,30734285.0
2,622 - Hospitals,09,000,2021,0,1,622110,109.0,60346.25,4664960853.0
2,622 - Hospitals,21,000,2018,0,0,622210,31.0,3968.5,165623062.0
2,622 - Hospitals,24,000,2019,0,1,622210,51.0,3493.58,176409333.0
2,622 - Hospitals,24,000,2019,0,1,622310,35.0,4192.83,242395492.0
2,622 - Hospitals,24,000,2024,0,1,622210,81.0,3176.5,195147484.0
2,622 - Hospitals,26,000,2022,0,0,622210,46.0,4869.91,321600875.0
2,622 - Hospitals,28,000,2018,0,1,622210,15.0,1211.5,48489583.0
2,622 - Hospitals,27,000,2018,0,1,622210,34.0,2776.41,173309977.0
2,622 - Hospitals,27,000,2021,0,0,622110,294.0,123633.0,9172148102.0
2,622 - Hospitals,27,000,2022,0,0,622310,54.0,1628.75,151643360.0
2,622 - Hospitals,29,000,2018,0,1,622110,236.0,149276.16,8795244575.0
2,622 - Hospitals,41,000,2020,0,0,622310,6.0,716.0,52373617.0
2,622 - Hospitals,37,000,2018,0,1,622210,17.0,3544.75,238968413.0
2,622 - Hospitals,39,000,2018,0,1,622110,239.0,263352.08,15445988308.0
2,622 - Hospitals,39,000,2018,0,0,622210,48.0,7449.83,403201243.0
2,622 - Hospitals,39,000,2021,0,0,622110,523.0,278623.75,18711353729.0
2,622 - Hospitals,51,000,2020,0,1,622210,32.0,1815.0,92524405.0
2,622 - Hospitals,22,000,2022,0,1,622210,86.0,5862.91,304393105.0
2,622 - Hospitals,22,000,2023,0,0,622210,99.0,6200.25,341613399.0
3,623 - Nursing and Residential Care,25,000,2023,0,1,623990,268.0,6106.5,307046337.0
3,623 - Nursing and Residential Care,26,000,2019,0,0,623210,801.0,11464.83,305418052.0
3,623 - Nursing and Residential Care,30,000,2019,0,0,623990,47.0,1976.66,51711789.0
3,623 - Nursing and Residential Care,30,000,2022,0,0,623990,54.0,1400.41,52386117.0
3,623 - Nursing and Residential Care,53,000,2023,0,1,623110,266.0,18471.0,1065358627.0
3,623 - Nursing and Residential Care,10,000,2024,0,1,623210,11.0,1793.0,79837401.0
3,623 - Nursing and Residential Care,10,000,2024,0,0,623990,3.0,358.16,16225248.0
3,623 - Nursing and Residential Care,27,000,2020,0,1,623990,516.0,10531.66,318096654.0
3,623 - Nursing and Residential Care,16,000,2022,0,0,623210,55.0,1589.58,55159512.0
3,623 - Nursing and Residential Care,32,000,2020,0,0,623220,63.0,2927.5,146130098.0
3,623 - Nursing and Residential Care,32,000,2023,0,0,623220,72.0,2701.5,146090420.0
3,623 - Nursing and Residential Care,56,000,2024,0,1,623210,12.0,221.58,6857253.0
3,623 - Nursing and Residential Care,12,000,2018,0,1,623220,443.0,12952.25,516034413.0
3,623 - Nursing and Residential Care,12,000,2021,0,1,623210,364.0,7800.08,265077434.0
3,623 - Nursing and Residential Care,23,000,2018,0,0,623210,364.0,4472.0,126927207.0
3,623 - Nursing and Residential Care,23,000,2019,0,0,623990,37.0,708.66,22325040.0
3,623 - Nursing and Residential Care,23,000,2021,0,1,623110,101.0,8213.83,342068713.0
3,623 - Nursing and Residential Care,23,000,2021,0,0,623990,36.0,570.58,21559905.0
3,623 - Nursing and Residential Care,34,000,2021,0,1,623110,427.0,41175.5,1931317433.0
3,623 - Nursing and Residential Care,34,000,2023,0,0,623110,446.0,43382.58,2305923375.0
3,623 - Nursing and Residential Care,36,000,2021,0,0,623990,422.0,15042.5,831920457.0
3,623 - Nursing and Residential Care,37,000,2018,0,0,623220,215.0,5017.5,157058102.0
3,623 - Nursing and Residential Care,37,000,2020,0,0,623220,234.0,4927.66,173480049.0
3,623 - Nursing and Residential Care,38,000,2018,0,0,623990,28.0,814.5,31672676.0
3,623 - Nursing and Residential Care,39,000,2018,0,1,623210,1619.0,28691.33,762161558.0
3,623 - Nursing and Residential Care,04,000,2019,0,0,623210,90.0,6712.16,170844841.0
3,623 - Nursing and Residential Care,08,000,2018,0,0,623990,52.0,1296.08,48082264.0
3,623 - Nursing and Residential Care,08,000,2024,0,0,623110,275.0,20337.83,1054947289.0
3,623 - Nursing and Residential Care,54,000,2020,0,0,623210,328.0,3098.66,89230492.0
3,623 - Nursing and Residential Care,54,000,2021,0,0,623210,331.0,2726.08,87342419.0
3,623 - Nursing and Residential Care,56,000,2022,0,0,623990,23.0,683.16,28474970.0
3,623 - Nursing and Residential Care,56,000,2023,0,1,623110,34.0,1950.75,84083645.0
3,623 - Nursing and Residential Care,04,000,2020,0,0,623110,224.0,15862.16,702313416.0
3,623 - Nursing and Residential Care,04,000,2020,0,0,623210,119.0,6833.66,217167443.0
3,623 - Nursing and Residential Care,18,000,2018,0,0,623990,134.0,4213.25,129381862.0
3,623 - Nursing and Residential Care,42,000,2018,0,0,623110,674.0,82139.58,3143476746.0
3,623 - Nursing and Residential Care,56,000,2021,0,1,623210,12.0,238.25,6505624.0
3,623 - Nursing and Residential Care,15,000,2021,0,1,623990,9.0,0.0,0.0
3,623 - Nursing and Residential Care,15,000,2022,0,1,623990,9.0,0.0,0.0
3,623 - Nursing and Residential Care,24,000,2021,0,1,623210,533.0,9868.41,382898583.0
3,623 - Nursing and Residential Care,24,000,2023,0,1,623110,412.0,22326.5,1207871660.0
3,623 - Nursing and Residential Care,29,000,2022,0,0,623210,601.0,11861.83,438063353.0
3,623 - Nursing and Residential Care,29,000,2022,0,0,623220,183.0,4232.0,175953650.0
3,623 - Nursing and Residential Care,29,000,2024,0,0,623210,582.0,13615.16,600549524.0
3,623 - Nursing and Residential Care,35,000,2024,0,0,623210,38.0,1662.25,74515573.0
3,623 - Nursing and Residential Care,02,000,2022,0,0,623220,27.0,610.33,29470222.0
3,623 - Nursing and Residential Care,02,000,2024,0,0,623110,11.0,569.75,29839972.0
3,623 - Nursing and Residential Care,11,000,2024,0,0,623990,49.0,972.58,42845476.0
3,623 - Nursing and Residential Care,13,000,2021,0,1,623110,476.0,28252.33,1144327412.0
3,623 - Nursing and Residential Care,16,000,2018,0,0,623110,107.0,5303.33,179547723.0
3,623 - Nursing and Residential Care,16,000,2018,0,0,623220,24.0,346.25,9542210.0
3,623 - Nursing and Residential Care,44,000,2019,0,1,623990,33.0,0.0,0.0
3,623 - Nursing and Residential Care,46,000,2021,0,0,623110,104.0,6337.0,217159474.0
3,623 - Nursing and Residential Care,49,000,2020,0,1,623990,46.0,2660.83,98684557.0
3,623 - Nursing and Residential Care,11,000,2024,0,0,623110,53.0,2565.66,158168101.0
3,623 - Nursing and Residential Care,16,000,2018,0,0,623210,60.0,1737.91,39497873.0
3,623 - Nursing and Residential Care,16,000,2019,0,0,623220,29.0,352.91,10169196.0
3,623 - Nursing and Residential Care,44,000,2019,0,0,623110,86.0,9926.91,378001120.0
3,623 - Nursing and Residential Care,46,000,2021,0,0,623990,10.0,737.58,29037151.0
3,623 - Nursing and Residential Care,46,000,2022,0,0,623110,105.0,6073.75,226875877.0
3,623 - Nursing and Residential Care,53,000,2021,0,1,623990,62.0,1518.08,55561030.0
3,623 - Nursing and Residential Care,20,000,2021,0,0,623210,95.0,2933.75,94363237.0
3,623 - Nursing and Residential Care,39,000,2022,0,0,623210,1633.0,24430.83,931912908.0
3,623 - Nursing and Residential Care,39,000,2023,0,0,623210,1711.0,25162.91,1027600266.0
3,623 - Nursing and Residential Care,31,000,2024,0,0,623210,61.0,2153.08,92196312.0
3,623 - Nursing and Residential Care,31,000,2024,0,0,623990,43.0,3492.66,238274109.0
3,623 - Nursing and Residential Care,48,000,2023,0,0,623990,283.0,15387.25,813129514.0
3,623 - Nursing and Residential Care,05,000,2019,0,0,623210,100.0,4190.66,107939623.0
3,623 - Nursing and Residential Care,19,000,2023,0,1,623220,85.0,2440.91,101072878.0
3,623 - Nursing and Residential Care,47,000,2018,0,0,623990,66.0,1954.66,60741365.0
3,623 - Nursing and Residential Care,47,000,2020,0,1,623220,191.0,7754.33,293186043.0
3,623 - Nursing and Residential Care,0 ,000,2023,0,0,623210,25362.0,456249.25,21409177682.0
3,623 - Nursing and Residential Care,16,000,2020,0,0,623210,61.0,2096.25,52129772.0
3,623 - Nursing and Residential Care,22,000,2024,0,1,623220,169.0,3499.91,160107415.0
3,623 - Nursing and Residential Care,10,000,2021,0,0,623220,27.0,1516.91,131834154.0
3,623 - Nursing and Residential Care,10,000,2024,0,0,623110,57.0,4380.41,216608389.0
3,623 - Nursing and Residential Care,27,000,2019,0,0,623110,489.0,45338.66,1552536301.0
3,623 - Nursing and Residential Care,27,000,2021,0,1,623220,332.0,10145.25,448759371.0
3,623 - Nursing and Residential Care,27,000,2023,0,0,623220,361.0,10893.0,540997230.0
3,623 - Nursing and Residential Care,50,000,2023,0,1,623110,56.0,3011.5,152457208.0
3,623 - Nursing and Residential Care,50,000,2023,0,1,623210,7.0,0.0,0.0
3,623 - Nursing and Residential Care,20,000,2018,0,0,623110,269.0,18045.25,514738140.0
3,623 - Nursing and Residential Care,21,000,2022,0,0,623990,139.0,3124.33,140516921.0
3,623 - Nursing and Residential Care,21,000,2023,0,1,623110,380.0,24103.66,1011841445.0
3,623 - Nursing and Residential Care,25,000,2022,0,0,623210,1141.0,15704.0,854486725.0
3,623 - Nursing and Residential Care,26,000,2019,0,1,623110,488.0,50058.83,1774996564.0
3,623 - Nursing and Residential Care,26,000,2020,0,1,623110,494.0,45130.58,1789080690.0
3,623 - Nursing and Residential Care,26,000,2020,0,0,623210,794.0,10484.58,336480844.0
3,623 - Nursing and Residential Care,26,000,2021,0,1,623990,524.0,9256.16,309656858.0
3,623 - Nursing and Residential Care,28,000,2019,0,0,623990,12.0,372.08,10300192.0
3,623 - Nursing and Residential Care,30,000,2020,0,1,623210,46.0,891.91,25005793.0
3,623 - Nursing and Residential Care,30,000,2022,0,0,623220,45.0,1099.83,49271109.0
3,623 - Nursing and Residential Care,32,000,2019,0,0,623110,69.0,7322.58,297856270.0
3,623 - Nursing and Residential Care,12,000,2020,0,1,623210,341.0,8359.16,256014569.0
3,623 - Nursing and Residential Care,12,000,2020,0,0,623990,479.0,7750.83,249192983.0
3,623 - Nursing and Residential Care,21,000,2019,0,0,623990,133.0,3595.66,127163611.0
3,623 - Nursing and Residential Care,23,000,2018,0,0,623220,135.0,2666.5,87809718.0
3,623 - Nursing and Residential Care,35,000,2022,0,0,623990,43.0,691.75,27442724.0
3,623 - Nursing and Residential Care,09,000,2019,0,1,623990,75.0,2573.5,104892242.0
3,623 - Nursing and Residential Care,34,000,2021,0,0,623210,934.0,18497.75,919658056.0
3,623 - Nursing and Residential Care,34,000,2022,0,0,623110,439.0,41931.33,2132109561.0
3,623 - Nursing and Residential Care,34,000,2023,0,0,623210,1059.0,18656.33,998918519.0
3,623 - Nursing and Residential Care,34,000,2024,0,0,623110,448.0,45590.33,2498930565.0
3,623 - Nursing and Residential Care,36,000,2020,0,1,623220,873.0,19684.0,872515739.0
3,623 - Nursing and Residential Care,36,000,2021,0,0,623210,3578.0,71561.66,3715130745.0
3,623 - Nursing and Residential Care,36,000,2021,0,1,623220,878.0,19398.75,886225275.0
3,623 - Nursing and Residential Care,37,000,2018,0,0,623990,239.0,4510.66,124407189.0
3,623 - Nursing and Residential Care,37,000,2019,0,0,623990,240.0,4385.75,123278202.0
3,623 - Nursing and Residential Care,15,000,2021,0,0,623220,41.0,620.66,22997378.0
3,623 - Nursing and Residential Care,15,000,2024,0,1,623990,9.0,0.0,0.0
3,623 - Nursing and Residential Care,24,000,2023,0,1,623210,570.0,10388.0,476313673.0
3,623 - Nursing and Residential Care,24,000,2024,0,1,623990,338.0,3844.5,200917321.0
3,623 - Nursing and Residential Care,28,000,2020,0,0,623110,213.0,17364.5,584110231.0
3,623 - Nursing and Residential Care,29,000,2020,0,1,623990,150.0,3329.91,109623338.0
3,623 - Nursing and Residential Care,29,000,2021,0,1,623220,178.0,4365.08,166140590.0
3,623 - Nursing and Residential Care,40,000,2021,0,0,623220,45.0,930.75,29518307.0
3,623 - Nursing and Residential Care,20,000,2020,0,1,623990,64.0,1300.83,47024811.0
3,623 - Nursing and Residential Care,39,000,2024,0,0,623990,229.0,4951.08,211849320.0
3,623 - Nursing and Residential Care,47,000,2022,0,0,623220,225.0,7732.58,347992600.0
3,623 - Nursing and Residential Care,50,000,2019,0,0,623990,10.0,399.16,15172764.0
3,623 - Nursing and Residential Care,50,000,2020,0,1,623110,60.0,3541.75,147773173.0
3,623 - Nursing and Residential Care,05,000,2019,0,0,623220,81.0,2286.66,74325162.0
3,623 - Nursing and Residential Care,05,000,2020,0,1,623990,42.0,929.91,32935603.0
3,623 - Nursing and Residential Care,19,000,2021,0,1,623990,23.0,530.0,20724882.0
3,623 - Nursing and Residential Care,37,000,2022,0,0,623210,503.0,12902.08,534316783.0
3,623 - Nursing and Residential Care,37,000,2023,0,0,623990,231.0,3650.91,130161182.0
3,623 - Nursing and Residential Care,47,000,2019,0,1,623110,359.0,32890.08,1109691653.0
3,623 - Nursing and Residential Care,47,000,2021,0,0,623210,167.0,5351.66,198571095.0
3,623 - Nursing and Residential Care,09,000,2022,0,0,623220,213.0,5227.83,255870173.0
3,623 - Nursing and Residential Care,06,000,2018,0,1,623220,1197.0,28290.91,1206269660.0
3,623 - Nursing and Residential Care,17,000,2020,0,0,623220,132.0,6433.0,260860308.0
3,623 - Nursing and Residential Care,17,000,2024,0,0,623220,151.0,6463.5,333964120.0
3,623 - Nursing and Residential Care,22,000,2018,0,1,623220,125.0,2661.41,89279837.0
3,623 - Nursing and Residential Care,22,000,2020,0,0,623990,58.0,1814.58,59426269.0
3,623 - Nursing and Residential Care,31,000,2018,0,1,623990,55.0,2876.91,144932148.0
3,623 - Nursing and Residential Care,31,000,2019,0,1,623220,35.0,712.0,24834025.0
3,623 - Nursing and Residential Care,31,000,2019,0,1,623990,53.0,2948.58,161909637.0
3,623 - Nursing and Residential Care,31,000,2021,0,1,623220,37.0,712.16,25450264.0
3,623 - Nursing and Residential Care,34,000,2019,0,0,623220,231.0,6637.58,260561816.0
3,623 - Nursing and Residential Care,45,000,2019,0,1,623220,60.0,2079.66,60095123.0
3,623 - Nursing and Residential Care,45,000,2023,0,1,623990,203.0,2855.5,94410076.0
3,623 - Nursing and Residential Care,45,000,2024,0,1,623210,278.0,4309.33,155821591.0
3,623 - Nursing and Residential Care,45,000,2024,0,1,623990,222.0,3254.58,109380074.0
3,623 - Nursing and Residential Care,06,000,2021,0,0,623990,655.0,11649.75,493056318.0
3,623 - Nursing and Residential Care,06,000,2022,0,0,623990,670.0,11158.33,509718293.0
3,623 - Nursing and Residential Care,41,000,2020,0,0,623110,168.0,12029.58,480488704.0
3,623 - Nursing and Residential Care,17,000,2018,0,1,623990,143.0,7109.83,228471553.0
3,623 - Nursing and Residential Care,18,000,2022,0,0,623990,113.0,3137.5,132240668.0
3,623 - Nursing and Residential Care,42,000,2021,0,0,623990,276.0,7302.5,280284002.0
3,623 - Nursing and Residential Care,55,000,2018,0,1,623220,110.0,2419.0,75604075.0
3,623 - Nursing and Residential Care,72,000,2020,0,0,623110,144.0,1471.66,22741892.0
3,623 - Nursing and Residential Care,72,000,2020,0,0,623220,67.0,581.91,10894703.0
3,623 - Nursing and Residential Care,04,000,2024,0,0,623220,445.0,9042.25,489836379.0
3,623 - Nursing and Residential Care,33,000,2020,0,0,623990,49.0,1001.25,45756199.0
3,623 - Nursing and Residential Care,36,000,2024,0,1,623220,877.0,21918.33,1145612106.0
3,623 - Nursing and Residential Care,33,000,2022,0,1,623110,127.0,5681.58,306157211.0
3,623 - Nursing and Residential Care,51,000,2019,0,1,623990,211.0,4514.5,156327842.0
3,623 - Nursing and Residential Care,78,000,2020,0,0,623220,3.0,87.83,2276812.0
3,623 - Nursing and Residential Care,10,000,2021,0,0,623990,4.0,319.58,12064124.0
3,623 - Nursing and Residential Care,10,000,2022,0,0,623220,30.0,1435.33,73332028.0
3,623 - Nursing and Residential Care,10,000,2022,0,0,623990,4.0,329.08,12565865.0
3,623 - Nursing and Residential Care,27,000,2018,0,1,623210,976.0,21897.91,578234668.0
3,623 - Nursing and Residential Care,27,000,2020,0,0,623110,487.0,43440.91,1635690860.0
3,623 - Nursing and Residential Care,50,000,2023,0,0,623990,7.0,301.83,14500308.0
3,623 - Nursing and Residential Care,01,000,2018,0,1,623990,86.0,1811.0,49833800.0
3,623 - Nursing and Residential Care,21,000,2023,0,0,623990,161.0,3380.66,165816887.0
3,623 - Nursing and Residential Care,28,000,2018,0,0,623210,23.0,6941.91,172359340.0
3,623 - Nursing and Residential Care,30,000,2018,0,1,623110,82.0,4827.33,161528454.0
3,623 - Nursing and Residential Care,30,000,2019,0,1,623110,91.0,5138.75,172008365.0
3,623 - Nursing and Residential Care,53,000,2023,0,0,623210,146.0,6509.83,363313723.0
3,623 - Nursing and Residential Care,53,000,2023,0,0,623220,105.0,3961.0,231294992.0
3,623 - Nursing and Residential Care,53,000,2024,0,0,623990,61.0,1689.08,88876502.0
3,623 - Nursing and Residential Care,22,000,2022,0,1,623220,157.0,2908.66,124314755.0
3,623 - Nursing and Residential Care,12,000,2018,0,0,623990,474.0,7512.33,233283394.0
3,623 - Nursing and Residential Care,12,000,2021,0,1,623110,1187.0,81680.5,3419879254.0
3,623 - Nursing and Residential Care,12,000,2022,0,0,623110,1170.0,80724.08,3598963554.0
3,623 - Nursing and Residential Care,21,000,2020,0,0,623990,140.0,3480.0,131291724.0
3,623 - Nursing and Residential Care,21,000,2021,0,0,623220,124.0,3014.66,111815026.0
3,623 - Nursing and Residential Care,35,000,2020,0,1,623220,33.0,653.16,26131527.0
3,623 - Nursing and Residential Care,05,000,2024,0,0,623110,272.0,20806.83,811171788.0
3,623 - Nursing and Residential Care,34,000,2022,0,0,623990,222.0,3794.83,214840788.0
3,623 - Nursing and Residential Care,34,000,2024,0,0,623220,268.0,6814.33,361458344.0
3,623 - Nursing and Residential Care,36,000,2018,0,0,623210,3523.0,80277.75,3051225610.0
3,623 - Nursing and Residential Care,37,000,2018,0,1,623110,546.0,43733.5,1420779170.0
3,623 - Nursing and Residential Care,37,000,2020,0,0,623990,232.0,3706.25,114139399.0
3,623 - Nursing and Residential Care,39,000,2019,0,0,623110,1117.0,93255.75,2935549047.0
3,623 - Nursing and Residential Care,46,000,2024,0,1,623210,83.0,1110.25,49811975.0
3,623 - Nursing and Residential Care,22,000,2019,0,1,623110,318.0,26922.0,762760464.0
3,623 - Nursing and Residential Care,22,000,2020,0,1,623220,133.0,2625.66,99961086.0
3,623 - Nursing and Residential Care,31,000,2020,0,1,623110,192.0,15364.16,524321225.0
3,623 - Nursing and Residential Care,06,000,2021,0,1,623110,2020.0,127958.5,6188909820.0
3,623 - Nursing and Residential Care,06,000,2023,0,0,623110,2127.0,138909.66,7564937947.0
3,623 - Nursing and Residential Care,06,000,2023,0,0,623990,708.0,11938.91,574064135.0
3,623 - Nursing and Residential Care,29,000,2019,0,0,623110,663.0,48325.25,1391929491.0
3,623 - Nursing and Residential Care,29,000,2019,0,1,623220,177.0,4897.16,162370553.0
3,623 - Nursing and Residential Care,45,000,2018,0,1,623990,116.0,2515.91,70466646.0
3,623 - Nursing and Residential Care,10,000,2018,0,0,623110,45.0,4658.41,181579658.0
3,623 - Nursing and Residential Care,10,000,2018,0,1,623210,9.0,1052.5,35530301.0
3,623 - Nursing and Residential Care,10,000,2019,0,1,623210,8.0,1023.08,36021465.0
3,623 - Nursing and Residential Care,17,000,2019,0,1,623990,141.0,6985.08,232650632.0
3,623 - Nursing and Residential Care,18,000,2022,0,0,623110,625.0,39954.0,1733511424.0
3,623 - Nursing and Residential Care,42,000,2021,0,1,623220,545.0,13587.66,593958323.0
3,623 - Nursing and Residential Care,42,000,2023,0,1,623220,540.0,13749.33,664308915.0
3,623 - Nursing and Residential Care,55,000,2019,0,1,623220,108.0,2327.75,75290205.0
3,623 - Nursing and Residential Care,72,000,2020,0,1,623990,31.0,501.0,8654302.0
3,623 - Nursing and Residential Care,72,000,2022,0,0,623220,70.0,585.33,12552645.0
3,623 - Nursing and Residential Care,72,000,2024,0,0,623210,28.0,390.91,8713163.0
3,623 - Nursing and Residential Care,04,000,2023,0,0,623990,200.0,4424.58,193632701.0
3,623 - Nursing and Residential Care,33,000,2021,0,1,623110,131.0,5853.83,293852288.0
3,623 - Nursing and Residential Care,36,000,2023,0,1,623220,867.0,20461.25,1043275956.0
3,623 - Nursing and Residential Care,36,000,2023,0,0,623990,416.0,14054.0,939404314.0
3,623 - Nursing and Residential Care,38,000,2021,0,0,623990,27.0,770.08,33380844.0
3,623 - Nursing and Residential Care,01,000,2019,0,1,623210,303.0,5344.58,115642736.0
3,623 - Nursing and Residential Care,01,000,2020,0,0,623110,237.0,25643.91,885470371.0
3,623 - Nursing and Residential Care,01,000,2023,0,1,623210,300.0,3987.0,128919779.0
3,623 - Nursing and Residential Care,01,000,2024,0,0,623220,170.0,2531.75,105177037.0
3,623 - Nursing and Residential Care,13,000,2020,0,0,623990,230.0,4388.33,151859162.0
3,623 - Nursing and Residential Care,23,000,2023,0,0,623110,101.0,8124.58,381976608.0
3,623 - Nursing and Residential Care,23,000,2024,0,0,623210,347.0,6390.33,273018262.0
3,623 - Nursing and Residential Care,23,000,2024,0,0,623220,134.0,2519.33,126866630.0
3,623 - Nursing and Residential Care,78,000,2022,0,1,623110,1.0,0.0,0.0
3,623 - Nursing and Residential Care,20,000,2019,0,0,623220,30.0,826.91,30628162.0
3,623 - Nursing and Residential Care,25,000,2021,0,1,623110,441.0,39184.5,1960545418.0
3,623 - Nursing and Residential Care,25,000,2023,0,1,623110,430.0,38465.58,2206655471.0
3,623 - Nursing and Residential Care,26,000,2018,0,1,623110,476.0,49757.41,1702061044.0
3,623 - Nursing and Residential Care,26,000,2021,0,0,623210,777.0,10314.25,366991510.0
3,623 - Nursing and Residential Care,26,000,2021,0,1,623220,141.0,6031.66,238159285.0
3,623 - Nursing and Residential Care,30,000,2024,0,0,623110,102.0,4974.75,242143168.0
3,623 - Nursing and Residential Care,32,000,2018,0,0,623110,63.0,7192.33,285392103.0
3,623 - Nursing and Residential Care,32,000,2018,0,0,623210,127.0,1248.0,27796371.0
3,623 - Nursing and Residential Care,32,000,2019,0,0,623220,56.0,2854.41,143214496.0
3,623 - Nursing and Residential Care,53,000,2024,0,0,623210,148.0,6739.83,382835629.0
3,623 - Nursing and Residential Care,0 ,000,2018,0,0,623110,18379.0,1670622.58,58314599757.0
3,623 - Nursing and Residential Care,0 ,000,2018,0,0,623990,6895.0,178799.66,6164054645.0
3,623 - Nursing and Residential Care,16,000,2021,0,0,623210,61.0,1859.0,53970942.0
3,623 - Nursing and Residential Care,16,000,2023,0,0,623210,55.0,1707.75,61241354.0
3,623 - Nursing and Residential Care,22,000,2022,0,0,623990,55.0,1630.83,65268615.0
3,623 - Nursing and Residential Care,56,000,2024,0,1,623110,33.0,1940.75,84418776.0
3,623 - Nursing and Residential Care,56,000,2024,0,1,623220,20.0,0.0,0.0
3,623 - Nursing and Residential Care,27,000,2019,0,1,623220,318.0,9679.91,387359897.0
3,623 - Nursing and Residential Care,27,000,2021,0,1,623990,604.0,10534.41,354248728.0
3,623 - Nursing and Residential Care,50,000,2022,0,1,623110,56.0,3049.58,143322078.0
3,623 - Nursing and Residential Care,50,000,2024,0,1,623210,7.0,0.0,0.0
3,623 - Nursing and Residential Care,12,000,2018,0,1,623110,1068.0,94979.83,3250754921.0
3,623 - Nursing and Residential Care,21,000,2018,0,1,623110,398.0,27830.08,904449571.0
3,623 - Nursing and Residential Care,0 ,000,2023,0,0,623220,10057.0,260114.75,13065489711.0
3,623 - Nursing and Residential Care,0 ,000,2019,0,0,623220,8687.0,248873.83,9665878226.0
3,623 - Nursing and Residential Care,02,000,2020,0,0,623220,23.0,630.75,25536429.0
3,623 - Nursing and Residential Care,15,000,2024,0,1,623110,58.0,3979.75,227298872.0
3,623 - Nursing and Residential Care,28,000,2021,0,0,623110,205.0,15849.16,551892713.0
3,623 - Nursing and Residential Care,28,000,2024,0,0,623990,11.0,282.33,9856203.0
3,623 - Nursing and Residential Care,29,000,2020,0,0,623110,676.0,45597.75,1471535413.0
3,623 - Nursing and Residential Care,13,000,2021,0,0,623220,231.0,3814.08,165315527.0
3,623 - Nursing and Residential Care,13,000,2023,0,0,623990,224.0,3695.33,161291254.0
3,623 - Nursing and Residential Care,46,000,2021,0,1,623210,84.0,1026.41,38417050.0
3,623 - Nursing and Residential Care,49,000,2019,0,1,623110,120.0,9160.66,306801872.0
3,623 - Nursing and Residential Care,53,000,2020,0,0,623220,92.0,4057.16,178800902.0
3,623 - Nursing and Residential Care,02,000,2023,0,0,623990,32.0,748.91,29604007.0
3,623 - Nursing and Residential Care,11,000,2023,0,0,623990,49.0,851.75,42704309.0
3,623 - Nursing and Residential Care,16,000,2018,0,0,623990,56.0,1361.08,33406090.0
3,623 - Nursing and Residential Care,53,000,2020,0,1,623990,67.0,1638.41,56593647.0
3,623 - Nursing and Residential Care,20,000,2022,0,0,623110,289.0,15816.33,598458205.0
3,623 - Nursing and Residential Care,39,000,2022,0,0,623110,1115.0,79630.75,3169539447.0
3,623 - Nursing and Residential Care,39,000,2023,0,0,623220,347.0,7371.75,319307262.0
3,623 - Nursing and Residential Care,47,000,2024,0,0,623220,255.0,8461.75,421016674.0
3,623 - Nursing and Residential Care,48,000,2024,0,0,623990,298.0,15880.41,883402410.0
3,623 - Nursing and Residential Care,50,000,2021,0,1,623110,58.0,3248.41,138654356.0
3,623 - Nursing and Residential Care,05,000,2018,0,1,623990,44.0,806.83,25102806.0
3,623 - Nursing and Residential Care,19,000,2022,0,1,623110,399.0,25235.75,948781471.0
3,623 - Nursing and Residential Care,24,000,2018,0,1,623110,266.0,29396.08,1165689569.0
3,623 - Nursing and Residential Care,24,000,2018,0,1,623210,564.0,9852.83,290407325.0
3,623 - Nursing and Residential Care,41,000,2024,0,1,623220,236.0,5961.16,350360323.0
3,623 - Nursing and Residential Care,47,000,2018,0,0,623110,365.0,34622.66,1164737919.0
3,623 - Nursing and Residential Care,06,000,2020,0,0,623210,1785.0,27441.91,936856438.0
3,623 - Nursing and Residential Care,17,000,2023,0,0,623210,446.0,11834.41,494202945.0
3,623 - Nursing and Residential Care,22,000,2018,0,0,623990,45.0,1793.08,50673568.0
3,623 - Nursing and Residential Care,31,000,2020,0,1,623220,37.0,734.25,27405049.0
3,623 - Nursing and Residential Care,34,000,2018,0,0,623990,212.0,3854.75,153911198.0
3,623 - Nursing and Residential Care,34,000,2020,0,0,623990,214.0,3978.83,191408987.0
3,623 - Nursing and Residential Care,45,000,2021,0,1,623220,68.0,1353.91,47109996.0
3,623 - Nursing and Residential Care,45,000,2021,0,1,623990,157.0,2465.08,75534815.0
3,623 - Nursing and Residential Care,45,000,2022,0,1,623210,222.0,3863.41,131514131.0
3,623 - Nursing and Residential Care,06,000,2021,0,1,623220,1261.0,29500.0,1456458753.0
3,623 - Nursing and Residential Care,06,000,2022,0,0,623110,2031.0,129218.0,6818731589.0
3,623 - Nursing and Residential Care,25,000,2020,0,1,623220,408.0,12747.0,577304515.0
3,623 - Nursing and Residential Care,29,000,2019,0,1,623210,534.0,10329.33,269436329.0
3,623 - Nursing and Residential Care,41,000,2019,0,1,623220,221.0,5322.91,221513551.0
3,623 - Nursing and Residential Care,41,000,2019,0,1,623990,112.0,1428.66,48550384.0
3,623 - Nursing and Residential Care,41,000,2020,0,1,623990,116.0,1460.58,54949788.0
3,623 - Nursing and Residential Care,41,000,2021,0,0,623110,168.0,11423.75,502765144.0
3,623 - Nursing and Residential Care,51,000,2024,0,0,623110,410.0,30912.66,1540265078.0
3,623 - Nursing and Residential Care,51,000,2024,0,0,623210,681.0,10282.91,475116938.0
3,623 - Nursing and Residential Care,10,000,2018,0,0,623990,5.0,365.83,11721244.0
3,623 - Nursing and Residential Care,10,000,2019,0,0,623110,46.0,4675.58,183892130.0
3,623 - Nursing and Residential Care,17,000,2018,0,0,623210,410.0,13231.75,361299223.0
3,623 - Nursing and Residential Care,18,000,2022,0,0,623210,258.0,6276.58,249990742.0
3,623 - Nursing and Residential Care,18,000,2024,0,0,623220,294.0,4770.0,231513001.0
3,623 - Nursing and Residential Care,42,000,2022,0,1,623220,547.0,13588.33,647981316.0
3,623 - Nursing and Residential Care,72,000,2023,0,0,623220,73.0,585.25,13159632.0
3,623 - Nursing and Residential Care,04,000,2023,0,0,623110,262.0,15324.0,792144927.0
3,623 - Nursing and Residential Care,04,000,2024,0,0,623210,184.0,6616.66,246352356.0
3,623 - Nursing and Residential Care,15,000,2018,0,0,623220,40.0,645.58,21675139.0
3,623 - Nursing and Residential Care,38,000,2021,0,0,623220,10.0,343.91,11585397.0
3,623 - Nursing and Residential Care,23,000,2020,0,0,623210,399.0,5177.58,179762831.0
3,623 - Nursing and Residential Care,35,000,2023,0,0,623110,117.0,7306.58,357373172.0
3,623 - Nursing and Residential Care,35,000,2023,0,0,623990,39.0,679.91,27785311.0
3,623 - Nursing and Residential Care,05,000,2022,0,0,623110,275.0,18739.16,683455218.0
3,623 - Nursing and Residential Care,34,000,2022,0,0,623210,981.0,18071.66,963482126.0
3,623 - Nursing and Residential Care,36,000,2021,0,1,623110,697.0,102878.58,5198230182.0
3,623 - Nursing and Residential Care,38,000,2020,0,0,623220,9.0,333.25,10662373.0
3,623 - Nursing and Residential Care,39,000,2021,0,0,623110,1073.0,79822.83,2914713185.0
3,623 - Nursing and Residential Care,40,000,2020,0,1,623210,364.0,3642.83,92844770.0
3,623 - Nursing and Residential Care,40,000,2020,0,0,623990,58.0,1077.58,31180262.0
3,623 - Nursing and Residential Care,46,000,2023,0,1,623210,83.0,1078.16,46408310.0
3,623 - Nursing and Residential Care,46,000,2023,0,0,623220,24.0,818.91,38792283.0
3,623 - Nursing and Residential Care,18,000,2021,0,1,623110,617.0,39874.25,1592309491.0
3,623 - Nursing and Residential Care,54,000,2018,0,0,623990,51.0,1227.75,36373769.0
3,623 - Nursing and Residential Care,0 ,000,2020,0,0,623990,7064.0,171807.16,6631437794.0
3,623 - Nursing and Residential Care,0 ,000,2022,0,0,623210,24456.0,438279.25,20259586569.0
3,623 - Nursing and Residential Care,04,000,2022,0,0,623210,154.0,5228.83,193353218.0
3,623 - Nursing and Residential Care,04,000,2022,0,0,623220,335.0,8370.75,429504346.0
3,623 - Nursing and Residential Care,56,000,2019,0,1,623210,11.0,0.0,0.0
3,623 - Nursing and Residential Care,15,000,2019,0,0,623990,9.0,63.0,2598769.0
3,623 - Nursing and Residential Care,15,000,2020,0,1,623990,8.0,0.0,0.0
3,623 - Nursing and Residential Care,15,000,2022,0,0,623220,42.0,627.16,24256334.0
3,623 - Nursing and Residential Care,15,000,2023,0,1,623990,10.0,0.0,0.0
3,623 - Nursing and Residential Care,19,000,2018,0,1,623110,392.0,28727.5,850718988.0
3,623 - Nursing and Residential Care,24,000,2020,0,1,623110,298.0,24611.58,1151795170.0
3,623 - Nursing and Residential Care,24,000,2022,0,0,623220,175.0,5189.16,238477076.0
3,623 - Nursing and Residential Care,24,000,2024,0,0,623220,223.0,6566.41,334914357.0
3,623 - Nursing and Residential Care,28,000,2020,0,0,623220,30.0,666.75,23715446.0
3,623 - Nursing and Residential Care,35,000,2024,0,0,623110,117.0,7679.0,380669777.0
3,623 - Nursing and Residential Care,40,000,2022,0,0,623220,47.0,743.08,24788927.0
3,623 - Nursing and Residential Care,40,000,2023,0,0,623990,50.0,1049.91,35223974.0
3,623 - Nursing and Residential Care,44,000,2018,0,1,623220,72.0,0.0,0.0
3,623 - Nursing and Residential Care,11,000,2019,0,0,623220,55.0,1167.91,53972564.0
3,623 - Nursing and Residential Care,11,000,2022,0,0,623110,40.0,2339.91,135231474.0
3,623 - Nursing and Residential Care,48,000,2019,0,0,623990,224.0,12252.75,500218922.0
3,623 - Nursing and Residential Care,53,000,2020,0,0,623210,152.0,6356.25,276604244.0
3,623 - Nursing and Residential Care,02,000,2021,0,0,623210,52.0,820.58,31642532.0
3,623 - Nursing and Residential Care,11,000,2018,0,0,623210,31.0,1724.5,56073954.0
3,623 - Nursing and Residential Care,11,000,2020,0,0,623220,53.0,1187.08,59484901.0
3,623 - Nursing and Residential Care,13,000,2024,0,0,623990,226.0,4021.91,182123425.0
3,623 - Nursing and Residential Care,46,000,2018,0,0,623220,32.0,916.5,31415353.0
3,623 - Nursing and Residential Care,46,000,2020,0,0,623110,104.0,7147.41,235369830.0
3,623 - Nursing and Residential Care,49,000,2020,0,1,623220,135.0,6237.16,231983076.0
3,623 - Nursing and Residential Care,49,000,2021,0,1,623210,143.0,3523.5,92708133.0
3,623 - Nursing and Residential Care,49,000,2024,0,0,623210,172.0,5503.75,173961339.0
3,623 - Nursing and Residential Care,20,000,2021,0,0,623220,31.0,914.91,41427512.0
3,623 - Nursing and Residential Care,20,000,2023,0,0,623220,34.0,959.41,46667980.0
3,623 - Nursing and Residential Care,47,000,2023,0,0,623220,240.0,8020.66,394103827.0
3,623 - Nursing and Residential Care,48,000,2023,0,1,623110,1752.0,97494.5,4229915150.0
3,623 - Nursing and Residential Care,50,000,2018,0,1,623110,60.0,3737.08,134117792.0
3,623 - Nursing and Residential Care,50,000,2018,0,0,623990,10.0,408.75,14993961.0
3,623 - Nursing and Residential Care,50,000,2020,0,1,623220,50.0,0.0,0.0
3,623 - Nursing and Residential Care,05,000,2020,0,0,623220,89.0,2227.33,82826672.0
3,623 - Nursing and Residential Care,19,000,2021,0,1,623110,397.0,25641.58,883692177.0
3,623 - Nursing and Residential Care,37,000,2021,0,1,623110,513.0,35355.25,1437453917.0
3,623 - Nursing and Residential Care,09,000,2021,0,1,623210,799.0,9033.33,345810427.0
3,623 - Nursing and Residential Care,09,000,2023,0,0,623220,220.0,5428.16,276371896.0
3,623 - Nursing and Residential Care,17,000,2020,0,1,623110,847.0,72077.25,2723738254.0
3,623 - Nursing and Residential Care,54,000,2023,0,0,623990,54.0,1074.66,43709164.0
3,623 - Nursing and Residential Care,54,000,2024,0,0,623220,86.0,1165.75,48706521.0
3,623 - Nursing and Residential Care,55,000,2020,0,1,623220,111.0,2314.25,80846812.0
3,623 - Nursing and Residential Care,55,000,2023,0,1,623210,629.0,8231.5,301793993.0
3,623 - Nursing and Residential Care,55,000,2024,0,0,623990,190.0,2354.58,88132293.0
3,623 - Nursing and Residential Care,01,000,2019,0,0,623220,148.0,2873.16,82945234.0
3,623 - Nursing and Residential Care,01,000,2022,0,0,623110,252.0,24139.75,931996278.0
3,623 - Nursing and Residential Care,01,000,2023,0,1,623990,81.0,1690.66,59387592.0
3,623 - Nursing and Residential Care,01,000,2024,0,0,623110,265.0,27896.33,1108812461.0
3,623 - Nursing and Residential Care,13,000,2020,0,0,623220,205.0,3666.41,150044623.0
3,623 - Nursing and Residential Care,23,000,2023,0,0,623990,39.0,595.08,25432779.0
3,623 - Nursing and Residential Care,23,000,2024,0,0,623990,38.0,617.41,27752201.0
3,623 - Nursing and Residential Care,33,000,2024,0,0,623210,55.0,1645.08,77230145.0
3,623 - Nursing and Residential Care,51,000,2020,0,1,623990,206.0,4249.25,157304162.0
3,623 - Nursing and Residential Care,51,000,2023,0,0,623110,387.0,28743.58,1397493274.0
3,623 - Nursing and Residential Care,0 ,000,2018,0,0,623220,8445.0,243239.83,9112320090.0
3,623 - Nursing and Residential Care,16,000,2024,0,0,623110,139.0,5666.75,271702946.0
3,623 - Nursing and Residential Care,16,000,2024,0,0,623990,54.0,860.33,33636772.0
3,623 - Nursing and Residential Care,22,000,2023,0,1,623110,328.0,23765.16,922757317.0
3,623 - Nursing and Residential Care,26,000,2022,0,0,623210,794.0,10106.0,396865160.0
3,623 - Nursing and Residential Care,26,000,2023,0,0,623210,841.0,10435.25,414792988.0
3,623 - Nursing and Residential Care,26,000,2023,0,1,623220,166.0,6400.08,288537478.0
3,623 - Nursing and Residential Care,32,000,2021,0,0,623220,64.0,2392.5,114391518.0
3,623 - Nursing and Residential Care,32,000,2021,0,0,623990,37.0,410.5,16917322.0
3,623 - Nursing and Residential Care,21,000,2022,0,1,623110,366.0,22831.41,964238925.0
3,623 - Nursing and Residential Care,25,000,2021,0,0,623210,1136.0,16355.5,743615841.0
3,623 - Nursing and Residential Care,26,000,2018,0,1,623220,127.0,6106.58,191761539.0
3,623 - Nursing and Residential Care,26,000,2021,0,1,623110,491.0,40705.66,1685792585.0
3,623 - Nursing and Residential Care,30,000,2021,0,0,623990,46.0,1442.58,47774928.0
3,623 - Nursing and Residential Care,10,000,2023,0,0,623990,3.0,349.08,14893658.0
3,623 - Nursing and Residential Care,27,000,2021,0,1,623210,986.0,19129.83,634851302.0
3,623 - Nursing and Residential Care,50,000,2023,0,1,623220,53.0,0.0,0.0
3,623 - Nursing and Residential Care,12,000,2022,0,0,623220,486.0,14374.75,723329803.0
3,623 - Nursing and Residential Care,23,000,2019,0,0,623220,130.0,2464.08,85747231.0
3,623 - Nursing and Residential Care,05,000,2024,0,0,623990,38.0,1134.08,49713156.0
3,623 - Nursing and Residential Care,09,000,2018,0,1,623210,792.0,9197.75,276361515.0
3,623 - Nursing and Residential Care,34,000,2021,0,0,623990,220.0,3858.5,195413975.0
3,623 - Nursing and Residential Care,38,000,2020,0,0,623990,27.0,799.91,33665960.0
3,623 - Nursing and Residential Care,39,000,2018,0,1,623220,254.0,5828.16,196010070.0
3,623 - Nursing and Residential Care,39,000,2019,0,1,623210,1682.0,28238.91,790955077.0
3,623 - Nursing and Residential Care,46,000,2023,0,0,623110,106.0,6005.66,235352936.0
3,623 - Nursing and Residential Care,02,000,2019,0,0,623110,7.0,227.0,10340535.0
3,623 - Nursing and Residential Care,54,000,2021,0,0,623220,79.0,1071.75,35326331.0
3,623 - Nursing and Residential Care,54,000,2022,0,0,623220,80.0,981.58,36310668.0
3,623 - Nursing and Residential Care,0 ,000,2020,0,0,623210,23534.0,473818.33,17437043088.0
3,623 - Nursing and Residential Care,0 ,000,2023,0,0,623110,20323.0,1474116.66,69680606471.0
3,623 - Nursing and Residential Care,04,000,2018,0,0,623110,205.0,16165.66,618372147.0
3,623 - Nursing and Residential Care,08,000,2021,0,0,623210,87.0,2150.66,96598046.0
3,623 - Nursing and Residential Care,56,000,2022,0,1,623210,12.0,216.58,6735061.0
3,623 - Nursing and Residential Care,15,000,2022,0,1,623110,50.0,3864.58,196708539.0
3,623 - Nursing and Residential Care,19,000,2019,0,1,623220,85.0,2674.25,83854927.0
3,623 - Nursing and Residential Care,24,000,2019,0,0,623990,128.0,5226.16,237296595.0
3,623 - Nursing and Residential Care,24,000,2024,0,1,623210,593.0,11794.5,563307255.0
3,623 - Nursing and Residential Care,28,000,2020,0,0,623990,13.0,316.66,9319940.0
3,623 - Nursing and Residential Care,28,000,2021,0,0,623220,33.0,816.75,30227686.0
3,623 - Nursing and Residential Care,28,000,2021,0,0,623990,13.0,283.58,9151947.0
3,623 - Nursing and Residential Care,28,000,2024,0,0,623210,25.0,6043.83,210415097.0
3,623 - Nursing and Residential Care,29,000,2023,0,0,623110,670.0,41368.5,1622345924.0
3,623 - Nursing and Residential Care,17,000,2024,0,1,623110,853.0,70553.0,3340162605.0
3,623 - Nursing and Residential Care,22,000,2019,0,0,623990,51.0,1980.25,58707205.0
3,623 - Nursing and Residential Care,31,000,2020,0,1,623210,57.0,1952.5,58640613.0
3,623 - Nursing and Residential Care,45,000,2023,0,1,623110,373.0,19930.33,870490126.0
3,623 - Nursing and Residential Care,25,000,2019,0,1,623990,266.0,6605.16,236622530.0
3,623 - Nursing and Residential Care,27,000,2024,0,0,623110,596.0,41819.91,1887106676.0
3,623 - Nursing and Residential Care,29,000,2019,0,1,623990,153.0,3320.58,101225029.0
3,623 - Nursing and Residential Care,41,000,2018,0,1,623990,113.0,1474.33,46042657.0
3,623 - Nursing and Residential Care,42,000,2023,0,1,623210,2904.0,37088.08,1745811164.0
3,623 - Nursing and Residential Care,33,000,2018,0,0,623220,43.0,992.83,39143475.0
3,623 - Nursing and Residential Care,33,000,2019,0,0,623210,51.0,1204.25,34544858.0
3,623 - Nursing and Residential Care,36,000,2022,0,0,623990,402.0,13570.33,866033900.0
3,623 - Nursing and Residential Care,55,000,2020,0,1,623110,358.0,29321.25,991879353.0
3,623 - Nursing and Residential Care,55,000,2022,0,0,623990,174.0,1945.58,72476394.0
3,623 - Nursing and Residential Care,55,000,2023,0,1,623110,375.0,25351.25,1040368978.0
3,623 - Nursing and Residential Care,55,000,2024,0,1,623220,114.0,2307.66,106335471.0
3,623 - Nursing and Residential Care,01,000,2024,0,1,623990,86.0,1716.41,64452700.0
3,623 - Nursing and Residential Care,13,000,2018,0,0,623990,204.0,4367.83,140948297.0
3,623 - Nursing and Residential Care,23,000,2023,0,0,623210,358.0,5774.91,243047016.0
3,623 - Nursing and Residential Care,51,000,2018,0,1,623110,302.0,30480.25,1038671334.0
3,623 - Nursing and Residential Care,51,000,2018,0,1,623990,217.0,4534.75,151519856.0
3,623 - Nursing and Residential Care,78,000,2021,0,1,623110,1.0,0.0,0.0
3,623 - Nursing and Residential Care,20,000,2018,0,0,623220,25.0,679.91,23350869.0
3,623 - Nursing and Residential Care,25,000,2024,0,1,623990,277.0,6517.08,342001204.0
3,623 - Nursing and Residential Care,26,000,2018,0,0,623210,805.0,11682.41,299399793.0
3,623 - Nursing and Residential Care,16,000,2020,0,0,623220,27.0,326.08,9689794.0
3,623 - Nursing and Residential Care,16,000,2020,0,0,623990,51.0,1167.08,32148037.0
3,623 - Nursing and Residential Care,26,000,2023,0,1,623110,552.0,43165.66,1984105031.0
3,623 - Nursing and Residential Care,26,000,2024,0,0,623990,481.0,10670.5,411335168.0
3,623 - Nursing and Residential Care,32,000,2022,0,0,623110,76.0,6600.25,331884784.0
3,623 - Nursing and Residential Care,10,000,2024,0,0,623220,32.0,1519.66,86611153.0
3,623 - Nursing and Residential Care,27,000,2021,0,0,623110,518.0,41111.83,1593697874.0
3,623 - Nursing and Residential Care,27,000,2022,0,0,623990,640.0,10612.0,390535841.0
3,623 - Nursing and Residential Care,27,000,2023,0,0,623110,577.0,38403.08,1687757956.0
3,623 - Nursing and Residential Care,27,000,2023,0,0,623990,706.0,11818.33,446293487.0
3,623 - Nursing and Residential Care,50,000,2024,0,1,623220,38.0,0.0,0.0
3,623 - Nursing and Residential Care,23,000,2020,0,0,623220,132.0,2267.25,89059879.0
3,623 - Nursing and Residential Care,35,000,2018,0,1,623990,61.0,852.66,22956387.0
3,623 - Nursing and Residential Care,34,000,2021,0,0,623220,254.0,6300.5,285032949.0
3,623 - Nursing and Residential Care,36,000,2018,0,1,623110,703.0,122694.41,5179911608.0
3,623 - Nursing and Residential Care,36,000,2018,0,1,623220,848.0,18512.08,715242357.0
3,623 - Nursing and Residential Care,37,000,2018,0,0,623210,500.0,14270.75,444507759.0
3,623 - Nursing and Residential Care,37,000,2020,0,1,623110,502.0,38884.25,1461620736.0
3,623 - Nursing and Residential Care,38,000,2019,0,0,623990,28.0,791.0,31465433.0
3,623 - Nursing and Residential Care,39,000,2020,0,1,623210,1657.0,26974.25,870969160.0
3,623 - Nursing and Residential Care,40,000,2018,0,1,623210,363.0,3716.66,77237528.0
3,623 - Nursing and Residential Care,02,000,2018,0,0,623110,10.0,203.0,8869364.0
3,623 - Nursing and Residential Care,04,000,2021,0,0,623210,143.0,5935.91,195197825.0
3,623 - Nursing and Residential Care,18,000,2019,0,1,623110,604.0,46714.91,1605904369.0
3,623 - Nursing and Residential Care,54,000,2020,0,1,623110,127.0,9130.08,349793030.0
3,623 - Nursing and Residential Care,56,000,2018,0,1,623110,31.0,2059.0,72429759.0
3,623 - Nursing and Residential Care,56,000,2019,0,1,623220,23.0,0.0,0.0
3,623 - Nursing and Residential Care,0 ,000,2020,0,0,623220,8962.0,244207.58,10284130164.0
3,623 - Nursing and Residential Care,02,000,2019,0,0,623220,23.0,603.66,23490684.0
3,623 - Nursing and Residential Care,04,000,2019,0,0,623110,213.0,16241.41,655295832.0
3,623 - Nursing and Residential Care,08,000,2018,0,0,623110,245.0,21576.5,796770931.0
3,623 - Nursing and Residential Care,08,000,2019,0,0,623990,48.0,1241.75,48367373.0
3,623 - Nursing and Residential Care,08,000,2024,0,0,623220,136.0,3561.0,195115795.0
3,623 - Nursing and Residential Care,40,000,2023,0,0,623110,375.0,21940.66,840160399.0
3,623 - Nursing and Residential Care,40,000,2023,0,1,623210,318.0,3769.08,117211083.0
3,623 - Nursing and Residential Care,11,000,2024,0,0,623220,56.0,1031.5,63158964.0
3,623 - Nursing and Residential Care,44,000,2024,0,1,623220,69.0,0.0,0.0
3,623 - Nursing and Residential Care,48,000,2018,0,1,623110,1524.0,99771.91,3342565128.0
3,623 - Nursing and Residential Care,13,000,2023,0,0,623210,151.0,1549.33,56920653.0
3,623 - Nursing and Residential Care,46,000,2019,0,1,623210,86.0,1081.41,29414500.0
3,623 - Nursing and Residential Care,48,000,2020,0,0,623210,550.0,27781.66,1096953171.0
3,623 - Nursing and Residential Care,49,000,2020,0,1,623110,128.0,8881.5,325788714.0
3,623 - Nursing and Residential Care,49,000,2020,0,1,623210,143.0,3703.75,92913791.0
3,623 - Nursing and Residential Care,53,000,2018,0,1,623990,70.0,1670.08,48339512.0
3,623 - Nursing and Residential Care,39,000,2022,0,0,623990,207.0,4731.41,193344468.0
3,623 - Nursing and Residential Care,47,000,2024,0,0,623210,362.0,6450.66,273007870.0
3,623 - Nursing and Residential Care,31,000,2022,0,0,623210,57.0,2015.5,80302912.0
3,623 - Nursing and Residential Care,48,000,2022,0,0,623990,283.0,15115.5,846034982.0
3,623 - Nursing and Residential Care,48,000,2024,0,1,623110,1757.0,102171.66,4579193454.0
3,623 - Nursing and Residential Care,50,000,2018,0,1,623210,5.0,0.0,0.0
3,623 - Nursing and Residential Care,50,000,2018,0,1,623220,50.0,0.0,0.0
3,623 - Nursing and Residential Care,50,000,2019,0,1,623110,61.0,3697.16,136837026.0
3,623 - Nursing and Residential Care,50,000,2021,0,0,623990,10.0,355.58,14885308.0
3,623 - Nursing and Residential Care,19,000,2020,0,1,623990,26.0,722.91,26934422.0
3,623 - Nursing and Residential Care,19,000,2023,0,1,623990,25.0,437.75,18045696.0
3,623 - Nursing and Residential Care,37,000,2023,0,0,623220,280.0,5091.91,209313566.0
3,623 - Nursing and Residential Care,06,000,2018,0,1,623110,1889.0,138395.33,5432926043.0
3,623 - Nursing and Residential Care,12,000,2024,0,0,623210,384.0,10346.08,441176948.0
3,623 - Nursing and Residential Care,22,000,2018,0,1,623110,313.0,26724.66,721794008.0
3,623 - Nursing and Residential Care,34,000,2018,0,1,623110,404.0,49073.91,1937777200.0
3,623 - Nursing and Residential Care,45,000,2021,0,1,623210,202.0,4159.41,123631316.0
3,623 - Nursing and Residential Care,25,000,2018,0,1,623220,375.0,12036.33,471950439.0
3,623 - Nursing and Residential Care,29,000,2018,0,1,623220,161.0,4587.66,144092852.0
3,623 - Nursing and Residential Care,41,000,2018,0,1,623220,220.0,5262.25,207941185.0
3,623 - Nursing and Residential Care,41,000,2019,0,1,623210,693.0,7320.91,214329534.0
3,623 - Nursing and Residential Care,10,000,2019,0,0,623990,5.0,400.5,12207473.0
3,623 - Nursing and Residential Care,18,000,2023,0,0,623110,630.0,43276.08,1897993208.0
3,623 - Nursing and Residential Care,18,000,2023,0,0,623210,237.0,6377.33,265932246.0
3,623 - Nursing and Residential Care,55,000,2019,0,0,623990,182.0,2191.33,62495225.0
3,623 - Nursing and Residential Care,72,000,2021,0,0,623110,184.0,1807.5,28475601.0
3,623 - Nursing and Residential Care,72,000,2022,0,0,623110,197.0,1938.75,33219230.0
3,623 - Nursing and Residential Care,72,000,2022,0,0,623990,29.0,425.08,8399586.0
3,623 - Nursing and Residential Care,04,000,2023,0,0,623220,454.0,9411.83,497766343.0
3,623 - Nursing and Residential Care,15,000,2018,0,0,623990,10.0,76.0,3021537.0
3,623 - Nursing and Residential Care,36,000,2022,0,1,623110,704.0,98054.91,5405727076.0
3,623 - Nursing and Residential Care,38,000,2023,0,0,623990,24.0,641.0,31363079.0
3,623 - Nursing and Residential Care,38,000,2024,0,0,623210,44.0,2468.16,103410190.0
3,623 - Nursing and Residential Care,55,000,2020,0,0,623990,184.0,2113.91,66946955.0
3,623 - Nursing and Residential Care,01,000,2019,0,0,623110,232.0,28391.75,859926292.0
3,623 - Nursing and Residential Care,01,000,2020,0,0,623220,146.0,2578.0,82598733.0
3,623 - Nursing and Residential Care,01,000,2020,0,1,623990,81.0,1681.41,51141456.0
3,623 - Nursing and Residential Care,13,000,2018,0,0,623220,190.0,3410.0,123724984.0
3,623 - Nursing and Residential Care,13,000,2020,0,1,623110,461.0,31106.0,1178657823.0
3,623 - Nursing and Residential Care,33,000,2022,0,0,623220,51.0,999.41,54937545.0
3,623 - Nursing and Residential Care,51,000,2020,0,1,623220,143.0,3869.75,164672281.0
3,623 - Nursing and Residential Care,51,000,2021,0,1,623990,203.0,3991.83,158810705.0
3,623 - Nursing and Residential Care,51,000,2022,0,0,623110,380.0,26866.33,1240219955.0
3,623 - Nursing and Residential Care,78,000,2020,0,1,623110,1.0,0.0,0.0
3,623 - Nursing and Residential Care,21,000,2022,0,1,623210,187.0,3411.58,155515566.0
3,623 - Nursing and Residential Care,26,000,2020,0,1,623990,567.0,9677.66,301938659.0
3,623 - Nursing and Residential Care,28,000,2018,0,0,623220,31.0,756.25,25625273.0
3,623 - Nursing and Residential Care,18,000,2020,0,0,623220,263.0,3531.58,131981111.0
3,623 - Nursing and Residential Care,54,000,2021,0,1,623110,129.0,8771.66,349527635.0
3,623 - Nursing and Residential Care,56,000,2018,0,0,623990,24.0,876.16,28792671.0
3,623 - Nursing and Residential Care,56,000,2020,0,1,623220,23.0,0.0,0.0
3,623 - Nursing and Residential Care,56,000,2021,0,1,623110,33.0,1871.16,75814118.0
3,623 - Nursing and Residential Care,19,000,2019,0,1,623110,396.0,28803.83,875896279.0
3,623 - Nursing and Residential Care,24,000,2019,0,0,623220,131.0,5224.66,189949045.0
3,623 - Nursing and Residential Care,24,000,2021,0,1,623110,305.0,21821.66,1048773289.0
3,623 - Nursing and Residential Care,28,000,2023,0,0,623220,47.0,927.66,38791224.0
3,623 - Nursing and Residential Care,29,000,2021,0,0,623110,674.0,41189.16,1422556321.0
3,623 - Nursing and Residential Care,29,000,2022,0,0,623990,146.0,2961.83,109656957.0
3,623 - Nursing and Residential Care,02,000,2022,0,0,623110,6.0,464.0,23145666.0
3,623 - Nursing and Residential Care,13,000,2024,0,0,623210,170.0,1673.25,65996495.0
3,623 - Nursing and Residential Care,44,000,2021,0,0,623110,89.0,7980.08,363611791.0
3,623 - Nursing and Residential Care,46,000,2018,0,0,623990,11.0,719.58,23166720.0
3,623 - Nursing and Residential Care,48,000,2019,0,0,623210,541.0,28196.58,1062109928.0
3,623 - Nursing and Residential Care,49,000,2022,0,0,623110,135.0,8411.41,350852006.0
3,623 - Nursing and Residential Care,49,000,2022,0,0,623210,145.0,4207.41,140177246.0
3,623 - Nursing and Residential Care,02,000,2021,0,0,623990,32.0,788.83,26509085.0
3,623 - Nursing and Residential Care,48,000,2019,0,1,623110,1553.0,100021.83,3447488943.0
3,623 - Nursing and Residential Care,20,000,2020,0,0,623110,283.0,17265.91,573144506.0
3,623 - Nursing and Residential Care,20,000,2023,0,0,623210,89.0,2848.16,108975229.0
3,623 - Nursing and Residential Care,47,000,2023,0,0,623110,391.0,29906.0,1348000350.0
3,623 - Nursing and Residential Care,31,000,2022,0,0,623990,51.0,3117.16,207114243.0
3,623 - Nursing and Residential Care,31,000,2023,0,0,623110,188.0,14862.25,635999915.0
3,623 - Nursing and Residential Care,48,000,2024,0,0,623210,841.0,26964.25,1421918434.0
3,623 - Nursing and Residential Care,05,000,2018,0,1,623110,283.0,22822.16,597579147.0
3,623 - Nursing and Residential Care,41,000,2023,0,1,623210,721.0,7783.33,335301444.0
3,623 - Nursing and Residential Care,47,000,2019,0,1,623220,181.0,7960.83,273769593.0
3,623 - Nursing and Residential Care,06,000,2019,0,1,623110,1957.0,140133.33,5772882666.0
3,623 - Nursing and Residential Care,06,000,2020,0,1,623110,1974.0,132622.83,6034087248.0
3,623 - Nursing and Residential Care,09,000,2024,0,0,623210,828.0,12081.58,601701978.0
3,623 - Nursing and Residential Care,31,000,2018,0,1,623210,55.0,2082.5,53879098.0
3,623 - Nursing and Residential Care,34,000,2020,0,0,623210,919.0,18973.58,932315913.0
3,623 - Nursing and Residential Care,34,000,2020,0,0,623220,248.0,6257.5,269153271.0
3,623 - Nursing and Residential Care,45,000,2020,0,1,623210,201.0,4503.58,129932232.0
3,623 - Nursing and Residential Care,45,000,2020,0,1,623220,57.0,1283.33,42416490.0
3,623 - Nursing and Residential Care,45,000,2024,0,1,623220,91.0,1416.5,60071610.0
3,623 - Nursing and Residential Care,06,000,2024,0,0,623110,2082.0,146440.83,8173001669.0
3,623 - Nursing and Residential Care,25,000,2019,0,0,623210,1126.0,17585.16,642503245.0
3,623 - Nursing and Residential Care,25,000,2020,0,1,623990,253.0,5910.91,243175049.0
3,623 - Nursing and Residential Care,17,000,2019,0,1,623110,815.0,77340.0,2596311763.0
3,623 - Nursing and Residential Care,18,000,2024,0,0,623110,647.0,45269.33,2059739284.0
3,623 - Nursing and Residential Care,72,000,2021,0,0,623210,26.0,381.16,6385167.0
3,623 - Nursing and Residential Care,33,000,2021,0,0,623990,53.0,1012.25,45445930.0
3,623 - Nursing and Residential Care,38,000,2021,0,1,623110,85.0,8014.41,303814269.0
3,623 - Nursing and Residential Care,38,000,2022,0,0,623990,26.0,699.16,32218548.0
3,623 - Nursing and Residential Care,55,000,2022,0,1,623220,110.0,2146.5,89194565.0
3,623 - Nursing and Residential Care,01,000,2021,0,0,623110,250.0,23363.25,867249014.0
3,623 - Nursing and Residential Care,01,000,2023,0,0,623220,159.0,2496.0,97432341.0
3,623 - Nursing and Residential Care,51,000,2023,0,0,623210,639.0,9465.75,424333964.0
3,623 - Nursing and Residential Care,51,000,2023,0,0,623990,257.0,3907.66,182662817.0
3,623 - Nursing and Residential Care,25,000,2021,0,1,623990,252.0,5741.66,249055371.0
3,623 - Nursing and Residential Care,25,000,2024,0,1,623110,418.0,39982.16,2343356752.0
3,623 - Nursing and Residential Care,26,000,2019,0,1,623220,129.0,6192.33,205227886.0
3,623 - Nursing and Residential Care,26,000,2020,0,1,623220,135.0,6414.58,239558661.0
3,623 - Nursing and Residential Care,28,000,2018,0,0,623990,10.0,372.83,9176460.0
3,623 - Nursing and Residential Care,30,000,2022,0,0,623110,97.0,4517.66,199303515.0
3,623 - Nursing and Residential Care,16,000,2021,0,0,623220,30.0,370.5,12590398.0
3,623 - Nursing and Residential Care,16,000,2021,0,0,623990,53.0,1008.66,32369977.0
3,623 - Nursing and Residential Care,22,000,2024,0,0,623210,312.0,5603.91,214843402.0
3,623 - Nursing and Residential Care,26,000,2024,0,1,623110,517.0,45967.66,2173727151.0
3,623 - Nursing and Residential Care,32,000,2020,0,0,623110,73.0,7134.33,310078241.0
3,623 - Nursing and Residential Care,32,000,2021,0,0,623210,131.0,1382.5,39676345.0
3,623 - Nursing and Residential Care,32,000,2022,0,0,623210,132.0,1381.66,47558910.0
3,623 - Nursing and Residential Care,32,000,2022,0,0,623220,67.0,2329.83,118866136.0
3,623 - Nursing and Residential Care,32,000,2024,0,0,623220,73.0,2772.33,160173730.0
3,623 - Nursing and Residential Care,10,000,2023,0,1,623210,11.0,1707.25,77138057.0
3,623 - Nursing and Residential Care,27,000,2020,0,1,623210,996.0,19708.58,609392536.0
3,623 - Nursing and Residential Care,50,000,2022,0,1,623220,49.0,0.0,0.0
3,623 - Nursing and Residential Care,12,000,2018,0,1,623210,285.0,8467.58,222837365.0
3,623 - Nursing and Residential Care,23,000,2018,0,1,623110,104.0,9658.75,309362898.0
3,623 - Nursing and Residential Care,23,000,2019,0,0,623210,388.0,5039.25,158849896.0
3,623 - Nursing and Residential Care,35,000,2020,0,1,623210,39.0,1575.41,49459987.0
3,623 - Nursing and Residential Care,35,000,2022,0,0,623110,111.0,6721.91,311171260.0
3,623 - Nursing and Residential Care,05,000,2022,0,0,623990,38.0,980.0,39388568.0
3,623 - Nursing and Residential Care,36,000,2019,0,1,623220,866.0,20025.25,817441426.0
3,623 - Nursing and Residential Care,37,000,2020,0,0,623210,505.0,14110.5,528904829.0
3,623 - Nursing and Residential Care,38,000,2018,0,0,623220,14.0,387.0,10498491.0
3,623 - Nursing and Residential Care,46,000,2023,0,0,623990,10.0,754.66,34473090.0
3,623 - Nursing and Residential Care,04,000,2021,0,0,623990,188.0,4075.16,159808479.0
3,623 - Nursing and Residential Care,08,000,2021,0,0,623220,132.0,3247.16,152412766.0
3,623 - Nursing and Residential Care,08,000,2023,0,0,623220,137.0,3316.25,179881322.0
3,623 - Nursing and Residential Care,54,000,2019,0,0,623210,327.0,3354.66,87380027.0
3,623 - Nursing and Residential Care,56,000,2023,0,0,623990,23.0,688.08,28824814.0
3,623 - Nursing and Residential Care,0 ,000,2019,0,0,623110,18650.0,1658986.41,60071155071.0
3,623 - Nursing and Residential Care,02,000,2020,0,0,623990,32.0,803.83,25508205.0
3,623 - Nursing and Residential Care,08,000,2018,0,0,623220,111.0,3344.41,133345085.0
3,623 - Nursing and Residential Care,18,000,2019,0,0,623210,240.0,6032.58,178909991.0
3,623 - Nursing and Residential Care,15,000,2019,0,1,623110,46.0,4464.41,199133988.0
3,623 - Nursing and Residential Care,15,000,2021,0,1,623110,51.0,4269.75,201107109.0
3,623 - Nursing and Residential Care,40,000,2024,0,0,623220,56.0,686.75,24526117.0
3,623 - Nursing and Residential Care,44,000,2018,0,0,623110,87.0,9916.58,366665070.0
3,623 - Nursing and Residential Care,02,000,2023,0,0,623220,27.0,610.91,31385977.0
3,623 - Nursing and Residential Care,11,000,2020,0,0,623110,28.0,2562.33,124276960.0
3,623 - Nursing and Residential Care,46,000,2021,0,0,623220,23.0,741.83,30162147.0
3,623 - Nursing and Residential Care,53,000,2018,0,0,623210,155.0,6443.5,231997743.0
3,623 - Nursing and Residential Care,11,000,2019,0,0,623210,32.0,1861.08,61834519.0
3,623 - Nursing and Residential Care,44,000,2024,0,1,623990,40.0,0.0,0.0
3,623 - Nursing and Residential Care,46,000,2019,0,0,623990,11.0,728.83,24644361.0
3,623 - Nursing and Residential Care,49,000,2024,0,0,623110,158.0,9898.25,417232898.0
3,623 - Nursing and Residential Care,20,000,2022,0,0,623990,61.0,1327.41,53697707.0
3,623 - Nursing and Residential Care,39,000,2022,0,0,623220,332.0,6641.41,269264736.0
3,623 - Nursing and Residential Care,39,000,2023,0,0,623110,1118.0,84710.41,3510027397.0
3,623 - Nursing and Residential Care,47,000,2022,0,0,623990,63.0,2083.5,83743991.0
3,623 - Nursing and Residential Care,48,000,2021,0,0,623210,554.0,26026.5,1110707614.0
3,623 - Nursing and Residential Care,19,000,2021,0,1,623210,672.0,8341.16,289418115.0
3,623 - Nursing and Residential Care,19,000,2022,0,1,623990,22.0,411.25,16948669.0
3,623 - Nursing and Residential Care,37,000,2024,0,0,623110,574.0,40333.08,1895866153.0
3,623 - Nursing and Residential Care,41,000,2022,0,1,623990,111.0,1481.25,72045650.0
3,623 - Nursing and Residential Care,41,000,2024,0,1,623110,201.0,12579.25,663997824.0
3,623 - Nursing and Residential Care,06,000,2018,0,0,623210,1751.0,26639.16,756577658.0
3,623 - Nursing and Residential Care,09,000,2022,0,1,623110,224.0,26327.66,1361837650.0
3,623 - Nursing and Residential Care,12,000,2023,0,0,623220,491.0,15238.58,795322503.0
3,623 - Nursing and Residential Care,17,000,2023,0,0,623220,150.0,6185.83,303661288.0
3,623 - Nursing and Residential Care,17,000,2024,0,1,623990,135.0,6914.91,345632992.0
3,623 - Nursing and Residential Care,30,000,2023,0,0,623110,106.0,4805.0,218635566.0
3,623 - Nursing and Residential Care,53,000,2024,0,0,623220,107.0,4388.5,274922742.0
3,623 - Nursing and Residential Care,22,000,2021,0,1,623220,143.0,2900.0,114214064.0
3,623 - Nursing and Residential Care,32,000,2023,0,0,623110,77.0,7384.83,381209947.0
3,623 - Nursing and Residential Care,32,000,2024,0,0,623210,144.0,1883.08,68090336.0
3,623 - Nursing and Residential Care,10,000,2021,0,0,623110,49.0,3970.5,178508267.0
3,623 - Nursing and Residential Care,27,000,2020,0,1,623220,329.0,10013.08,427872602.0
3,623 - Nursing and Residential Care,27,000,2023,0,0,623210,993.0,18518.75,725473320.0
3,623 - Nursing and Residential Care,50,000,2022,0,0,623990,10.0,330.08,15368906.0
3,623 - Nursing and Residential Care,12,000,2022,0,0,623990,536.0,7463.08,295509455.0
3,623 - Nursing and Residential Care,21,000,2019,0,1,623110,356.0,27193.41,917654722.0
3,623 - Nursing and Residential Care,21,000,2020,0,0,623220,113.0,2899.58,100730253.0
3,623 - Nursing and Residential Care,23,000,2019,0,1,623110,101.0,9406.58,322625748.0
3,623 - Nursing and Residential Care,35,000,2023,0,0,623210,39.0,1613.83,66861828.0
3,623 - Nursing and Residential Care,05,000,2021,0,1,623110,277.0,18700.0,623977992.0
3,623 - Nursing and Residential Care,05,000,2021,0,1,623990,39.0,898.41,34187898.0
3,623 - Nursing and Residential Care,05,000,2023,0,0,623210,103.0,3793.41,120343204.0
3,623 - Nursing and Residential Care,09,000,2018,0,1,623990,72.0,2517.66,98668707.0
3,623 - Nursing and Residential Care,09,000,2020,0,1,623990,81.0,2607.0,113439323.0
3,623 - Nursing and Residential Care,36,000,2019,0,0,623210,3548.0,80344.41,3179157554.0
3,623 - Nursing and Residential Care,38,000,2020,0,1,623110,86.0,8604.91,325870650.0
3,623 - Nursing and Residential Care,0 ,000,2021,0,0,623220,9325.0,241980.5,10760428149.0
3,623 - Nursing and Residential Care,04,000,2020,0,0,623220,210.0,7184.08,326631700.0
3,623 - Nursing and Residential Care,04,000,2021,0,0,623220,263.0,7356.25,355150271.0
3,623 - Nursing and Residential Care,08,000,2022,0,0,623990,59.0,1086.5,49933194.0
3,623 - Nursing and Residential Care,08,000,2023,0,0,623110,272.0,19037.25,966311262.0
3,623 - Nursing and Residential Care,54,000,2020,0,0,623990,57.0,1239.0,40386398.0
3,623 - Nursing and Residential Care,56,000,2019,0,1,623990,23.0,0.0,0.0
3,623 - Nursing and Residential Care,56,000,2020,0,1,623210,12.0,0.0,0.0
3,623 - Nursing and Residential Care,56,000,2021,0,0,623990,23.0,719.83,28003290.0
3,623 - Nursing and Residential Care,24,000,2020,0,0,623990,131.0,4599.0,225531786.0
3,623 - Nursing and Residential Care,24,000,2022,0,1,623110,363.0,20735.0,1094339239.0
3,623 - Nursing and Residential Care,24,000,2022,0,1,623210,556.0,9729.91,412465806.0
3,623 - Nursing and Residential Care,24,000,2023,0,0,623220,193.0,5671.0,270247881.0
3,623 - Nursing and Residential Care,28,000,2024,0,0,623220,51.0,985.33,43859883.0
3,623 - Nursing and Residential Care,40,000,2021,0,1,623210,336.0,3688.16,98579804.0
3,623 - Nursing and Residential Care,44,000,2019,0,1,623220,71.0,0.0,0.0
3,623 - Nursing and Residential Care,46,000,2020,0,0,623220,25.0,763.91,29870503.0
3,623 - Nursing and Residential Care,48,000,2018,0,0,623220,316.0,11887.83,419918246.0
3,623 - Nursing and Residential Care,49,000,2023,0,0,623210,157.0,4892.41,157297803.0
3,623 - Nursing and Residential Care,02,000,2023,0,0,623210,62.0,850.0,37087954.0
3,623 - Nursing and Residential Care,02,000,2024,0,0,623220,27.0,646.91,35575160.0
3,623 - Nursing and Residential Care,11,000,2018,0,0,623110,28.0,2765.41,115259474.0
3,623 - Nursing and Residential Care,13,000,2021,0,1,623210,134.0,1304.41,41456172.0
3,623 - Nursing and Residential Care,13,000,2024,0,0,623110,612.0,34208.25,1566136931.0
3,623 - Nursing and Residential Care,44,000,2021,0,1,623220,70.0,0.0,0.0
3,623 - Nursing and Residential Care,46,000,2020,0,1,623210,85.0,1037.33,31905822.0
3,623 - Nursing and Residential Care,48,000,2018,0,0,623210,540.0,28467.25,1042667111.0
3,623 - Nursing and Residential Care,53,000,2021,0,0,623210,146.0,5817.0,271549307.0
3,623 - Nursing and Residential Care,20,000,2021,0,1,623990,63.0,1331.5,49930756.0
3,623 - Nursing and Residential Care,39,000,2024,0,0,623210,1724.0,26954.08,1137323454.0
3,623 - Nursing and Residential Care,31,000,2023,0,0,623220,37.0,859.66,37625716.0
3,623 - Nursing and Residential Care,48,000,2021,0,0,623990,276.0,13471.16,752947039.0
3,623 - Nursing and Residential Care,50,000,2021,0,1,623220,48.0,0.0,0.0
3,623 - Nursing and Residential Care,05,000,2018,0,0,623210,101.0,4288.41,107238037.0
3,623 - Nursing and Residential Care,19,000,2024,0,1,623210,674.0,8283.16,346922994.0
3,623 - Nursing and Residential Care,24,000,2018,0,0,623220,127.0,4905.66,170132149.0
3,623 - Nursing and Residential Care,47,000,2019,0,0,623990,70.0,1978.91,64767323.0
3,623 - Nursing and Residential Care,47,000,2020,0,1,623110,355.0,30702.33,1128224864.0
3,623 - Nursing and Residential Care,47,000,2021,0,0,623110,393.0,29861.41,1189485370.0
3,623 - Nursing and Residential Care,06,000,2019,0,0,623210,1764.0,27207.41,818770403.0
3,623 - Nursing and Residential Care,09,000,2023,0,0,623990,100.0,2678.5,145013142.0
3,623 - Nursing and Residential Care,09,000,2024,0,1,623110,241.0,27648.5,1465360834.0
3,623 - Nursing and Residential Care,12,000,2023,0,0,623110,1229.0,85860.25,3890387256.0
3,623 - Nursing and Residential Care,12,000,2023,0,0,623210,370.0,9964.41,413602131.0
3,623 - Nursing and Residential Care,17,000,2021,0,1,623990,137.0,6263.33,246750541.0
3,623 - Nursing and Residential Care,31,000,2018,0,1,623110,208.0,17019.5,519790547.0
3,623 - Nursing and Residential Care,31,000,2021,0,1,623990,50.0,2923.66,182770281.0
3,623 - Nursing and Residential Care,49,000,2018,0,1,623110,120.0,9348.66,293011402.0
3,623 - Nursing and Residential Care,25,000,2019,0,0,623110,467.0,48821.33,2060150175.0
3,623 - Nursing and Residential Care,27,000,2024,0,0,623220,374.0,11977.25,623286054.0
3,623 - Nursing and Residential Care,72,000,2024,0,0,623220,70.0,584.83,13848692.0
3,623 - Nursing and Residential Care,33,000,2019,0,1,623110,124.0,6479.5,274335602.0
3,623 - Nursing and Residential Care,33,000,2019,0,0,623220,46.0,1002.5,41562702.0
3,623 - Nursing and Residential Care,33,000,2020,0,1,623110,128.0,6125.16,310651801.0
3,623 - Nursing and Residential Care,36,000,2024,0,1,623110,754.0,104362.41,6118417593.0
3,623 - Nursing and Residential Care,38,000,2023,0,0,623220,18.0,416.0,16611250.0
3,623 - Nursing and Residential Care,13,000,2019,0,0,623220,191.0,3641.33,137880410.0
3,623 - Nursing and Residential Care,33,000,2023,0,1,623110,126.0,5756.58,323159737.0
3,623 - Nursing and Residential Care,33,000,2024,0,0,623990,41.0,753.91,40772821.0
3,623 - Nursing and Residential Care,78,000,2021,0,0,623220,3.0,82.75,2154910.0
3,623 - Nursing and Residential Care,20,000,2019,0,1,623990,53.0,1084.25,33529492.0
3,623 - Nursing and Residential Care,21,000,2022,0,0,623220,145.0,3327.33,133745282.0
3,623 - Nursing and Residential Care,25,000,2023,0,1,623220,418.0,13413.91,759432852.0
3,623 - Nursing and Residential Care,28,000,2019,0,0,623210,22.0,6996.66,179741892.0
3,623 - Nursing and Residential Care,53,000,2024,0,1,623110,273.0,20436.33,1226911830.0
3,623 - Nursing and Residential Care,27,000,2018,0,0,623110,508.0,45618.91,1498331980.0
3,623 - Nursing and Residential Care,27,000,2022,0,0,623110,559.0,38725.41,1657481050.0
3,623 - Nursing and Residential Care,27,000,2022,0,0,623210,982.0,18239.58,685680542.0
3,623 - Nursing and Residential Care,50,000,2024,0,0,623990,8.0,303.41,15372508.0
3,623 - Nursing and Residential Care,12,000,2019,0,1,623210,311.0,8450.25,228136426.0
3,623 - Nursing and Residential Care,21,000,2019,0,0,623220,106.0,2993.58,95417879.0
3,623 - Nursing and Residential Care,21,000,2021,0,1,623210,141.0,3443.41,148292123.0
3,623 - Nursing and Residential Care,23,000,2022,0,0,623210,361.0,4943.91,215964891.0
3,623 - Nursing and Residential Care,35,000,2018,0,1,623110,103.0,7482.58,276822450.0
3,623 - Nursing and Residential Care,35,000,2019,0,1,623990,57.0,820.58,22966049.0
3,623 - Nursing and Residential Care,05,000,2024,0,0,623220,98.0,2582.75,116452839.0
3,623 - Nursing and Residential Care,09,000,2020,0,1,623210,797.0,9165.41,337936926.0
3,623 - Nursing and Residential Care,36,000,2018,0,0,623990,452.0,17996.33,779688782.0
3,623 - Nursing and Residential Care,37,000,2019,0,1,623110,535.0,43454.66,1445519130.0
3,623 - Nursing and Residential Care,39,000,2020,0,0,623990,215.0,5103.66,185919706.0
3,623 - Nursing and Residential Care,40,000,2019,0,1,623210,361.0,3808.5,86910632.0
3,623 - Nursing and Residential Care,40,000,2019,0,0,623220,45.0,1143.25,33242945.0
3,623 - Nursing and Residential Care,04,000,2018,0,0,623210,72.0,6611.58,161144643.0
3,623 - Nursing and Residential Care,04,000,2018,0,0,623220,173.0,6712.33,268128545.0
3,623 - Nursing and Residential Care,08,000,2022,0,0,623210,85.0,2101.33,100106956.0
3,623 - Nursing and Residential Care,0 ,000,2024,0,0,623110,20547.0,1555359.5,75558934195.0
3,623 - Nursing and Residential Care,04,000,2018,0,0,623990,149.0,4051.66,119982753.0
3,623 - Nursing and Residential Care,04,000,2019,0,0,623220,196.0,7093.08,298157462.0
3,623 - Nursing and Residential Care,54,000,2019,0,1,623110,124.0,9448.08,332388115.0
3,623 - Nursing and Residential Care,15,000,2020,0,0,623220,40.0,674.08,24578422.0
3,623 - Nursing and Residential Care,15,000,2021,0,1,623210,13.0,0.0,0.0
3,623 - Nursing and Residential Care,15,000,2024,0,1,623210,15.0,0.0,0.0
3,623 - Nursing and Residential Care,28,000,2022,0,0,623210,25.0,5713.75,183716795.0
3,623 - Nursing and Residential Care,28,000,2023,0,0,623110,213.0,16856.41,649595072.0
3,623 - Nursing and Residential Care,29,000,2020,0,1,623220,179.0,4597.41,165092548.0
3,623 - Nursing and Residential Care,29,000,2021,0,1,623210,526.0,9732.83,306224387.0
3,623 - Nursing and Residential Care,29,000,2021,0,1,623990,144.0,3139.58,109589276.0
3,623 - Nursing and Residential Care,40,000,2021,0,0,623110,350.0,20548.33,701025191.0
3,623 - Nursing and Residential Care,40,000,2024,0,0,623990,56.0,1105.0,38424403.0
3,623 - Nursing and Residential Care,11,000,2019,0,0,623110,27.0,2713.83,116675898.0
3,623 - Nursing and Residential Care,11,000,2020,0,0,623210,36.0,1697.25,64996700.0
3,623 - Nursing and Residential Care,11,000,2023,0,0,623220,55.0,1115.83,63227750.0
3,623 - Nursing and Residential Care,11,000,2024,0,0,623210,62.0,2074.25,100244865.0
3,623 - Nursing and Residential Care,44,000,2021,0,1,623210,162.0,0.0,0.0
3,623 - Nursing and Residential Care,48,000,2020,0,1,623110,1581.0,93337.91,3631994547.0
3,623 - Nursing and Residential Care,11,000,2018,0,0,623220,59.0,1141.33,49803675.0
3,623 - Nursing and Residential Care,11,000,2019,0,0,623990,38.0,1081.16,35645317.0
3,623 - Nursing and Residential Care,13,000,2022,0,0,623220,236.0,4074.66,182432161.0
3,623 - Nursing and Residential Care,46,000,2022,0,0,623990,10.0,715.08,30936213.0
3,623 - Nursing and Residential Care,05,000,2019,0,1,623990,43.0,912.66,29289049.0
3,623 - Nursing and Residential Care,19,000,2023,0,1,623110,393.0,25581.83,1019389494.0
3,623 - Nursing and Residential Care,37,000,2023,0,0,623110,554.0,37123.5,1668265797.0
3,623 - Nursing and Residential Care,09,000,2023,0,1,623110,245.0,27172.91,1441231176.0
3,623 - Nursing and Residential Care,09,000,2024,0,0,623990,89.0,2727.16,151264166.0
3,623 - Nursing and Residential Care,17,000,2023,0,1,623110,849.0,69724.16,3175210764.0
3,623 - Nursing and Residential Care,31,000,2021,0,1,623110,188.0,14537.25,522512955.0
3,623 - Nursing and Residential Care,45,000,2019,0,1,623990,127.0,2609.83,75700802.0
3,623 - Nursing and Residential Care,06,000,2022,0,0,623220,1302.0,32454.41,1733790390.0
3,623 - Nursing and Residential Care,25,000,2018,0,0,623210,1115.0,17261.91,613399876.0
3,623 - Nursing and Residential Care,25,000,2019,0,1,623220,400.0,12248.0,506080446.0
3,623 - Nursing and Residential Care,27,000,2024,0,0,623210,1071.0,19897.25,821234020.0
3,623 - Nursing and Residential Care,29,000,2018,0,0,623110,659.0,49009.41,1345646445.0
3,623 - Nursing and Residential Care,29,000,2018,0,1,623990,158.0,3424.66,100624856.0
3,623 - Nursing and Residential Care,41,000,2019,0,0,623110,161.0,11923.33,449648100.0
3,623 - Nursing and Residential Care,45,000,2018,0,1,623110,232.0,19895.33,650302576.0
3,623 - Nursing and Residential Care,18,000,2023,0,0,623220,278.0,4448.75,212334736.0
3,623 - Nursing and Residential Care,42,000,2020,0,1,623220,594.0,15633.41,654549712.0
3,623 - Nursing and Residential Care,42,000,2022,0,0,623990,281.0,7998.83,328221191.0
3,623 - Nursing and Residential Care,55,000,2019,0,1,623110,378.0,31269.25,982886193.0
3,623 - Nursing and Residential Care,72,000,2022,0,0,623210,27.0,410.5,7751989.0
3,623 - Nursing and Residential Care,15,000,2018,0,1,623210,12.0,409.0,12051606.0
3,623 - Nursing and Residential Care,33,000,2018,0,1,623110,129.0,6614.0,270838951.0
3,623 - Nursing and Residential Care,33,000,2020,0,0,623220,51.0,1010.25,51940069.0
3,623 - Nursing and Residential Care,36,000,2022,0,0,623210,3548.0,70320.33,4753946344.0
3,623 - Nursing and Residential Care,36,000,2024,0,0,623210,3596.0,73248.16,4834110729.0
3,623 - Nursing and Residential Care,38,000,2022,0,0,623210,31.0,2516.83,103599322.0
3,623 - Nursing and Residential Care,54,000,2023,0,0,623210,326.0,2675.83,97136621.0
3,623 - Nursing and Residential Care,55,000,2021,0,1,623210,504.0,9553.0,312252649.0
3,623 - Nursing and Residential Care,01,000,2020,0,1,623210,309.0,4868.0,125149904.0
3,623 - Nursing and Residential Care,01,000,2023,0,0,623110,262.0,26720.91,1016031755.0
3,623 - Nursing and Residential Care,33,000,2024,0,1,623110,123.0,5962.0,338531639.0
3,623 - Nursing and Residential Care,51,000,2018,0,1,623220,123.0,3816.16,145105624.0
3,623 - Nursing and Residential Care,51,000,2021,0,1,623110,357.0,26132.83,1081396619.0
3,623 - Nursing and Residential Care,51,000,2021,0,1,623220,162.0,3901.5,174555338.0
3,623 - Nursing and Residential Care,51,000,2022,0,0,623990,247.0,3989.16,175859251.0
3,623 - Nursing and Residential Care,78,000,2023,0,1,623990,1.0,0.0,0.0
3,623 - Nursing and Residential Care,78,000,2024,0,0,623220,3.0,68.91,2163275.0
3,623 - Nursing and Residential Care,21,000,2024,0,1,623210,159.0,3360.33,168348403.0
3,623 - Nursing and Residential Care,21,000,2024,0,0,623220,171.0,4044.5,180093967.0
3,623 - Nursing and Residential Care,30,000,2018,0,0,623220,44.0,1123.5,39772733.0
3,623 - Nursing and Residential Care,30,000,2023,0,0,623220,47.0,1198.58,56342160.0
3,623 - Nursing and Residential Care,30,000,2024,0,0,623220,52.0,1215.25,56529889.0
3,623 - Nursing and Residential Care,32,000,2019,0,0,623990,40.0,589.83,20592377.0
3,623 - Nursing and Residential Care,53,000,2022,0,1,623110,263.0,16979.41,923822302.0
3,623 - Nursing and Residential Care,16,000,2020,0,0,623110,110.0,5462.0,209197197.0
3,623 - Nursing and Residential Care,16,000,2022,0,0,623220,36.0,460.41,16915144.0
3,623 - Nursing and Residential Care,16,000,2023,0,0,623110,126.0,5348.83,248910636.0
3,623 - Nursing and Residential Care,22,000,2021,0,0,623990,57.0,1601.58,60278612.0
3,623 - Nursing and Residential Care,22,000,2022,0,1,623110,331.0,22458.83,831821389.0
3,623 - Nursing and Residential Care,22,000,2022,0,0,623210,343.0,5379.33,187201197.0
3,623 - Nursing and Residential Care,26,000,2022,0,1,623110,497.0,39236.5,1748826179.0
3,623 - Nursing and Residential Care,26,000,2022,0,1,623990,533.0,9189.66,330142254.0
3,623 - Nursing and Residential Care,32,000,2020,0,0,623210,132.0,1306.5,32606387.0
3,623 - Nursing and Residential Care,32,000,2022,0,0,623990,41.0,510.33,22531942.0
3,623 - Nursing and Residential Care,27,000,2019,0,1,623210,953.0,20403.5,557938509.0
3,623 - Nursing and Residential Care,21,000,2018,0,0,623990,134.0,3581.08,123353608.0
3,623 - Nursing and Residential Care,23,000,2021,0,0,623220,130.0,2211.25,91706852.0
3,623 - Nursing and Residential Care,35,000,2019,0,1,623220,33.0,672.41,25780861.0
3,623 - Nursing and Residential Care,35,000,2020,0,1,623110,109.0,6998.58,288593514.0
3,623 - Nursing and Residential Care,35,000,2021,0,1,623220,36.0,752.75,30902799.0
3,623 - Nursing and Residential Care,05,000,2021,0,0,623210,102.0,3828.83,107608722.0
3,623 - Nursing and Residential Care,05,000,2021,0,0,623220,91.0,2251.16,84699893.0
3,623 - Nursing and Residential Care,05,000,2022,0,0,623210,102.0,3713.41,118470317.0
3,623 - Nursing and Residential Care,39,000,2018,0,0,623110,1082.0,94537.83,2880124504.0
3,623 - Nursing and Residential Care,39,000,2021,0,0,623990,206.0,4769.16,182808314.0
3,623 - Nursing and Residential Care,46,000,2024,0,0,623220,23.0,869.33,43732020.0
3,623 - Nursing and Residential Care,0 ,000,2019,0,0,623990,6941.0,179190.66,6328661740.0
3,623 - Nursing and Residential Care,0 ,000,2021,0,0,623210,23993.0,449884.83,18085659330.0
3,623 - Nursing and Residential Care,0 ,000,2022,0,0,623220,9677.0,245515.41,11812160147.0
3,623 - Nursing and Residential Care,18,000,2021,0,0,623210,243.0,6118.5,217165708.0
3,623 - Nursing and Residential Care,42,000,2018,0,0,623990,271.0,7569.0,259897987.0
3,623 - Nursing and Residential Care,54,000,2019,0,0,623990,55.0,1214.25,37225886.0
3,623 - Nursing and Residential Care,04,000,2020,0,0,623990,181.0,4441.33,161376248.0
3,623 - Nursing and Residential Care,08,000,2019,0,0,623110,244.0,21493.5,831303024.0
3,623 - Nursing and Residential Care,08,000,2021,0,0,623110,269.0,19041.83,837014673.0
3,623 - Nursing and Residential Care,08,000,2022,0,0,623110,271.0,18025.5,876306252.0
3,623 - Nursing and Residential Care,18,000,2018,0,1,623110,515.0,46977.75,1524494575.0
3,623 - Nursing and Residential Care,24,000,2021,0,0,623990,184.0,4708.08,235639511.0
3,623 - Nursing and Residential Care,28,000,2022,0,0,623990,11.0,270.16,9132803.0
3,623 - Nursing and Residential Care,29,000,2022,0,0,623110,671.0,39606.91,1494273750.0
3,623 - Nursing and Residential Care,29,000,2023,0,0,623220,190.0,4383.58,191720194.0
3,623 - Nursing and Residential Care,29,000,2024,0,0,623110,652.0,42730.58,1726072783.0
3,623 - Nursing and Residential Care,35,000,2024,0,0,623220,40.0,977.5,54278706.0
3,623 - Nursing and Residential Care,40,000,2022,0,0,623110,372.0,20992.75,775599050.0
3,623 - Nursing and Residential Care,11,000,2021,0,0,623110,35.0,2500.66,132060238.0
3,623 - Nursing and Residential Care,13,000,2023,0,0,623110,585.0,31223.91,1406422686.0
3,623 - Nursing and Residential Care,44,000,2020,0,0,623220,70.0,1611.0,62061144.0
3,623 - Nursing and Residential Care,44,000,2022,0,1,623210,162.0,0.0,0.0
3,623 - Nursing and Residential Care,49,000,2022,0,0,623990,47.0,2321.83,123228735.0
3,623 - Nursing and Residential Care,16,000,2019,0,0,623110,105.0,5553.83,196066168.0
3,623 - Nursing and Residential Care,16,000,2019,0,0,623990,45.0,1007.83,27037817.0
3,623 - Nursing and Residential Care,20,000,2021,0,0,623110,284.0,16005.33,550197729.0
3,623 - Nursing and Residential Care,20,000,2022,0,0,623220,32.0,927.83,44926330.0
3,623 - Nursing and Residential Care,20,000,2024,0,0,623990,61.0,1392.5,59603780.0
3,623 - Nursing and Residential Care,39,000,2023,0,0,623990,219.0,5048.75,210867432.0
3,623 - Nursing and Residential Care,47,000,2023,0,0,623990,61.0,2081.41,92102155.0
3,623 - Nursing and Residential Care,50,000,2021,0,1,623210,7.0,0.0,0.0
3,623 - Nursing and Residential Care,37,000,2024,0,0,623210,537.0,13250.25,551386191.0
3,623 - Nursing and Residential Care,47,000,2020,0,0,623210,176.0,6016.0,188249546.0
3,623 - Nursing and Residential Care,47,000,2022,0,0,623210,190.0,5698.66,239382075.0
3,623 - Nursing and Residential Care,06,000,2019,0,0,623990,661.0,12158.5,448770790.0
3,623 - Nursing and Residential Care,31,000,2020,0,1,623990,50.0,2825.66,168397412.0
3,623 - Nursing and Residential Care,34,000,2018,0,0,623210,924.0,20583.41,833442638.0
3,623 - Nursing and Residential Care,45,000,2024,0,1,623110,391.0,21013.5,955289641.0
3,623 - Nursing and Residential Care,29,000,2018,0,1,623210,523.0,10246.08,254455933.0
3,623 - Nursing and Residential Care,41,000,2020,0,1,623220,217.0,5346.08,236744138.0
3,623 - Nursing and Residential Care,41,000,2021,0,1,623210,726.0,6948.25,254210225.0
3,623 - Nursing and Residential Care,10,000,2018,0,0,623220,21.0,2356.66,104289742.0
3,623 - Nursing and Residential Care,10,000,2019,0,0,623220,23.0,2355.16,106320173.0
3,623 - Nursing and Residential Care,17,000,2018,0,0,623220,131.0,6972.5,250608849.0
3,623 - Nursing and Residential Care,18,000,2024,0,0,623210,223.0,6321.66,268775585.0
3,623 - Nursing and Residential Care,42,000,2020,0,0,623110,663.0,74091.08,3169309041.0
3,623 - Nursing and Residential Care,42,000,2021,0,0,623110,674.0,66560.66,2942685565.0
3,623 - Nursing and Residential Care,42,000,2023,0,0,623110,726.0,65306.25,3231663228.0
3,623 - Nursing and Residential Care,72,000,2024,0,0,623990,26.0,412.83,9757469.0
3,623 - Nursing and Residential Care,04,000,2023,0,0,623210,168.0,5550.25,210240478.0
3,623 - Nursing and Residential Care,38,000,2021,0,1,623210,30.0,2369.83,84494119.0
3,623 - Nursing and Residential Care,55,000,2024,0,1,623110,390.0,26625.91,1126154764.0
3,623 - Nursing and Residential Care,01,000,2021,0,1,623990,81.0,1696.41,53106905.0
3,623 - Nursing and Residential Care,01,000,2022,0,1,623990,80.0,1707.58,57020486.0
3,623 - Nursing and Residential Care,13,000,2020,0,1,623210,124.0,1378.91,39529528.0
3,623 - Nursing and Residential Care,23,000,2023,0,0,623220,129.0,2358.83,114501677.0
3,623 - Nursing and Residential Care,51,000,2021,0,1,623210,573.0,8458.58,309033098.0
3,623 - Nursing and Residential Care,51,000,2022,0,0,623210,597.0,8639.25,359532161.0
3,623 - Nursing and Residential Care,51,000,2022,0,0,623220,174.0,4649.25,229005156.0
3,623 - Nursing and Residential Care,78,000,2020,0,1,623990,1.0,0.0,0.0
3,623 - Nursing and Residential Care,16,000,2022,0,0,623110,128.0,5110.58,228583161.0
3,623 - Nursing and Residential Care,16,000,2022,0,0,623990,53.0,969.0,35698579.0
3,623 - Nursing and Residential Care,16,000,2023,0,0,623220,43.0,616.83,25049666.0
3,623 - Nursing and Residential Care,22,000,2023,0,0,623210,309.0,5471.41,202759430.0
3,623 - Nursing and Residential Care,32,000,2020,0,0,623990,38.0,567.58,21245938.0
3,623 - Nursing and Residential Care,10,000,2022,0,0,623110,55.0,4023.41,192894798.0
3,623 - Nursing and Residential Care,25,000,2021,0,1,623220,416.0,13131.0,640677843.0
3,623 - Nursing and Residential Care,25,000,2024,0,1,623220,463.0,14512.66,848223316.0
3,623 - Nursing and Residential Care,26,000,2019,0,1,623990,564.0,10142.58,277018244.0
3,623 - Nursing and Residential Care,28,000,2018,0,0,623110,207.0,18815.16,546019021.0
3,623 - Nursing and Residential Care,30,000,2019,0,1,623210,46.0,956.33,24439789.0
3,623 - Nursing and Residential Care,30,000,2021,0,0,623220,44.0,1082.33,44608245.0
3,623 - Nursing and Residential Care,30,000,2022,0,0,623210,48.0,1176.83,41999291.0
3,623 - Nursing and Residential Care,12,000,2019,0,1,623110,1075.0,94804.91,3329344217.0
3,623 - Nursing and Residential Care,12,000,2022,0,0,623210,359.0,9057.58,358445644.0
3,623 - Nursing and Residential Care,21,000,2020,0,1,623210,80.0,3577.33,144491141.0
3,623 - Nursing and Residential Care,05,000,2022,0,0,623220,88.0,2287.0,93477031.0
3,623 - Nursing and Residential Care,34,000,2022,0,0,623220,259.0,6461.5,319233126.0
3,623 - Nursing and Residential Care,34,000,2023,0,0,623990,215.0,3770.58,223698998.0
3,623 - Nursing and Residential Care,38,000,2020,0,1,623210,30.0,2574.58,87034791.0
3,623 - Nursing and Residential Care,40,000,2019,0,1,623110,337.0,20801.58,596178398.0
3,623 - Nursing and Residential Care,40,000,2019,0,0,623990,60.0,1243.58,36065746.0
3,623 - Nursing and Residential Care,46,000,2024,0,0,623110,104.0,6349.75,259115038.0
3,623 - Nursing and Residential Care,0 ,000,2024,0,0,623990,7803.0,175027.75,8632441546.0
3,623 - Nursing and Residential Care,02,000,2018,0,0,623990,31.0,900.0,26354470.0
3,623 - Nursing and Residential Care,08,000,2020,0,0,623110,257.0,20550.41,864485550.0
3,623 - Nursing and Residential Care,08,000,2020,0,0,623990,53.0,1148.16,47257990.0
3,623 - Nursing and Residential Care,08,000,2022,0,0,623220,138.0,3214.25,164587057.0
3,623 - Nursing and Residential Care,08,000,2023,0,0,623990,60.0,1088.5,53211018.0
3,623 - Nursing and Residential Care,18,000,2019,0,0,623990,139.0,4072.58,128009899.0
3,623 - Nursing and Residential Care,18,000,2020,0,1,623110,602.0,43944.66,1652171521.0
3,623 - Nursing and Residential Care,42,000,2018,0,1,623210,2396.0,38251.08,1290848771.0
3,623 - Nursing and Residential Care,42,000,2018,0,1,623220,508.0,16467.25,627405131.0
3,623 - Nursing and Residential Care,06,000,2020,0,0,623990,654.0,11719.25,474731886.0
3,623 - Nursing and Residential Care,09,000,2022,0,0,623210,798.0,11559.75,554871370.0
3,623 - Nursing and Residential Care,17,000,2021,0,1,623110,826.0,66974.41,2667061990.0
3,623 - Nursing and Residential Care,17,000,2022,0,0,623220,139.0,5893.25,271753566.0
3,623 - Nursing and Residential Care,17,000,2024,0,0,623210,451.0,13227.08,613286047.0
3,623 - Nursing and Residential Care,31,000,2019,0,1,623110,208.0,16508.25,525526033.0
3,623 - Nursing and Residential Care,45,000,2019,0,1,623110,255.0,20328.0,693372596.0
3,623 - Nursing and Residential Care,45,000,2022,0,1,623990,195.0,2613.75,86127220.0
3,623 - Nursing and Residential Care,45,000,2023,0,1,623220,85.0,1372.08,57496531.0
3,623 - Nursing and Residential Care,06,000,2022,0,0,623210,1860.0,27288.66,1097526472.0
3,623 - Nursing and Residential Care,25,000,2020,0,0,623210,1131.0,16784.5,715775928.0
3,623 - Nursing and Residential Care,45,000,2018,0,1,623210,190.0,3910.91,94841709.0
3,623 - Nursing and Residential Care,10,000,2020,0,0,623990,5.0,344.83,12872594.0
3,623 - Nursing and Residential Care,17,000,2019,0,0,623210,418.0,13153.83,375442341.0
3,623 - Nursing and Residential Care,17,000,2019,0,0,623220,136.0,6916.75,256715760.0
3,623 - Nursing and Residential Care,18,000,2024,0,0,623990,101.0,3007.41,138333574.0
3,623 - Nursing and Residential Care,42,000,2019,0,1,623210,2414.0,38891.5,1380586414.0
3,623 - Nursing and Residential Care,42,000,2024,0,1,623210,2927.0,37625.08,1851332071.0
3,623 - Nursing and Residential Care,55,000,2019,0,1,623210,511.0,11574.0,310536472.0
3,623 - Nursing and Residential Care,72,000,2021,0,0,623220,67.0,554.08,10769742.0
3,623 - Nursing and Residential Care,72,000,2023,0,0,623110,235.0,1887.58,37164480.0
3,623 - Nursing and Residential Care,04,000,2024,0,0,623110,252.0,16969.58,908006724.0
3,623 - Nursing and Residential Care,04,000,2024,0,0,623990,178.0,4484.0,198177612.0
3,623 - Nursing and Residential Care,36,000,2022,0,1,623220,871.0,19494.16,969037864.0
3,623 - Nursing and Residential Care,38,000,2023,0,0,623210,37.0,2464.33,101806155.0
3,623 - Nursing and Residential Care,54,000,2024,0,0,623990,53.0,1073.58,47248718.0
3,623 - Nursing and Residential Care,13,000,2019,0,1,623210,93.0,1270.25,32328341.0
3,623 - Nursing and Residential Care,33,000,2023,0,0,623990,46.0,1066.25,55442208.0
3,623 - Nursing and Residential Care,51,000,2019,0,1,623210,537.0,9230.91,290460547.0
3,623 - Nursing and Residential Care,01,000,2018,0,0,623220,151.0,2961.75,82717841.0
3,623 - Nursing and Residential Care,20,000,2018,0,0,623210,100.0,3406.33,86823780.0
3,623 - Nursing and Residential Care,25,000,2022,0,1,623990,264.0,5872.5,288089936.0
3,623 - Nursing and Residential Care,28,000,2019,0,0,623110,215.0,19137.91,575817871.0
3,623 - Nursing and Residential Care,30,000,2020,0,1,623110,96.0,5266.5,187999904.0
3,623 - Nursing and Residential Care,30,000,2020,0,0,623990,44.0,1506.75,47085028.0
3,623 - Nursing and Residential Care,30,000,2023,0,0,623990,55.0,1448.66,56684385.0
3,623 - Nursing and Residential Care,30,000,2024,0,0,623210,49.0,1204.5,47981534.0
3,623 - Nursing and Residential Care,30,000,2024,0,0,623990,57.0,1472.41,62486890.0
3,623 - Nursing and Residential Care,32,000,2018,0,0,623220,55.0,3011.91,143959243.0
3,623 - Nursing and Residential Care,16,000,2024,0,0,623220,48.0,666.25,26944406.0
3,623 - Nursing and Residential Care,22,000,2021,0,1,623110,326.0,22923.33,778951467.0
3,623 - Nursing and Residential Care,22,000,2024,0,0,623990,59.0,1757.16,74572795.0
3,623 - Nursing and Residential Care,32,000,2024,0,0,623990,38.0,612.83,29160471.0
3,623 - Nursing and Residential Care,50,000,2024,0,1,623110,57.0,3105.25,163996427.0
3,623 - Nursing and Residential Care,12,000,2019,0,0,623990,467.0,7651.41,241371536.0
3,623 - Nursing and Residential Care,21,000,2018,0,0,623220,94.0,2614.58,80715378.0
3,623 - Nursing and Residential Care,35,000,2023,0,0,623220,37.0,983.41,49134674.0
3,623 - Nursing and Residential Care,05,000,2023,0,0,623990,36.0,1028.0,42791289.0
3,623 - Nursing and Residential Care,09,000,2019,0,1,623110,225.0,33037.33,1334922766.0
3,623 - Nursing and Residential Care,36,000,2019,0,1,623110,700.0,122001.75,5371420905.0
3,623 - Nursing and Residential Care,37,000,2019,0,0,623210,496.0,14442.41,466346835.0
3,623 - Nursing and Residential Care,39,000,2018,0,0,623990,234.0,5544.58,178705477.0
3,623 - Nursing and Residential Care,40,000,2018,0,0,623220,48.0,1230.83,37696400.0
3,623 - Nursing and Residential Care,40,000,2018,0,0,623990,60.0,1202.83,33646176.0
3,623 - Nursing and Residential Care,46,000,2024,0,0,623990,10.0,765.91,37874422.0
3,623 - Nursing and Residential Care,08,000,2020,0,0,623210,88.0,2327.58,100868231.0
3,623 - Nursing and Residential Care,08,000,2023,0,0,623210,84.0,2193.25,108048516.0
3,623 - Nursing and Residential Care,54,000,2022,0,0,623990,54.0,1082.08,40436967.0
3,623 - Nursing and Residential Care,54,000,2018,0,0,623210,328.0,3431.75,84743129.0
3,623 - Nursing and Residential Care,56,000,2018,0,1,623220,21.0,0.0,0.0
3,623 - Nursing and Residential Care,56,000,2019,0,1,623110,31.0,2034.0,74654389.0
3,623 - Nursing and Residential Care,56,000,2023,0,1,623220,20.0,0.0,0.0
3,623 - Nursing and Residential Care,0 ,000,2022,0,0,623110,19780.0,1400186.33,64059322946.0
3,623 - Nursing and Residential Care,08,000,2018,0,0,623210,89.0,2437.08,94664562.0
3,623 - Nursing and Residential Care,56,000,2018,0,1,623210,11.0,0.0,0.0
3,623 - Nursing and Residential Care,56,000,2021,0,1,623220,22.0,0.0,0.0
3,623 - Nursing and Residential Care,15,000,2019,0,0,623220,43.0,655.25,22925888.0
3,623 - Nursing and Residential Care,15,000,2020,0,1,623110,49.0,4418.41,205314069.0
3,623 - Nursing and Residential Care,15,000,2023,0,1,623210,15.0,0.0,0.0
3,623 - Nursing and Residential Care,19,000,2018,0,1,623210,530.0,8630.66,233427793.0
3,623 - Nursing and Residential Care,19,000,2019,0,1,623990,45.0,902.0,30138885.0
3,623 - Nursing and Residential Care,28,000,2020,0,0,623210,24.0,6564.16,182933519.0
3,623 - Nursing and Residential Care,40,000,2024,0,0,623110,375.0,22632.08,880020140.0
3,623 - Nursing and Residential Care,44,000,2018,0,1,623990,36.0,911.75,29281287.0
3,623 - Nursing and Residential Care,02,000,2022,0,0,623210,56.0,805.41,33396380.0
3,623 - Nursing and Residential Care,44,000,2020,0,1,623210,151.0,0.0,0.0
3,623 - Nursing and Residential Care,53,000,2021,0,1,623110,266.0,17422.08,853508944.0
3,623 - Nursing and Residential Care,02,000,2022,0,0,623990,32.0,729.0,26617866.0
3,623 - Nursing and Residential Care,02,000,2024,0,0,623210,67.0,892.5,42052729.0
3,623 - Nursing and Residential Care,11,000,2018,0,0,623990,40.0,1023.25,33683177.0
3,623 - Nursing and Residential Care,44,000,2023,0,1,623220,67.0,0.0,0.0
3,623 - Nursing and Residential Care,49,000,2023,0,0,623110,143.0,9282.83,385744886.0
3,623 - Nursing and Residential Care,53,000,2019,0,0,623210,155.0,6541.91,250875395.0
3,623 - Nursing and Residential Care,53,000,2019,0,0,623220,100.0,4199.75,174677460.0
3,623 - Nursing and Residential Care,20,000,2024,0,0,623110,305.0,17943.75,722068220.0
3,623 - Nursing and Residential Care,47,000,2024,0,0,623990,59.0,2077.0,99419663.0
3,623 - Nursing and Residential Care,05,000,2020,0,1,623110,286.0,21416.75,693945668.0
3,623 - Nursing and Residential Care,19,000,2022,0,1,623210,696.0,8051.16,320703078.0
3,623 - Nursing and Residential Care,19,000,2023,0,1,623210,654.0,7930.41,334462108.0
3,623 - Nursing and Residential Care,37,000,2022,0,0,623990,229.0,3541.5,126398828.0
3,623 - Nursing and Residential Care,37,000,2024,0,0,623220,290.0,5358.75,239151289.0
3,623 - Nursing and Residential Care,41,000,2022,0,0,623110,172.0,11021.41,533215846.0
3,623 - Nursing and Residential Care,41,000,2023,0,0,623220,230.0,5559.08,316757559.0
3,623 - Nursing and Residential Care,41,000,2023,0,1,623990,124.0,1542.66,78560461.0
3,623 - Nursing and Residential Care,47,000,2021,0,1,623220,210.0,7614.41,316971496.0
3,623 - Nursing and Residential Care,09,000,2021,0,1,623110,224.0,26958.83,1277516185.0
3,623 - Nursing and Residential Care,09,000,2021,0,1,623990,81.0,2562.91,114431026.0
3,623 - Nursing and Residential Care,12,000,2023,0,0,623990,617.0,7912.0,328328943.0
3,623 - Nursing and Residential Care,12,000,2024,0,0,623220,503.0,16197.41,869246727.0
3,623 - Nursing and Residential Care,34,000,2020,0,1,623110,407.0,43382.5,1998313161.0
3,623 - Nursing and Residential Care,45,000,2019,0,1,623210,193.0,3901.41,101501692.0
3,623 - Nursing and Residential Care,41,000,2020,0,1,623210,709.0,7400.83,236797348.0
3,623 - Nursing and Residential Care,18,000,2023,0,0,623990,103.0,3043.33,133944177.0
3,623 - Nursing and Residential Care,42,000,2019,0,0,623990,266.0,7718.91,273038768.0
3,623 - Nursing and Residential Care,42,000,2022,0,0,623110,683.0,63179.16,3002734155.0
3,623 - Nursing and Residential Care,72,000,2023,0,0,623990,26.0,444.58,9728237.0
3,623 - Nursing and Residential Care,33,000,2018,0,0,623210,51.0,1190.16,33396403.0
3,623 - Nursing and Residential Care,33,000,2020,0,0,623210,52.0,1060.25,37787548.0
3,623 - Nursing and Residential Care,38,000,2024,0,0,623990,24.0,693.25,35236652.0
3,623 - Nursing and Residential Care,55,000,2024,0,1,623210,723.0,8249.0,308769868.0
3,623 - Nursing and Residential Care,01,000,2019,0,1,623990,85.0,1746.33,50046685.0
3,623 - Nursing and Residential Care,51,000,2018,0,1,623210,526.0,9241.25,279356024.0
3,623 - Nursing and Residential Care,26,000,2023,0,0,623990,557.0,9953.75,376834106.0
3,623 - Nursing and Residential Care,32,000,2021,0,0,623110,72.0,6705.25,307857671.0
3,623 - Nursing and Residential Care,10,000,2021,0,1,623210,10.0,1385.83,52526248.0
3,623 - Nursing and Residential Care,27,000,2018,0,1,623220,304.0,9223.58,357869024.0
3,623 - Nursing and Residential Care,02,000,2019,0,0,623990,31.0,834.0,25352763.0
3,623 - Nursing and Residential Care,18,000,2018,0,0,623210,247.0,6170.25,176264413.0
3,623 - Nursing and Residential Care,18,000,2018,0,0,623220,250.0,3336.41,107538104.0
3,623 - Nursing and Residential Care,54,000,2022,0,0,623110,131.0,8882.83,375462326.0
3,623 - Nursing and Residential Care,54,000,2022,0,0,623210,325.0,2553.5,90598511.0
3,623 - Nursing and Residential Care,56,000,2020,0,1,623990,23.0,0.0,0.0
3,623 - Nursing and Residential Care,15,000,2024,0,0,623220,47.0,662.58,27077123.0
3,623 - Nursing and Residential Care,24,000,2019,0,1,623210,582.0,10379.66,318433499.0
3,623 - Nursing and Residential Care,29,000,2020,0,1,623210,532.0,9994.33,291225887.0
3,623 - Nursing and Residential Care,40,000,2022,0,0,623990,53.0,1041.41,34295621.0
3,623 - Nursing and Residential Care,40,000,2023,0,0,623220,53.0,647.08,22420088.0
3,623 - Nursing and Residential Care,11,000,2022,0,0,623990,50.0,822.25,39207730.0
3,623 - Nursing and Residential Care,48,000,2020,0,0,623220,342.0,11806.83,475185176.0
3,623 - Nursing and Residential Care,11,000,2022,0,0,623220,52.0,1030.66,57211442.0
3,623 - Nursing and Residential Care,13,000,2022,0,0,623210,141.0,1304.25,46434456.0
3,623 - Nursing and Residential Care,44,000,2022,0,1,623220,73.0,0.0,0.0
3,623 - Nursing and Residential Care,44,000,2023,0,0,623110,93.0,8245.25,423506858.0
3,623 - Nursing and Residential Care,44,000,2024,0,1,623210,168.0,0.0,0.0
3,623 - Nursing and Residential Care,46,000,2018,0,0,623110,107.0,7340.66,215790867.0
3,623 - Nursing and Residential Care,20,000,2020,0,0,623210,99.0,3109.0,96025631.0
3,623 - Nursing and Residential Care,47,000,2023,0,0,623210,372.0,6151.25,261535975.0
3,623 - Nursing and Residential Care,31,000,2022,0,0,623220,36.0,757.16,28967184.0
3,623 - Nursing and Residential Care,31,000,2023,0,0,623990,52.0,3354.08,217249767.0
3,623 - Nursing and Residential Care,31,000,2024,0,0,623220,34.0,872.91,39697718.0
3,623 - Nursing and Residential Care,48,000,2023,0,0,623210,824.0,25890.91,1294750431.0
3,623 - Nursing and Residential Care,05,000,2019,0,1,623110,296.0,22802.25,628268844.0
3,623 - Nursing and Residential Care,24,000,2018,0,0,623990,131.0,5264.83,228476811.0
3,623 - Nursing and Residential Care,37,000,2021,0,0,623220,258.0,4834.58,179932902.0
3,623 - Nursing and Residential Care,37,000,2022,0,0,623220,277.0,4734.0,190342398.0
3,623 - Nursing and Residential Care,37,000,2024,0,0,623990,217.0,3727.08,143414568.0
3,623 - Nursing and Residential Care,41,000,2024,0,0,623990,152.0,1741.66,92354175.0
3,623 - Nursing and Residential Care,47,000,2021,0,0,623990,63.0,1994.91,75559962.0
3,623 - Nursing and Residential Care,06,000,2019,0,1,623220,1176.0,28502.83,1239352653.0
3,623 - Nursing and Residential Care,17,000,2020,0,0,623210,444.0,12175.66,423906160.0
3,623 - Nursing and Residential Care,17,000,2021,0,0,623210,449.0,11144.41,408658366.0
3,623 - Nursing and Residential Care,22,000,2020,0,0,623210,343.0,6078.5,194249511.0
3,623 - Nursing and Residential Care,31,000,2018,0,1,623220,35.0,698.58,23584065.0
3,623 - Nursing and Residential Care,31,000,2019,0,1,623210,57.0,2134.25,56841313.0
3,623 - Nursing and Residential Care,34,000,2019,0,0,623210,950.0,20150.58,864604060.0
3,623 - Nursing and Residential Care,45,000,2020,0,1,623110,266.0,19039.0,719861274.0
3,623 - Nursing and Residential Care,45,000,2022,0,1,623110,346.0,17935.08,771620854.0
3,623 - Nursing and Residential Care,06,000,2024,0,0,623210,1962.0,31009.58,1327256771.0
3,623 - Nursing and Residential Care,25,000,2020,0,1,623110,452.0,43017.0,2097547891.0
3,623 - Nursing and Residential Care,41,000,2018,0,1,623210,665.0,7254.0,203658761.0
3,623 - Nursing and Residential Care,41,000,2021,0,1,623220,222.0,5133.41,251905605.0
3,623 - Nursing and Residential Care,51,000,2024,0,0,623220,184.0,5841.83,317325078.0
3,623 - Nursing and Residential Care,42,000,2020,0,1,623210,2459.0,37593.0,1501430944.0
3,623 - Nursing and Residential Care,42,000,2022,0,1,623210,2797.0,35715.58,1673991406.0
3,623 - Nursing and Residential Care,42,000,2024,0,0,623110,663.0,69090.08,3464759204.0
3,623 - Nursing and Residential Care,42,000,2024,0,1,623220,553.0,14220.66,706464069.0
3,623 - Nursing and Residential Care,55,000,2018,0,1,623110,375.0,32835.58,1003430324.0
3,623 - Nursing and Residential Care,55,000,2018,0,0,623990,166.0,2179.25,59861464.0
3,623 - Nursing and Residential Care,72,000,2021,0,1,623990,33.0,478.91,8720886.0
3,623 - Nursing and Residential Care,15,000,2018,0,1,623110,44.0,4428.66,189242104.0
3,623 - Nursing and Residential Care,33,000,2021,0,0,623220,52.0,998.83,50249782.0
3,623 - Nursing and Residential Care,38,000,2023,0,0,623110,84.0,7547.16,330006165.0
3,623 - Nursing and Residential Care,38,000,2024,0,0,623110,85.0,7682.83,348811060.0
3,623 - Nursing and Residential Care,55,000,2021,0,0,623990,180.0,2046.16,68336738.0
3,623 - Nursing and Residential Care,20,000,2019,0,0,623210,99.0,3346.83,91678524.0
3,623 - Nursing and Residential Care,30,000,2018,0,0,623990,51.0,2080.08,50765543.0
3,623 - Nursing and Residential Care,30,000,2023,0,0,623210,49.0,1177.5,44210758.0
3,623 - Nursing and Residential Care,53,000,2022,0,0,623220,100.0,3997.08,219047864.0
3,623 - Nursing and Residential Care,12,000,2019,0,1,623220,457.0,13196.75,539908589.0
3,623 - Nursing and Residential Care,12,000,2020,0,1,623220,462.0,13098.0,563126262.0
3,623 - Nursing and Residential Care,21,000,2020,0,1,623110,372.0,25306.75,939809505.0
3,623 - Nursing and Residential Care,23,000,2020,0,0,623990,34.0,583.0,20907183.0
3,623 - Nursing and Residential Care,35,000,2018,0,1,623210,37.0,1632.0,42230489.0
3,623 - Nursing and Residential Care,05,000,2023,0,0,623220,91.0,2425.16,104012866.0
3,623 - Nursing and Residential Care,36,000,2020,0,0,623990,423.0,16406.83,819307987.0
3,623 - Nursing and Residential Care,37,000,2019,0,0,623220,227.0,5145.75,165640826.0
3,623 - Nursing and Residential Care,38,000,2018,0,1,623210,31.0,2696.75,81750754.0
3,623 - Nursing and Residential Care,38,000,2019,0,1,623110,87.0,9163.25,316612353.0
3,623 - Nursing and Residential Care,04,000,2022,0,0,623990,188.0,4038.75,172358146.0
3,623 - Nursing and Residential Care,08,000,2021,0,0,623990,57.0,1063.08,45452251.0
3,623 - Nursing and Residential Care,18,000,2021,0,0,623220,265.0,3712.0,149415203.0
3,623 - Nursing and Residential Care,0 ,000,2020,0,0,623110,18825.0,1544205.66,61864446248.0
3,623 - Nursing and Residential Care,08,000,2019,0,0,623220,112.0,3369.75,139055104.0
3,623 - Nursing and Residential Care,18,000,2019,0,0,623220,262.0,3491.91,120240822.0
3,623 - Nursing and Residential Care,18,000,2020,0,0,623210,239.0,6046.08,195283962.0
3,623 - Nursing and Residential Care,54,000,2020,0,0,623220,75.0,1038.33,32675340.0
3,623 - Nursing and Residential Care,56,000,2020,0,1,623110,31.0,2047.33,75791907.0
3,623 - Nursing and Residential Care,56,000,2022,0,1,623110,32.0,1912.91,80735185.0
3,623 - Nursing and Residential Care,15,000,2020,0,1,623210,13.0,0.0,0.0
3,623 - Nursing and Residential Care,19,000,2018,0,1,623220,82.0,2836.33,86774076.0
3,623 - Nursing and Residential Care,19,000,2018,0,1,623990,44.0,1084.5,33219951.0
3,623 - Nursing and Residential Care,24,000,2022,0,0,623990,263.0,4598.33,247469225.0
3,623 - Nursing and Residential Care,24,000,2024,0,1,623110,453.0,24698.5,1363699599.0
3,623 - Nursing and Residential Care,28,000,2022,0,0,623110,210.0,15846.08,595004430.0
3,623 - Nursing and Residential Care,28,000,2022,0,0,623220,44.0,863.25,32975499.0
3,623 - Nursing and Residential Care,40,000,2022,0,1,623210,317.0,3687.83,110818108.0
3,623 - Nursing and Residential Care,44,000,2018,0,1,623210,158.0,0.0,0.0
3,623 - Nursing and Residential Care,11,000,2023,0,0,623110,50.0,2454.5,144572331.0
3,623 - Nursing and Residential Care,13,000,2023,0,0,623220,239.0,4330.25,206972938.0
3,623 - Nursing and Residential Care,44,000,2021,0,1,623990,38.0,0.0,0.0
3,623 - Nursing and Residential Care,44,000,2022,0,1,623990,39.0,0.0,0.0
3,623 - Nursing and Residential Care,49,000,2019,0,1,623990,46.0,2340.66,81161844.0
3,623 - Nursing and Residential Care,49,000,2024,0,0,623220,156.0,6817.16,313606442.0
3,623 - Nursing and Residential Care,02,000,2023,0,0,623110,11.0,546.41,26927925.0
3,623 - Nursing and Residential Care,11,000,2020,0,0,623990,43.0,974.25,37497172.0
3,623 - Nursing and Residential Care,11,000,2021,0,0,623210,39.0,1574.83,67981031.0
3,623 - Nursing and Residential Care,11,000,2021,0,0,623990,49.0,883.58,39443253.0
3,623 - Nursing and Residential Care,44,000,2020,0,0,623110,88.0,8749.58,395403844.0
3,623 - Nursing and Residential Care,44,000,2023,0,1,623210,165.0,0.0,0.0
3,623 - Nursing and Residential Care,46,000,2020,0,0,623990,10.0,731.58,25794169.0
3,623 - Nursing and Residential Care,49,000,2021,0,1,623220,146.0,6408.0,250319015.0
3,623 - Nursing and Residential Care,20,000,2020,0,0,623220,30.0,918.25,36175198.0
3,623 - Nursing and Residential Care,48,000,2022,0,1,623110,1798.0,90926.83,3881656341.0
3,623 - Nursing and Residential Care,50,000,2019,0,1,623210,7.0,0.0,0.0
3,623 - Nursing and Residential Care,50,000,2020,0,1,623210,7.0,0.0,0.0
3,623 - Nursing and Residential Care,50,000,2020,0,0,623990,10.0,395.66,16327855.0
3,623 - Nursing and Residential Care,19,000,2022,0,1,623220,90.0,2370.75,92969063.0
3,623 - Nursing and Residential Care,19,000,2024,0,1,623110,390.0,26827.83,1096294014.0
3,623 - Nursing and Residential Care,37,000,2022,0,0,623110,547.0,34533.16,1507659382.0
3,623 - Nursing and Residential Care,47,000,2018,0,0,623210,178.0,6418.66,183227990.0
3,623 - Nursing and Residential Care,47,000,2020,0,0,623990,65.0,2035.16,73319487.0
3,623 - Nursing and Residential Care,09,000,2023,0,0,623210,808.0,11772.5,568580682.0
3,623 - Nursing and Residential Care,01,000,2022,0,0,623210,301.0,4341.25,130000716.0
3,623 - Nursing and Residential Care,01,000,2024,0,1,623210,304.0,4193.91,143339378.0
3,623 - Nursing and Residential Care,16,000,2024,0,0,623210,53.0,1897.33,67475683.0
3,623 - Nursing and Residential Care,22,000,2021,0,0,623210,340.0,5565.58,182214542.0
3,623 - Nursing and Residential Care,22,000,2023,0,0,623990,52.0,1703.83,69955655.0
3,623 - Nursing and Residential Care,32,000,2023,0,0,623990,39.0,584.41,25854805.0
3,623 - Nursing and Residential Care,56,000,2024,0,0,623990,24.0,707.75,31268144.0
3,623 - Nursing and Residential Care,10,000,2023,0,0,623110,56.0,4102.58,192454207.0
3,623 - Nursing and Residential Care,10,000,2023,0,0,623220,31.0,1563.0,83959042.0
3,623 - Nursing and Residential Care,27,000,2018,0,1,623990,457.0,10955.83,291513473.0
3,623 - Nursing and Residential Care,27,000,2019,0,1,623990,472.0,10887.66,297823566.0
3,623 - Nursing and Residential Care,27,000,2022,0,0,623220,347.0,10306.75,493254473.0
3,623 - Nursing and Residential Care,50,000,2022,0,1,623210,8.0,0.0,0.0
3,623 - Nursing and Residential Care,01,000,2018,0,0,623110,233.0,28166.0,839909554.0
3,623 - Nursing and Residential Care,01,000,2018,0,1,623210,302.0,5440.41,113695781.0
3,623 - Nursing and Residential Care,20,000,2018,0,1,623990,53.0,1040.75,30295027.0
3,623 - Nursing and Residential Care,25,000,2024,0,0,623210,1247.0,18398.25,1004253810.0
3,623 - Nursing and Residential Care,28,000,2019,0,0,623220,29.0,696.5,23073480.0
3,623 - Nursing and Residential Care,30,000,2019,0,0,623220,46.0,1229.58,44148057.0
3,623 - Nursing and Residential Care,30,000,2021,0,1,623210,47.0,867.5,25299086.0
3,623 - Nursing and Residential Care,32,000,2018,0,0,623990,32.0,541.58,18857399.0
3,623 - Nursing and Residential Care,21,000,2018,0,1,623210,82.0,3575.16,129520624.0
3,623 - Nursing and Residential Care,23,000,2022,0,0,623110,102.0,8031.83,374810742.0
3,623 - Nursing and Residential Care,35,000,2018,0,1,623220,32.0,616.91,20959663.0
3,623 - Nursing and Residential Care,35,000,2021,0,1,623110,112.0,6635.16,284509194.0
3,623 - Nursing and Residential Care,35,000,2021,0,1,623210,39.0,1407.58,50296181.0
3,623 - Nursing and Residential Care,35,000,2021,0,1,623990,47.0,683.91,23769628.0
3,623 - Nursing and Residential Care,35,000,2022,0,0,623220,38.0,944.75,43940258.0
3,623 - Nursing and Residential Care,09,000,2018,0,1,623110,229.0,33877.75,1330551185.0
3,623 - Nursing and Residential Care,09,000,2019,0,1,623210,799.0,9470.08,307167179.0
3,623 - Nursing and Residential Care,09,000,2019,0,0,623220,198.0,5099.5,208480676.0
3,623 - Nursing and Residential Care,09,000,2020,0,0,623220,204.0,5068.58,222931377.0
3,623 - Nursing and Residential Care,36,000,2020,0,1,623110,704.0,112615.33,5373755431.0
3,623 - Nursing and Residential Care,38,000,2018,0,1,623110,89.0,9306.41,314923288.0
3,623 - Nursing and Residential Care,38,000,2019,0,1,623210,30.0,2727.41,85626242.0
3,623 - Nursing and Residential Care,39,000,2019,0,0,623990,225.0,5486.58,182988441.0
3,623 - Nursing and Residential Care,40,000,2018,0,1,623110,334.0,20488.16,567830236.0
3,623 - Nursing and Residential Care,40,000,2020,0,1,623110,342.0,20999.25,671200473.0
3,623 - Nursing and Residential Care,02,000,2020,0,0,623110,6.0,352.08,16713235.0
3,623 - Nursing and Residential Care,08,000,2019,0,0,623210,88.0,2404.08,95201821.0
3,623 - Nursing and Residential Care,08,000,2024,0,0,623210,85.0,2284.0,117280102.0
3,623 - Nursing and Residential Care,18,000,2021,0,0,623990,145.0,3464.25,129395770.0
3,623 - Nursing and Residential Care,54,000,2019,0,0,623220,73.0,966.66,27509344.0
3,623 - Nursing and Residential Care,54,000,2021,0,0,623990,56.0,1104.66,37409982.0
3,623 - Nursing and Residential Care,0 ,000,2024,0,0,623220,10433.0,274128.66,14282137119.0
3,623 - Nursing and Residential Care,15,000,2019,0,1,623210,12.0,442.0,14696712.0
3,623 - Nursing and Residential Care,15,000,2023,0,1,623110,55.0,3789.16,203202137.0
3,623 - Nursing and Residential Care,24,000,2019,0,1,623110,291.0,28473.33,1168684904.0
3,623 - Nursing and Residential Care,24,000,2021,0,0,623220,149.0,5326.66,216297412.0
3,623 - Nursing and Residential Care,28,000,2021,0,0,623210,24.0,6020.08,171249632.0
3,623 - Nursing and Residential Care,28,000,2023,0,0,623210,24.0,5949.08,204121311.0
3,623 - Nursing and Residential Care,28,000,2023,0,0,623990,13.0,276.58,9507643.0
3,623 - Nursing and Residential Care,29,000,2023,0,0,623990,145.0,2945.25,115973675.0
3,623 - Nursing and Residential Care,29,000,2024,0,0,623220,187.0,4698.5,212893623.0
3,623 - Nursing and Residential Care,29,000,2024,0,0,623990,135.0,2924.91,119774364.0
3,623 - Nursing and Residential Care,40,000,2021,0,0,623990,58.0,1088.5,32024241.0
3,623 - Nursing and Residential Care,11,000,2022,0,0,623210,44.0,1758.25,81420562.0
3,623 - Nursing and Residential Care,13,000,2024,0,0,623220,248.0,4658.25,226852468.0
3,623 - Nursing and Residential Care,12,000,2024,0,0,623990,667.0,8380.33,351484948.0
3,623 - Nursing and Residential Care,17,000,2020,0,1,623990,138.0,6295.0,235361537.0
3,623 - Nursing and Residential Care,17,000,2022,0,1,623110,826.0,66864.08,2912687345.0
3,623 - Nursing and Residential Care,17,000,2022,0,1,623990,136.0,6515.16,281491439.0
3,623 - Nursing and Residential Care,17,000,2023,0,1,623990,134.0,6812.41,314826311.0
3,623 - Nursing and Residential Care,22,000,2019,0,1,623220,128.0,2714.75,94716647.0
3,623 - Nursing and Residential Care,34,000,2019,0,1,623110,405.0,48427.41,1989864141.0
3,623 - Nursing and Residential Care,45,000,2021,0,1,623110,296.0,17706.66,704453485.0
3,623 - Nursing and Residential Care,06,000,2021,0,0,623210,1807.0,26682.66,995129793.0
3,623 - Nursing and Residential Care,06,000,2023,0,0,623220,1364.0,35104.66,1977519086.0
3,623 - Nursing and Residential Care,06,000,2024,0,0,623220,1447.0,36460.5,2143151814.0
3,623 - Nursing and Residential Care,25,000,2018,0,0,623110,479.0,50944.08,2086948660.0
3,623 - Nursing and Residential Care,25,000,2018,0,1,623990,270.0,6632.16,231584539.0
3,623 - Nursing and Residential Care,10,000,2020,0,1,623210,10.0,1469.5,48256575.0
3,623 - Nursing and Residential Care,42,000,2019,0,0,623110,656.0,80386.83,3145753126.0
3,623 - Nursing and Residential Care,42,000,2021,0,1,623210,2812.0,36470.75,1533346689.0
3,623 - Nursing and Residential Care,72,000,2020,0,0,623210,28.0,489.0,7429196.0
3,623 - Nursing and Residential Care,72,000,2024,0,0,623110,226.0,2091.33,44448038.0
3,623 - Nursing and Residential Care,36,000,2024,0,0,623990,421.0,13881.41,1005975719.0
3,623 - Nursing and Residential Care,38,000,2024,0,0,623220,18.0,427.5,18268156.0
3,623 - Nursing and Residential Care,54,000,2024,0,0,623110,151.0,9668.5,459644562.0
3,623 - Nursing and Residential Care,54,000,2024,0,0,623210,262.0,2679.75,100731202.0
3,623 - Nursing and Residential Care,55,000,2021,0,1,623220,112.0,2244.83,82316293.0
3,623 - Nursing and Residential Care,55,000,2022,0,1,623110,360.0,24724.33,972929961.0
3,623 - Nursing and Residential Care,55,000,2022,0,1,623210,492.0,8352.58,299545223.0
3,623 - Nursing and Residential Care,01,000,2021,0,1,623210,315.0,4551.58,124446627.0
3,623 - Nursing and Residential Care,01,000,2021,0,0,623220,146.0,2517.16,85531726.0
3,623 - Nursing and Residential Care,01,000,2022,0,0,623220,150.0,2530.58,90546667.0
3,623 - Nursing and Residential Care,13,000,2019,0,1,623110,452.0,33866.83,1162156514.0
3,623 - Nursing and Residential Care,33,000,2023,0,0,623210,57.0,1123.25,46868000.0
3,623 - Nursing and Residential Care,51,000,2019,0,1,623110,308.0,30483.41,1066876162.0
3,623 - Nursing and Residential Care,51,000,2019,0,1,623220,137.0,3918.08,153046728.0
3,623 - Nursing and Residential Care,51,000,2020,0,1,623210,561.0,8887.08,309810533.0
3,623 - Nursing and Residential Care,51,000,2023,0,0,623220,180.0,5297.75,275390262.0
3,623 - Nursing and Residential Care,78,000,2024,0,1,623110,1.0,0.0,0.0
3,623 - Nursing and Residential Care,0 ,000,2018,0,0,623210,22866.0,492367.58,15551128310.0
3,623 - Nursing and Residential Care,16,000,2023,0,0,623990,48.0,909.33,34795529.0
3,623 - Nursing and Residential Care,26,000,2022,0,1,623220,150.0,6065.25,265724833.0
3,623 - Nursing and Residential Care,26,000,2024,0,0,623210,770.0,10954.66,434270031.0
3,623 - Nursing and Residential Care,26,000,2024,0,1,623220,157.0,6679.16,308254843.0
3,623 - Nursing and Residential Care,32,000,2023,0,0,623210,123.0,1449.83,52657858.0
3,623 - Nursing and Residential Care,32,000,2024,0,0,623110,77.0,7831.91,415516435.0
3,623 - Nursing and Residential Care,21,000,2023,0,1,623210,177.0,3384.33,162525665.0
3,623 - Nursing and Residential Care,21,000,2023,0,0,623220,154.0,3641.83,152009920.0
3,623 - Nursing and Residential Care,21,000,2024,0,1,623990,169.0,2712.83,128688691.0
3,623 - Nursing and Residential Care,25,000,2022,0,1,623110,438.0,37749.5,2086334503.0
3,623 - Nursing and Residential Care,25,000,2022,0,1,623220,414.0,12807.5,698187415.0
3,623 - Nursing and Residential Care,25,000,2023,0,0,623210,1158.0,16762.91,897098634.0
3,623 - Nursing and Residential Care,26,000,2018,0,1,623990,498.0,9745.83,258483489.0
3,623 - Nursing and Residential Care,30,000,2020,0,0,623220,47.0,1110.33,42640597.0
3,623 - Nursing and Residential Care,30,000,2021,0,1,623110,94.0,4615.33,179186592.0
3,623 - Nursing and Residential Care,32,000,2019,0,0,623210,131.0,1249.75,28598269.0
3,623 - Nursing and Residential Care,53,000,2022,0,0,623210,142.0,5504.0,289555610.0
3,623 - Nursing and Residential Care,53,000,2023,0,0,623990,61.0,1636.08,82964325.0
3,623 - Nursing and Residential Care,12,000,2020,0,1,623110,1117.0,88468.75,3403586975.0
3,623 - Nursing and Residential Care,12,000,2021,0,1,623220,483.0,13451.08,608247264.0
3,623 - Nursing and Residential Care,21,000,2021,0,1,623110,362.0,23327.08,892794892.0
3,623 - Nursing and Residential Care,21,000,2021,0,0,623990,139.0,3216.41,126627848.0
3,623 - Nursing and Residential Care,46,000,2018,0,1,623210,86.0,1041.08,26364051.0
3,623 - Nursing and Residential Care,49,000,2021,0,1,623990,46.0,2429.25,103398933.0
3,623 - Nursing and Residential Care,44,000,2019,0,1,623210,157.0,0.0,0.0
3,623 - Nursing and Residential Care,49,000,2024,0,0,623990,49.0,2050.16,136074524.0
3,623 - Nursing and Residential Care,53,000,2019,0,1,623110,262.0,21130.33,901492380.0
3,623 - Nursing and Residential Care,53,000,2021,0,0,623220,97.0,3975.08,193578740.0
3,623 - Nursing and Residential Care,20,000,2023,0,0,623110,289.0,16420.5,648374808.0
3,623 - Nursing and Residential Care,20,000,2024,0,0,623220,36.0,1087.83,52416137.0
3,623 - Nursing and Residential Care,48,000,2024,0,0,623220,403.0,12201.83,580914948.0
3,623 - Nursing and Residential Care,19,000,2020,0,1,623210,642.0,8613.83,280493980.0
3,623 - Nursing and Residential Care,37,000,2021,0,0,623210,507.0,13381.66,513619105.0
3,623 - Nursing and Residential Care,41,000,2022,0,1,623210,724.0,6871.16,277931808.0
3,623 - Nursing and Residential Care,41,000,2023,0,0,623110,193.0,11568.91,581381213.0
3,623 - Nursing and Residential Care,47,000,2018,0,1,623220,164.0,7687.91,254151130.0
3,623 - Nursing and Residential Care,47,000,2022,0,0,623110,405.0,28606.5,1246967320.0
3,623 - Nursing and Residential Care,06,000,2020,0,1,623220,1212.0,29132.58,1374558247.0
3,623 - Nursing and Residential Care,09,000,2024,0,0,623220,218.0,5521.0,292102194.0
3,623 - Nursing and Residential Care,17,000,2021,0,0,623220,135.0,6164.0,258483919.0
3,623 - Nursing and Residential Care,17,000,2022,0,0,623210,436.0,11329.41,448998906.0
3,623 - Nursing and Residential Care,22,000,2020,0,1,623110,324.0,24636.41,802042926.0
3,623 - Nursing and Residential Care,45,000,2023,0,1,623210,282.0,4197.08,147349622.0
3,623 - Nursing and Residential Care,49,000,2018,0,1,623990,52.0,2262.5,74452740.0
3,623 - Nursing and Residential Care,06,000,2023,0,0,623210,1916.0,29192.66,1214097062.0
3,623 - Nursing and Residential Care,41,000,2021,0,1,623990,115.0,1287.08,52915761.0
3,623 - Nursing and Residential Care,51,000,2024,0,0,623990,256.0,4166.41,201884063.0
3,623 - Nursing and Residential Care,42,000,2023,0,0,623990,267.0,7546.16,328988073.0
3,623 - Nursing and Residential Care,55,000,2018,0,1,623210,518.0,11915.08,302143535.0
3,623 - Nursing and Residential Care,72,000,2023,0,0,623210,31.0,387.0,8121504.0
3,623 - Nursing and Residential Care,33,000,2018,0,0,623990,36.0,831.08,31184998.0
3,623 - Nursing and Residential Care,33,000,2019,0,0,623990,40.0,871.16,33668280.0
3,623 - Nursing and Residential Care,55,000,2020,0,1,623210,507.0,11076.58,324200763.0
3,623 - Nursing and Residential Care,55,000,2023,0,0,623990,173.0,2116.16,81809371.0
3,623 - Nursing and Residential Care,33,000,2024,0,0,623220,52.0,1151.08,71990235.0
3,623 - Nursing and Residential Care,78,000,2023,0,0,623220,4.0,87.75,2430552.0
3,623 - Nursing and Residential Care,16,000,2021,0,0,623110,119.0,5170.66,211536025.0
3,623 - Nursing and Residential Care,22,000,2023,0,1,623220,147.0,3241.0,145023069.0
3,623 - Nursing and Residential Care,22,000,2024,0,1,623110,325.0,25145.25,1006006965.0
3,623 - Nursing and Residential Care,10,000,2022,0,1,623210,11.0,1471.41,65966685.0
3,623 - Nursing and Residential Care,20,000,2019,0,0,623110,278.0,18047.41,539976286.0
3,623 - Nursing and Residential Care,21,000,2024,0,1,623110,393.0,25290.25,1083101306.0
3,623 - Nursing and Residential Care,30,000,2018,0,1,623210,47.0,987.33,22542001.0
3,623 - Nursing and Residential Care,53,000,2022,0,0,623990,61.0,1570.75,73773384.0
3,623 - Nursing and Residential Care,12,000,2021,0,0,623990,514.0,7570.75,265171867.0
3,623 - Nursing and Residential Care,21,000,2019,0,1,623210,83.0,3929.33,160323506.0
3,623 - Nursing and Residential Care,23,000,2020,0,1,623110,100.0,8987.16,346628197.0
3,623 - Nursing and Residential Care,23,000,2021,0,0,623210,390.0,5101.25,192187343.0
3,623 - Nursing and Residential Care,23,000,2022,0,0,623990,37.0,560.58,25239382.0
3,623 - Nursing and Residential Care,35,000,2019,0,1,623110,110.0,7326.0,280868498.0
3,623 - Nursing and Residential Care,35,000,2019,0,1,623210,39.0,1683.08,46354137.0
3,623 - Nursing and Residential Care,05,000,2023,0,0,623110,277.0,19747.5,745300086.0
3,623 - Nursing and Residential Care,09,000,2020,0,1,623110,224.0,29430.75,1370019910.0
3,623 - Nursing and Residential Care,34,000,2023,0,0,623220,257.0,6621.5,344600678.0
3,623 - Nursing and Residential Care,36,000,2020,0,0,623210,3568.0,74941.58,3232985884.0
3,623 - Nursing and Residential Care,38,000,2019,0,0,623220,10.0,337.41,9929712.0
3,623 - Nursing and Residential Care,39,000,2019,0,1,623220,271.0,6295.91,217981482.0
3,623 - Nursing and Residential Care,39,000,2021,0,1,623210,1629.0,25082.41,860176107.0
3,623 - Nursing and Residential Care,39,000,2021,0,1,623220,318.0,6018.0,237788633.0
3,623 - Nursing and Residential Care,0 ,000,2019,0,0,623210,23218.0,492068.91,16230558701.0
3,623 - Nursing and Residential Care,23,000,2018,0,0,623990,39.0,707.75,22013904.0
3,623 - Nursing and Residential Care,23,000,2022,0,0,623220,134.0,2209.0,112716245.0
3,623 - Nursing and Residential Care,35,000,2020,0,1,623990,49.0,754.75,22025763.0
3,623 - Nursing and Residential Care,35,000,2022,0,0,623210,40.0,1522.33,61791949.0
3,623 - Nursing and Residential Care,05,000,2024,0,0,623210,105.0,4085.16,133310637.0
3,623 - Nursing and Residential Care,09,000,2018,0,0,623220,191.0,5050.16,199279853.0
3,623 - Nursing and Residential Care,34,000,2024,0,0,623210,1072.0,19768.08,1107458217.0
3,623 - Nursing and Residential Care,34,000,2024,0,0,623990,215.0,3879.41,244416546.0
3,623 - Nursing and Residential Care,36,000,2019,0,0,623990,437.0,18335.16,817602065.0
3,623 - Nursing and Residential Care,39,000,2020,0,0,623110,1107.0,87112.58,3014338719.0
3,623 - Nursing and Residential Care,39,000,2020,0,1,623220,294.0,6101.41,230256420.0
3,623 - Nursing and Residential Care,40,000,2020,0,0,623220,43.0,915.91,27646584.0
3,623 - Nursing and Residential Care,0 ,000,2024,0,0,623210,25847.0,480319.66,23212855598.0
3,623 - Nursing and Residential Care,04,000,2022,0,0,623110,242.0,14525.5,726418907.0
3,623 - Nursing and Residential Care,56,000,2023,0,1,623210,12.0,209.41,6489043.0
3,623 - Nursing and Residential Care,02,000,2019,0,0,623210,41.0,828.25,28981438.0
3,623 - Nursing and Residential Care,02,000,2020,0,0,623210,49.0,896.08,31722299.0
3,623 - Nursing and Residential Care,54,000,2018,0,0,623220,68.0,916.33,25000693.0
3,623 - Nursing and Residential Care,15,000,2022,0,1,623210,14.0,0.0,0.0
3,623 - Nursing and Residential Care,15,000,2023,0,0,623220,45.0,633.5,25468331.0
3,623 - Nursing and Residential Care,19,000,2019,0,1,623210,587.0,8818.08,253136914.0
3,623 - Nursing and Residential Care,28,000,2024,0,0,623110,219.0,17664.91,692838884.0
3,623 - Nursing and Residential Care,35,000,2024,0,0,623990,38.0,715.33,29965677.0
3,623 - Nursing and Residential Care,40,000,2024,0,1,623210,351.0,3944.91,126854877.0
3,623 - Nursing and Residential Care,44,000,2023,0,1,623990,39.0,0.0,0.0
3,623 - Nursing and Residential Care,46,000,2019,0,0,623110,110.0,7354.0,221401785.0
3,623 - Nursing and Residential Care,46,000,2022,0,1,623210,83.0,1035.75,42352865.0
3,623 - Nursing and Residential Care,48,000,2018,0,0,623990,215.0,11652.08,548543849.0
3,623 - Nursing and Residential Care,48,000,2020,0,0,623990,271.0,12926.58,561043142.0
3,623 - Nursing and Residential Care,49,000,2019,0,1,623210,141.0,3579.75,80403960.0
3,623 - Nursing and Residential Care,49,000,2023,0,0,623990,49.0,2173.5,126135184.0
3,623 - Nursing and Residential Care,53,000,2018,0,1,623110,265.0,21411.66,868993298.0
3,623 - Nursing and Residential Care,53,000,2020,0,1,623110,265.0,19364.16,869080838.0
3,623 - Nursing and Residential Care,44,000,2022,0,0,623110,90.0,7899.0,390320247.0
3,623 - Nursing and Residential Care,46,000,2022,0,0,623220,24.0,748.08,33144591.0
3,623 - Nursing and Residential Care,49,000,2019,0,1,623220,127.0,6020.25,213306704.0
3,623 - Nursing and Residential Care,20,000,2022,0,0,623210,92.0,2458.16,91393839.0
3,623 - Nursing and Residential Care,39,000,2024,0,0,623220,367.0,8131.5,369916257.0
3,623 - Nursing and Residential Care,48,000,2021,0,0,623220,370.0,11915.08,500818653.0
3,623 - Nursing and Residential Care,48,000,2022,0,0,623210,762.0,24795.0,1150712337.0
3,623 - Nursing and Residential Care,48,000,2022,0,0,623220,384.0,11835.16,527040797.0
3,623 - Nursing and Residential Care,48,000,2023,0,0,623220,398.0,12215.5,569212913.0
3,623 - Nursing and Residential Care,05,000,2018,0,0,623220,77.0,2392.16,73595132.0
3,623 - Nursing and Residential Care,05,000,2020,0,0,623210,102.0,3999.25,112142233.0
3,623 - Nursing and Residential Care,19,000,2020,0,1,623220,82.0,2451.33,84182733.0
3,623 - Nursing and Residential Care,37,000,2021,0,0,623990,230.0,3683.33,119354927.0
3,623 - Nursing and Residential Care,41,000,2022,0,1,623220,224.0,5164.91,283697020.0
3,623 - Nursing and Residential Care,41,000,2024,0,1,623210,745.0,8002.0,352932852.0
3,623 - Nursing and Residential Care,47,000,2019,0,0,623210,180.0,6282.08,185836057.0
3,623 - Nursing and Residential Care,09,000,2022,0,0,623990,85.0,2573.75,132360290.0
3,623 - Nursing and Residential Care,12,000,2024,0,0,623110,1287.0,92058.66,4300243633.0
3,623 - Nursing and Residential Care,45,000,2022,0,1,623220,82.0,1318.58,56139877.0
3,623 - Nursing and Residential Care,06,000,2024,0,0,623990,710.0,12096.91,606566600.0
3,623 - Nursing and Residential Care,27,000,2024,0,0,623990,717.0,12910.16,498342658.0
3,623 - Nursing and Residential Care,41,000,2018,0,0,623110,160.0,11900.16,431532041.0
3,623 - Nursing and Residential Care,45,000,2018,0,1,623220,56.0,2108.75,58019150.0
3,623 - Nursing and Residential Care,10,000,2020,0,0,623110,49.0,4186.41,180986296.0
3,623 - Nursing and Residential Care,10,000,2020,0,0,623220,25.0,1787.41,77667877.0
3,623 - Nursing and Residential Care,0 ,000,2022,0,0,623990,7418.0,163668.58,7516204308.0
3,623 - Nursing and Residential Care,18,000,2020,0,0,623990,141.0,3847.91,129728824.0
3,623 - Nursing and Residential Care,56,000,2022,0,1,623220,20.0,0.0,0.0
3,623 - Nursing and Residential Care,02,000,2018,0,0,623210,30.0,843.0,29170514.0
3,623 - Nursing and Residential Care,02,000,2018,0,0,623220,20.0,606.0,22286514.0
3,623 - Nursing and Residential Care,04,000,2019,0,0,623990,165.0,4668.91,149470697.0
3,623 - Nursing and Residential Care,04,000,2021,0,0,623110,233.0,15027.41,695738439.0
3,623 - Nursing and Residential Care,54,000,2018,0,1,623110,125.0,9266.83,315304009.0
3,623 - Nursing and Residential Care,24,000,2020,0,1,623210,576.0,10441.33,365051698.0
3,623 - Nursing and Residential Care,24,000,2020,0,0,623220,136.0,5155.08,203604535.0
3,623 - Nursing and Residential Care,24,000,2023,0,0,623990,320.0,5077.41,293219512.0
3,623 - Nursing and Residential Care,29,000,2023,0,0,623210,622.0,12585.08,517555581.0
3,623 - Nursing and Residential Care,02,000,2021,0,0,623220,27.0,629.33,27205557.0
3,623 - Nursing and Residential Care,13,000,2021,0,0,623990,227.0,3790.5,138448699.0
3,623 - Nursing and Residential Care,13,000,2022,0,0,623110,550.0,28582.5,1255449956.0
3,623 - Nursing and Residential Care,16,000,2019,0,0,623210,61.0,1888.5,44285563.0
3,623 - Nursing and Residential Care,44,000,2024,0,0,623110,92.0,8643.33,451637302.0
3,623 - Nursing and Residential Care,46,000,2019,0,0,623220,27.0,822.33,28992665.0
3,623 - Nursing and Residential Care,49,000,2022,0,0,623220,145.0,6556.41,282145747.0
3,623 - Nursing and Residential Care,53,000,2019,0,1,623990,68.0,1672.58,50375395.0
3,623 - Nursing and Residential Care,02,000,2024,0,0,623990,33.0,769.83,31989719.0
3,623 - Nursing and Residential Care,11,000,2021,0,0,623220,53.0,1055.5,54859957.0
3,623 - Nursing and Residential Care,48,000,2019,0,0,623220,341.0,12201.08,448534760.0
3,623 - Nursing and Residential Care,49,000,2023,0,0,623220,148.0,6600.16,294931649.0
3,623 - Nursing and Residential Care,20,000,2023,0,0,623990,62.0,1376.08,56351776.0
3,623 - Nursing and Residential Care,20,000,2024,0,0,623210,88.0,2861.08,111850483.0
3,623 - Nursing and Residential Care,39,000,2024,0,0,623110,1172.0,89716.41,3828635636.0
3,623 - Nursing and Residential Care,47,000,2024,0,0,623110,397.0,30936.33,1461690926.0
3,623 - Nursing and Residential Care,31,000,2022,0,0,623110,191.0,14581.08,590455819.0
3,623 - Nursing and Residential Care,31,000,2023,0,0,623210,58.0,2087.91,86611468.0
3,623 - Nursing and Residential Care,31,000,2024,0,0,623110,182.0,15647.41,685687858.0
3,623 - Nursing and Residential Care,48,000,2021,0,1,623110,1731.0,90142.91,3635601318.0
3,623 - Nursing and Residential Care,50,000,2019,0,1,623220,49.0,0.0,0.0
3,623 - Nursing and Residential Care,19,000,2020,0,1,623110,395.0,27251.75,910536946.0
3,623 - Nursing and Residential Care,19,000,2021,0,1,623220,85.0,2439.91,86845678.0
3,623 - Nursing and Residential Care,19,000,2024,0,1,623220,87.0,2437.5,107815020.0
3,623 - Nursing and Residential Care,19,000,2024,0,1,623990,27.0,413.25,17447415.0
3,623 - Nursing and Residential Care,37,000,2023,0,0,623210,513.0,12886.08,523958661.0
3,623 - Nursing and Residential Care,06,000,2018,0,0,623990,680.0,12822.41,451686133.0
3,623 - Nursing and Residential Care,09,000,2021,0,0,623220,213.0,5149.91,235278995.0
3,623 - Nursing and Residential Care,22,000,2018,0,0,623210,329.0,6382.16,168661380.0
3,623 - Nursing and Residential Care,22,000,2019,0,0,623210,345.0,6554.25,176415475.0
3,623 - Nursing and Residential Care,31,000,2021,0,1,623210,57.0,1901.25,61417849.0
3,623 - Nursing and Residential Care,34,000,2018,0,0,623220,234.0,6854.0,263395207.0
3,623 - Nursing and Residential Care,34,000,2019,0,0,623990,199.0,3644.91,159046662.0
3,623 - Nursing and Residential Care,45,000,2020,0,1,623990,146.0,2596.16,80851909.0
3,623 - Nursing and Residential Care,49,000,2018,0,1,623210,137.0,3566.58,74316079.0
3,623 - Nursing and Residential Care,49,000,2018,0,1,623220,120.0,5847.83,201512054.0
3,623 - Nursing and Residential Care,18,000,2022,0,0,623220,267.0,4043.25,180207847.0
3,623 - Nursing and Residential Care,42,000,2019,0,1,623220,520.0,16603.16,654155795.0
3,623 - Nursing and Residential Care,42,000,2024,0,0,623990,252.0,7712.5,352819961.0
3,623 - Nursing and Residential Care,36,000,2023,0,1,623110,721.0,99423.33,5743449058.0
3,623 - Nursing and Residential Care,54,000,2023,0,0,623220,86.0,1081.83,42974529.0
3,623 - Nursing and Residential Care,55,000,2021,0,1,623110,363.0,26978.58,962576445.0
3,623 - Nursing and Residential Care,55,000,2023,0,1,623220,111.0,2202.33,96892381.0
3,623 - Nursing and Residential Care,13,000,2018,0,1,623110,452.0,33773.25,1082550667.0
3,623 - Nursing and Residential Care,13,000,2018,0,1,623210,96.0,1302.5,30034237.0
3,623 - Nursing and Residential Care,13,000,2019,0,0,623990,221.0,4330.58,141549291.0
3,623 - Nursing and Residential Care,17,000,2018,0,1,623110,791.0,78657.08,2527907997.0
3,623 - Nursing and Residential Care,42,000,2020,0,0,623990,262.0,7412.33,282160809.0
3,623 - Nursing and Residential Care,33,000,2021,0,0,623210,54.0,1047.75,37484734.0
3,623 - Nursing and Residential Care,36,000,2023,0,0,623210,3559.0,70971.83,4606536388.0
3,623 - Nursing and Residential Care,38,000,2022,0,0,623110,82.0,7510.41,309097027.0
3,623 - Nursing and Residential Care,38,000,2022,0,0,623220,13.0,378.33,14115627.0
3,623 - Nursing and Residential Care,33,000,2022,0,0,623210,57.0,1066.66,42140532.0
3,623 - Nursing and Residential Care,33,000,2022,0,0,623990,53.0,1018.58,50497570.0
3,623 - Nursing and Residential Care,33,000,2023,0,0,623220,55.0,1100.5,61996192.0
3,623 - Nursing and Residential Care,51,000,2020,0,1,623110,323.0,28399.91,1096352017.0
3,623 - Nursing and Residential Care,78,000,2022,0,1,623990,1.0,0.0,0.0
1,621 - Ambulatory Care,21,000,2020,0,0,621498,209.0,3418.0,206815373.0
1,621 - Ambulatory Care,12,000,2024,0,0,621112,1667.0,8625.0,613233464.0
1,621 - Ambulatory Care,27,000,2021,0,1,621111,1572.0,71458.0,8032878909.0
1,621 - Ambulatory Care,38,000,2021,0,0,621320,73.0,647.91,35472282.0
1,621 - Ambulatory Care,38,000,2021,0,1,621410,10.0,0.0,0.0
1,621 - Ambulatory Care,27,000,2023,0,0,621991,42.0,2773.08,230827896.0
1,621 - Ambulatory Care,38,000,2024,0,1,621491,1.0,0.0,0.0
1,621 - Ambulatory Care,39,000,2022,0,0,621511,800.0,5706.41,375671631.0
1,621 - Ambulatory Care,41,000,2020,0,0,621340,659.0,4714.0,225759321.0
1,621 - Ambulatory Care,38,000,2023,0,0,621112,21.0,90.75,8041323.0
1,621 - Ambulatory Care,06,000,2019,0,1,621999,481.0,4708.08,337545460.0
1,621 - Ambulatory Care,37,000,2021,0,1,621420,580.0,10124.33,465693923.0
1,621 - Ambulatory Care,32,000,2020,0,0,621330,324.0,1202.41,48379652.0
1,621 - Ambulatory Care,37,000,2024,0,0,621340,1670.0,15335.16,779452150.0
1,621 - Ambulatory Care,32,000,2022,0,0,621320,312.0,1779.5,84979296.0
1,621 - Ambulatory Care,32,000,2023,0,0,621410,30.0,183.91,13830470.0
1,621 - Ambulatory Care,05,000,2020,0,0,621391,36.0,173.0,10060031.0
1,621 - Ambulatory Care,45,000,2024,0,0,621491,21.0,277.91,19041735.0
1,621 - Ambulatory Care,46,000,2021,0,0,621610,75.0,2023.0,74677595.0
1,621 - Ambulatory Care,24,000,2019,0,0,621512,187.0,2692.41,195384455.0
1,621 - Ambulatory Care,45,000,2022,0,0,621399,337.0,1810.66,90809612.0
1,621 - Ambulatory Care,05,000,2019,0,0,621320,266.0,1646.33,65495282.0
1,621 - Ambulatory Care,20,000,2020,0,1,621111,1254.0,19083.25,2009540072.0
1,621 - Ambulatory Care,45,000,2024,0,1,621410,32.0,200.41,9956700.0
1,621 - Ambulatory Care,05,000,2018,0,0,621493,67.0,1110.33,55216787.0
1,621 - Ambulatory Care,20,000,2023,0,0,621399,241.0,1374.66,90566582.0
1,621 - Ambulatory Care,24,000,2020,0,0,621511,747.0,3819.41,252395352.0
1,621 - Ambulatory Care,46,000,2022,0,1,621399,69.0,196.16,10637253.0
1,621 - Ambulatory Care,02,000,2022,0,1,621491,2.0,0.0,0.0
1,621 - Ambulatory Care,34,000,2021,0,0,621320,593.0,3292.0,172558978.0
1,621 - Ambulatory Care,46,000,2023,0,0,621420,41.0,653.16,34454038.0
1,621 - Ambulatory Care,16,000,2023,0,0,621112,156.0,772.25,52274615.0
1,621 - Ambulatory Care,02,000,2021,0,0,621310,152.0,817.0,34307610.0
1,621 - Ambulatory Care,34,000,2021,0,0,621330,645.0,4836.5,201824965.0
1,621 - Ambulatory Care,01,000,2019,0,0,621112,121.0,644.25,45495817.0
1,621 - Ambulatory Care,01,000,2019,0,1,621420,135.0,1640.75,68794540.0
1,621 - Ambulatory Care,01,000,2021,0,0,621492,212.0,2310.25,136914755.0
1,621 - Ambulatory Care,44,000,2024,0,0,621511,55.0,529.5,37635525.0
1,621 - Ambulatory Care,22,000,2024,0,1,621498,270.0,4908.25,361402247.0
1,621 - Ambulatory Care,31,000,2020,0,0,621391,35.0,197.08,9853755.0
1,621 - Ambulatory Care,26,000,2018,0,1,621210,3741.0,32231.16,1668957926.0
1,621 - Ambulatory Care,26,000,2021,0,0,621320,465.0,4335.91,229550971.0
1,621 - Ambulatory Care,33,000,2021,0,1,621910,42.0,823.08,39745658.0
1,621 - Ambulatory Care,04,000,2023,0,0,621492,109.0,2795.25,192814995.0
1,621 - Ambulatory Care,0 ,000,2019,0,1,621999,7225.0,64474.41,4075190586.0
1,621 - Ambulatory Care,01,000,2024,0,1,621399,514.0,3155.16,227565785.0
1,621 - Ambulatory Care,44,000,2023,0,0,621410,15.0,58.58,3452396.0
1,621 - Ambulatory Care,01,000,2024,0,0,621492,208.0,2271.25,145741325.0
1,621 - Ambulatory Care,06,000,2018,0,1,621910,369.0,20598.0,949323501.0
1,621 - Ambulatory Care,32,000,2020,0,0,621391,58.0,254.08,11152550.0
1,621 - Ambulatory Care,32,000,2021,0,0,621493,91.0,2236.83,126640262.0
1,621 - Ambulatory Care,06,000,2019,0,0,621511,1621.0,27977.58,2516410659.0
1,621 - Ambulatory Care,32,000,2021,0,1,621112,110.0,370.91,27357407.0
1,621 - Ambulatory Care,06,000,2020,0,0,621111,32027.0,237494.91,23977494237.0
1,621 - Ambulatory Care,20,000,2021,0,0,621493,54.0,1171.75,71431202.0
1,621 - Ambulatory Care,20,000,2023,0,0,621910,41.0,802.25,50633724.0
1,621 - Ambulatory Care,45,000,2019,0,1,621420,85.0,621.08,21887297.0
1,621 - Ambulatory Care,45,000,2021,0,0,621310,596.0,1982.83,66262132.0
1,621 - Ambulatory Care,20,000,2021,0,0,621330,188.0,768.83,28754290.0
1,621 - Ambulatory Care,02,000,2024,0,1,621999,46.0,0.0,0.0
1,621 - Ambulatory Care,34,000,2021,0,0,621410,64.0,947.66,76995857.0
1,621 - Ambulatory Care,16,000,2024,0,0,621610,2962.0,11051.83,343469540.0
1,621 - Ambulatory Care,46,000,2024,0,0,621512,22.0,150.66,13023379.0
1,621 - Ambulatory Care,78,000,2022,0,1,621512,2.0,0.0,0.0
1,621 - Ambulatory Care,06,000,2018,0,1,621610,3623.0,90583.25,3576316921.0
1,621 - Ambulatory Care,37,000,2023,0,0,621391,119.0,850.41,53695298.0
1,621 - Ambulatory Care,32,000,2022,0,0,621999,62.0,384.5,27844434.0
1,621 - Ambulatory Care,32,000,2023,0,0,621340,484.0,4243.75,225631480.0
1,621 - Ambulatory Care,32,000,2023,0,0,621498,106.0,1258.08,77246258.0
1,621 - Ambulatory Care,06,000,2019,0,1,621210,21848.0,135251.66,7012313435.0
1,621 - Ambulatory Care,48,000,2018,0,0,621210,10998.0,75763.33,3868110884.0
1,621 - Ambulatory Care,48,000,2018,0,0,621320,1994.0,13173.75,546177640.0
1,621 - Ambulatory Care,45,000,2022,0,1,621420,153.0,841.0,38634448.0
1,621 - Ambulatory Care,20,000,2023,0,0,621391,35.0,166.08,7600454.0
1,621 - Ambulatory Care,24,000,2019,0,0,621210,2589.0,17898.41,1029122130.0
1,621 - Ambulatory Care,24,000,2021,0,0,621399,327.0,2052.16,140379308.0
1,621 - Ambulatory Care,24,000,2021,0,0,621610,923.0,25468.33,1035205463.0
1,621 - Ambulatory Care,45,000,2023,0,1,621493,105.0,1431.0,83482601.0
1,621 - Ambulatory Care,46,000,2022,0,0,621111,339.0,8502.0,1038745191.0
1,621 - Ambulatory Care,46,000,2020,0,0,621410,6.0,25.58,646166.0
1,621 - Ambulatory Care,18,000,2024,0,0,621330,865.0,6622.0,281449320.0
1,621 - Ambulatory Care,44,000,2019,0,0,621410,6.0,51.0,2201233.0
3,623 - Nursing and Residential Care,23,000,2024,0,0,623110,93.0,7960.5,388921343.0
3,623 - Nursing and Residential Care,78,000,2021,0,1,623990,1.0,0.0,0.0
3,623 - Nursing and Residential Care,78,000,2022,0,0,623220,3.0,88.0,2338869.0
3,623 - Nursing and Residential Care,78,000,2024,0,1,623990,2.0,0.0,0.0
1,621 - Ambulatory Care,18,000,2022,0,0,621340,1009.0,12979.83,583426912.0
1,621 - Ambulatory Care,22,000,2024,0,1,621493,224.0,2997.66,162909677.0
1,621 - Ambulatory Care,31,000,2018,0,0,621492,32.0,488.75,26366654.0
1,621 - Ambulatory Care,31,000,2021,0,0,621210,756.0,5878.25,327824312.0
1,621 - Ambulatory Care,26,000,2018,0,0,621610,1213.0,39438.75,1395324910.0
1,621 - Ambulatory Care,31,000,2021,0,1,621498,137.0,6414.16,548917334.0
1,621 - Ambulatory Care,33,000,2018,0,1,621991,6.0,0.0,0.0
1,621 - Ambulatory Care,22,000,2022,0,0,621991,54.0,1268.83,63240309.0
1,621 - Ambulatory Care,26,000,2018,0,0,621512,83.0,1014.0,80030271.0
1,621 - Ambulatory Care,26,000,2020,0,0,621410,38.0,795.25,40993956.0
1,621 - Ambulatory Care,26,000,2020,0,0,621991,33.0,2472.16,109046244.0
1,621 - Ambulatory Care,22,000,2020,0,0,621511,329.0,2394.5,128082116.0
1,621 - Ambulatory Care,30,000,2024,0,0,621320,96.0,723.08,34445340.0
1,621 - Ambulatory Care,53,000,2018,0,0,621399,1042.0,5001.33,164915760.0
1,621 - Ambulatory Care,17,000,2020,0,0,621330,1424.0,4879.75,257914464.0
1,621 - Ambulatory Care,39,000,2020,0,1,621420,583.0,15120.16,671770946.0
1,621 - Ambulatory Care,16,000,2019,0,0,621340,317.0,2426.66,99931541.0
1,621 - Ambulatory Care,17,000,2024,0,0,621410,119.0,1150.5,85859459.0
1,621 - Ambulatory Care,17,000,2024,0,0,621498,265.0,4170.5,289035182.0
1,621 - Ambulatory Care,30,000,2019,0,0,621391,20.0,94.16,4370323.0
1,621 - Ambulatory Care,30,000,2023,0,0,621399,242.0,695.5,32273653.0
1,621 - Ambulatory Care,36,000,2021,0,0,621410,134.0,1337.75,97198393.0
1,621 - Ambulatory Care,30,000,2018,0,0,621111,503.0,6683.0,652670004.0
1,621 - Ambulatory Care,40,000,2020,0,0,621340,511.0,4539.75,186457832.0
1,621 - Ambulatory Care,40,000,2020,0,1,621999,48.0,1620.91,29098789.0
1,621 - Ambulatory Care,36,000,2021,0,0,621310,1800.0,4941.58,198458864.0
1,621 - Ambulatory Care,40,000,2019,0,0,621391,42.0,205.66,10571733.0
1,621 - Ambulatory Care,40,000,2019,0,1,621410,11.0,29.75,1034731.0
1,621 - Ambulatory Care,53,000,2019,0,1,621512,70.0,998.66,65105114.0
1,621 - Ambulatory Care,22,000,2020,0,1,621498,225.0,3956.33,272584461.0
1,621 - Ambulatory Care,09,000,2022,0,0,621330,447.0,2256.16,112421052.0
1,621 - Ambulatory Care,09,000,2024,0,0,621610,279.0,11911.16,697556849.0
1,621 - Ambulatory Care,27,000,2019,0,1,621210,1781.0,16818.33,1003185635.0
1,621 - Ambulatory Care,27,000,2021,0,0,621340,470.0,4372.0,228127193.0
1,621 - Ambulatory Care,0 ,000,2018,0,0,621391,7236.0,34822.08,1633194564.0
1,621 - Ambulatory Care,06,000,2019,0,1,621420,1085.0,24146.33,1237027584.0
1,621 - Ambulatory Care,32,000,2024,0,0,621511,224.0,2220.75,172580751.0
1,621 - Ambulatory Care,48,000,2019,0,0,621340,2328.0,32630.25,1543087366.0
1,621 - Ambulatory Care,35,000,2024,0,0,621910,67.0,1277.25,98390842.0
1,621 - Ambulatory Care,20,000,2024,0,0,621210,924.0,8830.5,535682122.0
1,621 - Ambulatory Care,24,000,2022,0,0,621391,182.0,952.58,60837989.0
1,621 - Ambulatory Care,45,000,2024,0,0,621399,455.0,2346.66,127018786.0
1,621 - Ambulatory Care,45,000,2024,0,0,621512,122.0,674.75,51255511.0
1,621 - Ambulatory Care,20,000,2023,0,1,621492,64.0,0.0,0.0
1,621 - Ambulatory Care,45,000,2020,0,0,621111,2461.0,44237.75,4215567638.0
1,621 - Ambulatory Care,45,000,2023,0,1,621610,752.0,18468.08,701636787.0
1,621 - Ambulatory Care,02,000,2023,0,0,621399,116.0,703.5,44226104.0
1,621 - Ambulatory Care,16,000,2020,0,0,621310,316.0,996.91,27212267.0
1,621 - Ambulatory Care,16,000,2021,0,0,621910,53.0,752.41,45520524.0
1,621 - Ambulatory Care,16,000,2023,0,0,621512,59.0,512.75,49357361.0
1,621 - Ambulatory Care,34,000,2022,0,0,621399,585.0,2942.58,168871603.0
1,621 - Ambulatory Care,34,000,2022,0,0,621491,24.0,455.41,52624182.0
1,621 - Ambulatory Care,22,000,2023,0,0,621410,20.0,214.66,14628218.0
1,621 - Ambulatory Care,33,000,2019,0,1,621910,39.0,849.33,35707337.0
1,621 - Ambulatory Care,33,000,2018,0,1,621999,49.0,0.0,0.0
1,621 - Ambulatory Care,26,000,2021,0,0,621999,299.0,2615.5,266843738.0
1,621 - Ambulatory Care,31,000,2020,0,1,621420,150.0,914.33,35798620.0
1,621 - Ambulatory Care,01,000,2024,0,1,621420,218.0,2127.5,105786146.0
1,621 - Ambulatory Care,04,000,2022,0,1,621493,327.0,8078.25,532080640.0
1,621 - Ambulatory Care,04,000,2020,0,1,621111,4698.0,60626.41,5694089214.0
1,621 - Ambulatory Care,04,000,2020,0,0,621420,285.0,9325.58,492572570.0
1,621 - Ambulatory Care,18,000,2024,0,0,621399,505.0,1401.41,80205763.0
1,621 - Ambulatory Care,44,000,2020,0,0,621493,31.0,647.08,35363649.0
1,621 - Ambulatory Care,01,000,2019,0,1,621512,88.0,714.5,39791432.0
1,621 - Ambulatory Care,04,000,2019,0,1,621340,784.0,8371.83,344619532.0
1,621 - Ambulatory Care,44,000,2019,0,1,621999,28.0,0.0,0.0
1,621 - Ambulatory Care,01,000,2022,0,1,621999,284.0,1407.91,100036200.0
1,621 - Ambulatory Care,44,000,2021,0,0,621340,177.0,1769.16,82719152.0
1,621 - Ambulatory Care,44,000,2023,0,0,621111,558.0,8618.5,928938892.0
