display_level,sector,sector_name,subsector,subsector_name,statefips,countyfips,metrofips,geo_area,Year,naics,naics_title,group_by_sort,sort,age_14_18,age_19_21,age_22_24,age_25_34,age_35_44,age_45_54,age_55_64,age_65plus
0,0,Healthcare Total,,,0,000,00000,United States,2020,000000,,0,0,107830.16790034212,405699.04246039403,767139.1827754009,3706657.77259973,3680395.302206981,3349663.46671194,2836350.4873547293,970814.5573141701
0,0,Healthcare Total,,,0,000,00000,United States,2021,000000,,0,0,115523.12084197298,441999.941278936,798032.5220483281,3715023.6827930496,3745423.38676923,3389948.6850917405,2846583.75522458,1022834.3167457699
0,0,Healthcare Total,,,0,000,00000,United States,2022,000000,,0,0,120933.97458947316,460608.3824276041,823782.9958411551,3725518.3358809003,3808863.9087677407,3433417.4053510795,2849244.5682076407,1093019.8065416904
0,0,Healthcare Total,,,0,000,00000,United States,2023,000000,,0,0,137626.59067047862,502547.5930532249,869661.0340560598,3863511.81076511,3982134.73470598,3556082.9006900503,2909184.46412819,1186059.9662871105
0,0,Healthcare Total,,,0,000,00000,United States,2024,000000,,0,0,146601.11763544922,533883.56193313,912681.4707024399,4007855.2830652,4148522.8511507604,3685143.6262290804,2990245.09373927,1257295.4144029403
0,0,Healthcare Total,,,00,000,14020,Bloomington MSA,2020,000000,,0,0,107.078124882234,397.59926399208706,583.7814534790059,1974.71162116783,1840.6036878468467,1693.9450390023196,1358.1329823120825,450.51653775909995
0,0,Healthcare Total,,,00,000,14020,Bloomington MSA,2021,000000,,0,0,91.87958300304999,421.8602063738749,608.0639897487702,1910.0071138678402,1784.3470737245843,1622.3981026791503,1314.139539124732,457.40796447012104
0,0,Healthcare Total,,,00,000,14020,Bloomington MSA,2022,000000,,0,0,94.17587771479401,419.10373266571395,632.963833307268,1865.57521283419,1754.5519244890038,1632.4031697816997,1270.0969991913262,477.98853200977703
0,0,Healthcare Total,,,00,000,14020,Bloomington MSA,2023,000000,,0,0,101.01816819794298,459.571318757911,700.6406263155931,2002.0356283237802,1930.651236396789,1757.6093297778311,1341.0942587950015,524.6388167674439
0,0,Healthcare Total,,,00,000,14020,Bloomington MSA,2024,000000,,0,0,92.929466890547,510.7694386611319,715.839778968834,2118.3938915713097,1971.0841047601602,1822.86738643934,1374.0906383919191,534.50213180645
0,0,Healthcare Total,,,00,000,16980,Chicago-Naperville-Elgin MSA,2020,000000,,0,0,2808.051289350623,10266.979345934467,21895.547239480904,109169.55997487201,103092.317482967,95541.98022027098,83607.5047265189,29974.093089583
0,0,Healthcare Total,,,00,000,16980,Chicago-Naperville-Elgin MSA,2021,000000,,0,0,3145.00251627111,11398.6226939962,23052.5957667055,108980.553736351,103114.439187939,95770.720463133,82776.2749504405,31114.7025368515
0,0,Healthcare Total,,,00,000,16980,Chicago-Naperville-Elgin MSA,2022,000000,,0,0,3192.3708365942693,11739.975999904289,23650.229844324207,110057.454878595,103371.06617191096,95999.22515144703,81565.80456662779,33165.262769414796
0,0,Healthcare Total,,,00,000,16980,Chicago-Naperville-Elgin MSA,2023,000000,,0,0,3628.82978204659,13123.539302584097,25034.4081653675,115292.30589120497,108119.907419486,99208.696987677,82557.89586754968,36482.509102425094
0,0,Healthcare Total,,,00,000,16980,Chicago-Naperville-Elgin MSA,2024,000000,,0,0,3763.1856667933803,14056.955575713819,26446.054803418592,120677.64007260698,113885.21503027799,104386.88185284601,86349.934288115,39942.3020865875
0,0,Healthcare Total,,,00,000,17140,Cincinnati MSA,2020,000000,,0,0,1026.532246701747,3760.792291163179,6578.899786218891,31809.126904850727,30079.008192153186,25500.909048284237,22438.536548548833,6717.9745148291
0,0,Healthcare Total,,,00,000,17140,Cincinnati MSA,2021,000000,,0,0,1070.0802523497239,4072.570735201892,6776.19432017006,31346.41845764138,30897.674197207205,25880.923531233515,22578.23661734804,7000.738410941086
0,0,Healthcare Total,,,00,000,17140,Cincinnati MSA,2022,000000,,0,0,1204.877464546414,4179.177977652891,7027.30237680804,30440.572895929712,31382.137040878886,26143.69472292822,22318.95160399452,7466.33082843109
0,0,Healthcare Total,,,00,000,17140,Cincinnati MSA,2023,000000,,0,0,1452.5669227650449,4594.62249302739,7601.424317548218,31640.580246754405,32594.04054428218,26647.211387874195,22275.001416649735,8075.219277192851
0,0,Healthcare Total,,,00,000,17140,Cincinnati MSA,2024,000000,,0,0,1666.420958228012,4998.71286483576,8016.18858254244,32718.847177817905,33603.19768988059,27224.110490638985,22166.035375024796,8407.578455266806
0,0,Healthcare Total,,,00,000,18020,Columbus MSA,2020,000000,,0,0,42.593119840170004,112.35705589521001,151.80923980705,688.92322516685,679.1637762494299,698.0884131195901,568.702801642529,148.65139053953402
0,0,Healthcare Total,,,00,000,18020,Columbus MSA,2021,000000,,0,0,46.31985498871,131.61530415223098,180.279876461354,713.21206982602,700.2308702857571,704.8286469521191,570.4448635424869,159.900532620652
0,0,Healthcare Total,,,00,000,18020,Columbus MSA,2022,000000,,0,0,38.340329236968,118.356464161944,198.78618370073602,738.0934221461347,685.621952990158,699.5334318418281,567.588447667049,177.80053752754398
0,0,Healthcare Total,,,00,000,18020,Columbus MSA,2023,000000,,0,0,47.861159886469,135.46091700417398,214.450625818848,790.654996107083,716.8630611722921,697.5174561736261,581.1720660835898,197.25589826643102
0,0,Healthcare Total,,,00,000,18020,Columbus MSA,2024,000000,,0,0,51.4732599056,176.710069755716,257.374407707663,849.4344868049641,769.83093304797,715.009570765229,583.6106878146041,210.225806532435
0,0,Healthcare Total,,,00,000,21140,Elkhart-Goshen MSA,2020,000000,,0,0,144.47826853066002,425.527248501351,505.004041559985,2122.6587804269802,2013.0674174362048,1965.9536444752084,1718.6148019412497,579.28953663568
0,0,Healthcare Total,,,00,000,21140,Elkhart-Goshen MSA,2021,000000,,0,0,172.891040356183,418.538737370137,500.42883386564307,1997.3122620576908,1980.56993608864,1936.97327417801,1687.17476451706,597.4223994291959
0,0,Healthcare Total,,,00,000,21140,Elkhart-Goshen MSA,2022,000000,,0,0,174.965949299154,390.53335744028396,523.0242340951891,1935.74383727855,1915.045960744359,1922.9011173180972,1649.9763149261403,620.620701566875
0,0,Healthcare Total,,,00,000,21140,Elkhart-Goshen MSA,2023,000000,,0,0,176.906902384808,421.65611868642594,590.1703965735079,1998.958765240478,1959.315035355368,1915.55107054465,1612.5741362192502,646.540691098156
0,0,Healthcare Total,,,00,000,21140,Elkhart-Goshen MSA,2024,000000,,0,0,163.28665865058798,431.999797390519,600.8761373758329,2017.4465666983601,2041.8244660646271,1940.19263022774,1609.9617129189241,668.298552014748
0,0,Healthcare Total,,,00,000,21780,Evansville MSA,2020,000000,,0,0,136.90855486843702,766.756044523349,1185.0757654728204,5050.904898732421,4560.132904479696,4071.0863056292087,3573.5372288785106,1089.30165021955
0,0,Healthcare Total,,,00,000,21780,Evansville MSA,2021,000000,,0,0,142.295214444914,838.1515010749341,1190.9800344209598,5017.704719924296,4575.398941643395,4097.86977290856,3456.9936540670797,1130.54071011067
0,0,Healthcare Total,,,00,000,21780,Evansville MSA,2022,000000,,0,0,176.10026247048202,886.0293568272369,1274.6941445799102,4857.101017194626,4600.528610157581,4034.9828408285102,3341.66213812789,1151.3867329414898
0,0,Healthcare Total,,,00,000,21780,Evansville MSA,2023,000000,,0,0,187.195443844409,942.105623306085,1369.792224401411,4820.9783819267805,4717.934809013611,4014.000132704298,3281.9707660904705,1189.1354502914533
0,0,Healthcare Total,,,00,000,21780,Evansville MSA,2024,000000,,0,0,195.179155431168,998.4351166224562,1380.2817659762657,4865.46076756603,4796.274508902308,4032.9238518546,3266.4959855561497,1226.7658307822119
0,0,Healthcare Total,,,00,000,23060,Fort Wayne MSA,2020,000000,,0,0,309.249114618395,1080.2691396664031,1857.39166910553,7783.36596259886,7490.00929710546,6699.641611542159,5670.60343656661,1631.674150563356
0,0,Healthcare Total,,,00,000,23060,Fort Wayne MSA,2021,000000,,0,0,316.15190347142004,1080.453696760635,1904.8696904656642,7703.508492982881,7545.073555245519,6763.685887999359,5550.510450285769,1691.6750766720593
0,0,Healthcare Total,,,00,000,23060,Fort Wayne MSA,2022,000000,,0,0,359.70971224593,1184.40798488361,2013.2678397256818,7816.569748020739,7620.843309243971,6919.4766490888605,5475.63987737324,1807.3761147163832
0,0,Healthcare Total,,,00,000,23060,Fort Wayne MSA,2023,000000,,0,0,438.199663691971,1354.3336053400399,2098.463339881316,8150.85158900728,7920.21734992474,7199.69868769412,5561.53999333142,1973.23329982945
0,0,Healthcare Total,,,00,000,23060,Fort Wayne MSA,2024,000000,,0,0,460.52312774685595,1418.5041608805398,2142.9892841585406,8337.18097245128,8105.24847394016,7276.145493894201,5645.305557350641,2077.7903074700134
0,0,Healthcare Total,,,00,000,26900,Indianapolis-Carmel-Greenwood MSA,2020,000000,,0,0,867.3854137940541,3105.3883435134303,6194.14891895407,29082.940873652693,29018.8045917742,25517.9427050439,20451.5432750499,6141.5519289922995
0,0,Healthcare Total,,,00,000,26900,Indianapolis-Carmel-Greenwood MSA,2021,000000,,0,0,976.8008975197171,3469.9486440952714,6638.298154517399,29529.727641176807,30060.864494180703,26248.8630758799,20815.546390933603,6575.213768077662
0,0,Healthcare Total,,,00,000,26900,Indianapolis-Carmel-Greenwood MSA,2022,000000,,0,0,1017.0902994895511,3730.38042081816,6898.880816150989,30073.796861337603,30787.946138461695,26835.879909699994,21200.230177736,7218.022283785331
0,0,Healthcare Total,,,00,000,26900,Indianapolis-Carmel-Greenwood MSA,2023,000000,,0,0,1180.6200997622338,4125.259676538491,7322.979284345859,31067.3530097836,32076.427877061695,27961.478628605106,21650.271920140098,8016.44181984038
0,0,Healthcare Total,,,00,000,26900,Indianapolis-Carmel-Greenwood MSA,2024,000000,,0,0,1221.519263775942,4404.957430384609,7690.192700568033,31983.676677109295,33003.987923374196,28843.115198122206,22005.475809217507,8466.521956446719
0,0,Healthcare Total,,,00,000,29020,Kokomo MSA,2020,000000,,0,0,42.440499364901996,138.27949904228802,227.509421618495,949.6532312877189,981.8457420024729,931.400804218168,719.294933375168,199.73532699433798
0,0,Healthcare Total,,,00,000,29020,Kokomo MSA,2021,000000,,0,0,46.607718603876,155.33832330079503,236.31346593839402,910.86582176322,930.418269353602,898.9986200419771,661.1565513789931,196.995290254582
0,0,Healthcare Total,,,00,000,29020,Kokomo MSA,2022,000000,,0,0,45.462606101418,186.21790743775603,259.406263338751,987.929721005479,969.2752290134737,946.1420294085682,666.293091725857,215.39967224211398
0,0,Healthcare Total,,,00,000,29020,Kokomo MSA,2023,000000,,0,0,54.400467162379,194.068487216892,258.99976383544697,982.5934170166231,984.2422227104328,935.42109219207,656.7711553652559,230.418778122913
0,0,Healthcare Total,,,00,000,29020,Kokomo MSA,2024,000000,,0,0,67.000981145967,192.90735813758496,268.605199919337,1010.660598432934,997.58085381782,970.9866487966799,674.455160834333,251.80509340372996
0,0,Healthcare Total,,,00,000,29200,Lafayette-West Lafayette MSA,2020,000000,,0,0,99.403788095968,341.061160424347,560.77517619634,2599.7785383135133,2514.273405714899,2352.7530431715,1921.3767847284,507.648682131157
0,0,Healthcare Total,,,00,000,29200,Lafayette-West Lafayette MSA,2021,000000,,0,0,92.168867080015,382.833603188743,609.9730612560131,2633.2009731019143,2554.629213714035,2320.48406381524,1817.70495614159,513.896580650758
0,0,Healthcare Total,,,00,000,29200,Lafayette-West Lafayette MSA,2022,000000,,0,0,113.928385080748,420.2037473292709,658.1942938496541,2526.418291361532,2515.2539302526197,2264.87836939102,1833.7955156300868,553.5464419463971
0,0,Healthcare Total,,,00,000,29200,Lafayette-West Lafayette MSA,2023,000000,,0,0,125.853342363314,476.69621162400097,687.7707760816198,2494.483598350759,2529.539579179195,2275.8435861739604,1811.9335102269702,583.0274388852739
0,0,Healthcare Total,,,00,000,29200,Lafayette-West Lafayette MSA,2024,000000,,0,0,129.438498080557,481.523501432273,722.371901703399,2471.0114343287078,2557.8651725523255,2266.2527647721204,1806.0273636974503,633.247344393334
0,0,Healthcare Total,,,00,000,31140,Louisville/Jefferson County MSA,2020,000000,,0,0,385.68095191395497,1986.8253244596099,3893.5918491018606,17725.303132581317,17455.029074429145,15337.79067559345,12579.152586833483,3630.3708899946787
0,0,Healthcare Total,,,00,000,31140,Louisville/Jefferson County MSA,2021,000000,,0,0,467.6197971395961,2215.08053920477,4080.8460958050696,17958.4881061042,18104.681909582938,15976.035956575042,12874.54033974064,3900.917634299772
0,0,Healthcare Total,,,00,000,31140,Louisville/Jefferson County MSA,2022,000000,,0,0,575.1702786406629,2256.9783322076933,4228.9871030000595,18596.182634912242,18682.417362942848,16179.247115946197,12686.150756477398,4111.218783171859
0,0,Healthcare Total,,,00,000,31140,Louisville/Jefferson County MSA,2023,000000,,0,0,707.4576546589869,2522.906915454986,4312.05481442743,19533.76883707987,19861.70518722467,17033.92329616246,12812.296849966124,4532.681080047
0,0,Healthcare Total,,,00,000,31140,Louisville/Jefferson County MSA,2024,000000,,0,0,758.4475773124528,2837.6437852845193,4463.82961668212,19898.08337940177,20553.128592374513,17886.17191539537,13246.514958478478,4822.858454376347
0,0,Healthcare Total,,,00,000,33140,Michigan City-La Porte MSA,2020,000000,,0,0,26.008218583250002,117.13485012467402,186.62613840718595,957.9023063528501,1038.02221745138,1083.1622854591699,934.3767696665919,260.883884735906
0,0,Healthcare Total,,,00,000,33140,Michigan City-La Porte MSA,2021,000000,,0,0,23.797166761412,135.7108681549,196.77051742291,928.1253918332001,1048.161846782537,1084.71126135089,902.0804772317539,277.88347533733497
0,0,Healthcare Total,,,00,000,33140,Michigan City-La Porte MSA,2022,000000,,0,0,23.287545635889998,136.576997035364,219.11513609018797,925.082404790229,1048.1927647627047,1077.2639859314588,914.3202213374259,300.78598020990603
0,0,Healthcare Total,,,00,000,33140,Michigan City-La Porte MSA,2023,000000,,0,0,31.110111014361998,131.21102980218302,244.30044481985797,933.7302115570201,1069.9900503600302,1070.4721352909798,921.1684267563201,326.080347473928
0,0,Healthcare Total,,,00,000,33140,Michigan City-La Porte MSA,2024,000000,,0,0,32.369781205928,135.49555996239502,235.76309903601097,961.242620583996,1078.0816443239898,1049.4250837492639,932.6573204475402,339.31540204761393
0,0,Healthcare Total,,,00,000,34620,Muncie MSA,2020,000000,,0,0,61.812295627501,334.61923656161895,496.28015568586096,1894.2722708719532,1753.4991180954348,1599.834744667541,1378.9976704407602,416.5040629486279
0,0,Healthcare Total,,,00,000,34620,Muncie MSA,2021,000000,,0,0,65.441200822884,339.81126113597895,511.23505730775304,1835.0677668762141,1786.0517518916397,1626.791350505737,1329.7914711187502,436.31377074367003
0,0,Healthcare Total,,,00,000,34620,Muncie MSA,2022,000000,,0,0,78.732974005144,384.06619695650505,536.877734961912,1848.3129542860797,1798.4051726556281,1610.25450228934,1301.0068433219901,460.738802375991
0,0,Healthcare Total,,,00,000,34620,Muncie MSA,2023,000000,,0,0,91.97719215306401,387.25278908839,556.428293268388,1821.2495390502615,1802.2959904026359,1617.3855291401765,1267.5154105326496,474.12498367035795
0,0,Healthcare Total,,,00,000,34620,Muncie MSA,2024,000000,,0,0,107.667588117802,423.092196108728,597.316795846142,1847.608616622899,1799.11386176831,1681.7543276406805,1306.5977563392598,526.037710331816
0,0,Healthcare Total,,,00,000,43780,South Bend-Mishawaka MSA,2020,000000,,0,0,116.866587367399,496.1431387809101,828.8327537408929,3834.14582535206,3962.62109490885,3742.840361093045,3296.537363561283,963.3018739927961
0,0,Healthcare Total,,,00,000,43780,South Bend-Mishawaka MSA,2021,000000,,0,0,125.375686264044,537.960290966151,861.3459680653048,3753.0879056100002,3995.483123967998,3736.68878574242,3270.457895810509,999.125622835996
0,0,Healthcare Total,,,00,000,43780,South Bend-Mishawaka MSA,2022,000000,,0,0,137.97353255382498,538.6776853601029,927.471941138466,3759.41375294581,4036.5203267054994,3864.965253499398,3229.815707888081,1098.2554891253649
0,0,Healthcare Total,,,00,000,43780,South Bend-Mishawaka MSA,2023,000000,,0,0,181.467841374295,616.7605142553781,1044.350004303377,4045.758701786463,4297.60208765606,4093.270893880961,3398.023286918858,1206.9614689287598
0,0,Healthcare Total,,,00,000,43780,South Bend-Mishawaka MSA,2024,000000,,0,0,154.120339410674,654.3180456244739,1062.460279324857,4137.416681496458,4387.42682902597,4193.95801549316,3468.09503428501,1296.557362668322
0,0,Healthcare Total,,,00,000,45460,Terre Haute MSA,2020,000000,,0,0,78.761089841131,424.7608329246,668.3549573821281,2137.9095252442303,2071.437240029034,2014.5710268963005,1464.831707290554,487.737072647651
0,0,Healthcare Total,,,00,000,45460,Terre Haute MSA,2021,000000,,0,0,84.710163677828,439.449431617214,645.134625626317,2099.926132711898,2051.97377628689,2005.6753783467238,1461.2254186845469,503.3164155713501
0,0,Healthcare Total,,,00,000,45460,Terre Haute MSA,2022,000000,,0,0,94.74657174539999,418.66261021772993,591.7144999826629,2004.9341523287899,1926.6489747183,1857.4575589013498,1358.4046704924897,490.64508904128303
0,0,Healthcare Total,,,00,000,45460,Terre Haute MSA,2023,000000,,0,0,103.88209910893998,431.661405301039,601.67276662542,2015.3142606965405,1896.996637841039,1855.4710751292291,1353.1068953004878,518.9225913848311
0,0,Healthcare Total,,,00,000,45460,Terre Haute MSA,2024,000000,,0,0,118.48653413996502,471.734630313265,657.0353729431951,2109.029212837758,1982.3325452097304,1950.2056232225102,1438.3647768222888,577.454772921504
0,0,Healthcare Total,,,18,000,00000,Indiana,2020,000000,,0,0,3417.82662559201,11673.96849083208,18934.2180141053,81294.96140822,80910.12822114902,74474.61692997,61975.479027671805,18846.319224728402
0,0,Healthcare Total,,,18,000,00000,Indiana,2021,000000,,0,0,3503.8214105753,12355.624604340002,19558.190195439995,81024.77792422,82031.02438711908,75164.9408062486,61500.283761262705,19706.9679000035
0,0,Healthcare Total,,,18,000,00000,Indiana,2022,000000,,0,0,3824.4304156229873,12829.692052516868,20193.593285769202,81420.534297277,82463.115647687,75664.67303979919,61194.004373648815,21021.8916817043
0,0,Healthcare Total,,,18,000,00000,Indiana,2023,000000,,0,0,4397.5956512148105,14101.35835745089,21515.197660701,84050.07489701197,85979.1317214,78287.92218423501,61953.482025086894,23043.044256924797
0,0,Healthcare Total,,,18,000,00000,Indiana,2024,000000,,0,0,4533.598616097024,15131.528015276112,22643.012097823896,86639.90997899402,88736.34758344198,80648.848875104,63330.47163746499,24475.290992695594
1,1,    621 - Ambulatory Care,,,0,000,00000,United States,2020,000000,,1,1,29756.22376492172,162120.721573024,349559.917898861,1740180.2805721299,1810777.30732288,1623350.5544396401,1286465.0573032298,487251.96302207
1,1,    621 - Ambulatory Care,,,0,000,00000,United States,2021,000000,,1,1,36904.73381127609,195751.324031696,386710.24772562797,1816268.3303537504,1893838.96441393,1690431.75687154,1326725.0413519798,525824.46809859
1,1,    621 - Ambulatory Care,,,0,000,00000,United States,2022,000000,,1,1,37591.47158819317,213002.12317047396,406749.685585225,1864114.7610089001,1957824.1667977404,1739516.97439998,1351597.05292894,564069.94107917
1,1,    621 - Ambulatory Care,,,0,000,00000,United States,2023,000000,,1,1,40286.3776184866,230602.97828808494,426217.57953535,1924768.8727069101,2040145.6622504797,1807005.7015838502,1391449.7572459902,610772.90356012
1,1,    621 - Ambulatory Care,,,0,000,00000,United States,2024,000000,,1,1,41944.381167462205,242545.81775889997,446950.21115859,1990293.1069056003,2118028.3229372604,1873405.0286713801,1438471.3790380699,647079.7490974698
1,1,    621 - Ambulatory Care,,,00,000,14020,Bloomington MSA,2020,000000,,1,1,23.881503149241,116.79657717205701,204.14431716448598,801.0667763907301,865.9626050600469,710.8413889766199,559.613245195582,209.38260340108002
1,1,    621 - Ambulatory Care,,,00,000,14020,Bloomington MSA,2021,000000,,1,1,20.974153075754003,126.06316834755499,254.72784831637,836.83126383504,868.2363276857841,733.9193052157499,575.9016981731321,218.331167388181
1,1,    621 - Ambulatory Care,,,00,000,14020,Bloomington MSA,2022,000000,,1,1,17.930051082291,122.759365224854,248.24784798597796,817.03813317129,818.8899804334039,742.9963902384001,537.6200449418259,223.76881241707702
1,1,    621 - Ambulatory Care,,,00,000,14020,Bloomington MSA,2023,000000,,1,1,25.77530064865,155.474197913261,285.16851637579305,898.9825353434801,864.508845147289,794.1397810527309,558.634573724701,244.697961667154
1,1,    621 - Ambulatory Care,,,00,000,14020,Bloomington MSA,2024,000000,,1,1,27.520543478125997,180.620446321232,302.250905910834,961.2142253362098,889.4205737361601,823.0505496219399,573.0654613972188,242.50623250346
1,1,    621 - Ambulatory Care,,,00,000,16980,Chicago-Naperville-Elgin MSA,2020,000000,,1,1,840.8173472856629,4125.283187142669,9807.516513549901,46261.723344130005,45419.797221392,41358.784871447,34204.4635848519,13824.116738337
1,1,    621 - Ambulatory Care,,,00,000,16980,Chicago-Naperville-Elgin MSA,2021,000000,,1,1,1098.2983914931099,5099.736068986201,10883.5620980385,48303.946649579,46568.399688469,42718.53176747499,34988.617379269504,14768.2854952955
1,1,    621 - Ambulatory Care,,,00,000,16980,Chicago-Naperville-Elgin MSA,2022,000000,,1,1,1107.2273755812898,5444.35641793619,11336.237532012201,50095.462001667,47766.97692756898,43615.804295952,35088.431409723795,15777.254897414801
1,1,    621 - Ambulatory Care,,,00,000,16980,Chicago-Naperville-Elgin MSA,2023,000000,,1,1,1141.9254663385802,5895.215682019101,11594.291091115501,51640.204613748996,49138.363700908,44564.512794833994,35207.4942136377,16982.7570869601
1,1,    621 - Ambulatory Care,,,00,000,16980,Chicago-Naperville-Elgin MSA,2024,000000,,1,1,1172.98012558038,6345.318745534321,12302.773172457595,54455.911367049,52404.607136951,48310.09930817002,38349.709317192,19290.0248560825
1,1,    621 - Ambulatory Care,,,00,000,17140,Cincinnati MSA,2020,000000,,1,1,156.175849164183,1002.652999507879,2040.10338343959,11404.227159775719,12258.70608967019,10707.90410298624,8821.463132929834,3081.0291598013
1,1,    621 - Ambulatory Care,,,00,000,17140,Cincinnati MSA,2021,000000,,1,1,197.126336744934,1160.837190561092,2296.4641709332604,11907.943035827378,12978.8518441702,11135.64687555752,9095.59652268104,3248.163566183486
1,1,    621 - Ambulatory Care,,,00,000,17140,Cincinnati MSA,2022,000000,,1,1,209.847592894605,1198.7817905778898,2446.36378874714,11968.917473112713,13370.52025757288,11311.09590113422,9060.15728515952,3442.9832273049897
1,1,    621 - Ambulatory Care,,,00,000,17140,Cincinnati MSA,2023,000000,,1,1,244.02489947057504,1236.3383338313902,2482.00711688772,12106.5013523784,13764.947467960179,11590.92268373519,9099.40335617373,3663.28420235985
1,1,    621 - Ambulatory Care,,,00,000,17140,Cincinnati MSA,2024,000000,,1,1,277.28685365759196,1344.19645089336,2533.3159429038396,12319.638288119899,13979.77362657859,11692.07478513299,9081.5219788118,3754.401675529805
1,1,    621 - Ambulatory Care,,,00,000,18020,Columbus MSA,2020,000000,,1,1,8.77685589877,75.15868433777699,115.89362146754999,573.1632757813101,566.77159603727,576.26942523432,452.532931016799,121.132609419174
1,1,    621 - Ambulatory Care,,,00,000,18020,Columbus MSA,2021,000000,,1,1,13.217740250205,96.25199841430101,145.645208465004,610.66478408276,598.7836074865471,593.7218714589591,471.13986595994703,132.09877250508
1,1,    621 - Ambulatory Care,,,00,000,18020,Columbus MSA,2022,000000,,1,1,10.138963896401,79.788873179996,159.71092147249598,639.1969034119749,587.3606405038479,592.6740685339379,467.11712905807894,147.89069329419402
1,1,    621 - Ambulatory Care,,,00,000,18020,Columbus MSA,2023,000000,,1,1,15.73897202065,84.78084315895201,167.28057293221804,670.161191100385,603.6939406374021,591.1407370200562,474.16716813612,161.85775880961302
1,1,    621 - Ambulatory Care,,,00,000,18020,Columbus MSA,2024,000000,,1,1,18.7211981952,125.542509507091,207.00423609651298,728.4008077782271,652.0084851277601,608.103017147509,481.29730983789403,172.864855142965
1,1,    621 - Ambulatory Care,,,00,000,21140,Elkhart-Goshen MSA,2020,000000,,1,1,14.10396025506,86.859120388791,144.338462974225,786.57486434088,807.802623821005,785.8481331603081,633.94767345215,239.33973402568
1,1,    621 - Ambulatory Care,,,00,000,21140,Elkhart-Goshen MSA,2021,000000,,1,1,24.623735365004997,97.559886864897,166.27508292324302,808.1684980907912,840.61780480774,815.65057394601,649.46518892866,248.40335525749597
1,1,    621 - Ambulatory Care,,,00,000,21140,Elkhart-Goshen MSA,2022,000000,,1,1,20.462583273653998,106.38383007515401,174.17777460685897,795.57699681165,809.7973621726591,811.0004732918969,639.7346783739401,249.01139430557498
1,1,    621 - Ambulatory Care,,,00,000,21140,Elkhart-Goshen MSA,2023,000000,,1,1,18.188407094808,112.572764433696,203.702441579808,807.3198497272781,816.1630369735678,757.53372007475,609.0316561945501,254.27095547005604
1,1,    621 - Ambulatory Care,,,00,000,21140,Elkhart-Goshen MSA,2024,000000,,1,1,19.147826494288005,109.06495190144899,209.54666353473294,821.9909650569599,833.417459071627,764.45786351504,610.483968817324,265.672236674148
1,1,    621 - Ambulatory Care,,,00,000,21780,Evansville MSA,2020,000000,,1,1,26.853417413801,210.973674020829,406.56039714712,1911.1759311396202,1805.4768995282952,1574.6877837930087,1275.6357664203103,436.37839216105004
1,1,    621 - Ambulatory Care,,,00,000,21780,Evansville MSA,2021,000000,,1,1,27.533723546959997,227.433778611864,412.75988827516,1945.5390184658972,1848.9192433686953,1619.7155745330601,1261.3940477309802,476.69897667946987
1,1,    621 - Ambulatory Care,,,00,000,21780,Evansville MSA,2022,000000,,1,1,28.679814316342004,240.02202145230697,423.53739299841004,1878.351260530827,1864.5641776162818,1612.8137805192098,1250.84520297459,478.00023231859
1,1,    621 - Ambulatory Care,,,00,000,21780,Evansville MSA,2023,000000,,1,1,31.631467019289,247.78793557711504,452.891373355511,1910.2952832241801,1940.31196559901,1635.885893086597,1239.6956501867703,498.204392895953
1,1,    621 - Ambulatory Care,,,00,000,21780,Evansville MSA,2024,000000,,1,1,35.087287363037994,278.13078971846596,478.247123888666,1999.48456655333,2027.8275430192073,1705.7642711396998,1287.0534111216502,549.524474512232
1,1,    621 - Ambulatory Care,,,00,000,23060,Fort Wayne MSA,2020,000000,,1,1,46.84170569040501,281.910501350793,596.08156879208,2638.3475420716604,2550.1303784069596,2209.5759044338597,1773.84915916471,646.1891589381459
1,1,    621 - Ambulatory Care,,,00,000,23060,Fort Wayne MSA,2021,000000,,1,1,54.229189007535005,333.52934017610505,630.4013946029048,2715.9999994066093,2591.7114540750295,2263.66934284238,1729.2303875156001,660.0475112279091
1,1,    621 - Ambulatory Care,,,00,000,23060,Fort Wayne MSA,2022,000000,,1,1,57.939520245486,342.15351217573,639.8973278558219,2661.9259204073896,2551.1931677063694,2285.58526481907,1722.2535595958605,680.714575609273
1,1,    621 - Ambulatory Care,,,00,000,23060,Fort Wayne MSA,2023,000000,,1,1,61.137350545812,385.457947977692,685.022382189326,2747.46756947008,2618.97690167684,2357.75103520918,1769.4383718143201,742.6157834973201
1,1,    621 - Ambulatory Care,,,00,000,23060,Fort Wayne MSA,2024,000000,,1,1,75.852679471086,428.11221938540007,732.83822357363,2991.5930130698803,2786.020312428959,2455.3144654037,1875.4593894706397,815.6422366758338
1,1,    621 - Ambulatory Care,,,00,000,26900,Indianapolis-Carmel-Greenwood MSA,2020,000000,,1,1,193.52716520871098,1225.2001881567303,2831.8079221786697,13965.193720000701,14383.0542672632,12187.735944866898,9245.9546449809,2996.1996320943
1,1,    621 - Ambulatory Care,,,00,000,26900,Indianapolis-Carmel-Greenwood MSA,2021,000000,,1,1,288.74112578893704,1454.37165843097,3180.0936687165995,14631.9306853138,15229.0589360377,12875.338151206897,9690.079099542601,3287.60300914106
1,1,    621 - Ambulatory Care,,,00,000,26900,Indianapolis-Carmel-Greenwood MSA,2022,000000,,1,1,282.3322108686781,1533.84808198116,3251.6580938690895,15158.5369001366,15713.173308834701,13290.772553641,9871.17355369,3571.1080355329304
1,1,    621 - Ambulatory Care,,,00,000,26900,Indianapolis-Carmel-Greenwood MSA,2023,000000,,1,1,320.0634727456,1737.24559867519,3540.0720201149597,16269.196321130601,16975.9664295057,14398.6790591551,10520.554674476101,4144.68323634838
1,1,    621 - Ambulatory Care,,,00,000,26900,Indianapolis-Carmel-Greenwood MSA,2024,000000,,1,1,356.089067917322,1939.7955753112099,3796.90719362133,17091.5854066733,17814.412931119197,15194.3749543792,10963.8904258645,4485.98139976962
1,1,    621 - Ambulatory Care,,,00,000,29020,Kokomo MSA,2020,000000,,1,1,7.288285175452001,45.600038441788,104.93522382797501,368.217311128858,400.97441555657304,355.41410665515804,250.73912741094796,77.840277951908
1,1,    621 - Ambulatory Care,,,00,000,29020,Kokomo MSA,2021,000000,,1,1,9.859432057926,57.437690420375,109.59929935434398,371.80588246832997,372.52221394236204,344.553021625907,230.33895122904298,71.04968346723199
1,1,    621 - Ambulatory Care,,,00,000,29020,Kokomo MSA,2022,000000,,1,1,12.733256804688,72.259684022664,109.508621754815,429.7543008611389,396.327653469084,389.296306333758,230.77451505460698,80.90648983554999
1,1,    621 - Ambulatory Care,,,00,000,29020,Kokomo MSA,2023,000000,,1,1,13.91658169779,70.049591520842,104.78497779951698,434.07122355030293,410.4779163737331,391.44597063809005,226.47459181902596,86.982452945323
1,1,    621 - Ambulatory Care,,,00,000,29020,Kokomo MSA,2024,000000,,1,1,20.343323016659,70.695938986879,113.43390950964701,438.654033330884,415.24690897478,412.14098378581,235.006881010033,92.13960795413
1,1,    621 - Ambulatory Care,,,00,000,29200,Lafayette-West Lafayette MSA,2020,000000,,1,1,18.172021561596,102.755715858787,176.38293043476003,819.127026848813,812.4046210076001,715.0502815076999,554.7534656309999,148.942238359957
1,1,    621 - Ambulatory Care,,,00,000,29200,Lafayette-West Lafayette MSA,2021,000000,,1,1,23.442013673504995,124.285228657403,224.782735658673,921.3939380573149,848.7642248656351,756.30757976834,572.54468948029,178.810907786608
1,1,    621 - Ambulatory Care,,,00,000,29200,Lafayette-West Lafayette MSA,2022,000000,,1,1,27.649720356608,128.097539702375,225.41519580054404,926.869049434032,866.3865295456999,746.6121502113101,571.9224169066168,185.730466250567
1,1,    621 - Ambulatory Care,,,00,000,29200,Lafayette-West Lafayette MSA,2023,000000,,1,1,24.544809619602002,158.96518965668102,269.69351505242,1000.341751306759,982.6887479410948,853.1562448681,616.78371134482,213.606454553364
1,1,    621 - Ambulatory Care,,,00,000,29200,Lafayette-West Lafayette MSA,2024,000000,,1,1,22.100107115357,163.425413402646,284.218905822549,982.562793265408,993.990810129225,853.61763428343,636.37520522966,245.019787510604
1,1,    621 - Ambulatory Care,,,00,000,31140,Louisville/Jefferson County MSA,2020,000000,,1,1,100.937782510805,609.7692783365101,1295.969559425461,7201.486671087321,7584.593493591141,6658.525163335449,5150.1790276540805,1576.611762207478
1,1,    621 - Ambulatory Care,,,00,000,31140,Louisville/Jefferson County MSA,2021,000000,,1,1,137.651433828176,749.01138864637,1488.5771131125703,7704.3105311552,8108.715648308941,7099.343448785041,5363.327666091641,1724.0551683666731
1,1,    621 - Ambulatory Care,,,00,000,31140,Louisville/Jefferson County MSA,2022,000000,,1,1,138.85877726319302,781.656083644493,1579.1525410062598,7973.165482418238,8265.71328604785,7225.8682517401985,5283.6166881034,1773.94821234506
1,1,    621 - Ambulatory Care,,,00,000,31140,Louisville/Jefferson County MSA,2023,000000,,1,1,155.96791443869898,859.1740554878861,1602.6081996112298,8266.36691828987,8605.915243619671,7477.97736809446,5275.012453969122,1894.0112503299003
1,1,    621 - Ambulatory Care,,,00,000,31140,Louisville/Jefferson County MSA,2024,000000,,1,1,180.434016229373,921.6563786777189,1678.82817267892,8297.61257051077,8714.33497262951,7680.15445684537,5375.855980915479,1997.4105344061463
1,1,    621 - Ambulatory Care,,,00,000,33140,Michigan City-La Porte MSA,2020,000000,,1,1,3.29492094941,39.90119405851999,60.05227288642,437.57013724456004,448.80233590993004,463.79374986695996,376.504867596732,126.042650211731
1,1,    621 - Ambulatory Care,,,00,000,33140,Michigan City-La Porte MSA,2021,000000,,1,1,5.190328878552,40.09052545947,65.91670234517,419.80525928037997,470.48887410337693,473.28590505379003,371.50843257066407,131.72862683593502
1,1,    621 - Ambulatory Care,,,00,000,33140,Michigan City-La Porte MSA,2022,000000,,1,1,3.40810239112,43.838605257544,86.70943329667799,408.72310681621894,481.7048046854849,460.631989250489,367.33414122305595,139.00782807342597
1,1,    621 - Ambulatory Care,,,00,000,33140,Michigan City-La Porte MSA,2023,000000,,1,1,5.898125696968,46.977585151313,99.29932787043799,400.96254789704,477.93055947051005,457.4643220114499,354.90099383763993,131.966160215978
1,1,    621 - Ambulatory Care,,,00,000,33140,Michigan City-La Porte MSA,2024,000000,,1,1,5.545152482289,46.489677408575005,96.746087548021,431.245012563776,489.41606189739,462.01131289405396,379.86445038665005,147.16828326979402
1,1,    621 - Ambulatory Care,,,00,000,34620,Muncie MSA,2020,000000,,1,1,8.137883343597,93.301284956179,167.043439164191,786.928864354253,843.3680044927349,778.142801764341,596.8983412677601,189.390820461308
1,1,    621 - Ambulatory Care,,,00,000,34620,Muncie MSA,2021,000000,,1,1,10.078284770816,101.592363721269,195.35565233580294,824.6194988326142,886.7243177757401,819.120274705237,593.2319059139701,201.11692739396003
1,1,    621 - Ambulatory Care,,,00,000,34620,Muncie MSA,2022,000000,,1,1,12.509097797784,119.25485913667501,208.76440106478202,866.8811688255802,916.041630276828,829.7200581924898,601.6483664721799,206.76392596588101
1,1,    621 - Ambulatory Care,,,00,000,34620,Muncie MSA,2023,000000,,1,1,14.839202273114001,128.24338844775997,229.74944309620798,916.4004730922111,967.230430866756,878.6533075785468,619.7764696056202,228.010986809318
1,1,    621 - Ambulatory Care,,,00,000,34620,Muncie MSA,2024,000000,,1,1,16.813916182161996,152.827128225406,250.541125049177,950.4904542505589,981.67168149352,938.3926275708,671.4194542832699,277.146413536073
1,1,    621 - Ambulatory Care,,,00,000,43780,South Bend-Mishawaka MSA,2020,000000,,1,1,29.611398646945002,153.16881156856002,312.211805923743,1590.8474415345602,1748.2648253216498,1670.398942706645,1384.7306615178832,434.878113571496
1,1,    621 - Ambulatory Care,,,00,000,43780,South Bend-Mishawaka MSA,2021,000000,,1,1,25.480446608125998,183.37476411511102,340.816833601515,1637.1757812884,1865.8708401266979,1718.9815441420203,1412.8046912710101,458.194794812776
1,1,    621 - Ambulatory Care,,,00,000,43780,South Bend-Mishawaka MSA,2022,000000,,1,1,28.052162485665,188.62772853771298,357.136203372366,1595.1718006708097,1862.1217708614,1743.0345458012973,1373.88687844648,498.272749514665
1,1,    621 - Ambulatory Care,,,00,000,43780,South Bend-Mishawaka MSA,2023,000000,,1,1,27.273677667225,190.998282465598,378.16794642217707,1592.1665597623619,1847.4736001141598,1741.43092311396,1340.910702520757,518.73103257916
1,1,    621 - Ambulatory Care,,,00,000,43780,South Bend-Mishawaka MSA,2024,000000,,1,1,25.436654149742,208.27614565575402,397.990546557757,1634.7765182188589,1910.15056231577,1843.41880194796,1409.4964069149103,572.0704439863221
1,1,    621 - Ambulatory Care,,,00,000,45460,Terre Haute MSA,2020,000000,,1,1,13.163435783349001,116.0962833551,217.887590529968,935.73592569283,955.3776588427341,865.1319539120999,591.4594780977541,213.06526832120102
1,1,    621 - Ambulatory Care,,,00,000,45460,Terre Haute MSA,2021,000000,,1,1,14.872058085716002,125.75627352736399,217.249061176257,940.7091591383979,970.2410155660899,881.8400180954239,585.8244342964471,227.5130055333
1,1,    621 - Ambulatory Care,,,00,000,45460,Terre Haute MSA,2022,000000,,1,1,13.48512179365,111.91404368091001,184.842653761533,782.50439836749,794.9771904256,708.6555856243499,446.08253630699005,192.27687951223302
1,1,    621 - Ambulatory Care,,,00,000,45460,Terre Haute MSA,2023,000000,,1,1,14.19874042224,105.20443825258897,176.15624777594002,785.0144963574401,797.4698072239389,734.5410611043291,454.102076547588,202.226015604141
1,1,    621 - Ambulatory Care,,,00,000,45460,Terre Haute MSA,2024,000000,,1,1,21.563447083424997,119.38979772365501,193.19551357206498,834.4188843052581,859.6957968887302,806.3926646248099,489.899629846489,240.271761435974
1,1,    621 - Ambulatory Care,,,18,000,00000,Indiana,2020,000000,,1,1,577.82985368609,3591.576722018479,7488.0276463433,35319.434473803005,36374.647834567,32510.193110397006,25270.885447461802,8398.993243203398
1,1,    621 - Ambulatory Care,,,18,000,00000,Indiana,2021,000000,,1,1,755.76389528029,4190.2531543325995,8140.016606142,36794.657774244995,37915.3611583351,33849.614247653604,25788.75133667871,9052.4121777955
1,1,    621 - Ambulatory Care,,,18,000,00000,Indiana,2022,000000,,1,1,745.961876587087,4379.658703559571,8354.403759933199,37439.210896361,38306.008578125,34185.9014031262,25803.208229876796,9504.819621950299
1,1,    621 - Ambulatory Care,,,18,000,00000,Indiana,2023,000000,,1,1,821.8724315535499,4845.3809153354905,9021.663547117001,39305.023680338,40771.594366304984,36145.835363729995,26698.5565830389,10651.5124304498
1,1,    621 - Ambulatory Care,,,18,000,00000,Indiana,2024,000000,,1,1,912.758237790954,5406.73895243391,9789.350246139902,41454.543052012006,42858.125371567,38122.816170915,28056.276486066,11706.3613305856
1,2,    622 - Hospitals,,,0,000,00000,United States,2020,000000,,1,1,7603.2232842734,81065.85229835,235930.14629484003,1295225.4946594,1207060.2317302001,1074795.61527,956091.8434573999,265255.95786808
1,2,    622 - Hospitals,,,0,000,00000,United States,2021,000000,,1,1,9459.993216388899,92716.92776384,243455.6898235,1282549.8008845001,1217701.0567956,1068634.5051224,936857.6652908,274894.65121913
1,2,    622 - Hospitals,,,0,000,00000,United States,2022,000000,,1,1,11986.419245482999,105102.48323831,257682.68427323003,1272215.4984025,1225394.6559097,1071105.7292719,920510.6026710001,290377.57605371997
1,2,    622 - Hospitals,,,0,000,00000,United States,2023,000000,,1,1,14086.780922482001,117377.99982195,274426.32798271,1319309.7913778,1278666.5410375001,1100938.8380741,926030.0901951,313315.68524509
1,2,    622 - Hospitals,,,0,000,00000,United States,2024,000000,,1,1,14912.977546057,123863.62936036,285433.19374205003,1368074.450337,1329882.6353773,1134689.8116481,942504.5974304001,331171.82382227003
1,2,    622 - Hospitals,,,00,000,14020,Bloomington MSA,2020,000000,,1,1,20.9190291654,156.97647078433,252.07790747986002,828.7256726106999,655.3188607422,684.2606961358001,551.3725012608,152.9258106299
1,2,    622 - Hospitals,,,00,000,14020,Bloomington MSA,2021,000000,,1,1,18.449046665096,183.73716567225,242.4993124547,762.0759195200001,622.8986843503001,628.0500224948,493.06123606359995,158.2583872294
1,2,    622 - Hospitals,,,00,000,14020,Bloomington MSA,2022,000000,,1,1,24.035181796666002,198.92719155315,275.9166656176,733.4057101273,643.278620548,619.8922613664,502.9049067301,155.95935437
1,2,    622 - Hospitals,,,00,000,14020,Bloomington MSA,2023,000000,,1,1,20.2935731543,197.3471979564,311.45450947940003,779.0171294844,733.0226124511,667.9030004158999,545.8219368121,175.08243910139998
1,2,    622 - Hospitals,,,00,000,14020,Bloomington MSA,2024,000000,,1,1,13.4453619153,208.2052890284,314.1449094629,789.7818679955999,733.7965048940999,673.4933804603,551.5139857223,181.3271367852
1,2,    622 - Hospitals,,,00,000,16980,Chicago-Naperville-Elgin MSA,2020,000000,,1,1,158.49212534766,1931.0833726936,7235.968091187,45437.535210452006,40010.24482216,36207.436906683,33700.579162418,9962.535152265
1,2,    622 - Hospitals,,,00,000,16980,Chicago-Naperville-Elgin MSA,2021,000000,,1,1,192.3361631921,2292.9578606147,7675.953556495,44692.233696828,39809.309302732,35607.817319922004,32322.387307985,9980.413226668
1,2,    622 - Hospitals,,,00,000,16980,Chicago-Naperville-Elgin MSA,2022,000000,,1,1,232.77317788908,2680.3231371397997,8199.520336177,44718.696433764,39334.657004224,35216.130420802,31059.093625278,10415.683974163001
1,2,    622 - Hospitals,,,00,000,16980,Chicago-Naperville-Elgin MSA,2023,000000,,1,1,321.93840133321004,3188.6478885342,9079.614415622998,47571.084457957004,41704.604531904995,36759.732721743996,31388.321047741003,11643.793437047
1,2,    622 - Hospitals,,,00,000,16980,Chicago-Naperville-Elgin MSA,2024,000000,,1,1,360.6401603667,3358.8552525935,9510.221533096,49369.25185263,43379.303459872994,37772.592972326995,31744.658469342,12426.614873745
1,2,    622 - Hospitals,,,00,000,17140,Cincinnati MSA,2020,000000,,1,1,103.4598844975,1281.4315809095,3101.9455235261003,14824.338675394,12094.609243161,9919.541411444998,9129.714515808999,2021.1157201962
1,2,    622 - Hospitals,,,00,000,17140,Cincinnati MSA,2021,000000,,1,1,111.81147584591001,1507.3812982344,3154.9522977371,14416.416235382,12517.903448228,10044.408537773,9141.546581502,2108.9126562935003
1,2,    622 - Hospitals,,,00,000,17140,Cincinnati MSA,2022,000000,,1,1,152.754139125829,1680.7008180681999,3283.9196084918,13610.448476921,12660.356302095,10140.833138253,9013.983708333999,2268.9288679051
1,2,    622 - Hospitals,,,00,000,17140,Cincinnati MSA,2023,000000,,1,1,205.4637219417,1887.3513924710999,3628.6987867766998,14137.461809933,12887.636012548,10120.087489281,8824.83763455,2428.3954014774
1,2,    622 - Hospitals,,,00,000,17140,Cincinnati MSA,2024,000000,,1,1,229.18778320529998,2016.4585845391,3857.3240166179003,14710.161270775,13321.732078527999,10303.382449186001,8724.325525004999,2562.8049089321003
1,2,    622 - Hospitals,,,00,000,18020,Columbus MSA,2020,000000,,1,1,0.0,0.600622935713,7.69799500115,22.311298312469997,21.82693617467,22.39757710439,32.79326628968,1.73574455136
1,2,    622 - Hospitals,,,00,000,18020,Columbus MSA,2021,000000,,1,1,0.578148690605,2.9107646789599997,9.50762002407,23.35728037833,20.68084020338,21.12331631245,24.49377808561,4.68139701892
1,2,    622 - Hospitals,,,00,000,18020,Columbus MSA,2022,000000,,1,1,0.0,0.813691183608,12.139192495620001,22.49574131813,19.70156720161,20.017092970489998,25.98521533942,4.37640151986
1,2,    622 - Hospitals,,,00,000,18020,Columbus MSA,2023,000000,,1,1,0.0,3.737858721012,15.98567373313,23.650745505678003,16.502305704199998,16.94284309495,24.9131902536,9.15273569314
1,2,    622 - Hospitals,,,00,000,18020,Columbus MSA,2024,000000,,1,1,0.0,2.0313018491049997,17.825584654940002,28.427156767907,23.37260564673,22.620933772599997,22.96526056073,9.395883390209999
1,2,    622 - Hospitals,,,00,000,21140,Elkhart-Goshen MSA,2020,000000,,1,1,36.2687353254,174.59917031346998,222.152288571,891.6670658178999,775.6637756171,778.7509920996,710.3961383625001,171.41534982139999
1,2,    622 - Hospitals,,,00,000,21140,Elkhart-Goshen MSA,2021,000000,,1,1,55.388911262777995,193.29001326988998,225.48228901779999,829.548758196,753.3012845973,757.9129040612,681.0428898659,175.09495482519998
1,2,    622 - Hospitals,,,00,000,21140,Elkhart-Goshen MSA,2022,000000,,1,1,72.256035838,187.65633477806,249.0337684227,806.4220994404001,735.0422743108,757.5718661282,670.7533661477,192.8591448432
1,2,    622 - Hospitals,,,00,000,21140,Elkhart-Goshen MSA,2023,000000,,1,1,61.720285516,190.68051883367,261.7650873483,810.1338043696,727.7674626611,765.8489998602,665.1878602096,209.2024173237
1,2,    622 - Hospitals,,,00,000,21140,Elkhart-Goshen MSA,2024,000000,,1,1,51.2106377463,177.28134145956,251.03059133489998,782.2195029217,734.0367538816,746.0061828621,648.3262437506,221.4458497114
1,2,    622 - Hospitals,,,00,000,21780,Evansville MSA,2020,000000,,1,1,37.320918129316,311.54799898491,538.0368991261,2260.3017715431,1896.5473371223002,1706.6373332454,1626.7315509003,385.70189170000003
1,2,    622 - Hospitals,,,00,000,21780,Evansville MSA,2021,000000,,1,1,50.05332890317,390.4198890824,549.9818127322999,2288.3274431852,1944.6717017987,1730.2419255058,1550.0723116518002,397.4732072431
1,2,    622 - Hospitals,,,00,000,21780,Evansville MSA,2022,000000,,1,1,79.43797472735,442.0194182875,609.5652843355,2204.4951311769,1980.0470042855,1670.3242118069,1461.4463154774003,397.46816388290006
1,2,    622 - Hospitals,,,00,000,21780,Evansville MSA,2023,000000,,1,1,70.09698708589,477.5848982908,651.4706125892001,2081.2524569926,1969.3745752581,1594.0859546205,1412.5611777923,396.33736695
1,2,    622 - Hospitals,,,00,000,21780,Evansville MSA,2024,000000,,1,1,63.680321636369996,492.9958961266,644.4043204704001,2027.4373989972999,1923.6748881151,1511.1368622152,1355.0716220779002,382.76397988168003
1,2,    622 - Hospitals,,,00,000,23060,Fort Wayne MSA,2020,000000,,1,1,24.837253109,392.63452817551,902.83780508035,3944.6001933934,3654.6791148674,3369.1413218807998,2928.1115571827,662.8232146863099
1,2,    622 - Hospitals,,,00,000,23060,Fort Wayne MSA,2021,000000,,1,1,28.358942514722,369.19997368883,957.0951761049599,3954.39886537137,3778.18807305909,3431.0350631588803,2906.86717982847,717.87587462585
1,2,    622 - Hospitals,,,00,000,23060,Fort Wayne MSA,2022,000000,,1,1,66.0598085899,473.25207403014,1048.5507395376699,4179.13167615825,3986.2732705318,3595.4477364678896,2906.75201655498,795.7571591005101
1,2,    622 - Hospitals,,,00,000,23060,Fort Wayne MSA,2023,000000,,1,1,79.82980878775601,548.4514924111279,1055.0035323012,4307.627383710899,4165.927610507,3740.2874680717396,2933.9767947448,861.97198409557
1,2,    622 - Hospitals,,,00,000,23060,Fort Wayne MSA,2024,000000,,1,1,64.4257515105,551.26352328752,1018.8727639024801,4247.0651523294,4180.1322492256,3709.3900523203,2912.7164270901003,870.60911477438
1,2,    622 - Hospitals,,,00,000,26900,Indianapolis-Carmel-Greenwood MSA,2020,000000,,1,1,33.109073642593,666.7919680609,2197.9985495968,10597.181219974,9886.717511963,9024.740727253,7799.393767923,1932.4732460434002
1,2,    622 - Hospitals,,,00,000,26900,Indianapolis-Carmel-Greenwood MSA,2021,000000,,1,1,41.90338546693,824.6538436737001,2343.8767647459,10798.599482334,10151.229509165001,9152.284510209001,7770.180962567,2077.6640319575
1,2,    622 - Hospitals,,,00,000,26900,Indianapolis-Carmel-Greenwood MSA,2022,000000,,1,1,74.848422116413,1027.2712842285,2508.5400051246,10735.726066906,10199.31622189,9214.510896663998,7871.695300835,2288.258764781
1,2,    622 - Hospitals,,,00,000,26900,Indianapolis-Carmel-Greenwood MSA,2023,000000,,1,1,89.176142805644,1054.1148389746,2496.9708067968,10352.639272895,9902.240782099001,8971.327350414,7563.5931378509995,2361.0961676259
1,2,    622 - Hospitals,,,00,000,26900,Indianapolis-Carmel-Greenwood MSA,2024,000000,,1,1,99.48757382425,1069.5501732671,2527.5735614714,10334.17121652,9896.856135967,8965.608822852,7458.753718145,2427.6525207651002
1,2,    622 - Hospitals,,,00,000,29020,Kokomo MSA,2020,000000,,1,1,1.48036338973,26.1260727377,71.5501952683,380.88753346045,367.879107842,370.140186006,293.57581727305,74.0871285901
1,2,    622 - Hospitals,,,00,000,29020,Kokomo MSA,2021,000000,,1,1,3.1650497565,30.9082286505,72.8613066887,356.911384098,343.367999059,340.012103987,256.393312997,74.1853823579
1,2,    622 - Hospitals,,,00,000,29020,Kokomo MSA,2022,000000,,1,1,2.66772272491,35.3616067865,79.2177677252,355.027326287,351.489635671,348.110785365,258.137873296,81.7180297974
1,2,    622 - Hospitals,,,00,000,29020,Kokomo MSA,2023,000000,,1,1,1.88488582453,39.2992131929,79.396251872,321.302019438,327.439521468,320.223596643,237.327551494,84.0691544389
1,2,    622 - Hospitals,,,00,000,29020,Kokomo MSA,2024,000000,,1,1,2.56326702692,40.3939831162,86.0864446302,334.493996762,326.388863281,325.683803412,243.312547526,89.8456171611
1,2,    622 - Hospitals,,,00,000,29200,Lafayette-West Lafayette MSA,2020,000000,,1,1,9.447754068772001,105.29417499242,253.37730553948998,1295.8722724625002,1263.7436492637999,1220.42365965,1049.8541056149,252.26977592863997
1,2,    622 - Hospitals,,,00,000,29200,Lafayette-West Lafayette MSA,2021,000000,,1,1,7.38276155699,131.27480188786998,262.48275658864,1269.268210913,1288.3786761606002,1168.7874607209,941.0294779791001,228.44999074625
1,2,    622 - Hospitals,,,00,000,29200,Lafayette-West Lafayette MSA,2022,000000,,1,1,22.3985496591,160.84167584239,306.07317314346994,1168.5463987627,1228.254222438,1140.5064761049,957.6269578283,253.00273687093
1,2,    622 - Hospitals,,,00,000,29200,Lafayette-West Lafayette MSA,2023,000000,,1,1,20.7917639671,165.67521311927,278.1819332643,1044.3149435208,1127.4336951246,1037.5384723156,891.7157427807,251.89983421196
1,2,    622 - Hospitals,,,00,000,29200,Lafayette-West Lafayette MSA,2024,000000,,1,1,26.2516750976,164.39395978218,287.25451248118,1042.3415394251,1131.4420580969002,1026.5978215215,865.4624088873001,267.12026068754
1,2,    622 - Hospitals,,,00,000,31140,Louisville/Jefferson County MSA,2020,000000,,1,1,54.46517206349,703.4482259345,1745.227255432,7424.322969125,6798.806023552999,6034.012285526,5235.05882834,1309.6301224934998
1,2,    622 - Hospitals,,,00,000,31140,Louisville/Jefferson County MSA,2021,000000,,1,1,88.79110700289,817.8805761909,1830.8132086768,7376.608189155,7020.857758031,6289.343454262,5331.004163078,1418.4193636139998
1,2,    622 - Hospitals,,,00,000,31140,Louisville/Jefferson County MSA,2022,000000,,1,1,121.18180412337,884.8069619278001,1941.986726291,7855.525270346001,7426.362747314,6361.91575159,5257.832570658,1477.8232708570001
1,2,    622 - Hospitals,,,00,000,31140,Louisville/Jefferson County MSA,2023,000000,,1,1,137.57975395231801,1020.8038371234001,1910.797905664,8346.736262071001,8033.851913738001,6785.560895982,5387.718274870001,1666.950470135
1,2,    622 - Hospitals,,,00,000,31140,Louisville/Jefferson County MSA,2024,000000,,1,1,141.46730161069,1197.2393991448,1933.813978145,8476.751625626,8377.32000299,7207.206563248999,5619.411692293,1798.733040268
1,2,    622 - Hospitals,,,00,000,33140,Michigan City-La Porte MSA,2020,000000,,1,1,2.51503775931,34.7150313109,80.3829575036,374.836110243,418.541312583,432.79305552,391.289893978,80.7999282522
1,2,    622 - Hospitals,,,00,000,33140,Michigan City-La Porte MSA,2021,000000,,1,1,1.74299144789,36.5323816916,83.0918980128,344.980037072,396.010867281,406.653960598,344.8916743,78.8036824156
1,2,    622 - Hospitals,,,00,000,33140,Michigan City-La Porte MSA,2022,000000,,1,1,3.35155158355,38.6132288022,84.0462142963,339.240560938,374.277075786,408.220601265,364.137693792,84.4700780935
1,2,    622 - Hospitals,,,00,000,33140,Michigan City-La Porte MSA,2023,000000,,1,1,3.13217746024,41.8006887804,90.9273499583,338.644717346,388.897492503,415.99165265,384.655417686,106.315746425
1,2,    622 - Hospitals,,,00,000,33140,Michigan City-La Porte MSA,2024,000000,,1,1,3.49861729929,38.6274049334,84.3961969879,338.029841444,391.282520399,400.162093585,384.205812428,109.112342484
1,2,    622 - Hospitals,,,00,000,34620,Muncie MSA,2020,000000,,1,1,7.030830705684,101.89935161003001,165.01757251961,614.6529526902,470.8381471778,463.02280280909997,460.4554797193,107.74974842448
1,2,    622 - Hospitals,,,00,000,34620,Muncie MSA,2021,000000,,1,1,7.161281238168,96.45220676955,169.86080356391,588.4508046182,478.29827211779997,443.3937872374,441.95525932410004,118.71678696132
1,2,    622 - Hospitals,,,00,000,34620,Muncie MSA,2022,000000,,1,1,8.20987264562,121.70575768422,176.34911798727,559.2423487482,462.32097396039995,422.2653269972,416.333063027,128.84298488167
1,2,    622 - Hospitals,,,00,000,34620,Muncie MSA,2023,000000,,1,1,11.13355041,97.86058562934001,157.44154893214,477.15071674079996,400.5677494412,377.32541381979996,363.3787160998,121.48902778676
1,2,    622 - Hospitals,,,00,000,34620,Muncie MSA,2024,000000,,1,1,10.3439443925,98.98625887577,162.13579368480998,470.26237379789995,393.1944326045,372.860593199,348.9787268772,123.23953772734
1,2,    622 - Hospitals,,,00,000,43780,South Bend-Mishawaka MSA,2020,000000,,1,1,19.638957833909,172.5390271251,349.9398911854,1519.480416259,1440.293918924,1300.653650191,1214.7010726921,273.29704486027
1,2,    622 - Hospitals,,,00,000,43780,South Bend-Mishawaka MSA,2021,000000,,1,1,24.147635433330002,199.8007513528,369.48524344159995,1483.780347636,1406.1133429640001,1272.683787669,1168.2555454511999,290.5554611313
1,2,    622 - Hospitals,,,00,000,43780,South Bend-Mishawaka MSA,2022,000000,,1,1,29.806970459080002,210.1753633605,414.307098906,1525.54259155,1478.2636364920002,1365.105950813,1222.6422310264,337.1686440627
1,2,    622 - Hospitals,,,00,000,43780,South Bend-Mishawaka MSA,2023,000000,,1,1,75.62719307448,267.67816689529997,481.4221371401,1717.0047526170001,1657.4989440759998,1541.51276624,1402.574801318,415.95129721700005
1,2,    622 - Hospitals,,,00,000,43780,South Bend-Mishawaka MSA,2024,000000,,1,1,57.395723646622,276.8406661784,479.07042054910005,1733.943036025,1636.578930397,1505.345112275,1358.0343419432,433.0192406
1,2,    622 - Hospitals,,,00,000,45460,Terre Haute MSA,2020,000000,,1,1,16.436035914803,121.8914640271,229.7796592985,692.2171539128001,650.7576375967,682.3172532586,485.5781500515,139.04103490386
1,2,    622 - Hospitals,,,00,000,45460,Terre Haute MSA,2021,000000,,1,1,12.47317440421,142.5070202302,235.3323666068,686.1577364686,655.0990830678,659.7427494212,500.8434914403,145.63835804428
1,2,    622 - Hospitals,,,00,000,45460,Terre Haute MSA,2022,000000,,1,1,21.3149489277,150.2657535274,247.0833935135,749.8078233031,712.0272218777,713.7632560687,543.8175682686,162.00607332202
1,2,    622 - Hospitals,,,00,000,45460,Terre Haute MSA,2023,000000,,1,1,28.72562935777,154.4646681623,250.4738035775,709.0367149164,648.4650177732,661.3968358377,515.1515910963001,158.59992994021
1,2,    622 - Hospitals,,,00,000,45460,Terre Haute MSA,2024,000000,,1,1,29.75623946556,179.3116428173,275.279599366,747.2714604635,678.6434762060001,687.2903804182,551.0160974086,171.33883717218
1,2,    622 - Hospitals,,,18,000,00000,Indiana,2020,000000,,1,1,295.52200114515,3077.3609484666,6836.977374878,30106.130802442,28382.236723882,26859.76237068,23933.258292973,5821.746910403001
1,2,    622 - Hospitals,,,18,000,00000,Indiana,2021,000000,,1,1,325.09505783369997,3446.571210077,7189.913695764,30090.29130178,28788.476859256,26812.391432875,23429.319138607,6149.716567719
1,2,    622 - Hospitals,,,18,000,00000,Indiana,2022,000000,,1,1,507.42506795714,3927.522957564,7602.499524085,29901.934364845,28894.276852657,27040.852706645,23265.74035453,6620.076676324
1,2,    622 - Hospitals,,,18,000,00000,Indiana,2023,000000,,1,1,589.60265158426,4160.3243686060005,7730.8235340460005,29446.431246268,28829.794895343,26948.256053765,22863.733825004,7005.425056378001
1,2,    622 - Hospitals,,,18,000,00000,Indiana,2024,000000,,1,1,541.8836781490899,4256.884732023999,7793.5612784879995,29286.677550355,28953.068964341,26786.390815681,22681.071653653,7153.260601274
1,3,    623 - Nursing and Residential Care,,,0,000,00000,United States,2020,000000,,1,1,70470.720851147,162512.46858902,181649.1185817,671251.9973682,662557.7631538999,651517.2970023,593793.5865941,218306.63642402
1,3,    623 - Nursing and Residential Care,,,0,000,00000,United States,2021,000000,,1,1,69158.393814308,153531.68948340003,167866.5844992,616205.5515548,633883.3655597001,630882.4230978,583001.0485818001,222115.19742804999
1,3,    623 - Nursing and Residential Care,,,0,000,00000,United States,2022,000000,,1,1,71356.08375579701,142503.77601882,159350.62598269997,589188.0764695,625645.0860603,622794.7016791999,577136.9126077,238572.28940880002
1,3,    623 - Nursing and Residential Care,,,0,000,00000,United States,2023,000000,,1,1,83253.43212951001,154566.61494319,169017.126538,619433.1466804,663322.531418,648138.3610321,591704.6166870999,261971.3774819
1,3,    623 - Nursing and Residential Care,,,0,000,00000,United States,2024,000000,,1,1,89743.75892193,167474.11481387002,180298.0658018,649487.7258226001,700611.8928362,677048.7859096,609269.1172708,279043.84148319997
1,3,    623 - Nursing and Residential Care,,,00,000,14020,Bloomington MSA,2020,000000,,1,1,62.277592567593004,123.8262160357,127.55922883465999,344.9191721664001,319.32222204460004,298.8429538899,247.1472358557,88.20812372812
1,3,    623 - Nursing and Residential Care,,,00,000,14020,Bloomington MSA,2021,000000,,1,1,52.4563832622,112.05987235407,110.8368289777,311.09993051280003,293.2120616885,260.4287749686,245.17660488799999,80.81840985254
1,3,    623 - Nursing and Residential Care,,,00,000,14020,Bloomington MSA,2022,000000,,1,1,52.210644835837,97.41717588771,108.79931970369,315.1313695356,292.38332350760004,269.51451817689997,229.5720475194,98.2603652227
1,3,    623 - Nursing and Residential Care,,,00,000,14020,Bloomington MSA,2023,000000,,1,1,54.949294394993004,106.74992288825,104.01760046039999,324.0359634959,333.11977879840003,295.5665483092,236.63774825819996,104.85841599889
1,3,    623 - Nursing and Residential Care,,,00,000,14020,Bloomington MSA,2024,000000,,1,1,51.963561497121,121.9437033115,99.4439635951,367.3977982395,347.8670261299,326.3234563571,249.5111912724,110.66876251779001
1,3,    623 - Nursing and Residential Care,,,00,000,16980,Chicago-Naperville-Elgin MSA,2020,000000,,1,1,1808.7418167172998,4210.6127860982,4852.062634744,17470.30142029,17662.275439415,17975.758442141,15702.461979249,6187.441198981
1,3,    623 - Nursing and Residential Care,,,00,000,16980,Chicago-Naperville-Elgin MSA,2021,000000,,1,1,1854.3679615859,4005.9287643953003,4493.080112172001,15984.373389944,16736.730196738,17444.371375736002,15465.270263186001,6366.003814888
1,3,    623 - Nursing and Residential Care,,,00,000,16980,Chicago-Naperville-Elgin MSA,2022,000000,,1,1,1852.3702831239,3615.2964448283,4114.471976135,15243.296443164001,16269.432240118,17167.290434693,15418.279531626002,6972.323897837001
1,3,    623 - Nursing and Residential Care,,,00,000,16980,Chicago-Naperville-Elgin MSA,2023,000000,,1,1,2164.9659143748,4039.6757320307997,4360.502658629,16081.016819499,17276.939186673,17884.451471099,15962.080606170999,7855.958578418
1,3,    623 - Nursing and Residential Care,,,00,000,16980,Chicago-Naperville-Elgin MSA,2024,000000,,1,1,2229.5653808463003,4352.781577586,4633.060097864999,16852.476852928,18101.304433454,18304.189572348998,16255.566501581001,8225.66235676
1,3,    623 - Nursing and Residential Care,,,00,000,17140,Cincinnati MSA,2020,000000,,1,1,766.896513040064,1476.7077107458001,1436.8508792532002,5580.561069681001,5725.692859322,4873.463533853001,4487.35889981,1615.8296348316
1,3,    623 - Nursing and Residential Care,,,00,000,17140,Cincinnati MSA,2021,000000,,1,1,761.14243975888,1404.3522464064,1324.7778514997,5022.059186432,5400.918904809,4700.868117903,4341.093513165,1643.6621884641
1,3,    623 - Nursing and Residential Care,,,00,000,17140,Cincinnati MSA,2022,000000,,1,1,842.27573252598,1299.6953690067999,1297.0189795691,4861.206945896,5351.260481211001,4691.765683541001,4244.810610501,1754.4187332210001
1,3,    623 - Nursing and Residential Care,,,00,000,17140,Cincinnati MSA,2023,000000,,1,1,1003.07830135277,1470.9327667249,1490.7184138838,5396.617084443,5941.457063774,4936.201214858,4350.760425926001,1983.5396733556
1,3,    623 - Nursing and Residential Care,,,00,000,17140,Cincinnati MSA,2024,000000,,1,1,1159.94632136512,1638.0578294032998,1625.5486230206998,5689.047618923,6301.691984774,5228.65325632,4360.187871208,2090.3718708049
1,3,    623 - Nursing and Residential Care,,,00,000,18020,Columbus MSA,2020,000000,,1,1,33.8162639414,36.59774862172,28.217623338350002,93.44865107307,90.56524403748999,99.42141078088,83.37660433605,25.783036569
1,3,    623 - Nursing and Residential Care,,,00,000,18020,Columbus MSA,2021,000000,,1,1,32.5239660479,32.45254105897,25.12704797228,79.19000536493,80.76642259583001,89.98345918071,74.81121949693,23.120363096652
1,3,    623 - Nursing and Residential Care,,,00,000,18020,Columbus MSA,2022,000000,,1,1,28.201365340566998,37.75389979834,26.93606973262,76.40077741603,78.55974528469999,86.8422703374,74.48610326955,25.53344271349
1,3,    623 - Nursing and Residential Care,,,00,000,18020,Columbus MSA,2023,000000,,1,1,32.122187865819,46.94221512421,31.1843791535,96.84305950102001,96.66681483069,89.43387605862,82.09170769387,26.245403763678
1,3,    623 - Nursing and Residential Care,,,00,000,18020,Columbus MSA,2024,000000,,1,1,32.7520617104,49.136258399519996,32.544586956210004,92.60652225883001,94.44984227347999,84.28561984512,79.34811741598,27.96506799926
1,3,    623 - Nursing and Residential Care,,,00,000,21140,Elkhart-Goshen MSA,2020,000000,,1,1,94.1055729502,164.06895779909001,138.51329001476,444.4168502682,429.6010179981,401.3545192153,374.2709901266,168.5344527886
1,3,    623 - Nursing and Residential Care,,,00,000,21140,Elkhart-Goshen MSA,2021,000000,,1,1,92.8783937284,127.68883723535001,108.67146192460001,359.5950057709,386.65084668360004,363.40979617080006,356.6666857225,173.9240893465
1,3,    623 - Nursing and Residential Care,,,00,000,21140,Elkhart-Goshen MSA,2022,000000,,1,1,82.24733018750001,96.49319258706998,99.81269106563,333.74474102650004,370.20632426090003,354.328777898,339.4882704045,178.7501624181
1,3,    623 - Nursing and Residential Care,,,00,000,21140,Elkhart-Goshen MSA,2023,000000,,1,1,96.998209774,118.40283541906,124.70286764539999,381.5051111436,415.3845357207,392.1683506097,338.3546198151,183.0673183044
1,3,    623 - Nursing and Residential Care,,,00,000,21140,Elkhart-Goshen MSA,2024,000000,,1,1,92.92819441,145.65350402951,140.29888250620002,413.2360987197,474.37025311139996,429.7285838506,351.151500351,181.1804656292
1,3,    623 - Nursing and Residential Care,,,00,000,21780,Evansville MSA,2020,000000,,1,1,72.73421932532,244.23437151761,240.4784691996,879.4271960497,858.1086678291,789.7611885908,671.1699115578999,267.2213663585
1,3,    623 - Nursing and Residential Care,,,00,000,21780,Evansville MSA,2021,000000,,1,1,64.70816199478399,220.29783338067003,228.23833341350002,783.8382582732,781.8079964759999,747.9122728697,645.5272946842999,256.3685261881
1,3,    623 - Nursing and Residential Care,,,00,000,21780,Evansville MSA,2022,000000,,1,1,67.98247342679,203.98791708743,241.591467246,774.2546254869001,755.9174282558001,751.8448485024,629.3706196759,275.91833674000003
1,3,    623 - Nursing and Residential Care,,,00,000,21780,Evansville MSA,2023,000000,,1,1,85.46698973923,216.73278943817002,265.4302384567,829.4306417099999,808.2482681565,784.0282849972,629.7139381114,294.5936904455
1,3,    623 - Nursing and Residential Care,,,00,000,21780,Evansville MSA,2024,000000,,1,1,96.41154643176,227.30843077739002,257.63032161719997,838.5388020154,844.772077768,816.0227184997,624.3709523566,294.47737638830006
1,3,    623 - Nursing and Residential Care,,,00,000,23060,Fort Wayne MSA,2020,000000,,1,1,237.57015581899,405.7241101401,358.4722952331,1200.4182271338,1285.1998038311,1120.9243852275,968.6427202192,322.6617769389
1,3,    623 - Nursing and Residential Care,,,00,000,23060,Fort Wayne MSA,2021,000000,,1,1,233.56377194916303,377.72438289570005,317.37311975779994,1033.1096282048998,1175.1740281113998,1068.9814819981,914.4128829416999,313.7516908183
1,3,    623 - Nursing and Residential Care,,,00,000,23060,Fort Wayne MSA,2022,000000,,1,1,235.710383410544,369.00239867774,324.81977233219,975.5121514551,1083.3768710057998,1038.4436478019,846.6343012224,330.9043800066
1,3,    623 - Nursing and Residential Care,,,00,000,23060,Fort Wayne MSA,2023,000000,,1,1,297.232504358403,420.42416495122006,358.43742539078994,1095.7566358262998,1135.3128377408998,1101.6601844132,858.1248267722999,368.64553223656003
1,3,    623 - Nursing and Residential Care,,,00,000,23060,Fort Wayne MSA,2024,000000,,1,1,320.24469676526996,439.12841820762003,391.27829668243004,1098.522807052,1139.0959122856,1111.4409761702002,857.1297407899,391.5389560197999
1,3,    623 - Nursing and Residential Care,,,00,000,26900,Indianapolis-Carmel-Greenwood MSA,2020,000000,,1,1,640.7491749427501,1213.3961872957998,1164.3424471786002,4520.565933678,4749.032812548,4305.466032924,3406.194862146,1212.8790508546
1,3,    623 - Nursing and Residential Care,,,00,000,26900,Indianapolis-Carmel-Greenwood MSA,2021,000000,,1,1,646.15638626385,1190.9231419906,1114.3277210549,4099.197473529,4680.5760489780005,4221.240414464,3355.2863288239996,1209.9467269791
1,3,    623 - Nursing and Residential Care,,,00,000,26900,Indianapolis-Carmel-Greenwood MSA,2022,000000,,1,1,659.9096665044599,1169.2610546085,1138.6827171573002,4179.533894295,4875.456607737,4330.596459395,3457.3613232109997,1358.6554834714
1,3,    623 - Nursing and Residential Care,,,00,000,26900,Indianapolis-Carmel-Greenwood MSA,2023,000000,,1,1,771.3804842109901,1333.8992388887,1285.9364574341,4445.5174157579995,5198.220665457,4591.472219036001,3566.1241078129997,1510.6624158661
1,3,    623 - Nursing and Residential Care,,,00,000,26900,Indianapolis-Carmel-Greenwood MSA,2024,000000,,1,1,765.9426220343701,1395.6116818063,1365.7119454753001,4557.920053915999,5292.718856288,4683.131420891,3582.8316652080002,1552.8880359119999
1,3,    623 - Nursing and Residential Care,,,00,000,29020,Kokomo MSA,2020,000000,,1,1,33.67185079972,66.5533878628,51.02400252222,200.54838669841104,212.99221860389997,205.84651155701,174.97998869117,47.807920452329995
1,3,    623 - Nursing and Residential Care,,,00,000,29020,Kokomo MSA,2021,000000,,1,1,33.58323678945,66.99240422992,53.85285989535,182.14855519689002,214.52805635224,214.43349442906998,174.42428715294997,51.76022442945
1,3,    623 - Nursing and Residential Care,,,00,000,29020,Kokomo MSA,2022,000000,,1,1,30.06162657182,78.596616628592,70.679873858736,203.14809385734003,221.45793987339,208.73493770981,177.38070337525,52.775152609163996
1,3,    623 - Nursing and Residential Care,,,00,000,29020,Kokomo MSA,2023,000000,,1,1,38.598999640059,84.71968250315,74.81853416393,227.22017402832,246.3247848687,223.75152491098,192.96901205223003,59.36717073869001
1,3,    623 - Nursing and Residential Care,,,00,000,29020,Kokomo MSA,2024,000000,,1,1,44.094391102387995,81.817436034506,69.08484577949001,237.51256834004997,255.94508156203997,233.16186159887002,196.13573229829998,69.81986828849999
1,3,    623 - Nursing and Residential Care,,,00,000,29200,Lafayette-West Lafayette MSA,2020,000000,,1,1,71.7840124656,133.01126957314,131.01494022209002,484.77923900220003,438.12513544349997,417.27910201379996,316.7692134825,106.43666784256001
1,3,    623 - Nursing and Residential Care,,,00,000,29200,Lafayette-West Lafayette MSA,2021,000000,,1,1,61.344091849520005,127.27357264347,122.7075690087,442.5388241316,417.4863126878,395.38902332600003,304.1307886822,106.63568211789999
1,3,    623 - Nursing and Residential Care,,,00,000,29200,Lafayette-West Lafayette MSA,2022,000000,,1,1,63.88011506504,131.264531784506,126.70592490563999,431.0028431648,420.61317826891997,377.75974307481,304.24614089517,114.81323882490001
1,3,    623 - Nursing and Residential Care,,,00,000,29200,Lafayette-West Lafayette MSA,2023,000000,,1,1,80.516768776612,152.05580884805,139.8953277649,449.82690352320003,419.41713611349996,385.14886899026,303.43405610145004,117.52115011995
1,3,    623 - Nursing and Residential Care,,,00,000,29200,Lafayette-West Lafayette MSA,2024,000000,,1,1,81.08671586759999,153.70412824744696,150.89848339967,446.1071016382,432.43230432620004,386.03730896719003,304.18974958049,121.10729619519
1,3,    623 - Nursing and Residential Care,,,00,000,31140,Louisville/Jefferson County MSA,2020,000000,,1,1,230.27799733966,673.6078201886,852.3950342444,3099.493492369,3071.6295572850004,2645.253226732,2193.9147308394,744.1290052937
1,3,    623 - Nursing and Residential Care,,,00,000,31140,Louisville/Jefferson County MSA,2021,000000,,1,1,241.17725630853,648.1885743675,761.4557740157,2877.569385794,2975.108503243,2587.349053528,2180.208510571,758.4431023191
1,3,    623 - Nursing and Residential Care,,,00,000,31140,Louisville/Jefferson County MSA,2022,000000,,1,1,315.1296972541,590.5152866354,707.8478357027999,2767.491882148,2990.341329581,2591.463112616,2144.701497716,859.4472999698
1,3,    623 - Nursing and Residential Care,,,00,000,31140,Louisville/Jefferson County MSA,2023,000000,,1,1,413.90998626796994,642.9290228437,798.6487091522,2920.665656719,3221.9380298670003,2770.3850320859997,2149.5661211270003,971.7193595821
1,3,    623 - Nursing and Residential Care,,,00,000,31140,Louisville/Jefferson County MSA,2024,000000,,1,1,436.54625947239003,718.7480074619999,851.1874658581999,3123.719183265,3461.473616755,2998.8108953009996,2251.2472852700002,1026.7148797021998
1,3,    623 - Nursing and Residential Care,,,00,000,33140,Michigan City-La Porte MSA,2020,000000,,1,1,20.198259874530002,42.518624755254,46.190908017166,145.49605886529,170.67856895845,186.57548007220998,166.58200809186002,54.041306271975
1,3,    623 - Nursing and Residential Care,,,00,000,33140,Michigan City-La Porte MSA,2021,000000,,1,1,16.86384643497,59.087961003829996,47.76191706494,163.34009548082,181.66210539816,204.7713956991,185.68037036108998,67.3511660858
1,3,    623 - Nursing and Residential Care,,,00,000,33140,Michigan City-La Porte MSA,2022,000000,,1,1,16.52789166122,54.12516297562,48.359488497209995,177.11873703601,192.21088429122,208.41139541597002,182.84838632237,77.30807404298
1,3,    623 - Nursing and Residential Care,,,00,000,33140,Michigan City-La Porte MSA,2023,000000,,1,1,22.079807857154,42.432755870470004,54.073766991119996,194.12294631398,203.16199838652003,197.01616062953,181.61201523268002,87.79844083295
1,3,    623 - Nursing and Residential Care,,,00,000,33140,Michigan City-La Porte MSA,2024,000000,,1,1,23.326011424349,50.37847762042001,54.62081450009,191.96776657622,197.38306202759998,187.25167727021002,168.58705763288998,83.03477629382002
1,3,    623 - Nursing and Residential Care,,,00,000,34620,Muncie MSA,2020,000000,,1,1,46.64358157822,139.41859999541,164.21914400205998,492.6904538275,439.2929664249,358.6691400941,321.64384945370006,119.36349406284
1,3,    623 - Nursing and Residential Care,,,00,000,34620,Muncie MSA,2021,000000,,1,1,48.20163481389999,141.76669064516,146.01860140803998,421.9974634254,421.0291619981,364.2772885631,294.60430588068004,116.48005638839001
1,3,    623 - Nursing and Residential Care,,,00,000,34620,Muncie MSA,2022,000000,,1,1,58.01400356174,143.10558013561,151.76421590986,422.18943671230005,420.04256841840004,358.26911709965,283.02541382281,125.13189152844
1,3,    623 - Nursing and Residential Care,,,00,000,34620,Muncie MSA,2023,000000,,1,1,66.00443946995,161.14881501129,169.23730124003998,427.69834921725,434.49781009467995,361.40680774183,284.36022482723,124.62496907428
1,3,    623 - Nursing and Residential Care,,,00,000,34620,Muncie MSA,2024,000000,,1,1,80.50972754314,171.27880900755198,184.63987711215498,426.85578857444006,424.24774767029,370.50110687088005,286.19957517879,125.651759068403
1,3,    623 - Nursing and Residential Care,,,00,000,43780,South Bend-Mishawaka MSA,2020,000000,,1,1,67.616230886545,170.43530008725003,166.68105663174998,723.8179675585,774.0623506632,771.7877681954,697.1056293513,255.12671556103
1,3,    623 - Nursing and Residential Care,,,00,000,43780,South Bend-Mishawaka MSA,2021,000000,,1,1,75.747604222588,154.78477549823998,151.04389102219002,632.1317766856,723.4989408772999,745.0234539314,689.3976590883001,250.37536689192
1,3,    623 - Nursing and Residential Care,,,00,000,43780,South Bend-Mishawaka MSA,2022,000000,,1,1,80.11439960908,139.87459346189002,156.0286388601,638.699360725,696.1349193521,756.8247568851,633.2865984151999,262.814095548
1,3,    623 - Nursing and Residential Care,,,00,000,43780,South Bend-Mishawaka MSA,2023,000000,,1,1,78.56697063259,158.08406489448,184.75992074110002,736.5873894070999,792.6295434659,810.327204527,654.5377830801,272.2791391326
1,3,    623 - Nursing and Residential Care,,,00,000,43780,South Bend-Mishawaka MSA,2024,000000,,1,1,71.28796161431,169.20123379031998,185.39931221800003,768.6971272526,840.6973363132001,845.1941012702,700.5642854268999,291.467678082
1,3,    623 - Nursing and Residential Care,,,00,000,45460,Terre Haute MSA,2020,000000,,1,1,49.161618142978995,186.7730855424,220.68770755366,509.9564456386,465.3019435896,467.1218197256,387.7940791413,135.63076942259
1,3,    623 - Nursing and Residential Care,,,00,000,45460,Terre Haute MSA,2021,000000,,1,1,57.364931187902,171.18613785965,192.55319784326002,473.0592371049,426.63367765299995,464.09261083010006,374.55749294780003,130.16505199377
1,3,    623 - Nursing and Residential Care,,,00,000,45460,Terre Haute MSA,2022,000000,,1,1,59.94650102405,156.48281300942,159.78845270763003,472.62193065820003,419.644562415,435.0387172083,368.5045659169,136.36213620702998
1,3,    623 - Nursing and Residential Care,,,00,000,45460,Terre Haute MSA,2023,000000,,1,1,60.95772932893,171.99229888615002,175.04271527198,521.2630494227001,451.06181284390004,459.53317818720006,383.8532276566,158.09664584048002
1,3,    623 - Nursing and Residential Care,,,00,000,45460,Terre Haute MSA,2024,000000,,1,1,67.16684759098,173.03318977231,188.56026000512998,527.338868069,443.9932721150001,456.5225781795,397.4490495672,165.84417431335
1,3,    623 - Nursing and Residential Care,,,18,000,00000,Indiana,2020,000000,,1,1,2544.47477076077,5005.030820347,4609.2129928839995,15869.396131975,16153.2436627,15104.661448892999,12771.335287236998,4625.579071122
1,3,    623 - Nursing and Residential Care,,,18,000,00000,Indiana,2021,000000,,1,1,2422.9624574613094,4718.8002399304,4228.259893534,14139.828848195002,15327.186369528,14502.93512572,12282.213285976999,4504.839154488999
1,3,    623 - Nursing and Residential Care,,,18,000,00000,Indiana,2022,000000,,1,1,2571.0434710787604,4522.5103913933,4236.690001751,14079.389036071001,15262.830216905,14437.918930028,12125.055789242,4896.9953834299995
1,3,    623 - Nursing and Residential Care,,,18,000,00000,Indiana,2023,000000,,1,1,2986.120568077,5095.653073509399,4762.710579537999,15298.619970406,16377.742459752,15193.83076674,12391.191617044,5386.106770097001
1,3,    623 - Nursing and Residential Care,,,18,000,00000,Indiana,2024,000000,,1,1,3078.95670015698,5467.9043308182,5060.1005731959995,15898.689376626999,16925.153247534,15739.641888508,12593.123497746,5615.6690608359995
2,1,    621 - Ambulatory Care,,,0,000,00000,United States,2020,621111,Offices of Physicians (except Mental Health Specialists),2,2,8440.16099346,44175.4026192,109912.56857,586988.252896,646819.04954,557048.760966,446231.506918,167924.831737
2,1,    621 - Ambulatory Care,,,0,000,00000,United States,2020,621112,"Offices of Physicians, Mental Health Specialists",2,2,91.2910496554,850.983130271,2420.80834048,13506.1438944,14703.952611,12582.3859122,9975.42789668,3837.36378213
2,1,    621 - Ambulatory Care,,,0,000,00000,United States,2020,621210,Offices of Dentists,2,2,7909.44987332,27313.5544626,51171.8378252,223853.003929,209293.57449,181041.404519,138404.235459,50384.1748997
2,1,    621 - Ambulatory Care,,,0,000,00000,United States,2020,621310,Offices of Chiropractors,2,2,941.359575113,3991.79698403,8662.81477981,37812.5026724,30960.1665464,26213.923002,18629.2673937,7500.81155714
2,1,    621 - Ambulatory Care,,,0,000,00000,United States,2020,621320,Offices of Optometrists,2,2,885.96234345,4023.94001872,8716.09726465,37533.138771,30563.0162322,25657.0173617,18198.2951466,7318.57705669
2,1,    621 - Ambulatory Care,,,0,000,00000,United States,2020,621330,Offices of Mental Health Practitioners (except Physicians),2,2,766.276858446,3707.47667971,8670.44744584,36628.0283229,28269.8123787,23007.183167,16447.689877,6955.14231406
2,1,    621 - Ambulatory Care,,,0,000,00000,United States,2020,621340,"Offices of Physical, Occupational and Speech Therapists, and Audiologists",2,2,2858.36232731,11707.8272827,25842.2139517,111125.457211,87776.6459719,73359.243375,52108.1813477,21479.9090894
2,1,    621 - Ambulatory Care,,,0,000,00000,United States,2020,621391,Offices of Podiatrists,2,2,121.450822187,836.454587586,1991.23619468,9357.24148967,7494.05150177,6480.28307999,4599.44218715,1714.42155201
2,1,    621 - Ambulatory Care,,,0,000,00000,United States,2020,621399,Offices of All Other Miscellaneous Health Practitioners,2,2,604.211039517,3018.28961422,7225.58041619,32159.4027241,25570.538266,20932.8674286,14521.9855355,5988.40875015
2,1,    621 - Ambulatory Care,,,0,000,00000,United States,2020,621410,Family Planning Centers,2,2,2.60272014872,173.853453987,809.497292011,6054.27678386,6451.78823141,5341.88252915,3907.52047846,1214.82801249
2,1,    621 - Ambulatory Care,,,0,000,00000,United States,2020,621420,Outpatient Mental Health and Substance Abuse Centers,2,2,272.021645997,3198.90947732,10426.6846326,63436.9179336,65262.9406279,55701.69197,43132.2146104,14721.8682922
2,1,    621 - Ambulatory Care,,,0,000,00000,United States,2020,621491,HMO Medical Centers,2,2,127.301365369,1537.74523573,5774.90991255,46374.0569574,59466.5585107,48843.1281638,34047.0480971,9965.40669899
2,1,    621 - Ambulatory Care,,,0,000,00000,United States,2020,621492,Kidney Dialysis Centers,2,2,81.4000267044,1408.82824972,4854.42110556,32617.1232633,35462.9410659,30291.0421344,21719.6903995,6922.62867842
2,1,    621 - Ambulatory Care,,,0,000,00000,United States,2020,621493,Freestanding Ambulatory Surgical and Emergency Centers,2,2,177.201345881,2091.61790699,6410.36778686,39789.0136339,41971.9287261,35504.273686,26247.319007,8525.78698188
2,1,    621 - Ambulatory Care,,,0,000,00000,United States,2020,621498,All Other Outpatient Care Centers,2,2,201.886337008,2379.74397538,7439.40602005,47402.037233,49626.7576345,41659.3460565,31460.0814566,10664.4187071
2,1,    621 - Ambulatory Care,,,0,000,00000,United States,2020,621511,Medical Laboratories,2,2,347.328140365,2923.96075742,9707.64449054,50170.3578637,51721.4445394,45480.9894386,35931.9831349,11396.464991
2,1,    621 - Ambulatory Care,,,0,000,00000,United States,2020,621512,Diagnostic Imaging Centers,2,2,93.1375572802,1041.85882554,3251.6003524,17476.9422696,18569.5367603,16701.6146663,13077.5114065,4107.32668525
2,1,    621 - Ambulatory Care,,,0,000,00000,United States,2020,621610,Home Health Care Services,2,2,5243.18081917,34642.899867,50387.7124083,257433.623234,329362.592023,360719.543004,320009.539823,134263.283415
2,1,    621 - Ambulatory Care,,,0,000,00000,United States,2020,621910,Ambulance Services,2,2,330.81177439,7425.63559224,14554.7753497,49379.0812808,38228.9383919,30360.0467469,19630.2837956,6520.4951407
2,1,    621 - Ambulatory Care,,,0,000,00000,United States,2020,621991,Blood and Organ Banks,2,2,147.70778839,3391.10437947,6524.11618989,22568.9605353,17919.4343535,13838.8021656,9498.95644966,3096.22887354
2,1,    621 - Ambulatory Care,,,0,000,00000,United States,2020,621999,All Other Miscellaneous Ambulatory Health Care Services,2,2,113.11936176,2278.83847319,4805.17756985,18514.7176732,15281.6389203,12585.1250669,8686.87688318,2749.58580722
2,1,    621 - Ambulatory Care,,,0,000,00000,United States,2021,621111,Offices of Physicians (except Mental Health Specialists),2,2,10484.2080453,54299.3519305,121460.75787,605063.717872,675046.925285,577881.504831,455164.445188,178909.243349
2,1,    621 - Ambulatory Care,,,0,000,00000,United States,2021,621112,"Offices of Physicians, Mental Health Specialists",2,2,139.543971442,1145.62055477,2841.6125203,14610.5571825,16077.439966,13683.3805308,10689.2495698,4288.67683078
2,1,    621 - Ambulatory Care,,,0,000,00000,United States,2021,621210,Offices of Dentists,2,2,9922.14340261,35832.9168347,59834.226152,248121.989894,230543.11801,198738.898835,150183.887749,57981.682845
2,1,    621 - Ambulatory Care,,,0,000,00000,United States,2021,621310,Offices of Chiropractors,2,2,1156.46222331,4889.8996771,9617.26801435,40204.5722127,32423.4863715,27292.2436533,19241.6802582,8120.4644682
2,1,    621 - Ambulatory Care,,,0,000,00000,United States,2021,621320,Offices of Optometrists,2,2,1156.38538066,5035.61097046,9944.72875783,41032.3648244,32950.965476,27481.5455412,19315.5179548,8210.47386309
2,1,    621 - Ambulatory Care,,,0,000,00000,United States,2021,621330,Offices of Mental Health Practitioners (except Physicians),2,2,1107.30531429,5125.97614056,10756.3974965,43816.7376611,33502.8685637,27189.8358464,19099.5455635,8526.36679019
2,1,    621 - Ambulatory Care,,,0,000,00000,United States,2021,621340,"Offices of Physical, Occupational and Speech Therapists, and Audiologists",2,2,3593.68377082,14466.6831153,28917.5250506,119001.668275,92580.9935131,77257.6148779,54278.9447272,23504.6248987
2,1,    621 - Ambulatory Care,,,0,000,00000,United States,2021,621391,Offices of Podiatrists,2,2,158.151976402,1037.1261171,2176.88198594,9666.0952366,7611.08483918,6535.48373608,4593.37341045,1813.00937666
2,1,    621 - Ambulatory Care,,,0,000,00000,United States,2021,621399,Offices of All Other Miscellaneous Health Practitioners,2,2,861.08182464,4062.88387043,8688.01122307,37064.5737742,29192.8356246,23976.0796225,16440.4096085,7087.42545759
2,1,    621 - Ambulatory Care,,,0,000,00000,United States,2021,621410,Family Planning Centers,2,2,6.92109545209,235.281805406,898.002846018,6227.52969815,6774.74197065,5578.77421686,4051.70946145,1320.83443921
2,1,    621 - Ambulatory Care,,,0,000,00000,United States,2021,621420,Outpatient Mental Health and Substance Abuse Centers,2,2,361.91936583,3870.02690239,11253.9087508,64822.1673498,67321.9728409,57258.9030088,43354.3551726,15431.0286861
2,1,    621 - Ambulatory Care,,,0,000,00000,United States,2021,621491,HMO Medical Centers,2,2,184.10362472,1798.20186306,5803.1360928,44241.4938921,58213.7983215,48437.6401509,32890.6359757,10126.1625448
2,1,    621 - Ambulatory Care,,,0,000,00000,United States,2021,621492,Kidney Dialysis Centers,2,2,118.958895369,1670.0902607,4988.4070544,31436.2669016,34556.265032,29637.7283328,20915.253844,7008.14019129
2,1,    621 - Ambulatory Care,,,0,000,00000,United States,2021,621493,Freestanding Ambulatory Surgical and Emergency Centers,2,2,245.015452728,2654.219873,7124.13761739,41460.9014552,44145.2757193,37298.1508586,27176.7491854,9272.29356565
2,1,    621 - Ambulatory Care,,,0,000,00000,United States,2021,621498,All Other Outpatient Care Centers,2,2,287.1698972,3141.14240926,8359.86149979,50497.7796065,53721.8656456,45023.0739438,33370.6800908,11867.6320177
2,1,    621 - Ambulatory Care,,,0,000,00000,United States,2021,621511,Medical Laboratories,2,2,534.17024754,4176.62515391,12383.8048494,55844.7208308,55278.1413838,48345.1970245,37709.0789619,12568.740661
2,1,    621 - Ambulatory Care,,,0,000,00000,United States,2021,621512,Diagnostic Imaging Centers,2,2,140.679047756,1501.93198015,4105.60334785,19394.7529792,19735.7494017,17634.9225282,13650.3404098,4531.96386186
2,1,    621 - Ambulatory Care,,,0,000,00000,United States,2021,621610,Home Health Care Services,2,2,5722.34496473,36789.4568933,51821.6072652,254032.72354,331348.009845,363338.447538,325668.464244,141946.73631
2,1,    621 - Ambulatory Care,,,0,000,00000,United States,2021,621910,Ambulance Services,2,2,411.506850506,7690.17483388,14012.9745035,47430.4092954,37446.1639341,29684.2789114,19578.8847246,6808.70458518
2,1,    621 - Ambulatory Care,,,0,000,00000,United States,2021,621991,Blood and Organ Banks,2,2,172.887963113,3596.37521126,6448.27193688,22106.96536,18147.7665302,13993.1022199,9556.76882809,3232.01241776
2,1,    621 - Ambulatory Care,,,0,000,00000,United States,2021,621999,All Other Miscellaneous Ambulatory Health Care Services,2,2,140.090496858,2731.72763446,5273.12289101,20190.3425125,17219.4961401,14164.9506636,9795.06642419,3268.25093883
2,1,    621 - Ambulatory Care,,,0,000,00000,United States,2022,621111,Offices of Physicians (except Mental Health Specialists),2,2,10781.4587838,61097.6821779,129677.977915,615374.388663,692412.845589,591306.048199,456176.18169,187877.219593
2,1,    621 - Ambulatory Care,,,0,000,00000,United States,2022,621112,"Offices of Physicians, Mental Health Specialists",2,2,167.948531734,1448.94249908,3342.27841963,16345.0594952,18147.326917,15438.0823185,11828.0587527,4992.03473213
2,1,    621 - Ambulatory Care,,,0,000,00000,United States,2022,621210,Offices of Dentists,2,2,9908.94889113,39607.3641086,62673.8026246,251728.930601,235354.725491,201392.922485,150679.027412,61914.4789145
2,1,    621 - Ambulatory Care,,,0,000,00000,United States,2022,621310,Offices of Chiropractors,2,2,1190.00397791,5321.51911909,9757.5488752,40761.8163613,32864.944316,27538.8574312,19257.1242759,8500.33170147
2,1,    621 - Ambulatory Care,,,0,000,00000,United States,2022,621320,Offices of Optometrists,2,2,1185.07302744,5576.36552268,10263.3889251,42135.4006516,33990.3677952,28202.1950526,19596.8591353,8676.93624512
2,1,    621 - Ambulatory Care,,,0,000,00000,United States,2022,621330,Offices of Mental Health Practitioners (except Physicians),2,2,1328.96313167,6409.04708779,12518.6643452,51063.0981727,39321.2370084,31679.0858995,21988.8324191,10320.6944744
2,1,    621 - Ambulatory Care,,,0,000,00000,United States,2022,621340,"Offices of Physical, Occupational and Speech Therapists, and Audiologists",2,2,3918.79732682,16706.9449511,31306.2127303,127369.065456,99332.9004593,82055.4244341,57089.5639817,26014.4971218
2,1,    621 - Ambulatory Care,,,0,000,00000,United States,2022,621391,Offices of Podiatrists,2,2,168.185014822,1122.56892889,2176.06727898,9596.10187566,7592.49248703,6430.38139257,4503.65332,1873.60407179
2,1,    621 - Ambulatory Care,,,0,000,00000,United States,2022,621399,Offices of All Other Miscellaneous Health Practitioners,2,2,965.490609029,4846.25440867,9623.42314177,40786.5648916,32618.4167868,26747.3360872,18091.1967238,8191.26450728
2,1,    621 - Ambulatory Care,,,0,000,00000,United States,2022,621410,Family Planning Centers,2,2,6.17384037217,278.238475304,973.313730185,6577.98999584,7357.42933931,6044.39612801,4296.77343384,1472.36815965
2,1,    621 - Ambulatory Care,,,0,000,00000,United States,2022,621420,Outpatient Mental Health and Substance Abuse Centers,2,2,397.062344637,4368.26702945,12171.2085286,67311.295454,71150.3523007,60400.730198,44868.8269677,16769.3169393
2,1,    621 - Ambulatory Care,,,0,000,00000,United States,2022,621491,HMO Medical Centers,2,2,196.40690628,2107.4291904,6056.83577141,43984.0238618,58213.0336062,49151.7124331,32223.6323902,10445.9201598
2,1,    621 - Ambulatory Care,,,0,000,00000,United States,2022,621492,Kidney Dialysis Centers,2,2,130.622146715,1857.34645998,5226.49794272,31187.3955035,34768.0809458,29766.1223076,20802.9572608,7325.04113724
2,1,    621 - Ambulatory Care,,,0,000,00000,United States,2022,621493,Freestanding Ambulatory Surgical and Emergency Centers,2,2,260.355064588,2987.51184274,7568.69294968,42044.7954693,45450.639599,38291.2807324,27444.8620749,9865.91040036
2,1,    621 - Ambulatory Care,,,0,000,00000,United States,2022,621498,All Other Outpatient Care Centers,2,2,345.274139338,3612.48043169,9130.92643018,52537.2419566,57024.5937684,47490.9355712,34688.9652833,12887.2268936
2,1,    621 - Ambulatory Care,,,0,000,00000,United States,2022,621511,Medical Laboratories,2,2,485.382149308,4660.87865711,12848.5149227,59229.3769478,57764.4420171,50550.6878071,38799.6760024,13600.5155332
2,1,    621 - Ambulatory Care,,,0,000,00000,United States,2022,621512,Diagnostic Imaging Centers,2,2,125.966701344,1618.70225441,4158.07930282,19884.2916364,20193.2016084,18032.8786751,13914.1297315,4846.79442863
2,1,    621 - Ambulatory Care,,,0,000,00000,United States,2022,621610,Home Health Care Services,2,2,5120.13216643,33561.541225,50102.0731604,253862.24176,338330.158446,368783.906024,334553.978908,153697.15121
2,1,    621 - Ambulatory Care,,,0,000,00000,United States,2022,621910,Ambulance Services,2,2,476.799528374,8225.56423198,14126.1700416,46823.2201996,37213.5422424,29461.2029224,19631.3507437,7251.46302185
2,1,    621 - Ambulatory Care,,,0,000,00000,United States,2022,621991,Blood and Organ Banks,2,2,245.967915008,4312.20385521,7202.93631446,23779.1974405,19700.3254592,15207.1696022,10367.4166437,3727.88057697
2,1,    621 - Ambulatory Care,,,0,000,00000,United States,2022,621999,All Other Miscellaneous Ambulatory Health Care Services,2,2,186.459391444,3275.2707134,5845.07223469,21733.2646155,19023.1106155,15545.6186992,10793.9857784,3819.29125708
2,1,    621 - Ambulatory Care,,,0,000,00000,United States,2023,621111,Offices of Physicians (except Mental Health Specialists),2,2,11408.9789373,66206.0454312,136828.168254,629349.331968,713195.477751,608724.341296,462458.844606,199022.200148
2,1,    621 - Ambulatory Care,,,0,000,00000,United States,2023,621112,"Offices of Physicians, Mental Health Specialists",2,2,195.519736576,1709.73227138,3756.86631237,17731.9565489,19846.5894301,16842.8291431,12716.6595851,5590.48170559
2,1,    621 - Ambulatory Care,,,0,000,00000,United States,2023,621210,Offices of Dentists,2,2,10056.4484556,41920.5790794,64769.951591,253526.705226,238954.201508,203923.995235,150900.694643,65827.2908711
2,1,    621 - Ambulatory Care,,,0,000,00000,United States,2023,621310,Offices of Chiropractors,2,2,1223.19477403,5647.31938128,9816.60554202,40844.2104318,33382.8263229,27778.1186878,19275.9254488,8867.22745687
2,1,    621 - Ambulatory Care,,,0,000,00000,United States,2023,621320,Offices of Optometrists,2,2,1226.0588722,5918.49595564,10355.6224583,42361.0341111,34519.5100177,28515.1017376,19608.6154654,9035.27502538
2,1,    621 - Ambulatory Care,,,0,000,00000,United States,2023,621330,Offices of Mental Health Practitioners (except Physicians),2,2,1631.94448791,8109.7978583,14836.158,60376.9994489,47076.2592077,37678.7735417,25685.5122909,12572.8995844
2,1,    621 - Ambulatory Care,,,0,000,00000,United States,2023,621340,"Offices of Physical, Occupational and Speech Therapists, and Audiologists",2,2,4244.43348518,18755.6517191,33296.6937693,134476.279787,106026.103382,87007.9326696,59720.6474497,28283.391227
2,1,    621 - Ambulatory Care,,,0,000,00000,United States,2023,621391,Offices of Podiatrists,2,2,167.372230597,1199.71632294,2190.90076076,9586.20086606,7685.67144977,6432.20981918,4445.36239075,1947.2759901700001
2,1,    621 - Ambulatory Care,,,0,000,00000,United States,2023,621399,Offices of All Other Miscellaneous Health Practitioners,2,2,1053.32021596,5425.90026924,10146.1870495,42805.0581193,34847.0010375,28385.889739,19020.7716611,8921.97034961
2,1,    621 - Ambulatory Care,,,0,000,00000,United States,2023,621410,Family Planning Centers,2,2,10.0709123226,321.980615555,1055.81442563,6917.85755855,7774.93699661,6391.29661587,4464.84135424,1630.30578194
2,1,    621 - Ambulatory Care,,,0,000,00000,United States,2023,621420,Outpatient Mental Health and Substance Abuse Centers,2,2,483.704856177,4937.36160901,13134.2577117,71154.1346869,76231.077192,64455.2518332,46969.5853624,18381.3782437
2,1,    621 - Ambulatory Care,,,0,000,00000,United States,2023,621491,HMO Medical Centers,2,2,210.833721002,2279.32824593,6263.95789634,45363.6880658,60398.4711864,51416.0048097,33153.2711673,11239.1985142
2,1,    621 - Ambulatory Care,,,0,000,00000,United States,2023,621492,Kidney Dialysis Centers,2,2,137.993135222,1944.97093049,5177.55483954,30605.6880756,34455.6734213,29416.1842733,20371.0955247,7534.61598648
2,1,    621 - Ambulatory Care,,,0,000,00000,United States,2023,621493,Freestanding Ambulatory Surgical and Emergency Centers,2,2,303.03428275,3241.8025199,7836.12432352,42643.4340389,46474.9190385,39002.783004,27632.2668686,10455.4158694
2,1,    621 - Ambulatory Care,,,0,000,00000,United States,2023,621498,All Other Outpatient Care Centers,2,2,385.826268028,3981.90904105,9867.73916198,55859.7791415,60843.7369445,50906.6017164,36627.140257,14325.4884659
2,1,    621 - Ambulatory Care,,,0,000,00000,United States,2023,621511,Medical Laboratories,2,2,427.981433106,4221.86079314,11629.7844646,56819.6349748,56464.2567344,49812.7232526,38538.3033555,14310.597055
2,1,    621 - Ambulatory Care,,,0,000,00000,United States,2023,621512,Diagnostic Imaging Centers,2,2,119.046639586,1570.65458966,3934.05504102,19623.4368406,20238.580965,18119.0794045,14129.0702921,5246.41150442
2,1,    621 - Ambulatory Care,,,0,000,00000,United States,2023,621610,Home Health Care Services,2,2,5895.16307727,35920.9788219,52874.5876333,268241.122219,360169.669221,387803.662046,352184.930341,170793.257202
2,1,    621 - Ambulatory Care,,,0,000,00000,United States,2023,621910,Ambulance Services,2,2,574.343353713,8943.83621755,14453.4614401,47179.174768,38094.9262404,29919.6555297,19938.2859357,7843.23887926
2,1,    621 - Ambulatory Care,,,0,000,00000,United States,2023,621991,Blood and Organ Banks,2,2,273.02073398,4477.85820569,7327.86834911,24233.1507142,20373.5154373,15846.4530734,10651.6983568,4082.66141932
2,1,    621 - Ambulatory Care,,,0,000,00000,United States,2023,621999,All Other Miscellaneous Ambulatory Health Care Services,2,2,258.088009977,3867.19840973,6665.22051126,25069.995116,23092.2587664,18626.8141562,12956.2348899,4862.32228038
2,1,    621 - Ambulatory Care,,,0,000,00000,United States,2024,621111,Offices of Physicians (except Mental Health Specialists),2,2,11522.4173785,67988.0114363,141054.574237,637495.464486,727315.035905,620403.635815,468807.011753,206318.719632
2,1,    621 - Ambulatory Care,,,0,000,00000,United States,2024,621112,"Offices of Physicians, Mental Health Specialists",2,2,208.549129152,1838.64522751,4069.16896755,18725.5044835,21116.5758801,17902.4680991,13444.9310578,6073.36564055
2,1,    621 - Ambulatory Care,,,0,000,00000,United States,2024,621210,Offices of Dentists,2,2,10237.8967316,42472.1486691,66883.6472905,255838.39804,241973.961745,206193.419601,151926.112788,67933.8552475
2,1,    621 - Ambulatory Care,,,0,000,00000,United States,2024,621310,Offices of Chiropractors,2,2,1191.35937706,5730.44173256,9920.17099206,40831.1756593,33377.8448227,27611.1733649,19113.7774926,8986.61078576
2,1,    621 - Ambulatory Care,,,0,000,00000,United States,2024,621320,Offices of Optometrists,2,2,1247.58066916,6153.18086777,10595.060186,42946.206205,35061.9269837,28817.2906861,19750.5411371,9320.5801701
2,1,    621 - Ambulatory Care,,,0,000,00000,United States,2024,621330,Offices of Mental Health Practitioners (except Physicians),2,2,2012.94871889,9993.17334966,18217.5070469,72888.8744081,56699.8987239,45050.0867123,30452.1494243,15321.8340499
2,1,    621 - Ambulatory Care,,,0,000,00000,United States,2024,621340,"Offices of Physical, Occupational and Speech Therapists, and Audiologists",2,2,4415.31052322,19963.0936185,35289.7025246,140696.890568,110768.114154,90337.2904691,61831.9912902,29788.6080129
2,1,    621 - Ambulatory Care,,,0,000,00000,United States,2024,621391,Offices of Podiatrists,2,2,161.726204995,1199.90191876,2189.76487126,9440.68040534,7566.79221393,6278.96745046,4332.6269287,1955.97519046
2,1,    621 - Ambulatory Care,,,0,000,00000,United States,2024,621399,Offices of All Other Miscellaneous Health Practitioners,2,2,1136.70888929,5921.8616491,10898.7231049,44977.3940573,36462.071066,29417.6857283,19667.6464048,9518.20360441
2,1,    621 - Ambulatory Care,,,0,000,00000,United States,2024,621410,Family Planning Centers,2,2,14.0776468972,341.27710523,1110.86317945,7182.93793266,8082.52729143,6683.43681092,4608.58917707,1744.2571609
2,1,    621 - Ambulatory Care,,,0,000,00000,United States,2024,621420,Outpatient Mental Health and Substance Abuse Centers,2,2,548.722617503,5286.5298418,13906.3502785,75019.4448067,80789.3272961,68358.5657317,49324.9571143,19791.664884
2,1,    621 - Ambulatory Care,,,0,000,00000,United States,2024,621491,HMO Medical Centers,2,2,234.242742175,2452.09989416,6657.81425059,47275.1627975,62790.9689651,53366.3116758,34429.6025785,11867.5847909
2,1,    621 - Ambulatory Care,,,0,000,00000,United States,2024,621492,Kidney Dialysis Centers,2,2,129.14530711,1953.59767124,5198.48365141,30404.599673,34309.4234247,29304.1861469,20239.7719949,7698.94628544
2,1,    621 - Ambulatory Care,,,0,000,00000,United States,2024,621493,Freestanding Ambulatory Surgical and Emergency Centers,2,2,306.884095639,3244.02084413,7929.07479889,42814.6098663,46900.4665915,39393.6590463,27651.6720649,10768.3817211
2,1,    621 - Ambulatory Care,,,0,000,00000,United States,2024,621498,All Other Outpatient Care Centers,2,2,429.198458776,4368.2803995,10723.440029,59981.1836069,65806.6920458,54877.4850825,39256.057332,15771.3349294
2,1,    621 - Ambulatory Care,,,0,000,00000,United States,2024,621511,Medical Laboratories,2,2,398.131569669,4028.82862354,11000.4244664,54911.2025045,54962.2245409,48609.5062527,37655.3214014,14389.1799314
2,1,    621 - Ambulatory Care,,,0,000,00000,United States,2024,621512,Diagnostic Imaging Centers,2,2,118.407665118,1603.99353912,4018.7455137,20080.8140066,20775.1973399,18675.7787934,14570.4418066,5613.55791044
2,1,    621 - Ambulatory Care,,,0,000,00000,United States,2024,621610,Home Health Care Services,2,2,6504.82389877,39894.0573129,57907.9267747,289910.234393,389403.351963,416100.199434,376723.550755,186473.6149
2,1,    621 - Ambulatory Care,,,0,000,00000,United States,2024,621910,Ambulance Services,2,2,583.268298599,9514.43673644,14980.9227499,48256.8118954,39031.3183517,30648.3709978,20385.1021036,8290.23073743
2,1,    621 - Ambulatory Care,,,0,000,00000,United States,2024,621991,Blood and Organ Banks,2,2,274.190140988,4481.30158174,7350.36601963,24402.1795778,20629.9644307,16032.1644265,10833.4990307,4243.84903995
2,1,    621 - Ambulatory Care,,,0,000,00000,United States,2024,621999,All Other Miscellaneous Ambulatory Health Care Services,2,2,268.791104351,4116.93573984,7047.48022565,26213.3375327,24204.6392021,19343.3463466,13466.0254026,5209.39447293
2,1,    621 - Ambulatory Care,,,00,000,14020,Bloomington MSA,2020,621111,Offices of Physicians (except Mental Health Specialists),2,2,3.09631345987,26.0150740685,61.9852841674,335.543278427,404.36754168,319.479043721,272.287256434,99.5916462414
2,1,    621 - Ambulatory Care,,,00,000,14020,Bloomington MSA,2020,621112,"Offices of Physicians, Mental Health Specialists",2,2,0.0,0.0,0.647135743149,3.55927006523,4.72138501643,3.7224425233,3.16590873573,0.683857916167
2,1,    621 - Ambulatory Care,,,00,000,14020,Bloomington MSA,2020,621210,Offices of Dentists,2,2,4.57008156968,10.4187917174,22.6403022259,102.867938725,95.8841419577,79.2199038981,63.5108697046,20.0239666819
2,1,    621 - Ambulatory Care,,,00,000,14020,Bloomington MSA,2020,621310,Offices of Chiropractors,2,2,0.755897548311,3.82170548464,8.29078369699,23.4294487577,19.4525264085,11.3702049763,8.71414096041,5.30260702349
2,1,    621 - Ambulatory Care,,,00,000,14020,Bloomington MSA,2020,621320,Offices of Optometrists,2,2,0.94108403008,4.75798077041,10.3219333778,29.1694027963,22.8019976438,13.3101905336,8.04569879953,4.07010649509
2,1,    621 - Ambulatory Care,,,00,000,14020,Bloomington MSA,2020,621330,Offices of Mental Health Practitioners (except Physicians),2,2,0.0,1.51772632166,4.0200362025,11.4736858415,8.88058977545,5.18385905516,4.39561625317,2.71225123247
2,1,    621 - Ambulatory Care,,,00,000,14020,Bloomington MSA,2020,621340,"Offices of Physical, Occupational and Speech Therapists, and Audiologists",2,2,1.446979828,7.31571461926,15.8706650057,45.3228648349,35.0596010284,20.4653108472,11.983753294,6.25806177554
2,1,    621 - Ambulatory Care,,,00,000,14020,Bloomington MSA,2020,621391,Offices of Podiatrists,2,2,0.0,0.0,0.949082218665,2.69633967405,2.46536367294,1.14726970767,0.627454861354,0.0
2,1,    621 - Ambulatory Care,,,00,000,14020,Bloomington MSA,2020,621399,Offices of All Other Miscellaneous Health Practitioners,2,2,0.0,0.849621500634,1.91380057864,6.45805786704,4.97134424294,2.90191851236,1.26524704932,0.602977344743
2,1,    621 - Ambulatory Care,,,00,000,14020,Bloomington MSA,2020,621410,Family Planning Centers,2,2,0.0,0.0,0.0,1.20817336738,1.25583085112,1.12611870492,0.817307093284,0.0
2,1,    621 - Ambulatory Care,,,00,000,14020,Bloomington MSA,2020,621420,Outpatient Mental Health and Substance Abuse Centers,2,2,0.0,5.53418417912,25.3312116372,87.3201669246,87.2786083525,78.4590547304,59.7514371759,21.3993920025
2,1,    621 - Ambulatory Care,,,00,000,14020,Bloomington MSA,2020,621491,HMO Medical Centers,2,2,0.0,0.0,0.0,0.0,0.0,0.0,0.0,0.0
2,1,    621 - Ambulatory Care,,,00,000,14020,Bloomington MSA,2020,621492,Kidney Dialysis Centers,2,2,0.0,0.0,0.676518401201,2.14615264114,2.23080955989,2.0003938988,1.45183284472,0.0
2,1,    621 - Ambulatory Care,,,00,000,14020,Bloomington MSA,2020,621493,Freestanding Ambulatory Surgical and Emergency Centers,2,2,0.0,1.24992968026,7.07467351651,22.6400194171,22.6247164268,20.5293673259,15.2988537123,5.97656811833
2,1,    621 - Ambulatory Care,,,00,000,14020,Bloomington MSA,2020,621498,All Other Outpatient Care Centers,2,2,0.0,0.763466598713,4.3212646375,13.8372590541,13.8193496563,12.5394944161,9.34465673745,3.65053347029
2,1,    621 - Ambulatory Care,,,00,000,14020,Bloomington MSA,2020,621511,Medical Laboratories,2,2,0.0,0.0,0.671405205577,1.36700164456,2.38477216405,4.06758713129,2.55188729973,0.65156880129
2,1,    621 - Ambulatory Care,,,00,000,14020,Bloomington MSA,2020,621512,Diagnostic Imaging Centers,2,2,0.0,1.38947188982,5.98817725145,9.7080815031,16.9360165931,29.2127739537,18.1228237663,6.02416826367
2,1,    621 - Ambulatory Care,,,00,000,14020,Bloomington MSA,2020,621610,Home Health Care Services,2,2,13.0711467133,49.2008381558,28.022340511,87.702884039,113.177708842,100.441724266,73.6267768428,32.4348980342
2,1,    621 - Ambulatory Care,,,00,000,14020,Bloomington MSA,2020,621910,Ambulance Services,2,2,0.0,0.0,0.0,0.0,0.0,0.0,0.0,0.0
2,1,    621 - Ambulatory Care,,,00,000,14020,Bloomington MSA,2020,621991,Blood and Organ Banks,2,2,0.0,3.96207218584,4.80440139272,13.1473623925,7.00039425197,5.66473077482,4.03889732979,0.0
2,1,    621 - Ambulatory Care,,,00,000,14020,Bloomington MSA,2020,621999,All Other Miscellaneous Ambulatory Health Care Services,2,2,0.0,0.0,0.615301394584,1.46938841853,0.649906936157,0.0,0.612826301194,0.0
2,1,    621 - Ambulatory Care,,,00,000,14020,Bloomington MSA,2021,621111,Offices of Physicians (except Mental Health Specialists),2,2,4.20933719579,30.4499017883,68.4253435007,334.504189906,400.976643522,325.455008968,284.204558205,99.5403872355
2,1,    621 - Ambulatory Care,,,00,000,14020,Bloomington MSA,2021,621112,"Offices of Physicians, Mental Health Specialists",2,2,0.0,0.0,0.0,1.34697914394,1.50620746258,1.16437848048,0.982434912995,0.0
2,1,    621 - Ambulatory Care,,,00,000,14020,Bloomington MSA,2021,621210,Offices of Dentists,2,2,6.91537001278,16.3625474568,29.8077792627,103.654189666,99.9401734318,97.2945660649,70.078649725,22.1856978692
2,1,    621 - Ambulatory Care,,,00,000,14020,Bloomington MSA,2021,621310,Offices of Chiropractors,2,2,0.0,3.82868368928,10.6740558636,24.3428608982,15.432329909,9.84044304113,7.42261517162,4.86101424889
2,1,    621 - Ambulatory Care,,,00,000,14020,Bloomington MSA,2021,621320,Offices of Optometrists,2,2,0.590133791564,5.89160997762,16.4253250284,37.7961418061,23.3307002164,15.1425547552,9.09333505764,4.73401310663
2,1,    621 - Ambulatory Care,,,00,000,14020,Bloomington MSA,2021,621330,Offices of Mental Health Practitioners (except Physicians),2,2,0.0,1.97440670505,6.51366302855,15.0069097456,9.75440435024,6.54623507882,5.81496218142,4.48225767476
2,1,    621 - Ambulatory Care,,,00,000,14020,Bloomington MSA,2021,621340,"Offices of Physical, Occupational and Speech Therapists, and Audiologists",2,2,1.90864795561,12.4677370629,34.7590275672,80.1264775584,49.3720794311,32.044448269,19.2431798701,10.0180478494
2,1,    621 - Ambulatory Care,,,00,000,14020,Bloomington MSA,2021,621391,Offices of Podiatrists,2,2,0.0,0.0,1.31294250863,3.63641932203,2.26488216429,1.11233261499,0.650917863547,0.0
2,1,    621 - Ambulatory Care,,,00,000,14020,Bloomington MSA,2021,621399,Offices of All Other Miscellaneous Health Practitioners,2,2,0.0,1.24187582695,4.09700830097,9.48768529789,5.81943263154,3.77704382852,2.26817241974,0.725485430001
2,1,    621 - Ambulatory Care,,,00,000,14020,Bloomington MSA,2021,621410,Family Planning Centers,2,2,0.0,0.0,0.0,0.0,0.346543955454,0.0,0.0,0.0
2,1,    621 - Ambulatory Care,,,00,000,14020,Bloomington MSA,2021,621420,Outpatient Mental Health and Substance Abuse Centers,2,2,0.0,7.2766576147,25.1372128993,81.8902982121,90.5932608187,81.5322678983,56.9840725835,22.5363637159
2,1,    621 - Ambulatory Care,,,00,000,14020,Bloomington MSA,2021,621491,HMO Medical Centers,2,2,0.0,0.0,0.0,0.0,0.0,0.0,0.0,0.0
2,1,    621 - Ambulatory Care,,,00,000,14020,Bloomington MSA,2021,621492,Kidney Dialysis Centers,2,2,0.0,1.01120264084,4.20107473754,12.6196058099,14.0244187011,12.6794736515,8.56708822442,3.76640595207
2,1,    621 - Ambulatory Care,,,00,000,14020,Bloomington MSA,2021,621493,Freestanding Ambulatory Surgical and Emergency Centers,2,2,0.0,1.59815215768,6.63957587254,19.8668782067,22.1648501518,20.0392358129,13.539828693,5.95260490421
2,1,    621 - Ambulatory Care,,,00,000,14020,Bloomington MSA,2021,621498,All Other Outpatient Care Centers,2,2,0.0,0.540916767785,1.8251911566,6.72092245187,7.50200101094,6.78255735083,4.58274284948,2.01474170605
2,1,    621 - Ambulatory Care,,,00,000,14020,Bloomington MSA,2021,621511,Medical Laboratories,2,2,0.0,0.0,1.87445349656,3.09809276528,5.01775207505,7.27822968943,5.71097497728,1.48383023834
2,1,    621 - Ambulatory Care,,,00,000,14020,Bloomington MSA,2021,621512,Diagnostic Imaging Centers,2,2,0.0,0.0,4.69026163977,8.61734248175,12.6073221256,18.2116022512,14.2900140819,4.81795510403
2,1,    621 - Ambulatory Care,,,00,000,14020,Bloomington MSA,2021,621610,Home Health Care Services,2,2,7.35066412001,35.6996703384,28.3649863401,76.3129765623,95.0794844764,86.776142511,67.1195590148,31.2123623532
2,1,    621 - Ambulatory Care,,,00,000,14020,Bloomington MSA,2021,621910,Ambulance Services,2,2,0.0,0.0,0.0,0.0,0.0,0.0,0.0,0.0
2,1,    621 - Ambulatory Care,,,00,000,14020,Bloomington MSA,2021,621991,Blood and Organ Banks,2,2,0.0,5.77282660642,7.46294684456,13.3693038566,9.35030031286,6.1639070059,3.86975914794,0.0
2,1,    621 - Ambulatory Care,,,00,000,14020,Bloomington MSA,2021,621999,All Other Miscellaneous Ambulatory Health Care Services,2,2,0.0,1.94697971483,2.51700026865,4.43399014438,3.15354093893,2.07887794365,1.47883319375,0.0
2,1,    621 - Ambulatory Care,,,00,000,14020,Bloomington MSA,2022,621111,Offices of Physicians (except Mental Health Specialists),2,2,1.95599710182,36.8395831314,78.8868834189,332.946457686,375.384356878,329.87320985,252.51383459,95.6347450694
2,1,    621 - Ambulatory Care,,,00,000,14020,Bloomington MSA,2022,621112,"Offices of Physicians, Mental Health Specialists",2,2,0.0,0.0,0.0,2.01210312864,2.13596532582,1.77496382926,1.32696771627,0.0
2,1,    621 - Ambulatory Care,,,00,000,14020,Bloomington MSA,2022,621210,Offices of Dentists,2,2,9.36433962104,13.7635892953,30.6158499609,103.384005765,99.7231163688,101.047965053,67.8480639323,24.8255530339
2,1,    621 - Ambulatory Care,,,00,000,14020,Bloomington MSA,2022,621310,Offices of Chiropractors,2,2,0.537265173989,4.98299423424,9.96617828414,22.4849082659,13.8454308861,10.7927383827,5.7880197115,4.64865635276
2,1,    621 - Ambulatory Care,,,00,000,14020,Bloomington MSA,2022,621320,Offices of Optometrists,2,2,0.894806891432,8.29910032629,16.5985167877,37.7393089707,23.059352386,16.706379895,9.6398578883,4.77038328794
2,1,    621 - Ambulatory Care,,,00,000,14020,Bloomington MSA,2022,621330,Offices of Mental Health Practitioners (except Physicians),2,2,0.0,3.78671865976,8.41346604921,17.2330045961,10.5215356519,9.0433937227,6.70888860828,6.64095190647
2,1,    621 - Ambulatory Care,,,00,000,14020,Bloomington MSA,2022,621340,"Offices of Physical, Occupational and Speech Therapists, and Audiologists",2,2,2.95964608527,18.8830497865,37.7668188791,85.945981583,52.4672412705,38.0122411956,21.9336927236,11.0953502167
2,1,    621 - Ambulatory Care,,,00,000,14020,Bloomington MSA,2022,621391,Offices of Podiatrists,2,2,0.0,0.640792541031,1.30859942291,3.6386333095,1.75399942481,1.2103432675,0.697632034256,0.0
2,1,    621 - Ambulatory Care,,,00,000,14020,Bloomington MSA,2022,621399,Offices of All Other Miscellaneous Health Practitioners,2,2,0.0,1.34664140683,3.38930255571,7.7531350175,4.70856058856,3.4113274577,1.96839244105,0.61243080108
2,1,    621 - Ambulatory Care,,,00,000,14020,Bloomington MSA,2022,621410,Family Planning Centers,2,2,0.0,0.0,0.531868192968,1.49944296412,1.82582766273,1.69125192367,1.06021717341,0.0
2,1,    621 - Ambulatory Care,,,00,000,14020,Bloomington MSA,2022,621420,Outpatient Mental Health and Substance Abuse Centers,2,2,0.0,8.41434793672,25.4798810591,79.7016915815,87.8803994765,83.6126851854,56.8228329546,25.2516653162
2,1,    621 - Ambulatory Care,,,00,000,14020,Bloomington MSA,2022,621491,HMO Medical Centers,2,2,0.0,0.0,0.0,0.0,0.0,0.0,0.0,0.0
2,1,    621 - Ambulatory Care,,,00,000,14020,Bloomington MSA,2022,621492,Kidney Dialysis Centers,2,2,0.0,0.887780731432,3.24626988398,9.56297181882,10.8001352072,10.1631240119,6.92613116354,3.29958732748
2,1,    621 - Ambulatory Care,,,00,000,14020,Bloomington MSA,2022,621493,Freestanding Ambulatory Surgical and Emergency Centers,2,2,0.0,1.80184789306,6.58865905023,19.2867592623,21.9200532055,20.6271694569,14.057339163,6.69687262124
2,1,    621 - Ambulatory Care,,,00,000,14020,Bloomington MSA,2022,621498,All Other Outpatient Care Centers,2,2,0.0,0.842919903172,3.08223123053,9.02984709071,10.2543889507,9.64956684096,6.57614386417,3.13285446745
2,1,    621 - Ambulatory Care,,,00,000,14020,Bloomington MSA,2022,621511,Medical Laboratories,2,2,0.0,0.0,0.0,1.36873488015,1.55256383853,2.17098372535,2.39806371441,0.596356775407
2,1,    621 - Ambulatory Care,,,00,000,14020,Bloomington MSA,2022,621512,Diagnostic Imaging Centers,2,2,0.0,0.911067250469,3.64048534363,17.1428330734,19.1678011779,24.17049552,22.2482635945,7.10964173973
2,1,    621 - Ambulatory Care,,,00,000,14020,Bloomington MSA,2022,621610,Home Health Care Services,2,2,2.21799620874,15.806629599,13.9031302682,50.9606368579,71.4320701565,69.0905124223,53.8906458829,28.2464139926
2,1,    621 - Ambulatory Care,,,00,000,14020,Bloomington MSA,2022,621910,Ambulance Services,2,2,0.0,0.0,0.0,0.0,0.0,0.0,0.0,0.0
2,1,    621 - Ambulatory Care,,,00,000,14020,Bloomington MSA,2022,621991,Blood and Organ Banks,2,2,0.0,5.55230252965,4.82970759877,14.1152525451,9.77898331973,8.34267502657,3.60415486409,1.20734950872
2,1,    621 - Ambulatory Care,,,00,000,14020,Bloomington MSA,2022,621999,All Other Miscellaneous Ambulatory Health Care Services,2,2,0.0,0.0,0.0,1.23242477495,0.678198657624,1.60536347189,1.61090292165,0.0
2,1,    621 - Ambulatory Care,,,00,000,14020,Bloomington MSA,2023,621111,Offices of Physicians (except Mental Health Specialists),2,2,4.85279433871,45.2823764612,98.2017027742,360.203517691,378.989538824,362.426305713,249.542245636,101.220217404
2,1,    621 - Ambulatory Care,,,00,000,14020,Bloomington MSA,2023,621112,"Offices of Physicians, Mental Health Specialists",2,2,0.0,0.0,0.550614547288,1.99153818433,2.00340503594,2.37893972471,1.2421691744,0.0
2,1,    621 - Ambulatory Care,,,00,000,14020,Bloomington MSA,2023,621210,Offices of Dentists,2,2,5.85837101825,14.5241163642,27.5240230267,97.801520548,100.969873221,88.1302814796,70.0612646291,25.6093453187
2,1,    621 - Ambulatory Care,,,00,000,14020,Bloomington MSA,2023,621310,Offices of Chiropractors,2,2,0.0,6.30892752809,10.3965619827,23.6611938579,15.1799643971,10.7689229745,6.44213269671,5.08790742293
2,1,    621 - Ambulatory Care,,,00,000,14020,Bloomington MSA,2023,621320,Offices of Optometrists,2,2,1.2664453608,9.62091354687,15.8544259028,36.4213642294,22.73083828,15.537721144,9.82404718656,5.08304153254
2,1,    621 - Ambulatory Care,,,00,000,14020,Bloomington MSA,2023,621330,Offices of Mental Health Practitioners (except Physicians),2,2,1.44749609845,10.9963171358,18.1209709852,42.2480849301,27.0783540921,19.9806245675,11.884222245,9.71767208798
2,1,    621 - Ambulatory Care,,,00,000,14020,Bloomington MSA,2023,621340,"Offices of Physical, Occupational and Speech Therapists, and Audiologists",2,2,3.425407172,26.022082977,42.8821217846,98.4158404536,61.4810388823,42.0255173185,26.5715069378,14.3702803716
2,1,    621 - Ambulatory Care,,,00,000,14020,Bloomington MSA,2023,621391,Offices of Podiatrists,2,2,0.0,0.574290381239,0.956655830464,2.5550479072,1.28519763087,0.824473636401,0.539653552601,0.0
2,1,    621 - Ambulatory Care,,,00,000,14020,Bloomington MSA,2023,621399,Offices of All Other Miscellaneous Health Practitioners,2,2,0.0,2.32027648765,4.53586727111,10.5306862597,6.50317242838,4.44525971718,2.81060786284,1.26738009842
2,1,    621 - Ambulatory Care,,,00,000,14020,Bloomington MSA,2023,621410,Family Planning Centers,2,2,0.0,0.0,0.653897305323,2.36681514275,2.17231873705,2.05153446345,1.27884412403,0.568363408254
2,1,    621 - Ambulatory Care,,,00,000,14020,Bloomington MSA,2023,621420,Outpatient Mental Health and Substance Abuse Centers,2,2,1.02354124558,7.96623058933,24.938724927,86.4877843749,92.7270956595,89.7775735977,61.0596731669,27.0109270344
2,1,    621 - Ambulatory Care,,,00,000,14020,Bloomington MSA,2023,621491,HMO Medical Centers,2,2,0.0,0.0,0.0,0.0,0.0,0.0,0.0,0.0
2,1,    621 - Ambulatory Care,,,00,000,14020,Bloomington MSA,2023,621492,Kidney Dialysis Centers,2,2,0.0,0.0,0.784412086178,3.10388525579,3.15464450121,3.02134820462,2.10392567964,0.681806031538
2,1,    621 - Ambulatory Care,,,00,000,14020,Bloomington MSA,2023,621493,Freestanding Ambulatory Surgical and Emergency Centers,2,2,0.0,2.4483852802,7.66480537231,23.8393084292,26.1493918574,25.0444758863,17.4398024928,8.30168740587
2,1,    621 - Ambulatory Care,,,00,000,14020,Bloomington MSA,2023,621498,All Other Outpatient Care Centers,2,2,0.0,0.964215170078,4.26711781596,13.3249250459,14.5577781106,13.9426539951,9.70901259835,4.62168007033
2,1,    621 - Ambulatory Care,,,00,000,14020,Bloomington MSA,2023,621511,Medical Laboratories,2,2,0.0,0.0,0.0,1.62343963569,2.36981301656,2.79775859242,2.8058367371,0.702226114932
2,1,    621 - Ambulatory Care,,,00,000,14020,Bloomington MSA,2023,621512,Diagnostic Imaging Centers,2,2,0.0,3.76542598459,3.36652754575,18.0269187819,20.4294751451,24.4660527051,24.188309998,7.47201328467
2,1,    621 - Ambulatory Care,,,00,000,14020,Bloomington MSA,2023,621610,Home Health Care Services,2,2,7.90124541486,16.5819932531,17.1927127486,60.6730504006,75.6265561278,76.7301372668,57.3783778122,31.5557332629
2,1,    621 - Ambulatory Care,,,00,000,14020,Bloomington MSA,2023,621910,Ambulance Services,2,2,0.0,0.0,0.0,0.0,0.0,0.0,0.0,0.0
2,1,    621 - Ambulatory Care,,,00,000,14020,Bloomington MSA,2023,621991,Blood and Organ Banks,2,2,0.0,7.53221119887,7.27737446961,13.6449552481,10.4799104386,9.79020006585,3.75294119467,1.42768081809
2,1,    621 - Ambulatory Care,,,00,000,14020,Bloomington MSA,2023,621999,All Other Miscellaneous Ambulatory Health Care Services,2,2,0.0,0.566435555044,0.0,2.06265896742,0.620478761779,0.0,0.0,0.0
2,1,    621 - Ambulatory Care,,,00,000,14020,Bloomington MSA,2024,621111,Offices of Physicians (except Mental Health Specialists),2,2,5.01564372272,46.7840022716,93.0914215759,376.884795059,392.628999265,375.101033088,252.44387275,103.836136622
2,1,    621 - Ambulatory Care,,,00,000,14020,Bloomington MSA,2024,621112,"Offices of Physicians, Mental Health Specialists",2,2,0.0,0.0,0.571348595364,2.19847962519,2.72902012452,2.59781897213,1.31999934947,0.0
2,1,    621 - Ambulatory Care,,,00,000,14020,Bloomington MSA,2024,621210,Offices of Dentists,2,2,3.57291941662,13.6358267481,29.0893508715,108.92149436,102.972003247,92.6518964893,71.0534557428,23.3940790682
2,1,    621 - Ambulatory Care,,,00,000,14020,Bloomington MSA,2024,621310,Offices of Chiropractors,2,2,0.0,6.41130787399,9.94563072046,23.0004224682,14.0595833358,9.61160662588,5.35279389878,3.0410835104
2,1,    621 - Ambulatory Care,,,00,000,14020,Bloomington MSA,2024,621320,Offices of Optometrists,2,2,1.27964479122,10.3320839204,16.0277892226,37.4422144644,22.1111259459,15.4894957816,8.62624551153,4.90083001099
2,1,    621 - Ambulatory Care,,,00,000,14020,Bloomington MSA,2024,621330,Offices of Mental Health Practitioners (except Physicians),2,2,2.00232188554,16.1671097316,25.0794543591,59.7182736536,35.7582588672,26.2501449554,14.6709962179,9.7460510548
2,1,    621 - Ambulatory Care,,,00,000,14020,Bloomington MSA,2024,621340,"Offices of Physical, Occupational and Speech Therapists, and Audiologists",2,2,3.82420464944,30.8773212989,47.89887513,112.246435195,66.0788612801,47.1296822255,25.7794416222,14.6460776012
2,1,    621 - Ambulatory Care,,,00,000,14020,Bloomington MSA,2024,621391,Offices of Podiatrists,2,2,0.0,0.84479129678,1.28365354077,3.40892774432,1.58880034307,1.07513660126,0.61345598831,0.0
2,1,    621 - Ambulatory Care,,,00,000,14020,Bloomington MSA,2024,621399,Offices of All Other Miscellaneous Health Practitioners,2,2,0.0,2.35539566278,4.10987632081,10.4838292349,5.66977714078,4.96185459878,2.78889931876,1.52802958362
2,1,    621 - Ambulatory Care,,,00,000,14020,Bloomington MSA,2024,621410,Family Planning Centers,2,2,0.0,0.0,0.0,1.52529120312,1.71837772974,1.61547287289,1.02710691804,0.0
2,1,    621 - Ambulatory Care,,,00,000,14020,Bloomington MSA,2024,621420,Outpatient Mental Health and Substance Abuse Centers,2,2,1.86157914958,10.490467446,26.3481179764,89.1024098494,96.9010081953,93.5076395988,63.9973658748,25.6684572402
2,1,    621 - Ambulatory Care,,,00,000,14020,Bloomington MSA,2024,621491,HMO Medical Centers,2,2,0.0,0.0,0.0,1.48280343156,1.6705114336,1.57047304451,0.998496326168,0.0
2,1,    621 - Ambulatory Care,,,00,000,14020,Bloomington MSA,2024,621492,Kidney Dialysis Centers,2,2,0.0,0.703391368481,1.95547440802,7.4936003709,8.06183440096,7.71469699667,5.3968151901,2.29194373085
2,1,    621 - Ambulatory Care,,,00,000,14020,Bloomington MSA,2024,621493,Freestanding Ambulatory Surgical and Emergency Centers,2,2,0.561396787726,3.1636123166,7.94580708421,24.5273263771,27.2281482189,26.0557216686,18.2272763986,7.74084166325
2,1,    621 - Ambulatory Care,,,00,000,14020,Bloomington MSA,2024,621498,All Other Outpatient Care Centers,2,2,0.0,0.526663799327,1.46416010682,5.66811931254,6.03629291658,5.77637402587,4.04086163073,1.71609127894
2,1,    621 - Ambulatory Care,,,00,000,14020,Bloomington MSA,2024,621511,Medical Laboratories,2,2,0.0,0.707578036224,0.0,3.48532998225,3.61230542969,4.68873663334,5.11160771379,1.24144383789
2,1,    621 - Ambulatory Care,,,00,000,14020,Bloomington MSA,2024,621512,Diagnostic Imaging Centers,2,2,0.0,3.11793641538,3.3679061008,15.3580760212,15.9175922175,21.0524841329,22.5242545925,6.90200212682
2,1,    621 - Ambulatory Care,,,00,000,14020,Bloomington MSA,2024,621610,Home Health Care Services,2,2,9.40283307528,25.4083086738,25.5838116345,64.0661867108,72.6655550416,76.200883319,64.5088328192,33.7433987419
2,1,    621 - Ambulatory Care,,,00,000,14020,Bloomington MSA,2024,621910,Ambulance Services,2,2,0.0,0.0,0.0,0.0,0.0,0.0,0.0,0.0
2,1,    621 - Ambulatory Care,,,00,000,14020,Bloomington MSA,2024,621991,Blood and Organ Banks,2,2,0.0,7.50189363549,7.2075103194,11.7267043807,9.90875318914,8.3023035073,3.90338294289,2.1097664324
2,1,    621 - Ambulatory Care,,,00,000,14020,Bloomington MSA,2024,621999,All Other Miscellaneous Ambulatory Health Care Services,2,2,0.0,1.59275582578,1.28071794418,2.47350589203,2.10376541378,1.69709448421,0.680300590651,0.0
2,1,    621 - Ambulatory Care,,,00,000,16980,Chicago-Naperville-Elgin MSA,2020,621111,Offices of Physicians (except Mental Health Specialists),2,2,209.62898934,930.970044441,2835.57031613,15351.4139025,15642.9749689,13574.4589559,11502.5256756,4529.39877426
2,1,    621 - Ambulatory Care,,,00,000,16980,Chicago-Naperville-Elgin MSA,2020,621112,"Offices of Physicians, Mental Health Specialists",2,2,7.02765077239,34.3630939693,110.046726255,608.120732987,605.970784507,508.210967124,432.996796016,177.886999219
2,1,    621 - Ambulatory Care,,,00,000,16980,Chicago-Naperville-Elgin MSA,2020,621210,Offices of Dentists,2,2,258.344935042,891.996749069,1645.14745422,6434.78523052,5812.87915867,5244.90299071,4766.26146215,1734.00642873
2,1,    621 - Ambulatory Care,,,00,000,16980,Chicago-Naperville-Elgin MSA,2020,621310,Offices of Chiropractors,2,2,31.9337611268,115.112912173,269.544125923,1240.16274811,1030.63600033,840.737823728,566.0854636,230.267768777
2,1,    621 - Ambulatory Care,,,00,000,16980,Chicago-Naperville-Elgin MSA,2020,621320,Offices of Optometrists,2,2,23.3204804101,90.4261293997,215.575820735,996.550258683,830.428272142,674.438120555,451.592552121,180.845549394
2,1,    621 - Ambulatory Care,,,00,000,16980,Chicago-Naperville-Elgin MSA,2020,621330,Offices of Mental Health Practitioners (except Physicians),2,2,28.2941656325,117.070814408,302.523300845,1375.66541186,1127.487258,883.41409733,602.128160762,247.70655841
2,1,    621 - Ambulatory Care,,,00,000,16980,Chicago-Naperville-Elgin MSA,2020,621340,"Offices of Physical, Occupational and Speech Therapists, and Audiologists",2,2,109.90119589,446.371742945,1154.92708043,5123.86115771,4148.0046197,3206.83420478,2175.37770893,863.03765801
2,1,    621 - Ambulatory Care,,,00,000,16980,Chicago-Naperville-Elgin MSA,2020,621391,Offices of Podiatrists,2,2,6.58195854044,33.9133142007,87.5650048443,421.13195309,353.165903956,283.427293872,189.601486612,76.6607239339
2,1,    621 - Ambulatory Care,,,00,000,16980,Chicago-Naperville-Elgin MSA,2020,621399,Offices of All Other Miscellaneous Health Practitioners,2,2,16.9741367106,63.0323042191,162.963303814,803.809735486,672.415378422,526.898713469,358.222585037,148.503610036
2,1,    621 - Ambulatory Care,,,00,000,16980,Chicago-Naperville-Elgin MSA,2020,621410,Family Planning Centers,2,2,0.0,4.00974772657,17.7876683942,135.073571987,143.30785179,125.644680272,88.9956821949,32.8745989761
2,1,    621 - Ambulatory Care,,,00,000,16980,Chicago-Naperville-Elgin MSA,2020,621420,Outpatient Mental Health and Substance Abuse Centers,2,2,5.05473287926,46.3526674903,171.131729244,1131.54599314,1137.02589369,1011.48926282,733.621703319,263.351711767
2,1,    621 - Ambulatory Care,,,00,000,16980,Chicago-Naperville-Elgin MSA,2020,621491,HMO Medical Centers,2,2,1.6892871606,13.0666821764,41.3984394167,316.039348671,356.927897438,311.741409469,221.284743716,82.7504407074
2,1,    621 - Ambulatory Care,,,00,000,16980,Chicago-Naperville-Elgin MSA,2020,621492,Kidney Dialysis Centers,2,2,4.58218821922,46.8752262616,160.084849395,1106.25704479,1151.15630124,1033.32198096,728.345728431,266.835504464
2,1,    621 - Ambulatory Care,,,00,000,16980,Chicago-Naperville-Elgin MSA,2020,621493,Freestanding Ambulatory Surgical and Emergency Centers,2,2,0.702738952023,27.1737123242,75.8320300502,498.194127741,563.796026814,500.637468392,351.173868111,121.335065014
2,1,    621 - Ambulatory Care,,,00,000,16980,Chicago-Naperville-Elgin MSA,2020,621498,All Other Outpatient Care Centers,2,2,4.5961348891,39.092808598,130.568854645,842.990558565,830.170013049,732.835973998,534.366674256,195.950659463
2,1,    621 - Ambulatory Care,,,00,000,16980,Chicago-Naperville-Elgin MSA,2020,621511,Medical Laboratories,2,2,11.9960602822,87.5585931005,286.074809877,1537.60484671,1528.08737657,1385.35925569,1280.6442933,449.792466717
2,1,    621 - Ambulatory Care,,,00,000,16980,Chicago-Naperville-Elgin MSA,2020,621512,Diagnostic Imaging Centers,2,2,2.2810505087,19.5463412686,64.6833647895,350.106849243,346.472506914,307.783514209,273.819920824,95.595519913
2,1,    621 - Ambulatory Care,,,00,000,16980,Chicago-Naperville-Elgin MSA,2020,621610,Home Health Care Services,2,2,94.2496971603,590.802922696,1105.12787953,5620.68502357,7612.33277572,9018.13793448,8153.10672445,3820.25570198
2,1,    621 - Ambulatory Care,,,00,000,16980,Chicago-Naperville-Elgin MSA,2020,621910,Ambulance Services,2,2,17.7214757752,355.670712644,625.69713818,1451.46273732,896.817803482,686.656901096,455.814442136,175.905071669
2,1,    621 - Ambulatory Care,,,00,000,16980,Chicago-Naperville-Elgin MSA,2020,621991,Blood and Organ Banks,2,2,2.94251981196,86.5315758796,180.349366411,512.109856467,366.797438175,286.753057551,197.12276081,73.774513656
2,1,    621 - Ambulatory Care,,,00,000,16980,Chicago-Naperville-Elgin MSA,2020,621999,All Other Miscellaneous Ambulatory Health Care Services,2,2,2.99418818227,85.3450921521,164.917250421,404.15225498,262.942991883,215.100265042,141.375152476,57.3814132406
2,1,    621 - Ambulatory Care,,,00,000,16980,Chicago-Naperville-Elgin MSA,2021,621111,Offices of Physicians (except Mental Health Specialists),2,2,257.470714671,1162.23815808,3113.86036996,15658.5219927,15774.5178243,13766.5644546,11345.8967954,4645.04344408
2,1,    621 - Ambulatory Care,,,00,000,16980,Chicago-Naperville-Elgin MSA,2021,621112,"Offices of Physicians, Mental Health Specialists",2,2,9.29219282228,48.1013539243,133.868607541,686.836576968,678.952640624,569.658911731,470.131988972,202.26988423
2,1,    621 - Ambulatory Care,,,00,000,16980,Chicago-Naperville-Elgin MSA,2021,621210,Offices of Dentists,2,2,344.503612873,1147.31897651,1967.10810579,7117.21663933,6362.19913498,5662.9664887,5058.14725164,1991.67984551
2,1,    621 - Ambulatory Care,,,00,000,16980,Chicago-Naperville-Elgin MSA,2021,621310,Offices of Chiropractors,2,2,40.3229006747,142.368652503,297.938973972,1310.25766929,1057.50353628,875.068485753,588.823674593,247.671773137
2,1,    621 - Ambulatory Care,,,00,000,16980,Chicago-Naperville-Elgin MSA,2021,621320,Offices of Optometrists,2,2,30.0933525239,114.754534322,248.382826904,1094.24663622,889.102950755,730.748829054,485.80826459,201.795288877
2,1,    621 - Ambulatory Care,,,00,000,16980,Chicago-Naperville-Elgin MSA,2021,621330,Offices of Mental Health Practitioners (except Physicians),2,2,44.510066785,163.378210948,377.869487623,1687.3747118,1340.22294454,1061.88952077,731.249392613,307.116135436
2,1,    621 - Ambulatory Care,,,00,000,16980,Chicago-Naperville-Elgin MSA,2021,621340,"Offices of Physical, Occupational and Speech Therapists, and Audiologists",2,2,149.228107181,551.840240886,1214.67792187,5055.31226396,3945.44359316,3103.19839428,2102.07192904,855.641913919
2,1,    621 - Ambulatory Care,,,00,000,16980,Chicago-Naperville-Elgin MSA,2021,621391,Offices of Podiatrists,2,2,9.1492699702,38.7281155188,89.7884941204,418.582680933,335.837006979,276.717719114,187.096432696,78.4843019305
2,1,    621 - Ambulatory Care,,,00,000,16980,Chicago-Naperville-Elgin MSA,2021,621399,Offices of All Other Miscellaneous Health Practitioners,2,2,24.1268693207,82.5269790703,190.344299662,897.730980301,720.715919375,583.679413183,399.10881046,168.698532847
2,1,    621 - Ambulatory Care,,,00,000,16980,Chicago-Naperville-Elgin MSA,2021,621410,Family Planning Centers,2,2,0.0,6.1666453502,17.7522955499,124.258823936,123.788324752,110.724002371,74.3803296735,29.8344145301
2,1,    621 - Ambulatory Care,,,00,000,16980,Chicago-Naperville-Elgin MSA,2021,621420,Outpatient Mental Health and Substance Abuse Centers,2,2,7.55274194535,65.9611104697,212.021854588,1348.78955955,1348.64628376,1204.68173778,839.515289266,326.259631191
2,1,    621 - Ambulatory Care,,,00,000,16980,Chicago-Naperville-Elgin MSA,2021,621491,HMO Medical Centers,2,2,1.36727994405,19.6943290049,45.4852923668,284.227481789,315.86924561,277.834813821,184.788958973,80.1550087404
2,1,    621 - Ambulatory Care,,,00,000,16980,Chicago-Naperville-Elgin MSA,2021,621492,Kidney Dialysis Centers,2,2,5.44822529249,56.0759365296,172.734389491,1113.58208778,1132.87179281,1015.72984567,695.029553175,273.830844925
2,1,    621 - Ambulatory Care,,,00,000,16980,Chicago-Naperville-Elgin MSA,2021,621493,Freestanding Ambulatory Surgical and Emergency Centers,2,2,1.23579394689,37.346282151,81.3683673098,517.570344845,590.880980967,518.863905172,351.841966417,133.708605328
2,1,    621 - Ambulatory Care,,,00,000,16980,Chicago-Naperville-Elgin MSA,2021,621498,All Other Outpatient Care Centers,2,2,6.1919897923,53.5214064445,138.575662644,866.805224681,831.617102853,738.100221143,518.028002846,211.684368467
2,1,    621 - Ambulatory Care,,,00,000,16980,Chicago-Naperville-Elgin MSA,2021,621511,Medical Laboratories,2,2,23.9871274746,132.518920458,380.929739554,1676.6476441,1637.93779095,1465.48921621,1322.26824781,480.324668488
2,1,    621 - Ambulatory Care,,,00,000,16980,Chicago-Naperville-Elgin MSA,2021,621512,Diagnostic Imaging Centers,2,2,5.28350893913,27.2493199027,77.1402837136,340.555722554,331.151713026,291.481969804,256.485649445,92.4410379193
2,1,    621 - Ambulatory Care,,,00,000,16980,Chicago-Naperville-Elgin MSA,2021,621610,Home Health Care Services,2,2,106.013558468,746.990259723,1193.95815521,5767.64045002,7649.86158219,9293.25345271,8570.18980631,4116.76185972
2,1,    621 - Ambulatory Care,,,00,000,16980,Chicago-Naperville-Elgin MSA,2021,621910,Ambulance Services,2,2,23.0590174425,329.412871623,587.639487034,1405.40169161,859.038912117,652.775596536,449.637644566,176.990106079
2,1,    621 - Ambulatory Care,,,00,000,16980,Chicago-Naperville-Elgin MSA,2021,621991,Blood and Organ Banks,2,2,4.87120023699,88.3341030781,178.361369443,519.232165266,374.488296635,301.37223956,206.033695284,86.6798548657
2,1,    621 - Ambulatory Care,,,00,000,16980,Chicago-Naperville-Elgin MSA,2021,621999,All Other Miscellaneous Ambulatory Health Care Services,2,2,4.59086118903,85.2096624891,163.756113692,413.155301946,267.752111806,217.732549513,152.0836955,61.2139750755
2,1,    621 - Ambulatory Care,,,00,000,16980,Chicago-Naperville-Elgin MSA,2022,621111,Offices of Physicians (except Mental Health Specialists),2,2,240.004435022,1325.92946762,3373.9963419,16274.2441025,16039.2459024,13852.6500383,11224.2582964,4776.83339656
2,1,    621 - Ambulatory Care,,,00,000,16980,Chicago-Naperville-Elgin MSA,2022,621112,"Offices of Physicians, Mental Health Specialists",2,2,10.0930610138,64.607235052,161.65338013,799.9719833,767.722362266,640.316593667,516.333803055,231.410150188
2,1,    621 - Ambulatory Care,,,00,000,16980,Chicago-Naperville-Elgin MSA,2022,621210,Offices of Dentists,2,2,320.442239429,1184.25180719,1940.09671719,7191.08237935,6310.18083447,5645.93420549,4851.79627841,2120.47796216
2,1,    621 - Ambulatory Care,,,00,000,16980,Chicago-Naperville-Elgin MSA,2022,621310,Offices of Chiropractors,2,2,44.1941092478,147.585419559,292.019127127,1289.26889851,1024.55343719,859.127766149,573.233320114,251.250123057
2,1,    621 - Ambulatory Care,,,00,000,16980,Chicago-Naperville-Elgin MSA,2022,621320,Offices of Optometrists,2,2,34.1628029109,117.738216906,245.196936719,1083.14242292,876.682947731,731.251425721,482.459300525,206.284447245
2,1,    621 - Ambulatory Care,,,00,000,16980,Chicago-Naperville-Elgin MSA,2022,621330,Offices of Mental Health Practitioners (except Physicians),2,2,59.4807140639,208.331768675,440.798586786,2027.65776083,1600.00203365,1287.00390136,864.160590845,381.143470798
2,1,    621 - Ambulatory Care,,,00,000,16980,Chicago-Naperville-Elgin MSA,2022,621340,"Offices of Physical, Occupational and Speech Therapists, and Audiologists",2,2,184.997156476,629.134043547,1261.45819584,5268.49755938,4049.44716355,3240.83199878,2136.80730842,924.216002337
2,1,    621 - Ambulatory Care,,,00,000,16980,Chicago-Naperville-Elgin MSA,2022,621391,Offices of Podiatrists,2,2,9.21734257283,39.0132735233,85.458775777,403.417864436,321.583808713,268.041302846,179.224628429,78.6102966182
2,1,    621 - Ambulatory Care,,,00,000,16980,Chicago-Naperville-Elgin MSA,2022,621399,Offices of All Other Miscellaneous Health Practitioners,2,2,27.3014287252,89.0295423076,190.692778953,905.341951914,719.348581498,595.565637618,400.779453937,177.62591555
2,1,    621 - Ambulatory Care,,,00,000,16980,Chicago-Naperville-Elgin MSA,2022,621410,Family Planning Centers,2,2,0.0,7.95310175989,24.2643875428,145.79389385,145.534685838,127.385925962,82.9353719478,35.629333154
2,1,    621 - Ambulatory Care,,,00,000,16980,Chicago-Naperville-Elgin MSA,2022,621420,Outpatient Mental Health and Substance Abuse Centers,2,2,11.0490989327,76.0323368854,282.458181825,1609.58852008,1582.27631117,1385.33458752,933.32970475,384.522956513
2,1,    621 - Ambulatory Care,,,00,000,16980,Chicago-Naperville-Elgin MSA,2022,621491,HMO Medical Centers,2,2,1.39769141993,20.4785210214,62.5392860931,356.618198997,398.420672444,340.227202914,222.974806432,95.3818206811
2,1,    621 - Ambulatory Care,,,00,000,16980,Chicago-Naperville-Elgin MSA,2022,621492,Kidney Dialysis Centers,2,2,6.66942532953,52.4572163505,194.33869593,1118.20761223,1108.13857066,973.667441016,645.689846127,268.684259157
2,1,    621 - Ambulatory Care,,,00,000,16980,Chicago-Naperville-Elgin MSA,2022,621493,Freestanding Ambulatory Surgical and Emergency Centers,2,2,1.74809680636,33.7356628772,91.1668267889,511.713089878,555.040600076,490.197954551,332.315013089,139.570945535
2,1,    621 - Ambulatory Care,,,00,000,16980,Chicago-Naperville-Elgin MSA,2022,621498,All Other Outpatient Care Centers,2,2,5.4000780668,56.9276315413,162.980727291,894.313031907,840.540312556,730.44363401,491.535208387,210.003861562
2,1,    621 - Ambulatory Care,,,00,000,16980,Chicago-Naperville-Elgin MSA,2022,621511,Medical Laboratories,2,2,22.0436960462,119.429791592,366.269552047,1561.35088857,1512.68740306,1332.77797779,1130.49953674,427.805781004
2,1,    621 - Ambulatory Care,,,00,000,16980,Chicago-Naperville-Elgin MSA,2022,621512,Diagnostic Imaging Centers,2,2,5.29398854894,28.1344455626,83.1905774814,355.255846547,357.352168066,304.242927698,250.319799395,94.0671480346
2,1,    621 - Ambulatory Care,,,00,000,16980,Chicago-Naperville-Elgin MSA,2022,621610,Home Health Care Services,2,2,96.2713640848,675.338857427,1120.7058995,5795.78268715,7890.90482253,9554.77316896,8879.79881578,4602.27321328
2,1,    621 - Ambulatory Care,,,00,000,16980,Chicago-Naperville-Elgin MSA,2022,621910,Ambulance Services,2,2,19.7364706173,345.958658678,572.489378332,1394.69189154,850.766043879,614.965109336,437.171938697,191.599266434
2,1,    621 - Ambulatory Care,,,00,000,16980,Chicago-Naperville-Elgin MSA,2022,621991,Blood and Organ Banks,2,2,3.25630406734,110.088201268,193.800188766,579.295875347,432.92338378,343.342900609,240.702765815,96.7648361585
2,1,    621 - Ambulatory Care,,,00,000,16980,Chicago-Naperville-Elgin MSA,2022,621999,All Other Miscellaneous Ambulatory Health Care Services,2,2,4.46787219996,112.201218593,190.662989993,530.225542431,383.624882042,297.722595655,212.105622429,83.0997113884
2,1,    621 - Ambulatory Care,,,00,000,16980,Chicago-Naperville-Elgin MSA,2023,621111,Offices of Physicians (except Mental Health Specialists),2,2,253.829267731,1411.26747716,3468.01370869,16119.4459248,15784.9712501,13392.6645289,10656.0615566,4897.8814302
2,1,    621 - Ambulatory Care,,,00,000,16980,Chicago-Naperville-Elgin MSA,2023,621112,"Offices of Physicians, Mental Health Specialists",2,2,12.8189152915,78.5702909577,188.948293813,900.432078493,853.950763036,708.229516212,562.601874647,265.714517423
2,1,    621 - Ambulatory Care,,,00,000,16980,Chicago-Naperville-Elgin MSA,2023,621210,Offices of Dentists,2,2,297.049893956,1232.33812777,1971.28257007,7339.9390080699995,6444.42726523,5713.89518382,4737.54492191,2268.120745
2,1,    621 - Ambulatory Care,,,00,000,16980,Chicago-Naperville-Elgin MSA,2023,621310,Offices of Chiropractors,2,2,48.3019110029,163.964357751,298.396894659,1312.17162253,1037.91916761,870.055442336,577.027694084,269.910366282
2,1,    621 - Ambulatory Care,,,00,000,16980,Chicago-Naperville-Elgin MSA,2023,621320,Offices of Optometrists,2,2,35.0140449539,125.920319197,237.327714476,1063.78538657,853.965565219,714.571696285,466.763028684,210.299031737
2,1,    621 - Ambulatory Care,,,00,000,16980,Chicago-Naperville-Elgin MSA,2023,621330,Offices of Mental Health Practitioners (except Physicians),2,2,80.4714772863,275.971913644,516.102660914,2384.82973064,1880.60576465,1517.27761764,1002.42056398,471.758682115
2,1,    621 - Ambulatory Care,,,00,000,16980,Chicago-Naperville-Elgin MSA,2023,621340,"Offices of Physical, Occupational and Speech Therapists, and Audiologists",2,2,199.360191907,728.64486573,1306.72586202,5499.54294414,4175.4429304,3363.32365124,2169.09846717,1004.17501259
2,1,    621 - Ambulatory Care,,,00,000,16980,Chicago-Naperville-Elgin MSA,2023,621391,Offices of Podiatrists,2,2,10.5370959826,40.785458652,82.9796509815,393.768443489,315.373770484,259.42189081,171.003091054,80.1724296355
2,1,    621 - Ambulatory Care,,,00,000,16980,Chicago-Naperville-Elgin MSA,2023,621399,Offices of All Other Miscellaneous Health Practitioners,2,2,27.2370438565,92.643875296,185.172398623,874.448770699,700.224043139,578.943591528,383.594181847,182.593213614
2,1,    621 - Ambulatory Care,,,00,000,16980,Chicago-Naperville-Elgin MSA,2023,621410,Family Planning Centers,2,2,0.0,8.3249603597,29.3161388797,179.947483668,174.546619533,146.987383307,97.5928781977,42.8193349616
2,1,    621 - Ambulatory Care,,,00,000,16980,Chicago-Naperville-Elgin MSA,2023,621420,Outpatient Mental Health and Substance Abuse Centers,2,2,7.92211732606,82.8114045686,309.83631597,1839.99652424,1780.40160124,1523.25557596,1030.81596133,442.585047915
2,1,    621 - Ambulatory Care,,,00,000,16980,Chicago-Naperville-Elgin MSA,2023,621491,HMO Medical Centers,2,2,2.46984307249,25.0312160458,69.9539063881,451.261404933,495.248889517,413.216175821,277.950300952,122.653058084
2,1,    621 - Ambulatory Care,,,00,000,16980,Chicago-Naperville-Elgin MSA,2023,621492,Kidney Dialysis Centers,2,2,3.49435225356,48.7259390177,182.646541145,1101.78413594,1079.24060189,923.625016244,622.602542001,268.502918274
2,1,    621 - Ambulatory Care,,,00,000,16980,Chicago-Naperville-Elgin MSA,2023,621493,Freestanding Ambulatory Surgical and Emergency Centers,2,2,3.08782006534,34.4699685008,90.2686185133,548.365745992,572.417766638,498.511401606,348.241846113,152.035442856
2,1,    621 - Ambulatory Care,,,00,000,16980,Chicago-Naperville-Elgin MSA,2023,621498,All Other Outpatient Care Centers,2,2,4.46518210659,52.7091382772,160.311527974,908.476741481,837.317278131,714.722776585,480.488689802,212.297305628
2,1,    621 - Ambulatory Care,,,00,000,16980,Chicago-Naperville-Elgin MSA,2023,621511,Medical Laboratories,2,2,15.8085633936,111.844087793,316.958432753,1376.23481509,1345.44930593,1183.85968468,993.496339066,415.831528543
2,1,    621 - Ambulatory Care,,,00,000,16980,Chicago-Naperville-Elgin MSA,2023,621512,Diagnostic Imaging Centers,2,2,3.68160410595,30.1899471606,80.4635754679,361.340348911,358.735500531,316.201392301,259.248362832,106.073532596
2,1,    621 - Ambulatory Care,,,00,000,16980,Chicago-Naperville-Elgin MSA,2023,621610,Home Health Care Services,2,2,102.00060877,778.479469891,1169.45775151,6284.12396364,8493.71626069,10150.9400272,9268.98519411,5126.9151724
2,1,    621 - Ambulatory Care,,,00,000,16980,Chicago-Naperville-Elgin MSA,2023,621910,Ambulance Services,2,2,23.2031590648,326.961963993,507.540751821,1321.00419496,830.596965129,624.554548317,442.194638846,195.38793585
2,1,    621 - Ambulatory Care,,,00,000,16980,Chicago-Naperville-Elgin MSA,2023,621991,Blood and Organ Banks,2,2,4.7221244331,107.878379318,178.554623157,565.215157333,442.615997677,377.120199078,255.567409345,101.190501658
2,1,    621 - Ambulatory Care,,,00,000,16980,Chicago-Naperville-Elgin MSA,2023,621999,All Other Miscellaneous Ambulatory Health Care Services,2,2,6.45024977939,137.682520936,244.03315329,814.09018813,681.196394134,573.135494964,404.194671067,145.839879598
2,1,    621 - Ambulatory Care,,,00,000,16980,Chicago-Naperville-Elgin MSA,2024,621111,Offices of Physicians (except Mental Health Specialists),2,2,248.097332268,1415.65294027,3576.133415,16052.4400298,15863.7387002,13390.9763241,10437.0980903,5013.49609505
2,1,    621 - Ambulatory Care,,,00,000,16980,Chicago-Naperville-Elgin MSA,2024,621112,"Offices of Physicians, Mental Health Specialists",2,2,12.6741948102,81.3510137592,203.967712477,937.221308246,894.38853301,737.516259275,579.026164322,285.719977698
2,1,    621 - Ambulatory Care,,,00,000,16980,Chicago-Naperville-Elgin MSA,2024,621210,Offices of Dentists,2,2,288.124144864,1203.10322354,1993.21080463,7464.89863523,6514.31365145,5669.51373639,4636.82369288,2297.23112106
2,1,    621 - Ambulatory Care,,,00,000,16980,Chicago-Naperville-Elgin MSA,2024,621310,Offices of Chiropractors,2,2,48.499677866,171.64351855,306.986996904,1325.2549684,1039.787483,878.520633453,579.439931194,278.169591922
2,1,    621 - Ambulatory Care,,,00,000,16980,Chicago-Naperville-Elgin MSA,2024,621320,Offices of Optometrists,2,2,33.3837960579,130.191193437,240.111918469,1071.48213232,852.481020223,723.400459781,465.566289605,215.995632926
2,1,    621 - Ambulatory Care,,,00,000,16980,Chicago-Naperville-Elgin MSA,2024,621330,Offices of Mental Health Practitioners (except Physicians),2,2,98.0101865035,353.92629847,630.179784906,2848.79271509,2207.80250036,1806.50239672,1172.43445299,560.929121524
2,1,    621 - Ambulatory Care,,,00,000,16980,Chicago-Naperville-Elgin MSA,2024,621340,"Offices of Physical, Occupational and Speech Therapists, and Audiologists",2,2,201.056218093,768.852629111,1348.59545358,5596.91038549,4179.85264583,3432.51647067,2182.86030691,1022.57575631
2,1,    621 - Ambulatory Care,,,00,000,16980,Chicago-Naperville-Elgin MSA,2024,621391,Offices of Podiatrists,2,2,9.5426274915,41.0130325779,79.1733225178,372.353658764,296.679154691,244.867690551,159.822748561,75.9729143041
2,1,    621 - Ambulatory Care,,,00,000,16980,Chicago-Naperville-Elgin MSA,2024,621399,Offices of All Other Miscellaneous Health Practitioners,2,2,27.0301138126,102.983839991,196.532621301,903.151881297,713.49467122,593.676242099,387.031308212,186.769684563
2,1,    621 - Ambulatory Care,,,00,000,16980,Chicago-Naperville-Elgin MSA,2024,621410,Family Planning Centers,2,2,0.0,8.30415226992,32.2975030234,207.448238881,198.152062443,171.364114099,113.86200659,51.6726634394
2,1,    621 - Ambulatory Care,,,00,000,16980,Chicago-Naperville-Elgin MSA,2024,621420,Outpatient Mental Health and Substance Abuse Centers,2,2,8.79410035161,81.4290534153,329.48105623,1980.51258156,1879.90826953,1652.38325316,1101.72968777,500.262458264
2,1,    621 - Ambulatory Care,,,00,000,16980,Chicago-Naperville-Elgin MSA,2024,621491,HMO Medical Centers,2,2,2.46817248616,17.450928678,57.2051535355,443.946759701,470.277550906,402.713074263,268.813932511,115.82159678
2,1,    621 - Ambulatory Care,,,00,000,16980,Chicago-Naperville-Elgin MSA,2024,621492,Kidney Dialysis Centers,2,2,4.03869101636,45.1698048115,179.05759157,1104.77222098,1061.76675981,933.177777824,618.890935926,278.806890778
2,1,    621 - Ambulatory Care,,,00,000,16980,Chicago-Naperville-Elgin MSA,2024,621493,Freestanding Ambulatory Surgical and Emergency Centers,2,2,3.47321544236,36.6854120614,102.194092799,618.822393321,625.342370019,556.715611248,382.956502709,173.965737684
2,1,    621 - Ambulatory Care,,,00,000,16980,Chicago-Naperville-Elgin MSA,2024,621498,All Other Outpatient Care Centers,2,2,4.36563145488,48.0641263817,157.347398937,914.292844497,838.653114759,730.394213742,484.88120612,222.566155939
2,1,    621 - Ambulatory Care,,,00,000,16980,Chicago-Naperville-Elgin MSA,2024,621511,Medical Laboratories,2,2,13.3206659279,107.33935213,287.26481811,1353.68149269,1344.99960788,1178.96390163,960.391986024,404.620643313
2,1,    621 - Ambulatory Care,,,00,000,16980,Chicago-Naperville-Elgin MSA,2024,621512,Diagnostic Imaging Centers,2,2,4.65770740726,39.2831307954,99.2282554979,502.433156897,514.223945986,439.542454453,338.678517937,139.209975742
2,1,    621 - Ambulatory Care,,,00,000,16980,Chicago-Naperville-Elgin MSA,2024,621610,Home Health Care Services,2,2,132.634289359,1086.88981638,1566.5654616,8120.70751771,11017.434575,13262.5052168,12426.7098456,7021.31264822
2,1,    621 - Ambulatory Care,,,00,000,16980,Chicago-Naperville-Elgin MSA,2024,621910,Ambulance Services,2,2,22.7658677437,354.987894793,520.926316745,1366.06539111,866.845442291,643.019176842,453.728826108,211.63099394
2,1,    621 - Ambulatory Care,,,00,000,16980,Chicago-Naperville-Elgin MSA,2024,621991,Blood and Organ Banks,2,2,3.54272540476,111.704388717,172.991684304,541.679605054,422.835832118,352.176627348,239.612672372,100.624762916
2,1,    621 - Ambulatory Care,,,00,000,16980,Chicago-Naperville-Elgin MSA,2024,621999,All Other Miscellaneous Ambulatory Health Care Services,2,2,6.50076721969,139.292995395,223.321810321,729.043450011,601.629246225,509.653673722,359.350212551,132.67043371
2,1,    621 - Ambulatory Care,,,00,000,17140,Cincinnati MSA,2020,621111,Offices of Physicians (except Mental Health Specialists),2,2,35.4867339034,223.405277264,586.338904514,4186.60541516,5094.76778909,4362.45393643,3762.42602183,1192.2863249
2,1,    621 - Ambulatory Care,,,00,000,17140,Cincinnati MSA,2020,621112,"Offices of Physicians, Mental Health Specialists",2,2,0.0,3.85516319884,12.8661318558,100.347205015,123.585823408,103.964968572,91.4262140563,27.7708271321
2,1,    621 - Ambulatory Care,,,00,000,17140,Cincinnati MSA,2020,621210,Offices of Dentists,2,2,39.7686179447,161.946039499,316.262938518,1305.01614502,1250.89509636,1205.14775021,1065.46946011,354.882798813
2,1,    621 - Ambulatory Care,,,00,000,17140,Cincinnati MSA,2020,621310,Offices of Chiropractors,2,2,4.71982670106,23.6325644455,44.6095837102,262.610478805,220.216212038,190.291086689,129.633447714,50.1864158066
2,1,    621 - Ambulatory Care,,,00,000,17140,Cincinnati MSA,2020,621320,Offices of Optometrists,2,2,5.5922397991,26.2357462576,49.106108408,287.706088728,247.634617344,208.416647441,145.633433477,57.1516949224
2,1,    621 - Ambulatory Care,,,00,000,17140,Cincinnati MSA,2020,621330,Offices of Mental Health Practitioners (except Physicians),2,2,1.84663158808,10.3006300482,18.9967623966,130.707404459,112.537092214,92.0327961206,68.2126496919,26.8650439211
2,1,    621 - Ambulatory Care,,,00,000,17140,Cincinnati MSA,2020,621340,"Offices of Physical, Occupational and Speech Therapists, and Audiologists",2,2,14.0622911914,55.9768004066,102.762932819,627.664505642,490.256773912,427.5064111,300.589703061,113.940835437
2,1,    621 - Ambulatory Care,,,00,000,17140,Cincinnati MSA,2020,621391,Offices of Podiatrists,2,2,0.696368872863,4.16212154623,9.0709233366,62.5180874798,49.1859273933,42.9344138996,30.0966723443,11.0466405467
2,1,    621 - Ambulatory Care,,,00,000,17140,Cincinnati MSA,2020,621399,Offices of All Other Miscellaneous Health Practitioners,2,2,6.96427118829,26.7467903317,52.3415489104,310.571495281,257.960108486,222.555849513,147.018825294,56.8720302687
2,1,    621 - Ambulatory Care,,,00,000,17140,Cincinnati MSA,2020,621410,Family Planning Centers,2,2,0.0,0.822728815039,5.36707711269,27.7256155984,27.0163772601,21.3176872689,16.9613017255,4.55548715877
2,1,    621 - Ambulatory Care,,,00,000,17140,Cincinnati MSA,2020,621420,Outpatient Mental Health and Substance Abuse Centers,2,2,5.9259340446,47.8118313685,175.178937167,886.868384294,860.444825152,685.525580929,551.467531725,183.507453667
2,1,    621 - Ambulatory Care,,,00,000,17140,Cincinnati MSA,2020,621491,HMO Medical Centers,2,2,0.0,0.0,0.0,1.88199824112,1.94129993489,1.50938270514,1.25717555483,0.0
2,1,    621 - Ambulatory Care,,,00,000,17140,Cincinnati MSA,2020,621492,Kidney Dialysis Centers,2,2,0.6773496065,9.05898017294,39.6374000469,201.85212728,200.864296565,157.792011799,128.398012444,42.745304561
2,1,    621 - Ambulatory Care,,,00,000,17140,Cincinnati MSA,2020,621493,Freestanding Ambulatory Surgical and Emergency Centers,2,2,1.60904095937,15.510412842,60.7859496362,312.504822083,305.302178639,244.635600292,194.879119335,62.2406366861
2,1,    621 - Ambulatory Care,,,00,000,17140,Cincinnati MSA,2020,621498,All Other Outpatient Care Centers,2,2,0.82287318245,12.7385276677,49.6201871516,265.190788327,264.65257454,212.223085775,170.341504449,58.2768572021
2,1,    621 - Ambulatory Care,,,00,000,17140,Cincinnati MSA,2020,621511,Medical Laboratories,2,2,1.23446359487,30.9126016075,76.4583500485,452.26344397,462.801698156,437.778341914,328.710413951,96.208499068
2,1,    621 - Ambulatory Care,,,00,000,17140,Cincinnati MSA,2020,621512,Diagnostic Imaging Centers,2,2,0.0,9.71743263824,22.7599299295,68.3878885963,69.7750126503,64.9204829212,43.7950364041,15.1553121398
2,1,    621 - Ambulatory Care,,,00,000,17140,Cincinnati MSA,2020,621610,Home Health Care Services,2,2,36.7692065875,285.851747537,325.021040706,1580.85865032,1967.91554599,1819.53994024,1485.05560182,681.042006574
2,1,    621 - Ambulatory Care,,,00,000,17140,Cincinnati MSA,2020,621910,Ambulance Services,2,2,0.0,31.0147519512,43.0244680902,178.032539033,136.305161749,117.028920241,92.4660175475,27.3048951684
2,1,    621 - Ambulatory Care,,,00,000,17140,Cincinnati MSA,2020,621991,Blood and Organ Banks,2,2,0.0,15.3120823052,34.4666538112,95.8696043847,73.1483401884,59.5484537054,46.6713588054,13.4677976383
2,1,    621 - Ambulatory Care,,,00,000,17140,Cincinnati MSA,2020,621999,All Other Miscellaneous Ambulatory Health Care Services,2,2,0.0,7.64076960489,15.4275552712,59.0444720584,41.4993386002,30.7807552204,20.95363159,5.52229819023
2,1,    621 - Ambulatory Care,,,00,000,17140,Cincinnati MSA,2021,621111,Offices of Physicians (except Mental Health Specialists),2,2,45.6257536847,252.302703124,643.021626315,4209.4743049,5248.12120849,4422.3953118,3711.90495593,1233.97701886
2,1,    621 - Ambulatory Care,,,00,000,17140,Cincinnati MSA,2021,621112,"Offices of Physicians, Mental Health Specialists",2,2,0.535642338878,4.01032878608,14.0000099348,101.679895598,127.324593742,105.124497288,90.2974350346,29.3399453773
2,1,    621 - Ambulatory Care,,,00,000,17140,Cincinnati MSA,2021,621210,Offices of Dentists,2,2,52.0444357794,220.216696616,355.341256879,1535.61108024,1400.65504562,1318.11344845,1148.97631128,411.611861129
2,1,    621 - Ambulatory Care,,,00,000,17140,Cincinnati MSA,2021,621310,Offices of Chiropractors,2,2,6.7468641819,30.5630857487,50.2587400897,277.272847611,237.511598017,209.271030746,147.594047925,54.3191252589
2,1,    621 - Ambulatory Care,,,00,000,17140,Cincinnati MSA,2021,621320,Offices of Optometrists,2,2,7.89557651389,34.5055415071,56.1274805733,311.696335194,272.88568348,231.254172854,166.88376431,63.5256472571
2,1,    621 - Ambulatory Care,,,00,000,17140,Cincinnati MSA,2021,621330,Offices of Mental Health Practitioners (except Physicians),2,2,3.04137433592,14.1799759512,23.4144970888,148.755540189,129.6131067,106.761088652,78.9041811899,31.1853051064
2,1,    621 - Ambulatory Care,,,00,000,17140,Cincinnati MSA,2021,621340,"Offices of Physical, Occupational and Speech Therapists, and Audiologists",2,2,14.1630559182,56.2128443403,95.663219266,531.202783004,444.556444662,377.804810517,280.99890477,108.541076169
2,1,    621 - Ambulatory Care,,,00,000,17140,Cincinnati MSA,2021,621391,Offices of Podiatrists,2,2,0.754581639518,5.24020891204,9.76500907622,59.8007697622,48.6403531214,43.2421464983,30.6587315554,12.1074403789
2,1,    621 - Ambulatory Care,,,00,000,17140,Cincinnati MSA,2021,621399,Offices of All Other Miscellaneous Health Practitioners,2,2,10.0043177946,37.1097444029,60.743966519,343.200261805,295.574503064,260.836899429,179.83286955,64.1649196131
2,1,    621 - Ambulatory Care,,,00,000,17140,Cincinnati MSA,2021,621410,Family Planning Centers,2,2,0.0,0.886582625522,6.3139100234,32.6772799102,30.9134841228,23.3895884968,18.0929855385,5.16235514919
2,1,    621 - Ambulatory Care,,,00,000,17140,Cincinnati MSA,2021,621420,Outpatient Mental Health and Substance Abuse Centers,2,2,5.50143643013,57.7453875784,193.326224457,984.642841308,973.144370673,751.743703627,594.800260464,198.329523449
2,1,    621 - Ambulatory Care,,,00,000,17140,Cincinnati MSA,2021,621491,HMO Medical Centers,2,2,0.0,0.0,0.63526952764,4.52558747248,4.6570228491,3.69625148682,2.43734516454,0.555196985636
2,1,    621 - Ambulatory Care,,,00,000,17140,Cincinnati MSA,2021,621492,Kidney Dialysis Centers,2,2,0.0,9.56311405127,36.9740513879,195.559260637,197.998791934,148.772892651,118.624579915,39.1875652662
2,1,    621 - Ambulatory Care,,,00,000,17140,Cincinnati MSA,2021,621493,Freestanding Ambulatory Surgical and Emergency Centers,2,2,0.886061113018,21.0243782732,71.7694372234,372.459803327,369.545937264,282.941891636,219.751683936,74.2962355865
2,1,    621 - Ambulatory Care,,,00,000,17140,Cincinnati MSA,2021,621498,All Other Outpatient Care Centers,2,2,1.38421613928,17.3279176239,57.7385144149,305.787035285,310.701415281,240.807384083,187.112375359,62.2316125916
2,1,    621 - Ambulatory Care,,,00,000,17140,Cincinnati MSA,2021,621511,Medical Laboratories,2,2,1.9455771057,52.5031989091,137.14023355,545.401000986,522.468697923,481.67061294,379.422349495,106.777160004
2,1,    621 - Ambulatory Care,,,00,000,17140,Cincinnati MSA,2021,621512,Diagnostic Imaging Centers,2,2,0.0,21.9245049175,56.5939374683,119.97850129,88.1385416169,76.4962286481,56.437576906,17.458622279
2,1,    621 - Ambulatory Care,,,00,000,17140,Cincinnati MSA,2021,621610,Home Health Care Services,2,2,46.5974437698,267.412889868,332.697790173,1522.13365632,2020.59265548,1847.20429253,1532.60100775,686.182519512
2,1,    621 - Ambulatory Care,,,00,000,17140,Cincinnati MSA,2021,621910,Ambulance Services,2,2,0.0,26.6858866894,42.278660335,137.297688545,120.234527886,101.857524541,74.215939048,25.3171525556
2,1,    621 - Ambulatory Care,,,00,000,17140,Cincinnati MSA,2021,621991,Blood and Organ Banks,2,2,0.0,21.5211512107,35.5986808611,109.749184151,88.1551896261,67.6604885802,51.9661292309,17.6275440682
2,1,    621 - Ambulatory Care,,,00,000,17140,Cincinnati MSA,2021,621999,All Other Miscellaneous Ambulatory Health Care Services,2,2,0.0,9.90104942578,17.0616557698,59.0373782925,47.4186726179,34.6026101033,24.0830883292,6.26573958686
2,1,    621 - Ambulatory Care,,,00,000,17140,Cincinnati MSA,2022,621111,Offices of Physicians (except Mental Health Specialists),2,2,37.769512798,324.669004196,715.518842169,4353.68039525,5502.59516976,4513.71584298,3698.06408552,1297.50726636
2,1,    621 - Ambulatory Care,,,00,000,17140,Cincinnati MSA,2022,621112,"Offices of Physicians, Mental Health Specialists",2,2,0.0,5.80623190896,15.8394493911,106.538875086,133.232364205,107.883278653,89.0660262208,30.1898480267
2,1,    621 - Ambulatory Care,,,00,000,17140,Cincinnati MSA,2022,621210,Offices of Dentists,2,2,64.4094506907,229.405541895,376.508495811,1525.20054605,1411.26589812,1336.79994546,1104.84534671,431.777066626
2,1,    621 - Ambulatory Care,,,00,000,17140,Cincinnati MSA,2022,621310,Offices of Chiropractors,2,2,5.43793195528,28.5872485647,52.6812351942,265.418497933,228.765265323,190.638553969,135.74370846,54.582316688
2,1,    621 - Ambulatory Care,,,00,000,17140,Cincinnati MSA,2022,621320,Offices of Optometrists,2,2,8.35238759721,36.4084959593,64.357455109,329.364726597,286.214096262,236.68672602,171.99026012,69.2804691701
2,1,    621 - Ambulatory Care,,,00,000,17140,Cincinnati MSA,2022,621330,Offices of Mental Health Practitioners (except Physicians),2,2,2.94208959893,16.5121462851,29.0997067015,156.16111656,141.166149244,112.469756373,83.933016327,35.3224739154
2,1,    621 - Ambulatory Care,,,00,000,17140,Cincinnati MSA,2022,621340,"Offices of Physical, Occupational and Speech Therapists, and Audiologists",2,2,13.5883265842,55.162196227,98.428651101,467.516531953,407.441921916,329.320624906,260.50354685,104.075963178
2,1,    621 - Ambulatory Care,,,00,000,17140,Cincinnati MSA,2022,621391,Offices of Podiatrists,2,2,0.623193150245,5.18431401451,9.92019470727,56.1681159176,47.2637760652,38.626055226,29.205639186,12.1212709202
2,1,    621 - Ambulatory Care,,,00,000,17140,Cincinnati MSA,2022,621399,Offices of All Other Miscellaneous Health Practitioners,2,2,9.62912119905,35.3057338736,65.2971418158,333.741875325,296.421172241,246.742138414,170.563434467,65.062433472
2,1,    621 - Ambulatory Care,,,00,000,17140,Cincinnati MSA,2022,621410,Family Planning Centers,2,2,0.0,1.46127349843,7.14484329281,40.3152785623,39.3488361376,31.976093954,22.5376082244,5.94292164805
2,1,    621 - Ambulatory Care,,,00,000,17140,Cincinnati MSA,2022,621420,Outpatient Mental Health and Substance Abuse Centers,2,2,12.8514845474,67.528223674,212.062133239,994.376927212,1029.66553632,815.320574783,616.375901863,210.916398479
2,1,    621 - Ambulatory Care,,,00,000,17140,Cincinnati MSA,2022,621491,HMO Medical Centers,2,2,0.0,0.0,0.0,1.82442374341,1.90454376328,1.39175457342,1.09437904612,0.0
2,1,    621 - Ambulatory Care,,,00,000,17140,Cincinnati MSA,2022,621492,Kidney Dialysis Centers,2,2,2.35645585568,9.87156323856,39.6158179064,191.451185619,199.02663247,156.205477132,117.405997279,40.3974235344
2,1,    621 - Ambulatory Care,,,00,000,17140,Cincinnati MSA,2022,621493,Freestanding Ambulatory Surgical and Emergency Centers,2,2,5.60271416179,24.2228158485,83.702618905,399.897833657,409.005799859,318.305537973,236.690454383,81.1902260273
2,1,    621 - Ambulatory Care,,,00,000,17140,Cincinnati MSA,2022,621498,All Other Outpatient Care Centers,2,2,3.07868437158,17.5376864285,55.9700457307,279.775710881,302.315391845,237.708848634,176.677446959,61.5022695215
2,1,    621 - Ambulatory Care,,,00,000,17140,Cincinnati MSA,2022,621511,Medical Laboratories,2,2,4.38721747567,59.5907872468,200.860441767,695.919486446,592.191503034,523.048370258,404.491783309,126.001067826
2,1,    621 - Ambulatory Care,,,00,000,17140,Cincinnati MSA,2022,621512,Diagnostic Imaging Centers,2,2,0.0,1.86660571373,9.57772937386,45.3166972711,56.6776669973,53.2864491087,47.7877598421,16.8242683331
2,1,    621 - Ambulatory Care,,,00,000,17140,Cincinnati MSA,2022,621610,Home Health Care Services,2,2,35.6954725994,214.912324005,309.881798893,1411.63245137,2025.00217807,1872.43941527,1547.30296011,750.433854894
2,1,    621 - Ambulatory Care,,,00,000,17140,Cincinnati MSA,2022,621910,Ambulance Services,2,2,1.358719316,26.9384674519,41.7251163563,131.087433955,110.737886063,80.919052149,58.3668017192,21.1925604565
2,1,    621 - Ambulatory Care,,,00,000,17140,Cincinnati MSA,2022,621991,Blood and Organ Banks,2,2,1.76483099347,27.4590783561,40.8124329382,126.019767244,99.7534199112,74.7813607843,57.7120188096,20.7951771742
2,1,    621 - Ambulatory Care,,,00,000,17140,Cincinnati MSA,2022,621999,All Other Miscellaneous Ambulatory Health Care Services,2,2,0.0,10.3520521922,17.359638345,57.5095964803,50.5250499663,32.8300445138,29.7991097543,7.86795105454
2,1,    621 - Ambulatory Care,,,00,000,17140,Cincinnati MSA,2023,621111,Offices of Physicians (except Mental Health Specialists),2,2,40.0093077198,316.530279549,720.052681416,4274.85668012,5608.49889836,4573.67949741,3627.00590945,1361.04781309
2,1,    621 - Ambulatory Care,,,00,000,17140,Cincinnati MSA,2023,621112,"Offices of Physicians, Mental Health Specialists",2,2,0.0,4.98430682921,15.2841402678,98.0384943038,129.80776146,105.615113328,82.6030334305,29.6769406387
2,1,    621 - Ambulatory Care,,,00,000,17140,Cincinnati MSA,2023,621210,Offices of Dentists,2,2,63.552272315,230.85624547,379.684809818,1509.72777738,1420.49960994,1328.43357202,1081.22049137,472.107400048
2,1,    621 - Ambulatory Care,,,00,000,17140,Cincinnati MSA,2023,621310,Offices of Chiropractors,2,2,8.31879654746,30.2684669344,49.4818595761,257.629927687,223.292469797,182.023967057,132.676437263,54.1440898098
2,1,    621 - Ambulatory Care,,,00,000,17140,Cincinnati MSA,2023,621320,Offices of Optometrists,2,2,12.7573932555,38.5179838285,62.6178949404,318.041497767,280.338470693,230.127157184,168.895031471,69.6325253983
2,1,    621 - Ambulatory Care,,,00,000,17140,Cincinnati MSA,2023,621330,Offices of Mental Health Practitioners (except Physicians),2,2,3.91771280637,18.9626841097,29.8956865795,162.346586612,148.597974206,119.286136909,89.3984945595,37.5819188629
2,1,    621 - Ambulatory Care,,,00,000,17140,Cincinnati MSA,2023,621340,"Offices of Physical, Occupational and Speech Therapists, and Audiologists",2,2,18.2445093807,62.5234227874,105.595835347,518.647547026,457.129328193,366.716830313,288.820445951,115.356810099
2,1,    621 - Ambulatory Care,,,00,000,17140,Cincinnati MSA,2023,621391,Offices of Podiatrists,2,2,0.674326742959,5.45425190234,10.2212931737,57.0345806354,50.8332343951,39.5894375962,29.7386482399,12.1085732408
2,1,    621 - Ambulatory Care,,,00,000,17140,Cincinnati MSA,2023,621399,Offices of All Other Miscellaneous Health Practitioners,2,2,8.52862545615,38.9063580207,60.1156657582,319.80459509,287.251478468,233.977752139,167.076692664,66.2186824247
2,1,    621 - Ambulatory Care,,,00,000,17140,Cincinnati MSA,2023,621410,Family Planning Centers,2,2,0.0,1.18286901235,9.23670341452,43.4124648459,41.8795137288,33.9393577617,22.457250996,6.60139510765
2,1,    621 - Ambulatory Care,,,00,000,17140,Cincinnati MSA,2023,621420,Outpatient Mental Health and Substance Abuse Centers,2,2,23.2181145695,76.0422989571,234.219301686,1021.97662333,1065.92655989,845.239850291,620.678143425,220.044464346
2,1,    621 - Ambulatory Care,,,00,000,17140,Cincinnati MSA,2023,621491,HMO Medical Centers,2,2,0.0,0.0,0.0,2.2792937907,1.92455636008,1.54984773199,0.63495678773,0.0
2,1,    621 - Ambulatory Care,,,00,000,17140,Cincinnati MSA,2023,621492,Kidney Dialysis Centers,2,2,3.96812086514,12.6766701778,43.8084293531,194.817603414,202.068932172,160.745649534,116.754255337,41.7971213674
2,1,    621 - Ambulatory Care,,,00,000,17140,Cincinnati MSA,2023,621493,Freestanding Ambulatory Surgical and Emergency Centers,2,2,8.56114567139,28.204721267,84.2692685394,374.002217012,381.328735869,297.565929368,217.343116775,79.840060222
2,1,    621 - Ambulatory Care,,,00,000,17140,Cincinnati MSA,2023,621498,All Other Outpatient Care Centers,2,2,6.1953190552,21.908881377,61.4520517158,278.533086424,308.269369587,239.190798255,174.597494168,61.7980185457
2,1,    621 - Ambulatory Care,,,00,000,17140,Cincinnati MSA,2023,621511,Medical Laboratories,2,2,0.552044828736,41.4971789818,156.306160424,697.266753101,567.714519469,491.171150302,382.587974205,121.863486013
2,1,    621 - Ambulatory Care,,,00,000,17140,Cincinnati MSA,2023,621512,Diagnostic Imaging Centers,2,2,0.0,3.46197692239,11.9918018086,56.663384862,72.3102210653,65.6721524422,59.4430732448,24.0100918903
2,1,    621 - Ambulatory Care,,,00,000,17140,Cincinnati MSA,2023,621610,Home Health Care Services,2,2,41.6043971267,218.751802846,330.819788945,1571.28710447,2240.76695312,2086.16826765,1694.94898188,840.295642145
2,1,    621 - Ambulatory Care,,,00,000,17140,Cincinnati MSA,2023,621910,Ambulance Services,2,2,2.34257783006,36.2908213218,49.7552715702,149.473017707,122.530934211,84.8235613713,62.7929371515,22.3534969987
2,1,    621 - Ambulatory Care,,,00,000,17140,Cincinnati MSA,2023,621991,Blood and Organ Banks,2,2,1.58023529991,31.309759513,41.2334432473,120.251757467,86.6026074539,64.0230272011,51.4361660758,17.9724968655
2,1,    621 - Ambulatory Care,,,00,000,17140,Cincinnati MSA,2023,621999,All Other Miscellaneous Ambulatory Health Care Services,2,2,0.0,18.0073540239,25.9650293071,80.4103593336,67.375339522,41.3836278707,28.293821729,8.8331752464
2,1,    621 - Ambulatory Care,,,00,000,17140,Cincinnati MSA,2024,621111,Offices of Physicians (except Mental Health Specialists),2,2,45.9905309627,352.483968723,773.634504601,4416.47474712,5794.25651865,4724.11607839,3658.99189791,1396.60645595
2,1,    621 - Ambulatory Care,,,00,000,17140,Cincinnati MSA,2024,621112,"Offices of Physicians, Mental Health Specialists",2,2,0.0,5.91019231825,16.5360261388,103.29859447,137.452619003,111.420939281,84.7247826979,31.4524663629
2,1,    621 - Ambulatory Care,,,00,000,17140,Cincinnati MSA,2024,621210,Offices of Dentists,2,2,72.0173248122,237.408146047,389.980398855,1445.08635643,1400.03640329,1279.84777313,1045.34710788,462.911348643
2,1,    621 - Ambulatory Care,,,00,000,17140,Cincinnati MSA,2024,621310,Offices of Chiropractors,2,2,7.20667923026,31.6414673552,48.1617648237,252.158128567,220.760515757,177.735398408,131.494389778,53.5087237071
2,1,    621 - Ambulatory Care,,,00,000,17140,Cincinnati MSA,2024,621320,Offices of Optometrists,2,2,12.5848211974,46.4320688194,70.49774706,359.819997287,323.505713572,256.400991234,195.112849323,83.6627288461
2,1,    621 - Ambulatory Care,,,00,000,17140,Cincinnati MSA,2024,621330,Offices of Mental Health Practitioners (except Physicians),2,2,3.99508963681,26.9283111867,38.0337461757,186.892451108,171.551958609,136.404351906,100.279179449,44.2850860285
2,1,    621 - Ambulatory Care,,,00,000,17140,Cincinnati MSA,2024,621340,"Offices of Physical, Occupational and Speech Therapists, and Audiologists",2,2,19.575231527,73.2401047013,119.681486572,590.28384132,520.373434159,411.419402888,318.941649586,125.321291008
2,1,    621 - Ambulatory Care,,,00,000,17140,Cincinnati MSA,2024,621391,Offices of Podiatrists,2,2,0.0,5.00529283772,9.19870269754,53.4116767627,47.8997987248,37.7392896429,27.6705867069,11.0881400239
2,1,    621 - Ambulatory Care,,,00,000,17140,Cincinnati MSA,2024,621399,Offices of All Other Miscellaneous Health Practitioners,2,2,7.24829781224,43.0757008669,62.7986106887,329.172700588,293.756262871,236.314784452,174.450886292,71.402679377
2,1,    621 - Ambulatory Care,,,00,000,17140,Cincinnati MSA,2024,621410,Family Planning Centers,2,2,0.535235149761,2.33700965659,8.4576572267,45.7781983595,43.1452225142,34.1712901775,24.2183414052,8.66910054839
2,1,    621 - Ambulatory Care,,,00,000,17140,Cincinnati MSA,2024,621420,Outpatient Mental Health and Substance Abuse Centers,2,2,28.845385628,80.6590038785,226.271712244,1032.66334109,1078.42417743,856.486195919,625.363634848,225.77706979
2,1,    621 - Ambulatory Care,,,00,000,17140,Cincinnati MSA,2024,621491,HMO Medical Centers,2,2,0.0,0.0,1.2404169395,6.2907652278,5.99899865819,4.71324828329,3.5231234522,0.615584747315
2,1,    621 - Ambulatory Care,,,00,000,17140,Cincinnati MSA,2024,621492,Kidney Dialysis Centers,2,2,4.36111737635,12.3485912935,39.4719820139,187.488063772,193.763684025,153.287605413,111.835930689,39.2304439869
2,1,    621 - Ambulatory Care,,,00,000,17140,Cincinnati MSA,2024,621493,Freestanding Ambulatory Surgical and Emergency Centers,2,2,8.18388417957,27.4314859809,73.018417984,340.419638033,343.689779025,272.321522375,199.003215458,75.7140684579
2,1,    621 - Ambulatory Care,,,00,000,17140,Cincinnati MSA,2024,621498,All Other Outpatient Care Centers,2,2,8.66205017633,26.5096478305,69.4820948103,318.650919796,344.2871306,271.11595401,196.40192905,70.7462856882
2,1,    621 - Ambulatory Care,,,00,000,17140,Cincinnati MSA,2024,621511,Medical Laboratories,2,2,1.18846444809,32.9963234355,124.217529158,643.913989197,531.133618802,461.599311066,382.876803464,120.268249715
2,1,    621 - Ambulatory Care,,,00,000,17140,Cincinnati MSA,2024,621512,Diagnostic Imaging Centers,2,2,0.0,1.9757100095,11.9640758366,54.9088017446,67.9645813285,63.5151309344,58.6472325957,24.3515847731
2,1,    621 - Ambulatory Care,,,00,000,17140,Cincinnati MSA,2024,621610,Home Health Care Services,2,2,49.314444899,242.40459877,330.480522719,1571.18807333,2171.57934785,1998.35201506,1587.36667708,857.49967408
2,1,    621 - Ambulatory Care,,,00,000,17140,Cincinnati MSA,2024,621910,Ambulance Services,2,2,4.03447666529,44.442862689,56.4658171308,176.146824701,135.583557834,95.3676910397,74.5090621972,24.6261078985
2,1,    621 - Ambulatory Care,,,00,000,17140,Cincinnati MSA,2024,621991,Blood and Organ Banks,2,2,2.9363079592,28.7951742059,34.9578454343,114.262593653,81.4135458674,58.9239892619,48.4775643182,16.475494059
2,1,    621 - Ambulatory Care,,,00,000,17140,Cincinnati MSA,2024,621999,All Other Miscellaneous Ambulatory Health Care Services,2,2,0.607511997391,22.170790288,28.7648837943,91.3285855633,73.1967580085,50.8218222613,32.2851346315,10.189091839
2,1,    621 - Ambulatory Care,,,00,000,18020,Columbus MSA,2020,621111,Offices of Physicians (except Mental Health Specialists),2,2,1.12762093555,11.1410929503,22.3997844006,167.00651869,198.907022189,219.029565933,171.112132794,32.5080651402
2,1,    621 - Ambulatory Care,,,00,000,18020,Columbus MSA,2020,621112,"Offices of Physicians, Mental Health Specialists",2,2,0.0,0.0,0.0,0.0,0.0,0.0,0.0,0.0
2,1,    621 - Ambulatory Care,,,00,000,18020,Columbus MSA,2020,621210,Offices of Dentists,2,2,1.89403758218,7.43028615727,12.3346385683,62.3591172652,57.7223251069,43.2512044253,37.8301907287,16.4018313803
2,1,    621 - Ambulatory Care,,,00,000,18020,Columbus MSA,2020,621310,Offices of Chiropractors,2,2,0.0,2.14659417868,3.1112851477,11.4578197253,8.03509190118,8.01354979464,6.90277618196,0.994220231221
2,1,    621 - Ambulatory Care,,,00,000,18020,Columbus MSA,2020,621320,Offices of Optometrists,2,2,0.0,0.916989929178,1.32909013523,4.89459321317,3.36353926307,3.42325742408,2.58188205343,0.0
2,1,    621 - Ambulatory Care,,,00,000,18020,Columbus MSA,2020,621330,Offices of Mental Health Practitioners (except Physicians),2,2,0.0,0.0,0.0,1.67265832927,0.957890208432,1.07648312228,0.995568129429,0.0
2,1,    621 - Ambulatory Care,,,00,000,18020,Columbus MSA,2020,621340,"Offices of Physical, Occupational and Speech Therapists, and Audiologists",2,2,0.0,7.96801597831,12.8663614402,43.141409123,29.2268581574,29.7457681758,25.6226498044,4.28967550748
2,1,    621 - Ambulatory Care,,,00,000,18020,Columbus MSA,2020,621391,Offices of Podiatrists,2,2,0.0,0.895030310347,1.29726174559,4.77737992884,3.2829908974,3.34127895757,2.52005242591,0.0
2,1,    621 - Ambulatory Care,,,00,000,18020,Columbus MSA,2020,621399,Offices of All Other Miscellaneous Health Practitioners,2,2,0.0,0.0,0.55759688494,1.81986241282,1.04219035976,1.17122016971,1.08318416645,0.0
2,1,    621 - Ambulatory Care,,,00,000,18020,Columbus MSA,2020,621410,Family Planning Centers,2,2,0.0,0.0,0.0,2.61161901451,3.25624783947,2.25219240365,1.74160882319,0.513417308603
2,1,    621 - Ambulatory Care,,,00,000,18020,Columbus MSA,2020,621420,Outpatient Mental Health and Substance Abuse Centers,2,2,0.0,4.53882117176,16.9374788922,93.6170471473,98.80360883,76.6655494558,62.2493194248,21.9423718104
2,1,    621 - Ambulatory Care,,,00,000,18020,Columbus MSA,2020,621491,HMO Medical Centers,2,2,0.0,0.0,0.0,0.0,0.0,0.0,0.0,0.0
2,1,    621 - Ambulatory Care,,,00,000,18020,Columbus MSA,2020,621492,Kidney Dialysis Centers,2,2,0.0,0.0,0.0,0.0,0.575727331958,0.0,0.0,0.0
2,1,    621 - Ambulatory Care,,,00,000,18020,Columbus MSA,2020,621493,Freestanding Ambulatory Surgical and Emergency Centers,2,2,0.0,0.507438550253,1.83675377073,12.2548067835,12.7907498476,9.97757249579,8.10138454343,2.85567125028
2,1,    621 - Ambulatory Care,,,00,000,18020,Columbus MSA,2020,621498,All Other Outpatient Care Centers,2,2,0.0,0.650437014807,2.3543592401,15.7169444685,16.395240653,12.7892972774,10.384391126,3.66041224574
2,1,    621 - Ambulatory Care,,,00,000,18020,Columbus MSA,2020,621511,Medical Laboratories,2,2,0.0,0.0,0.0,0.0,0.0,4.45703089,0.0,0.0
2,1,    621 - Ambulatory Care,,,00,000,18020,Columbus MSA,2020,621512,Diagnostic Imaging Centers,2,2,0.0,0.0,0.0,0.0,0.0,0.0,0.0,0.0
2,1,    621 - Ambulatory Care,,,00,000,18020,Columbus MSA,2020,621610,Home Health Care Services,2,2,5.75519738104,36.6685774199,37.1032237217,116.616125359,96.0623131053,120.704203524,85.9658955427,29.1485659529
2,1,    621 - Ambulatory Care,,,00,000,18020,Columbus MSA,2020,621910,Ambulance Services,2,2,0.0,1.46150753924,2.61024876806,22.4233000359,23.1443284781,25.6698922264,22.5662550618,5.61476125953
2,1,    621 - Ambulatory Care,,,00,000,18020,Columbus MSA,2020,621991,Blood and Organ Banks,2,2,0.0,0.0,0.0,0.0,0.0,0.0,0.0,0.0
2,1,    621 - Ambulatory Care,,,00,000,18020,Columbus MSA,2020,621999,All Other Miscellaneous Ambulatory Health Care Services,2,2,0.0,0.833893137732,1.1555387522,12.794074285,13.2054718687,14.7013589589,12.8756402106,3.20361733252
2,1,    621 - Ambulatory Care,,,00,000,18020,Columbus MSA,2021,621111,Offices of Physicians (except Mental Health Specialists),2,2,2.5245428693,16.930232251,31.4462197025,168.525663937,209.729339084,222.149533194,168.185090797,38.492731131
2,1,    621 - Ambulatory Care,,,00,000,18020,Columbus MSA,2021,621112,"Offices of Physicians, Mental Health Specialists",2,2,0.0,0.0,0.0,0.0,0.0,0.860593492047,0.0,0.0
2,1,    621 - Ambulatory Care,,,00,000,18020,Columbus MSA,2021,621210,Offices of Dentists,2,2,2.03235940096,11.2250705336,11.9930542992,56.9830471896,61.7569603249,47.3673288668,44.3562460789,16.3749939595
2,1,    621 - Ambulatory Care,,,00,000,18020,Columbus MSA,2021,621310,Offices of Chiropractors,2,2,0.0,2.32905524664,3.78525805652,14.2563472885,7.04109369025,7.7320958896,6.44571796083,0.0
2,1,    621 - Ambulatory Care,,,00,000,18020,Columbus MSA,2021,621320,Offices of Optometrists,2,2,0.0,0.758448831939,1.2326562694,4.64253046991,2.23660317968,2.08884226322,1.79663826565,0.0
2,1,    621 - Ambulatory Care,,,00,000,18020,Columbus MSA,2021,621330,Offices of Mental Health Practitioners (except Physicians),2,2,0.0,0.0,0.686287265794,2.26182622225,0.934373286556,1.16297290744,1.00028693608,0.0
2,1,    621 - Ambulatory Care,,,00,000,18020,Columbus MSA,2021,621340,"Offices of Physical, Occupational and Speech Therapists, and Audiologists",2,2,0.981818891567,14.572934614,23.5278169166,81.8516049141,38.9600747553,43.8606002893,36.5635738478,4.83018937937
2,1,    621 - Ambulatory Care,,,00,000,18020,Columbus MSA,2021,621391,Offices of Podiatrists,2,2,0.0,0.824139599918,1.33941909054,5.04462930519,2.43031984763,2.26976106312,1.95224869378,0.0
2,1,    621 - Ambulatory Care,,,00,000,18020,Columbus MSA,2021,621399,Offices of All Other Miscellaneous Health Practitioners,2,2,0.0,0.0,0.0,1.40802112689,0.0,0.723968272882,0.622693788361,0.0
2,1,    621 - Ambulatory Care,,,00,000,18020,Columbus MSA,2021,621410,Family Planning Centers,2,2,0.0,0.0,0.0,1.27436990552,1.40481867379,1.07948510145,0.873244816116,0.0
2,1,    621 - Ambulatory Care,,,00,000,18020,Columbus MSA,2021,621420,Outpatient Mental Health and Substance Abuse Centers,2,2,0.0,5.04505170053,19.5863890317,90.6381294224,101.754513569,76.1477859164,62.9539724231,21.806452408
2,1,    621 - Ambulatory Care,,,00,000,18020,Columbus MSA,2021,621491,HMO Medical Centers,2,2,0.0,0.0,0.0,0.0,0.0,0.0,0.0,0.0
2,1,    621 - Ambulatory Care,,,00,000,18020,Columbus MSA,2021,621492,Kidney Dialysis Centers,2,2,0.0,0.0,0.0,0.0,0.344107158841,0.0,0.0,0.0
2,1,    621 - Ambulatory Care,,,00,000,18020,Columbus MSA,2021,621493,Freestanding Ambulatory Surgical and Emergency Centers,2,2,0.0,0.670413312655,2.20054864437,12.1343779491,13.443502434,10.1189229443,8.36565880833,2.89775741933
2,1,    621 - Ambulatory Care,,,00,000,18020,Columbus MSA,2021,621498,All Other Outpatient Care Centers,2,2,0.0,0.993292442389,3.85625625935,17.9756517047,19.918055198,14.9923181654,12.3946608951,4.29335230993
2,1,    621 - Ambulatory Care,,,00,000,18020,Columbus MSA,2021,621511,Medical Laboratories,2,2,0.507429198928,0.0,0.0,0.0,0.0,10.8112807438,0.0,0.0
2,1,    621 - Ambulatory Care,,,00,000,18020,Columbus MSA,2021,621512,Diagnostic Imaging Centers,2,2,0.0,0.0,0.0,0.0,0.0,0.0,0.0,0.0
2,1,    621 - Ambulatory Care,,,00,000,18020,Columbus MSA,2021,621610,Home Health Care Services,2,2,7.17158988945,40.1863188942,41.983239693,124.127859669,101.681381617,115.014656478,91.4741328489,33.4568881884
2,1,    621 - Ambulatory Care,,,00,000,18020,Columbus MSA,2021,621910,Ambulance Services,2,2,0.0,1.58149735403,2.33295759316,17.1483924845,21.6228606229,21.7353514111,19.8808737551,5.78946638917
2,1,    621 - Ambulatory Care,,,00,000,18020,Columbus MSA,2021,621991,Blood and Organ Banks,2,2,0.0,0.0,0.0,0.0,0.0,0.0,0.0,0.0
2,1,    621 - Ambulatory Care,,,00,000,18020,Columbus MSA,2021,621999,All Other Miscellaneous Ambulatory Health Care Services,2,2,0.0,1.1355436334,1.67510564287,12.3923324941,15.5256040447,15.6063744601,14.2748260449,4.15694132038
2,1,    621 - Ambulatory Care,,,00,000,18020,Columbus MSA,2022,621111,Offices of Physicians (except Mental Health Specialists),2,2,3.10391518275,17.5120826536,31.7835420156,187.439302881,208.088217047,232.024341462,174.150947482,41.7235924624
2,1,    621 - Ambulatory Care,,,00,000,18020,Columbus MSA,2022,621112,"Offices of Physicians, Mental Health Specialists",2,2,0.0,0.0,0.0,0.661799839192,0.654712641667,0.797500999465,0.0,0.0
2,1,    621 - Ambulatory Care,,,00,000,18020,Columbus MSA,2022,621210,Offices of Dentists,2,2,3.78636222975,13.6635979753,21.4370494346,67.2768537095,58.8843350647,56.0560349809,41.6691048737,19.6458420466
2,1,    621 - Ambulatory Care,,,00,000,18020,Columbus MSA,2022,621310,Offices of Chiropractors,2,2,0.0,2.03206016691,4.49702269646,13.3513482345,5.9260192379,6.15589107769,4.7293796589,0.842583792854
2,1,    621 - Ambulatory Care,,,00,000,18020,Columbus MSA,2022,621320,Offices of Optometrists,2,2,0.0,0.917130984628,1.77974406812,6.02587233973,2.17073340839,2.29719123537,1.89266129708,0.0
2,1,    621 - Ambulatory Care,,,00,000,18020,Columbus MSA,2022,621330,Offices of Mental Health Practitioners (except Physicians),2,2,0.0,0.760053302178,1.47492602331,4.99381685613,1.79895033844,1.90374964258,1.56850383736,0.0
2,1,    621 - Ambulatory Care,,,00,000,18020,Columbus MSA,2022,621340,"Offices of Physical, Occupational and Speech Therapists, and Audiologists",2,2,0.634499440771,14.9229711532,30.612235317,91.70348147199999,40.3397331187,41.1037325171,32.1939409236,8.80728575662
2,1,    621 - Ambulatory Care,,,00,000,18020,Columbus MSA,2022,621391,Offices of Podiatrists,2,2,0.0,0.0,0.676371070579,1.98093039891,0.824962030031,0.873020859024,0.719283952497,0.0
2,1,    621 - Ambulatory Care,,,00,000,18020,Columbus MSA,2022,621399,Offices of All Other Miscellaneous Health Practitioners,2,2,0.0,0.0,0.0,1.4677348562,0.611240822588,0.646849150119,0.532940546102,0.0
2,1,    621 - Ambulatory Care,,,00,000,18020,Columbus MSA,2022,621410,Family Planning Centers,2,2,0.0,0.0,0.502783917147,1.79451786507,1.832871224,1.64743741254,1.40368950705,0.0
2,1,    621 - Ambulatory Care,,,00,000,18020,Columbus MSA,2022,621420,Outpatient Mental Health and Substance Abuse Centers,2,2,0.0,4.4088018746,24.6558538127,87.1030301885,89.2886470792,80.0650398396,69.2379486367,25.048656348
2,1,    621 - Ambulatory Care,,,00,000,18020,Columbus MSA,2022,621491,HMO Medical Centers,2,2,0.0,0.0,0.0,0.0,0.255288049269,0.0,0.0,0.0
2,1,    621 - Ambulatory Care,,,00,000,18020,Columbus MSA,2022,621492,Kidney Dialysis Centers,2,2,0.0,0.0,0.0,0.0,0.771988644763,0.0,0.0,0.0
2,1,    621 - Ambulatory Care,,,00,000,18020,Columbus MSA,2022,621493,Freestanding Ambulatory Surgical and Emergency Centers,2,2,0.0,0.51735221711,2.41337910679,10.2233685971,10.4776038577,9.39525681855,8.12474845869,2.93934231246
2,1,    621 - Ambulatory Care,,,00,000,18020,Columbus MSA,2022,621498,All Other Outpatient Care Centers,2,2,0.0,0.827288422945,4.62654095086,16.3631802234,16.7545437808,15.0237825209,12.992135951,4.70024827525
2,1,    621 - Ambulatory Care,,,00,000,18020,Columbus MSA,2022,621511,Medical Laboratories,2,2,0.0,0.0,0.0,0.0,17.5970418736,0.0,0.0,0.0
2,1,    621 - Ambulatory Care,,,00,000,18020,Columbus MSA,2022,621512,Diagnostic Imaging Centers,2,2,0.0,0.0,0.0,0.0,0.0,0.0,0.0,0.0
2,1,    621 - Ambulatory Care,,,00,000,18020,Columbus MSA,2022,621610,Home Health Care Services,2,2,2.61418704313,22.1494725424,29.7186629463,110.770964916,95.5669825005,110.476911487,94.9373479249,37.9247059211
2,1,    621 - Ambulatory Care,,,00,000,18020,Columbus MSA,2022,621910,Ambulance Services,2,2,0.0,1.12233903928,2.98821167226,20.4705456065,19.1822281739,18.4750129329,12.402879119,3.38011467148
2,1,    621 - Ambulatory Care,,,00,000,18020,Columbus MSA,2022,621991,Blood and Organ Banks,2,2,0.0,0.0,0.0,0.0978780430427,0.0,0.0,0.0,0.0
2,1,    621 - Ambulatory Care,,,00,000,18020,Columbus MSA,2022,621999,All Other Miscellaneous Ambulatory Health Care Services,2,2,0.0,0.955722847845,2.54459844077,17.4722773852,16.3345416107,15.7323155982,10.5616168895,2.87832170743
2,1,    621 - Ambulatory Care,,,00,000,18020,Columbus MSA,2023,621111,Offices of Physicians (except Mental Health Specialists),2,2,1.36989498937,14.7431634098,33.0481092801,198.49249927,221.009640918,229.280329784,173.888793097,42.4554953302
2,1,    621 - Ambulatory Care,,,00,000,18020,Columbus MSA,2023,621112,"Offices of Physicians, Mental Health Specialists",2,2,0.0,0.0,0.0,1.35995858443,1.36179568555,1.53430655917,1.04827529588,0.0
2,1,    621 - Ambulatory Care,,,00,000,18020,Columbus MSA,2023,621210,Offices of Dentists,2,2,4.60927052648,14.9802004248,22.1444594672,73.8053006986,76.6721830138,69.7108893269,50.8933110941,21.9174183139
2,1,    621 - Ambulatory Care,,,00,000,18020,Columbus MSA,2023,621310,Offices of Chiropractors,2,2,0.0,2.07733550142,4.44625764533,12.7195871004,6.46298307701,4.68773132386,4.39878094501,1.42692132496
2,1,    621 - Ambulatory Care,,,00,000,18020,Columbus MSA,2023,621320,Offices of Optometrists,2,2,0.0,1.101015758,2.0776433563,6.7415522544,3.30907864412,2.13424557917,1.96979774135,0.0
2,1,    621 - Ambulatory Care,,,00,000,18020,Columbus MSA,2023,621330,Offices of Mental Health Practitioners (except Physicians),2,2,0.0,1.57524427837,2.9725240404,9.64526759853,4.73436203157,3.05350592197,3.33559721611,0.683498913057
2,1,    621 - Ambulatory Care,,,00,000,18020,Columbus MSA,2023,621340,"Offices of Physical, Occupational and Speech Therapists, and Audiologists",2,2,0.0,17.9980912125,34.4717688002,99.5228484939,48.4048791981,36.3439106061,34.1036826551,11.0628996189
2,1,    621 - Ambulatory Care,,,00,000,18020,Columbus MSA,2023,621391,Offices of Podiatrists,2,2,0.0,0.0,0.622358943827,1.7406579096,0.819595289828,0.639314163565,0.590053744373,0.0
2,1,    621 - Ambulatory Care,,,00,000,18020,Columbus MSA,2023,621399,Offices of All Other Miscellaneous Health Practitioners,2,2,0.0,0.0,0.502836786913,1.40636981128,0.662194487914,0.516535807871,0.0,0.0
2,1,    621 - Ambulatory Care,,,00,000,18020,Columbus MSA,2023,621410,Family Planning Centers,2,2,0.0,0.0,0.817842469068,2.70828296324,2.44261826151,2.47587361929,1.87093484978,0.65045267272
2,1,    621 - Ambulatory Care,,,00,000,18020,Columbus MSA,2023,621420,Outpatient Mental Health and Substance Abuse Centers,2,2,0.0,4.315815604,28.4918727947,96.0296291535,85.7552503192,86.6542577246,67.2517328128,26.4451482216
2,1,    621 - Ambulatory Care,,,00,000,18020,Columbus MSA,2023,621491,HMO Medical Centers,2,2,0.0,0.0,0.93141975086,3.64748736517,3.29127141745,2.81970877872,2.13075957481,0.740783817526
2,1,    621 - Ambulatory Care,,,00,000,18020,Columbus MSA,2023,621492,Kidney Dialysis Centers,2,2,0.0,0.0,0.0,0.341776889679,0.0,0.0,0.0,0.0
2,1,    621 - Ambulatory Care,,,00,000,18020,Columbus MSA,2023,621493,Freestanding Ambulatory Surgical and Emergency Centers,2,2,0.0,0.0,0.0,0.655724309816,0.0,0.0,0.0,0.0
2,1,    621 - Ambulatory Care,,,00,000,18020,Columbus MSA,2023,621498,All Other Outpatient Care Centers,2,2,0.0,0.0,2.23535347595,9.04089658571,7.89886084817,7.98166784097,6.1945137739,2.43584556204
2,1,    621 - Ambulatory Care,,,00,000,18020,Columbus MSA,2023,621511,Medical Laboratories,2,2,4.97944245955,4.81585808041,3.68808891686,4.17304593393,3.59556493102,2.96910763812,9.68614566879,1.40288013185
2,1,    621 - Ambulatory Care,,,00,000,18020,Columbus MSA,2023,621512,Diagnostic Imaging Centers,2,2,0.0,0.0,0.0,0.0,0.0,0.0,0.0,0.0
2,1,    621 - Ambulatory Care,,,00,000,18020,Columbus MSA,2023,621610,Home Health Care Services,2,2,4.78036404525,22.3146959379,26.0318480418,113.283238969,102.394955538,107.756442615,95.1094955481,46.6048100411
2,1,    621 - Ambulatory Care,,,00,000,18020,Columbus MSA,2023,621910,Ambulance Services,2,2,0.0,0.859422951752,3.03459764526,20.9479912124,21.2859908706,19.7918734356,13.2292773538,3.81466701082
2,1,    621 - Ambulatory Care,,,00,000,18020,Columbus MSA,2023,621991,Blood and Organ Banks,2,2,0.0,0.0,0.0,1.7249086348,1.22211633316,1.16079235885,0.777669231057,0.0
2,1,    621 - Ambulatory Care,,,00,000,18020,Columbus MSA,2023,621999,All Other Miscellaneous Ambulatory Health Care Services,2,2,0.0,0.0,1.76359151745,12.174167362,12.3705997724,11.6302439363,7.68834753416,2.21693785094
2,1,    621 - Ambulatory Care,,,00,000,18020,Columbus MSA,2024,621111,Offices of Physicians (except Mental Health Specialists),2,2,1.77797185225,17.8470254739,35.0648750043,197.645246114,219.93284403,219.906211227,168.316037001,44.9905738012
2,1,    621 - Ambulatory Care,,,00,000,18020,Columbus MSA,2024,621112,"Offices of Physicians, Mental Health Specialists",2,2,0.0,0.0,0.0,2.75128643275,3.44208617985,3.03090685676,2.64408538132,0.0
2,1,    621 - Ambulatory Care,,,00,000,18020,Columbus MSA,2024,621210,Offices of Dentists,2,2,4.80477660034,18.8921114163,24.1309509601,78.9021820682,82.2037536914,68.197917718,52.0935086833,19.2426813491
2,1,    621 - Ambulatory Care,,,00,000,18020,Columbus MSA,2024,621310,Offices of Chiropractors,2,2,0.0,2.60674034977,4.62604108295,12.4190274341,6.78718946756,4.25958876829,2.74332467171,0.610538501694
2,1,    621 - Ambulatory Care,,,00,000,18020,Columbus MSA,2024,621320,Offices of Optometrists,2,2,0.0,1.47338391295,2.27094347712,7.01949284568,3.66530959068,2.00336518274,1.55058421512,0.0
2,1,    621 - Ambulatory Care,,,00,000,18020,Columbus MSA,2024,621330,Offices of Mental Health Practitioners (except Physicians),2,2,0.0,4.21750951271,6.45105685872,17.3184480359,9.04302847474,5.94003573386,4.46104737669,1.40220734069
2,1,    621 - Ambulatory Care,,,00,000,18020,Columbus MSA,2024,621340,"Offices of Physical, Occupational and Speech Therapists, and Audiologists",2,2,1.18998441493,31.0679325127,47.5211729858,128.557167336,66.6147159876,43.7567784368,32.8619339014,10.3292435733
2,1,    621 - Ambulatory Care,,,00,000,18020,Columbus MSA,2024,621391,Offices of Podiatrists,2,2,0.0,0.0,0.0,1.13508980628,0.0,0.0,0.0,0.0
2,1,    621 - Ambulatory Care,,,00,000,18020,Columbus MSA,2024,621399,Offices of All Other Miscellaneous Health Practitioners,2,2,0.0,0.524138006536,0.807859904398,2.10378586628,1.0984406166,0.712672253319,0.551601054104,0.0
2,1,    621 - Ambulatory Care,,,00,000,18020,Columbus MSA,2024,621410,Family Planning Centers,2,2,0.0,0.0,0.783207269137,2.54398223375,2.19007048311,2.25583702266,1.64318597517,0.510689904051
2,1,    621 - Ambulatory Care,,,00,000,18020,Columbus MSA,2024,621420,Outpatient Mental Health and Substance Abuse Centers,2,2,0.0,6.70633641034,32.5422602329,101.872236264,90.1632100317,91.922561386,68.1460696665,25.3838468233
2,1,    621 - Ambulatory Care,,,00,000,18020,Columbus MSA,2024,621491,HMO Medical Centers,2,2,0.0,0.0,0.710340716698,2.30730003972,1.98631485929,2.04596273627,1.49031035495,0.0
2,1,    621 - Ambulatory Care,,,00,000,18020,Columbus MSA,2024,621492,Kidney Dialysis Centers,2,2,0.0,0.0,0.0,1.05822932389,0.0,0.0,0.0,0.0
2,1,    621 - Ambulatory Care,,,00,000,18020,Columbus MSA,2024,621493,Freestanding Ambulatory Surgical and Emergency Centers,2,2,0.0,0.0,0.0,0.715357736537,0.0,0.0,0.0,0.0
2,1,    621 - Ambulatory Care,,,00,000,18020,Columbus MSA,2024,621498,All Other Outpatient Care Centers,2,2,0.0,0.0,1.58070865804,6.26078656771,5.27852390785,5.38152354798,3.98955025929,1.03070028167
2,1,    621 - Ambulatory Care,,,00,000,18020,Columbus MSA,2024,621511,Medical Laboratories,2,2,6.3889594562,6.08343815186,4.37559980098,5.22178737333,4.41099652828,4.15608545293,15.5764320444,2.05757196921
2,1,    621 - Ambulatory Care,,,00,000,18020,Columbus MSA,2024,621512,Diagnostic Imaging Centers,2,2,0.0,0.0,0.0,0.0,0.0,0.0,0.0,0.0
2,1,    621 - Ambulatory Care,,,00,000,18020,Columbus MSA,2024,621610,Home Health Care Services,2,2,4.55950587148,34.091547428,41.7320280636,131.630995166,126.026639882,123.292877252,99.393452593,59.2477696176
2,1,    621 - Ambulatory Care,,,00,000,18020,Columbus MSA,2024,621910,Ambulance Services,2,2,0.0,1.30443098809,2.82868944476,18.5736822592,18.7193494464,19.9495230584,16.5825686116,5.17256871261
2,1,    621 - Ambulatory Care,,,00,000,18020,Columbus MSA,2024,621991,Blood and Organ Banks,2,2,0.0,0.0,0.0,0.0,0.0,0.0,0.0,0.0
2,1,    621 - Ambulatory Care,,,00,000,18020,Columbus MSA,2024,621999,All Other Miscellaneous Ambulatory Health Care Services,2,2,0.0,0.727915343935,1.57850163701,10.3647248749,10.4460119507,11.2911705145,9.25361804834,2.88646326854
2,1,    621 - Ambulatory Care,,,00,000,21140,Elkhart-Goshen MSA,2020,621111,Offices of Physicians (except Mental Health Specialists),2,2,5.59586675157,40.1010118224,64.9594808415,440.871456794,471.024932411,468.260483427,370.156928828,111.933689693
2,1,    621 - Ambulatory Care,,,00,000,21140,Elkhart-Goshen MSA,2020,621112,"Offices of Physicians, Mental Health Specialists",2,2,0.0,0.59524000106,1.06749175843,7.84956913349,8.52119795999,8.34223081665,6.59124384042,2.00011880468
2,1,    621 - Ambulatory Care,,,00,000,21140,Elkhart-Goshen MSA,2020,621210,Offices of Dentists,2,2,2.46177605086,11.9525649487,28.3971447397,140.393399437,117.543546243,86.9365592529,69.0643850875,23.4493914503
2,1,    621 - Ambulatory Care,,,00,000,21140,Elkhart-Goshen MSA,2020,621310,Offices of Chiropractors,2,2,3.26912465029,6.51848275545,5.30415332265,25.9803955233,30.7787519257,32.8456144848,22.5954027518,13.4363700551
2,1,    621 - Ambulatory Care,,,00,000,21140,Elkhart-Goshen MSA,2020,621320,Offices of Optometrists,2,2,1.46574064568,3.69753912769,3.00872383736,14.7370995068,17.1876075366,18.6313210124,13.0394849794,7.62163618081
2,1,    621 - Ambulatory Care,,,00,000,21140,Elkhart-Goshen MSA,2020,621330,Offices of Mental Health Practitioners (except Physicians),2,2,0.0,0.876530838385,0.673072531318,4.17590774897,4.87028424186,5.27937520905,3.631827597,2.15966850008
2,1,    621 - Ambulatory Care,,,00,000,21140,Elkhart-Goshen MSA,2020,621340,"Offices of Physical, Occupational and Speech Therapists, and Audiologists",2,2,1.31145215666,3.30832448267,2.69201606501,13.4290739787,15.3783856906,16.6701293269,11.4678410489,6.81935868809
2,1,    621 - Ambulatory Care,,,00,000,21140,Elkhart-Goshen MSA,2020,621391,Offices of Podiatrists,2,2,0.0,0.0,0.0,2.0430638563,2.39719950551,3.05622572862,1.63659409793,0.885215772984
2,1,    621 - Ambulatory Care,,,00,000,21140,Elkhart-Goshen MSA,2020,621399,Offices of All Other Miscellaneous Health Practitioners,2,2,0.0,0.694209147591,0.533070928907,2.89508526602,3.85724691478,4.18124543165,2.87639388131,1.21107036439
2,1,    621 - Ambulatory Care,,,00,000,21140,Elkhart-Goshen MSA,2020,621410,Family Planning Centers,2,2,0.0,0.0,0.0,1.71873299285,1.87096703434,1.79935635857,1.5942808192,0.668861970126
2,1,    621 - Ambulatory Care,,,00,000,21140,Elkhart-Goshen MSA,2020,621420,Outpatient Mental Health and Substance Abuse Centers,2,2,0.0,2.32231126203,7.79375559489,38.1156088065,41.0443705329,41.8299747792,38.1327392732,20.2427577188
2,1,    621 - Ambulatory Care,,,00,000,21140,Elkhart-Goshen MSA,2020,621491,HMO Medical Centers,2,2,0.0,0.0,0.0,0.0,0.0,0.0,0.0,0.0
2,1,    621 - Ambulatory Care,,,00,000,21140,Elkhart-Goshen MSA,2020,621492,Kidney Dialysis Centers,2,2,0.0,0.0,0.0,0.0,0.523401646275,0.503368612608,0.0,0.0
2,1,    621 - Ambulatory Care,,,00,000,21140,Elkhart-Goshen MSA,2020,621493,Freestanding Ambulatory Surgical and Emergency Centers,2,2,0.0,0.783513563295,2.62949817169,12.8659342866,13.8477651705,14.1128164547,12.8654237331,6.82960785254
2,1,    621 - Ambulatory Care,,,00,000,21140,Elkhart-Goshen MSA,2020,621498,All Other Outpatient Care Centers,2,2,0.0,1.01825204872,3.41728851404,16.732071742,17.9965171194,18.3409770316,16.7198689182,8.87573937914
2,1,    621 - Ambulatory Care,,,00,000,21140,Elkhart-Goshen MSA,2020,621511,Medical Laboratories,2,2,0.0,0.0,0.0,2.00189742754,4.4622779977,3.20422893645,5.19010080526,3.18620333089
2,1,    621 - Ambulatory Care,,,00,000,21140,Elkhart-Goshen MSA,2020,621512,Diagnostic Imaging Centers,2,2,0.0,0.0,0.0,2.86739906934,6.39150218275,4.73306173561,7.43399237846,4.56372856074
2,1,    621 - Ambulatory Care,,,00,000,21140,Elkhart-Goshen MSA,2020,621610,Home Health Care Services,2,2,0.0,3.97776686539,3.75164591312,13.1212424162,22.373197747,26.8052435206,30.84505877,16.4244527417
2,1,    621 - Ambulatory Care,,,00,000,21140,Elkhart-Goshen MSA,2020,621910,Ambulance Services,2,2,0.0,6.95681535498,12.7035874481,28.7220727715,17.5183964424,19.1449252574,12.7004201843,5.70515499137
2,1,    621 - Ambulatory Care,,,00,000,21140,Elkhart-Goshen MSA,2020,621991,Blood and Organ Banks,2,2,0.0,4.05655817043,7.40753330751,16.7480022148,10.2150755187,11.1709957836,7.40568645817,3.32670797094
2,1,    621 - Ambulatory Care,,,00,000,21140,Elkhart-Goshen MSA,2020,621999,All Other Miscellaneous Ambulatory Health Care Services,2,2,0.0,0.0,0.0,1.30685136897,0.0,0.0,0.0,0.0
2,1,    621 - Ambulatory Care,,,00,000,21140,Elkhart-Goshen MSA,2021,621111,Offices of Physicians (except Mental Health Specialists),2,2,10.4950982968,49.6465066552,72.3138368582,427.040744939,474.936141155,471.607496571,373.498599122,110.485281694
2,1,    621 - Ambulatory Care,,,00,000,21140,Elkhart-Goshen MSA,2021,621112,"Offices of Physicians, Mental Health Specialists",2,2,0.0,0.779152724073,1.11984249591,7.28317343375,8.24136424846,8.04228982623,6.37081161986,1.89117706878
2,1,    621 - Ambulatory Care,,,00,000,21140,Elkhart-Goshen MSA,2021,621210,Offices of Dentists,2,2,3.5132563277,12.1612938189,29.4289315197,141.862081487,139.713372288,97.572484764,79.4043581497,27.1851262153
2,1,    621 - Ambulatory Care,,,00,000,21140,Elkhart-Goshen MSA,2021,621310,Offices of Chiropractors,2,2,3.66160075016,6.68620608776,9.60874317789,27.5181096917,25.0859709236,30.6256416757,21.1237959394,11.2588043921
2,1,    621 - Ambulatory Care,,,00,000,21140,Elkhart-Goshen MSA,2021,621320,Offices of Optometrists,2,2,2.1530642366,3.50098150599,5.65005381705,16.409515155,14.4653426566,18.0082369198,12.4210400537,6.62030918649
2,1,    621 - Ambulatory Care,,,00,000,21140,Elkhart-Goshen MSA,2021,621330,Offices of Mental Health Practitioners (except Physicians),2,2,0.866413898762,1.408828861,2.06660467929,6.61672068639,5.82099396527,7.24668892563,4.99834680111,2.66407652674
2,1,    621 - Ambulatory Care,,,00,000,21140,Elkhart-Goshen MSA,2021,621340,"Offices of Physical, Occupational and Speech Therapists, and Audiologists",2,2,2.82582513168,5.16005170623,7.4155075358,21.5979612984,18.9852806631,23.6352114351,16.3022015547,8.68893540689
2,1,    621 - Ambulatory Care,,,00,000,21140,Elkhart-Goshen MSA,2021,621391,Offices of Podiatrists,2,2,0.0,0.606568465169,0.889772535992,2.40906797109,2.03923342225,3.12004750959,2.15202827786,0.887557688602
2,1,    621 - Ambulatory Care,,,00,000,21140,Elkhart-Goshen MSA,2021,621399,Offices of All Other Miscellaneous Health Practitioners,2,2,0.549416861447,0.893377094054,1.3104908155,4.25052910822,3.69125222884,4.59532457996,3.16958905647,1.30722870406
2,1,    621 - Ambulatory Care,,,00,000,21140,Elkhart-Goshen MSA,2021,621410,Family Planning Centers,2,2,0.0,0.0,0.0,2.51255834167,2.44471640923,2.97769677999,2.87662141823,1.10650085333
2,1,    621 - Ambulatory Care,,,00,000,21140,Elkhart-Goshen MSA,2021,621420,Outpatient Mental Health and Substance Abuse Centers,2,2,0.0,2.5276954058,7.76230543339,39.9422609691,38.9872268847,39.8368360635,38.484608851,21.6926763913
2,1,    621 - Ambulatory Care,,,00,000,21140,Elkhart-Goshen MSA,2021,621491,HMO Medical Centers,2,2,0.0,0.0,0.0,0.0,0.0,0.0,0.0,0.0
2,1,    621 - Ambulatory Care,,,00,000,21140,Elkhart-Goshen MSA,2021,621492,Kidney Dialysis Centers,2,2,0.0,0.0,0.0,1.99113459354,1.93737169524,1.90231182592,2.27964474431,0.876872027332
2,1,    621 - Ambulatory Care,,,00,000,21140,Elkhart-Goshen MSA,2021,621493,Freestanding Ambulatory Surgical and Emergency Centers,2,2,0.0,0.667502646351,1.64214108635,10.5726013787,10.2955747989,10.519935841,10.162845647,5.7285062371
2,1,    621 - Ambulatory Care,,,00,000,21140,Elkhart-Goshen MSA,2021,621498,All Other Outpatient Care Centers,2,2,0.0,1.22736430977,3.76911578371,19.4365901092,18.9308928224,19.3434346108,18.6868383233,10.5332377963
2,1,    621 - Ambulatory Care,,,00,000,21140,Elkhart-Goshen MSA,2021,621511,Medical Laboratories,2,2,0.0,0.0,0.0,0.610873783701,1.42082278406,1.67722936871,1.67643353391,0.964901436222
2,1,    621 - Ambulatory Care,,,00,000,21140,Elkhart-Goshen MSA,2021,621512,Diagnostic Imaging Centers,2,2,0.0,0.0,0.775675330831,5.16416387469,6.95957107569,8.03962199428,8.03580724412,5.82390652222
2,1,    621 - Ambulatory Care,,,00,000,21140,Elkhart-Goshen MSA,2021,621610,Home Health Care Services,2,2,0.559059861856,3.75597712653,4.10252250918,18.0991772779,32.0277801374,33.3389368514,29.8164189371,23.2797453486
2,1,    621 - Ambulatory Care,,,00,000,21140,Elkhart-Goshen MSA,2021,621910,Ambulance Services,2,2,0.0,5.35312361367,11.548099959,33.443240717,21.7142916059,21.0411069057,11.2883303707,4.64475428926
2,1,    621 - Ambulatory Care,,,00,000,21140,Elkhart-Goshen MSA,2021,621991,Blood and Organ Banks,2,2,0.0,3.1852568444,6.87143938545,19.9097480412,12.9206050431,12.5200414977,6.71686928419,2.76375747287
2,1,    621 - Ambulatory Care,,,00,000,21140,Elkhart-Goshen MSA,2021,621999,All Other Miscellaneous Ambulatory Health Care Services,2,2,0.0,0.0,0.0,1.49824523354,0.0,0.0,0.0,0.0
2,1,    621 - Ambulatory Care,,,00,000,21140,Elkhart-Goshen MSA,2022,621111,Offices of Physicians (except Mental Health Specialists),2,2,8.26531634273,46.4766333091,73.9641893981,404.664334727,434.337654406,482.734870838,361.342794138,122.538255564
2,1,    621 - Ambulatory Care,,,00,000,21140,Elkhart-Goshen MSA,2022,621112,"Offices of Physicians, Mental Health Specialists",2,2,0.0,0.949218265214,1.48329272606,9.0511434952,9.86964502746,10.8035307068,8.08550595602,2.74940104695
2,1,    621 - Ambulatory Care,,,00,000,21140,Elkhart-Goshen MSA,2022,621210,Offices of Dentists,2,2,4.29608366808,17.4043017305,34.4169502221,135.752200745,147.104031351,91.1512364201,83.8361255677,28.8899566258
2,1,    621 - Ambulatory Care,,,00,000,21140,Elkhart-Goshen MSA,2022,621310,Offices of Chiropractors,2,2,2.24217490401,6.87489078783,8.58553010404,28.5551749427,21.8129183284,26.6523145614,18.0508787064,9.0528625143
2,1,    621 - Ambulatory Care,,,00,000,21140,Elkhart-Goshen MSA,2022,621320,Offices of Optometrists,2,2,1.47845341715,4.07110081371,5.17480373714,19.0206046385,14.3830811695,17.3586495995,11.9024538444,5.96930930558
2,1,    621 - Ambulatory Care,,,00,000,21140,Elkhart-Goshen MSA,2022,621330,Offices of Mental Health Practitioners (except Physicians),2,2,0.597606433879,1.6455818026,2.09171014217,7.69674149007,5.81379280955,7.01654889075,4.81109713289,2.41285765615
2,1,    621 - Ambulatory Care,,,00,000,21140,Elkhart-Goshen MSA,2022,621340,"Offices of Physical, Occupational and Speech Therapists, and Audiologists",2,2,2.62663562143,8.05371293938,10.0576717543,33.8351811574,25.5531306618,30.8395562885,21.1460225176,10.605136608
2,1,    621 - Ambulatory Care,,,00,000,21140,Elkhart-Goshen MSA,2022,621391,Offices of Podiatrists,2,2,0.0,0.701099023633,0.891171703579,2.79571193809,2.01915286297,2.48344006033,2.04976470763,0.803696904305
2,1,    621 - Ambulatory Care,,,00,000,21140,Elkhart-Goshen MSA,2022,621399,Offices of All Other Miscellaneous Health Practitioners,2,2,0.0,1.32829118069,1.68839988994,6.26111986057,4.69281423937,5.66366253912,3.88345196876,1.52267151137
2,1,    621 - Ambulatory Care,,,00,000,21140,Elkhart-Goshen MSA,2022,621410,Family Planning Centers,2,2,0.0,0.0,0.0,1.8847167398,1.98703617331,2.48454399807,2.36181005372,0.9415259642
2,1,    621 - Ambulatory Care,,,00,000,21140,Elkhart-Goshen MSA,2022,621420,Outpatient Mental Health and Substance Abuse Centers,2,2,0.0,3.06851579875,8.56197582395,34.6929579421,36.2841743732,38.8370261669,36.9185166086,21.1024827098
2,1,    621 - Ambulatory Care,,,00,000,21140,Elkhart-Goshen MSA,2022,621491,HMO Medical Centers,2,2,0.0,0.0,0.0,0.0,0.0,0.0,0.0,0.0
2,1,    621 - Ambulatory Care,,,00,000,21140,Elkhart-Goshen MSA,2022,621492,Kidney Dialysis Centers,2,2,0.0,0.0,1.08922888081,5.30142806233,5.51033089545,5.8980221783,5.60666588662,3.20474874942
2,1,    621 - Ambulatory Care,,,00,000,21140,Elkhart-Goshen MSA,2022,621493,Freestanding Ambulatory Surgical and Emergency Centers,2,2,0.0,0.637797226087,1.49077800621,7.2080950818,7.54173916118,8.07235457898,7.67358848008,4.38619378833
2,1,    621 - Ambulatory Care,,,00,000,21140,Elkhart-Goshen MSA,2022,621498,All Other Outpatient Care Centers,2,2,0.0,1.14997915176,3.20874792285,13.0095641724,13.5981193531,14.5548445365,13.8358500325,7.90851889263
2,1,    621 - Ambulatory Care,,,00,000,21140,Elkhart-Goshen MSA,2022,621511,Medical Laboratories,2,2,0.0,0.0,0.0,2.53896982052,3.04978260869,2.76354279011,3.37658389669,1.50768320825
2,1,    621 - Ambulatory Care,,,00,000,21140,Elkhart-Goshen MSA,2022,621512,Diagnostic Imaging Centers,2,2,0.0,0.0,0.61037470143,4.28824102522,4.4758685111,3.9692427331,4.84974618182,2.16546696494
2,1,    621 - Ambulatory Care,,,00,000,21140,Elkhart-Goshen MSA,2022,621610,Home Health Care Services,2,2,0.956312886375,4.4914611475,6.21928700368,19.4664861486,34.3307877751,30.3412800964,29.642738462,17.5077672242
2,1,    621 - Ambulatory Care,,,00,000,21140,Elkhart-Goshen MSA,2022,621910,Ambulance Services,2,2,0.0,6.64587550745,10.2106219246,40.1732861094,25.5126323235,20.1179772888,14.1972222993,4.00433718959
2,1,    621 - Ambulatory Care,,,00,000,21140,Elkhart-Goshen MSA,2022,621991,Blood and Organ Banks,2,2,0.0,2.88537139095,4.4330406659,17.4426081693,11.0765570814,8.73441520952,6.16386193321,1.73852187776
2,1,    621 - Ambulatory Care,,,00,000,21140,Elkhart-Goshen MSA,2022,621999,All Other Miscellaneous Ambulatory Health Care Services,2,2,0.0,0.0,0.0,1.93843054565,0.844113060579,0.523413810717,0.0,0.0
2,1,    621 - Ambulatory Care,,,00,000,21140,Elkhart-Goshen MSA,2023,621111,Offices of Physicians (except Mental Health Specialists),2,2,7.23014050071,49.5838340221,92.4384089769,425.662423513,437.892428839,435.685569384,346.393893752,123.277790834
2,1,    621 - Ambulatory Care,,,00,000,21140,Elkhart-Goshen MSA,2023,621112,"Offices of Physicians, Mental Health Specialists",2,2,0.0,1.18610750053,2.20376147188,11.1310842142,11.7120344307,11.4009760863,9.06196495873,3.23376991647
2,1,    621 - Ambulatory Care,,,00,000,21140,Elkhart-Goshen MSA,2023,621210,Offices of Dentists,2,2,3.73489358623,16.7181166415,35.6867147994,121.879170499,144.514436347,88.127392397,71.3864254182,28.6869818136
2,1,    621 - Ambulatory Care,,,00,000,21140,Elkhart-Goshen MSA,2023,621310,Offices of Chiropractors,2,2,1.36485723117,7.55798590967,9.41070965501,30.8809195726,23.0822644134,22.6406670507,15.9427721933,8.15560650074
2,1,    621 - Ambulatory Care,,,00,000,21140,Elkhart-Goshen MSA,2023,621320,Offices of Optometrists,2,2,0.910798194268,4.60481947125,6.27996625934,20.8753228114,15.15696603,15.1085975851,10.6389502094,5.4424092897
2,1,    621 - Ambulatory Care,,,00,000,21140,Elkhart-Goshen MSA,2023,621330,Offices of Mental Health Practitioners (except Physicians),2,2,0.0,1.91941336775,2.3388408091,8.7866301172,6.31783360765,6.29767233089,4.43460235047,2.26854347031
2,1,    621 - Ambulatory Care,,,00,000,21140,Elkhart-Goshen MSA,2023,621340,"Offices of Physical, Occupational and Speech Therapists, and Audiologists",2,2,1.82300453208,10.0950064608,12.5696416881,41.6632299531,30.3373655539,30.2405538838,21.2943488144,10.8932328402
2,1,    621 - Ambulatory Care,,,00,000,21140,Elkhart-Goshen MSA,2023,621391,Offices of Podiatrists,2,2,0.0,0.683555663189,0.832925261028,2.62180314691,2.24995356089,1.8110314605,1.15136904353,0.62149432889
2,1,    621 - Ambulatory Care,,,00,000,21140,Elkhart-Goshen MSA,2023,621399,Offices of All Other Miscellaneous Health Practitioners,2,2,0.0,2.12494680554,2.58928711733,9.72531683085,6.99435596731,6.97203579315,4.90946570278,2.51146224228
2,1,    621 - Ambulatory Care,,,00,000,21140,Elkhart-Goshen MSA,2023,621410,Family Planning Centers,2,2,0.0,0.0,0.0,1.87045283135,2.00088220791,1.86923671261,2.15840340499,1.01210259627
2,1,    621 - Ambulatory Care,,,00,000,21140,Elkhart-Goshen MSA,2023,621420,Outpatient Mental Health and Substance Abuse Centers,2,2,0.0,2.17378848595,8.76501428613,34.3477859333,36.7867907274,37.7182992165,34.0049818472,23.3473461945
2,1,    621 - Ambulatory Care,,,00,000,21140,Elkhart-Goshen MSA,2023,621491,HMO Medical Centers,2,2,0.0,0.0,0.0,0.0,0.0,0.0,0.0,0.0
2,1,    621 - Ambulatory Care,,,00,000,21140,Elkhart-Goshen MSA,2023,621492,Kidney Dialysis Centers,2,2,0.0,0.0,0.0,0.214975345668,0.471553759079,0.0,0.0,0.0
2,1,    621 - Ambulatory Care,,,00,000,21140,Elkhart-Goshen MSA,2023,621493,Freestanding Ambulatory Surgical and Emergency Centers,2,2,0.0,0.913841472667,3.68473456132,14.4469576152,15.4648417867,15.856439725,14.2953939126,9.81501805126
2,1,    621 - Ambulatory Care,,,00,000,21140,Elkhart-Goshen MSA,2023,621498,All Other Outpatient Care Centers,2,2,0.0,0.65364491879,2.19459423484,10.4559747709,11.0615632537,11.3416621661,10.2250903166,7.02040437967
2,1,    621 - Ambulatory Care,,,00,000,21140,Elkhart-Goshen MSA,2023,621511,Medical Laboratories,2,2,0.0,0.0,0.0,4.07413464489,3.15325121041,4.06459767629,4.74835916963,0.560453375846
2,1,    621 - Ambulatory Care,,,00,000,21140,Elkhart-Goshen MSA,2023,621512,Diagnostic Imaging Centers,2,2,0.0,0.0,0.0,2.91648399656,2.25726626484,3.11596299619,3.39913005711,0.0
2,1,    621 - Ambulatory Care,,,00,000,21140,Elkhart-Goshen MSA,2023,621610,Home Health Care Services,2,2,3.12471305035,3.91824041885,8.45635256146,16.3984700926,33.7802422131,34.4727554823,35.9944979319,19.1904666
2,1,    621 - Ambulatory Care,,,00,000,21140,Elkhart-Goshen MSA,2023,621910,Ambulance Services,2,2,0.0,7.87964289639,12.2665249458,36.1525019961,24.4257565818,23.1667558613,14.3350505381,6.21487689035
2,1,    621 - Ambulatory Care,,,00,000,21140,Elkhart-Goshen MSA,2023,621991,Blood and Organ Banks,2,2,0.0,2.55982039872,3.98496495217,11.7446835207,7.93507406037,7.64351426702,4.65695657361,2.01899614597
2,1,    621 - Ambulatory Care,,,00,000,21140,Elkhart-Goshen MSA,2023,621999,All Other Miscellaneous Ambulatory Health Care Services,2,2,0.0,0.0,0.0,1.47152832175,0.568176158409,0.0,0.0,0.0
2,1,    621 - Ambulatory Care,,,00,000,21140,Elkhart-Goshen MSA,2024,621111,Offices of Physicians (except Mental Health Specialists),2,2,6.05227765481,43.5690962852,97.7526950236,433.259276621,453.687119794,435.804601441,349.531010888,123.48295498
2,1,    621 - Ambulatory Care,,,00,000,21140,Elkhart-Goshen MSA,2024,621112,"Offices of Physicians, Mental Health Specialists",2,2,0.0,1.0629785558,2.33769404857,11.5197942572,12.4124417171,11.5943839424,9.29708665321,3.29290731781
2,1,    621 - Ambulatory Care,,,00,000,21140,Elkhart-Goshen MSA,2024,621210,Offices of Dentists,2,2,3.45483949178,16.3225163072,34.3639150454,121.871212651,149.889048887,91.0869561897,73.3383658789,24.2981588706
2,1,    621 - Ambulatory Care,,,00,000,21140,Elkhart-Goshen MSA,2024,621310,Offices of Chiropractors,2,2,1.82733226796,7.61784603252,9.47858021087,33.2969430898,25.3550799205,25.1067236085,15.9842464873,10.236069617
2,1,    621 - Ambulatory Care,,,00,000,21140,Elkhart-Goshen MSA,2024,621320,Offices of Optometrists,2,2,1.08668202965,4.53019767304,5.63674322527,20.1295568684,14.8386648606,14.9305224053,9.50554735985,6.08720871517
2,1,    621 - Ambulatory Care,,,00,000,21140,Elkhart-Goshen MSA,2024,621330,Offices of Mental Health Practitioners (except Physicians),2,2,0.596929952835,2.14552661951,2.79588653917,11.1641413408,8.15109045121,8.20154911191,5.22153287012,3.3437906509
2,1,    621 - Ambulatory Care,,,00,000,21140,Elkhart-Goshen MSA,2024,621340,"Offices of Physical, Occupational and Speech Therapists, and Audiologists",2,2,2.46725407386,10.2855742151,12.7979273664,45.4005967168,33.6904037511,33.898961448,21.5818425335,13.8206854362
2,1,    621 - Ambulatory Care,,,00,000,21140,Elkhart-Goshen MSA,2024,621391,Offices of Podiatrists,2,2,0.0,0.565341624629,0.736710057083,2.4469365987,1.64565012401,1.79388757253,1.02859113676,0.648909543048
2,1,    621 - Ambulatory Care,,,00,000,21140,Elkhart-Goshen MSA,2024,621399,Offices of All Other Miscellaneous Health Practitioners,2,2,0.671074045023,2.41202040611,3.14316090247,12.5226691704,9.16352951374,9.22025559589,5.8700944185,3.75911965408
2,1,    621 - Ambulatory Care,,,00,000,21140,Elkhart-Goshen MSA,2024,621410,Family Planning Centers,2,2,0.0,0.0,0.0,1.90560855731,1.76358170767,1.7511105934,1.95180517551,1.47730718807
2,1,    621 - Ambulatory Care,,,00,000,21140,Elkhart-Goshen MSA,2024,621420,Outpatient Mental Health and Substance Abuse Centers,2,2,0.0,2.91407398604,8.98810658769,36.867456682,33.4676467895,36.3637266851,31.572582409,23.8970587455
2,1,    621 - Ambulatory Care,,,00,000,21140,Elkhart-Goshen MSA,2024,621491,HMO Medical Centers,2,2,0.0,0.0,0.0,0.0,0.0,0.0,0.0,0.0
2,1,    621 - Ambulatory Care,,,00,000,21140,Elkhart-Goshen MSA,2024,621492,Kidney Dialysis Centers,2,2,0.0,0.0,0.0,1.04891409925,0.686910747597,0.0,0.0,0.0
2,1,    621 - Ambulatory Care,,,00,000,21140,Elkhart-Goshen MSA,2024,621493,Freestanding Ambulatory Surgical and Emergency Centers,2,2,0.0,0.0,1.61334448894,7.84457820717,6.93866406144,7.53909245778,6.54577073395,4.9544464161
2,1,    621 - Ambulatory Care,,,00,000,21140,Elkhart-Goshen MSA,2024,621498,All Other Outpatient Care Centers,2,2,0.0,1.03276108433,4.30377387962,17.7644171631,16.0253088523,17.4120384027,15.1178954275,11.4426254545
2,1,    621 - Ambulatory Care,,,00,000,21140,Elkhart-Goshen MSA,2024,621511,Medical Laboratories,2,2,0.0,0.0,0.0,3.4728108213,2.98358227535,3.49484349249,5.62974105948,2.05362933863
2,1,    621 - Ambulatory Care,,,00,000,21140,Elkhart-Goshen MSA,2024,621512,Diagnostic Imaging Centers,2,2,0.0,0.0,0.0,1.92639638848,1.65501733775,2.23552207224,3.12286312244,1.13916488538
2,1,    621 - Ambulatory Care,,,00,000,21140,Elkhart-Goshen MSA,2024,621610,Home Health Care Services,2,2,2.99143697837,6.23354785823,8.41392961988,14.8324245541,24.239676934,32.2792784842,37.4448426748,23.8572210254
2,1,    621 - Ambulatory Care,,,00,000,21140,Elkhart-Goshen MSA,2024,621910,Ambulance Services,2,2,0.0,8.35137681127,13.4034729607,33.9752009539,27.9781231788,23.9772468065,13.7702359173,6.34474442442
2,1,    621 - Ambulatory Care,,,00,000,21140,Elkhart-Goshen MSA,2024,621991,Blood and Organ Banks,2,2,0.0,2.02209444247,3.24534370753,8.22631604146,6.77426113911,6.02147280239,3.33414694956,1.53623441134
2,1,    621 - Ambulatory Care,,,00,000,21140,Elkhart-Goshen MSA,2024,621999,All Other Miscellaneous Ambulatory Health Care Services,2,2,0.0,0.0,0.53537987154,2.51571427479,2.07165702885,1.74569040301,0.635767121644,0.0
2,1,    621 - Ambulatory Care,,,00,000,21780,Evansville MSA,2020,621111,Offices of Physicians (except Mental Health Specialists),2,2,3.15131509323,48.4151023889,138.771109327,766.342077085,794.320089349,699.994766634,571.50841558,160.020129463
2,1,    621 - Ambulatory Care,,,00,000,21780,Evansville MSA,2020,621112,"Offices of Physicians, Mental Health Specialists",2,2,0.0,0.0,1.919034163,11.59248057,12.7888565918,10.7967977208,8.81560397587,1.960169775
2,1,    621 - Ambulatory Care,,,00,000,21780,Evansville MSA,2020,621210,Offices of Dentists,2,2,2.84384558217,14.3293502607,44.749204505,185.817771912,166.310704099,149.542772645,125.117725451,47.1608910905
2,1,    621 - Ambulatory Care,,,00,000,21780,Evansville MSA,2020,621310,Offices of Chiropractors,2,2,0.554769859311,7.32969530842,10.0826169754,40.0312202448,28.5891124758,23.4718597755,17.7069621191,6.59572231005
2,1,    621 - Ambulatory Care,,,00,000,21780,Evansville MSA,2020,621320,Offices of Optometrists,2,2,1.50351889047,9.16817399011,12.7758745648,48.2874267102,36.9370891389,32.6886143062,26.1322959727,11.2435251942
2,1,    621 - Ambulatory Care,,,00,000,21780,Evansville MSA,2020,621330,Offices of Mental Health Practitioners (except Physicians),2,2,4.51472847743,25.4932360455,32.539150499,124.411327073,96.7633481716,81.6222678332,61.0021299256,29.288623265
2,1,    621 - Ambulatory Care,,,00,000,21780,Evansville MSA,2020,621340,"Offices of Physical, Occupational and Speech Therapists, and Audiologists",2,2,7.4122121244,41.5291460503,59.7755773143,229.197023236,152.115173409,124.180804565,90.3314875428,37.3569382772
2,1,    621 - Ambulatory Care,,,00,000,21780,Evansville MSA,2020,621391,Offices of Podiatrists,2,2,0.0,0.916094578283,1.12969251079,5.11412921069,4.04316052047,3.41491625378,2.12138686326,0.92728672939
2,1,    621 - Ambulatory Care,,,00,000,21780,Evansville MSA,2020,621399,Offices of All Other Miscellaneous Health Practitioners,2,2,0.0,1.20506418901,1.48603869253,7.2480333748,5.31852067368,4.49210527326,3.38450583959,1.2197867524
2,1,    621 - Ambulatory Care,,,00,000,21780,Evansville MSA,2020,621410,Family Planning Centers,2,2,0.0,0.0,0.0,0.988257848948,0.904509818067,0.666001855269,0.0,0.0
2,1,    621 - Ambulatory Care,,,00,000,21780,Evansville MSA,2020,621420,Outpatient Mental Health and Substance Abuse Centers,2,2,0.0,4.47462478839,18.1661823855,113.434685006,101.115572408,77.338156235,63.4655742103,24.604773762
2,1,    621 - Ambulatory Care,,,00,000,21780,Evansville MSA,2020,621491,HMO Medical Centers,2,2,0.0,0.0,0.0,0.0,0.0,0.0,0.0,0.0
2,1,    621 - Ambulatory Care,,,00,000,21780,Evansville MSA,2020,621492,Kidney Dialysis Centers,2,2,0.0,0.892361267847,4.27524227364,23.9339051505,21.4056281,16.1423173381,13.6510647602,4.90685770264
2,1,    621 - Ambulatory Care,,,00,000,21780,Evansville MSA,2020,621493,Freestanding Ambulatory Surgical and Emergency Centers,2,2,0.0,3.39697172994,10.7759098536,60.9216284371,52.336163427,40.7351528195,35.4138234566,13.576784559
2,1,    621 - Ambulatory Care,,,00,000,21780,Evansville MSA,2020,621498,All Other Outpatient Care Centers,2,2,0.0,0.912931976939,2.84703640691,20.5074863428,15.6817636922,13.1857259832,11.8010709642,3.05159949759
2,1,    621 - Ambulatory Care,,,00,000,21780,Evansville MSA,2020,621511,Medical Laboratories,2,2,0.0,3.01491520947,4.89547177011,24.2687010987,32.2071304774,42.1085412824,28.3238327213,7.86363176555
2,1,    621 - Ambulatory Care,,,00,000,21780,Evansville MSA,2020,621512,Diagnostic Imaging Centers,2,2,0.0,3.10944605916,5.16901388685,15.477173552,15.6246756977,19.5327256745,12.2276464596,3.90449651225
2,1,    621 - Ambulatory Care,,,00,000,21780,Evansville MSA,2020,621610,Home Health Care Services,2,2,6.87302738679,25.0776098154,37.0396655563,152.870099836,199.692153106,185.785230658,168.549851155,74.6324105071
2,1,    621 - Ambulatory Care,,,00,000,21780,Evansville MSA,2020,621910,Ambulance Services,2,2,0.0,16.2864886206,15.2516915281,60.3507343951,51.8950995334,37.8069349727,27.3731864857,5.90344548451
2,1,    621 - Ambulatory Care,,,00,000,21780,Evansville MSA,2020,621991,Blood and Organ Banks,2,2,0.0,5.42246174186,4.91188493429,19.7960558514,16.8706296016,11.1820919676,8.70920293749,2.16131951367
2,1,    621 - Ambulatory Care,,,00,000,21780,Evansville MSA,2020,621999,All Other Miscellaneous Ambulatory Health Care Services,2,2,0.0,0.0,0.0,0.585714204582,0.557519237678,0.0,0.0,0.0
2,1,    621 - Ambulatory Care,,,00,000,21780,Evansville MSA,2021,621111,Offices of Physicians (except Mental Health Specialists),2,2,4.88865226389,61.0187149567,144.991341593,792.857013518,845.028908228,736.413791952,579.32743311,181.94208619
2,1,    621 - Ambulatory Care,,,00,000,21780,Evansville MSA,2021,621112,"Offices of Physicians, Mental Health Specialists",2,2,0.0,0.0,1.93237921742,11.1605910738,13.0407337398,10.9491917131,8.55485400091,1.81620676558
2,1,    621 - Ambulatory Care,,,00,000,21780,Evansville MSA,2021,621210,Offices of Dentists,2,2,3.38449233902,16.1456451348,42.9144327397,192.93121037,168.826030849,167.517445391,121.907503286,54.929072052
2,1,    621 - Ambulatory Care,,,00,000,21780,Evansville MSA,2021,621310,Offices of Chiropractors,2,2,0.86489988809,8.2936634987,10.5060053932,43.1509797934,31.2591452422,25.5906190498,20.8640469413,7.83899527884
2,1,    621 - Ambulatory Care,,,00,000,21780,Evansville MSA,2021,621320,Offices of Optometrists,2,2,1.17085086891,9.70731724311,10.7292289551,47.6158019478,36.5721066527,31.9045329761,26.5890357275,11.9002037502
2,1,    621 - Ambulatory Care,,,00,000,21780,Evansville MSA,2021,621330,Offices of Mental Health Practitioners (except Physicians),2,2,4.40975916659,28.3771774139,30.0721961636,127.5203922,98.6690135671,85.3317786642,65.7313627087,32.9958853671
2,1,    621 - Ambulatory Care,,,00,000,21780,Evansville MSA,2021,621340,"Offices of Physical, Occupational and Speech Therapists, and Audiologists",2,2,7.16934080713,39.8290530593,57.2575016679,216.340376498,142.480528762,114.532648182,90.0859994473,37.0957392114
2,1,    621 - Ambulatory Care,,,00,000,21780,Evansville MSA,2021,621391,Offices of Podiatrists,2,2,0.0,0.936495958868,1.1316990005,5.55144622848,4.29060642931,3.74489978472,2.38525799753,1.11470866898
2,1,    621 - Ambulatory Care,,,00,000,21780,Evansville MSA,2021,621399,Offices of All Other Miscellaneous Health Practitioners,2,2,0.0,1.00821043901,1.2183616334,7.0459032815,5.17240670179,4.03167469146,3.51607391054,1.20007022549
2,1,    621 - Ambulatory Care,,,00,000,21780,Evansville MSA,2021,621410,Family Planning Centers,2,2,0.0,0.0,0.0,0.673953799407,0.603144087255,0.0,0.0,0.0
2,1,    621 - Ambulatory Care,,,00,000,21780,Evansville MSA,2021,621420,Outpatient Mental Health and Substance Abuse Centers,2,2,0.0,6.37516497302,19.9759731887,123.613056815,107.248362436,82.0412301179,59.0480542388,23.8038369362
2,1,    621 - Ambulatory Care,,,00,000,21780,Evansville MSA,2021,621491,HMO Medical Centers,2,2,0.0,0.0,0.0,0.0,0.0,0.0,0.0,0.0
2,1,    621 - Ambulatory Care,,,00,000,21780,Evansville MSA,2021,621492,Kidney Dialysis Centers,2,2,0.0,1.53239331622,4.90986967612,27.7155955164,23.7918453561,18.4524104687,15.2280077948,5.4409366428
2,1,    621 - Ambulatory Care,,,00,000,21780,Evansville MSA,2021,621493,Freestanding Ambulatory Surgical and Emergency Centers,2,2,0.0,3.44935256379,9.9608523138,56.0313444061,49.2119591747,37.7598584503,29.9975152698,11.3771338996
2,1,    621 - Ambulatory Care,,,00,000,21780,Evansville MSA,2021,621498,All Other Outpatient Care Centers,2,2,0.0,1.19418658178,3.81823171011,26.1680699629,19.9386463824,16.5392129008,14.0306560913,4.74161815484
2,1,    621 - Ambulatory Care,,,00,000,21780,Evansville MSA,2021,621511,Medical Laboratories,2,2,0.0,2.04776115025,3.69536878254,22.3744755148,31.2124830877,38.1143577741,27.1618512789,8.92770587708
2,1,    621 - Ambulatory Care,,,00,000,21780,Evansville MSA,2021,621512,Diagnostic Imaging Centers,2,2,0.0,2.59590334221,5.53110499801,17.0983725324,15.4829084787,17.6621722104,13.0484222924,4.43303577756
2,1,    621 - Ambulatory Care,,,00,000,21780,Evansville MSA,2021,621610,Home Health Care Services,2,2,5.64572821333,32.1626779906,43.6487266059,160.974696693,190.666193189,178.879540659,149.229319128,78.127217468
2,1,    621 - Ambulatory Care,,,00,000,21780,Evansville MSA,2021,621910,Ambulance Services,2,2,0.0,8.48767939736,13.7835326803,44.8804338139,44.4410492168,35.1078845354,23.6555490811,6.24124334359
2,1,    621 - Ambulatory Care,,,00,000,21780,Evansville MSA,2021,621991,Blood and Organ Banks,2,2,0.0,3.7714793843,5.52992004979,17.237320631,17.3625376953,12.5295256347,9.12934949926,2.77328107021
2,1,    621 - Ambulatory Care,,,00,000,21780,Evansville MSA,2021,621999,All Other Miscellaneous Ambulatory Health Care Services,2,2,0.0,0.500902207946,1.15316190607,4.59798387001,3.62063409284,2.61279937738,1.90375592684,0.0
2,1,    621 - Ambulatory Care,,,00,000,21780,Evansville MSA,2022,621111,Offices of Physicians (except Mental Health Specialists),2,2,4.84701876272,74.1785818582,151.765981051,773.007228157,846.701500798,733.369456961,563.196715866,177.87348102
2,1,    621 - Ambulatory Care,,,00,000,21780,Evansville MSA,2022,621112,"Offices of Physicians, Mental Health Specialists",2,2,0.0,0.568829474877,1.88016644817,10.1834983185,12.0808105816,10.3284361422,7.75448649863,1.63043603612
2,1,    621 - Ambulatory Care,,,00,000,21780,Evansville MSA,2022,621210,Offices of Dentists,2,2,3.26913751196,21.1491992273,36.1869313252,183.967158761,183.633116161,157.985570095,125.590662516,52.1685090121
2,1,    621 - Ambulatory Care,,,00,000,21780,Evansville MSA,2022,621310,Offices of Chiropractors,2,2,1.38402494555,8.42663559301,11.9066250218,41.2051739879,30.7436014057,26.7307077282,20.3424523051,9.17189030712
2,1,    621 - Ambulatory Care,,,00,000,21780,Evansville MSA,2022,621320,Offices of Optometrists,2,2,1.02522832374,8.84144601876,12.6264615216,44.6239682567,35.1575323756,31.1738986386,24.2412650501,12.4949874772
2,1,    621 - Ambulatory Care,,,00,000,21780,Evansville MSA,2022,621330,Offices of Mental Health Practitioners (except Physicians),2,2,4.88894481806,26.7377804942,35.0042509203,126.158527713,98.3548948549,90.5362498934,70.0161843638,37.6381604426
2,1,    621 - Ambulatory Care,,,00,000,21780,Evansville MSA,2022,621340,"Offices of Physical, Occupational and Speech Therapists, and Audiologists",2,2,8.78157001157,43.5544983838,64.5144490651,204.14136835,142.610708466,118.109178959,89.2274242248,41.9146212667
2,1,    621 - Ambulatory Care,,,00,000,21780,Evansville MSA,2022,621391,Offices of Podiatrists,2,2,0.0,0.84682452503,1.18623463645,5.18364438735,4.13304138272,3.81878287421,2.95601255677,1.29212630413
2,1,    621 - Ambulatory Care,,,00,000,21780,Evansville MSA,2022,621399,Offices of All Other Miscellaneous Health Practitioners,2,2,0.0,1.00673988598,1.98024101814,7.62041979345,5.68434570748,5.0866836003,3.51422952029,1.53613298817
2,1,    621 - Ambulatory Care,,,00,000,21780,Evansville MSA,2022,621410,Family Planning Centers,2,2,0.0,0.0,0.0,0.910284356957,0.816013221682,0.0,0.0,0.0
2,1,    621 - Ambulatory Care,,,00,000,21780,Evansville MSA,2022,621420,Outpatient Mental Health and Substance Abuse Centers,2,2,0.717470793202,8.46642386059,21.1450417847,127.507709389,114.619069859,89.940176222,60.9550190637,22.1181820188
2,1,    621 - Ambulatory Care,,,00,000,21780,Evansville MSA,2022,621491,HMO Medical Centers,2,2,0.0,0.0,0.0,0.0,0.0,0.0,0.0,0.0
2,1,    621 - Ambulatory Care,,,00,000,21780,Evansville MSA,2022,621492,Kidney Dialysis Centers,2,2,0.0,1.36653820043,4.3055127377,23.2871452092,21.0623369231,16.4561895578,11.6941880955,3.96369209714
2,1,    621 - Ambulatory Care,,,00,000,21780,Evansville MSA,2022,621493,Freestanding Ambulatory Surgical and Emergency Centers,2,2,0.0,4.82015548473,11.7551316142,60.2985279609,54.978020979,42.7055516157,32.4374850427,10.9987695897
2,1,    621 - Ambulatory Care,,,00,000,21780,Evansville MSA,2022,621498,All Other Outpatient Care Centers,2,2,0.0,2.23187547151,4.43507718807,22.798482667,20.3685464686,15.7631529363,14.0987978265,3.66913753597
2,1,    621 - Ambulatory Care,,,00,000,21780,Evansville MSA,2022,621511,Medical Laboratories,2,2,0.0,2.70599134711,5.41745343422,20.0872533601,22.4182672619,25.8218093133,16.1292517162,5.83651085753
2,1,    621 - Ambulatory Care,,,00,000,21780,Evansville MSA,2022,621512,Diagnostic Imaging Centers,2,2,0.0,4.35870267653,5.92783017396,20.1469431759,18.0640504008,17.3721052862,11.0013316874,3.28818350588
2,1,    621 - Ambulatory Care,,,00,000,21780,Evansville MSA,2022,621610,Home Health Care Services,2,2,3.76641914954,20.0644686266,27.8947039391,143.662433692,183.749517679,181.026538686,165.142434851,83.5744113271
2,1,    621 - Ambulatory Care,,,00,000,21780,Evansville MSA,2022,621910,Ambulance Services,2,2,0.0,6.00070802916,14.6387363914,36.3417022405,38.938041169,26.98031057,18.854393288,4.95378325214
2,1,    621 - Ambulatory Care,,,00,000,21780,Evansville MSA,2022,621991,Blood and Organ Banks,2,2,0.0,4.69662229449,10.9665647273,25.8469420442,28.3664716376,19.60898144,13.6928685021,3.87721728019
2,1,    621 - Ambulatory Care,,,00,000,21780,Evansville MSA,2022,621999,All Other Miscellaneous Ambulatory Health Care Services,2,2,0.0,0.0,0.0,1.37284871017,2.0842902836,0.0,0.0,0.0
2,1,    621 - Ambulatory Care,,,00,000,21780,Evansville MSA,2023,621111,Offices of Physicians (except Mental Health Specialists),2,2,7.83066884967,77.4888084157,156.081922311,755.853722032,855.30880852,720.836471196,543.412845369,175.157539078
2,1,    621 - Ambulatory Care,,,00,000,21780,Evansville MSA,2023,621112,"Offices of Physicians, Mental Health Specialists",2,2,0.0,0.538946115527,1.96118540488,10.1024825099,12.6841741409,10.5303846145,7.68727137629,1.54539097884
2,1,    621 - Ambulatory Care,,,00,000,21780,Evansville MSA,2023,621210,Offices of Dentists,2,2,6.04048811738,21.2144752641,43.915509111,191.517763967,189.928363112,166.598136881,126.751976618,51.8814548261
2,1,    621 - Ambulatory Care,,,00,000,21780,Evansville MSA,2023,621310,Offices of Chiropractors,2,2,1.11065142359,9.23518352313,13.6552027533,44.0926366623,34.8978897358,28.9719315986,21.5880533104,10.8633615514
2,1,    621 - Ambulatory Care,,,00,000,21780,Evansville MSA,2023,621320,Offices of Optometrists,2,2,0.672067162457,8.8407917252,11.8940786416,43.2368877431,36.2664657833,30.2385426618,24.42019154,13.5485401987
2,1,    621 - Ambulatory Care,,,00,000,21780,Evansville MSA,2023,621330,Offices of Mental Health Practitioners (except Physicians),2,2,4.32117053705,28.988961893,38.5199154764,141.016842281,111.157302398,98.1242962236,77.2943268828,42.8348911337
2,1,    621 - Ambulatory Care,,,00,000,21780,Evansville MSA,2023,621340,"Offices of Physical, Occupational and Speech Therapists, and Audiologists",2,2,6.71566976456,43.97123097,67.3023954054,209.468702714,159.383871326,131.946904221,96.3480869283,50.3623634932
2,1,    621 - Ambulatory Care,,,00,000,21780,Evansville MSA,2023,621391,Offices of Podiatrists,2,2,0.0,0.802909622758,1.0434488722,5.10904427184,4.12222439742,3.71370302602,3.00014375086,1.37519272556
2,1,    621 - Ambulatory Care,,,00,000,21780,Evansville MSA,2023,621399,Offices of All Other Miscellaneous Health Practitioners,2,2,0.0,1.65494904503,2.68642228468,10.1057756101,7.53303215341,5.75979641874,4.32111188901,1.56054478857
2,1,    621 - Ambulatory Care,,,00,000,21780,Evansville MSA,2023,621410,Family Planning Centers,2,2,0.0,0.0,0.898311045241,5.28627442458,4.78446037198,4.01028076175,2.0660239721,0.747499204413
2,1,    621 - Ambulatory Care,,,00,000,21780,Evansville MSA,2023,621420,Outpatient Mental Health and Substance Abuse Centers,2,2,1.4717229511,10.7133407627,23.6303790965,124.392511199,110.740327579,92.5881663399,59.0511434131,24.3180443187
2,1,    621 - Ambulatory Care,,,00,000,21780,Evansville MSA,2023,621491,HMO Medical Centers,2,2,0.0,0.0,0.0,0.0,0.0,0.0,0.0,0.0
2,1,    621 - Ambulatory Care,,,00,000,21780,Evansville MSA,2023,621492,Kidney Dialysis Centers,2,2,0.0,1.684883251,4.81173730907,23.7548346668,21.2573721832,17.7866431,11.6549100563,4.58975747898
2,1,    621 - Ambulatory Care,,,00,000,21780,Evansville MSA,2023,621493,Freestanding Ambulatory Surgical and Emergency Centers,2,2,0.694154480762,7.56928586481,15.1132392489,68.7149249202,63.0323072598,52.501880606,37.1741040438,13.9336799572
2,1,    621 - Ambulatory Care,,,00,000,21780,Evansville MSA,2023,621498,All Other Outpatient Care Centers,2,2,0.0,0.66686598407,2.12119287092,12.3330509966,10.8653969822,9.00516614239,6.39400914151,1.81659657193
2,1,    621 - Ambulatory Care,,,00,000,21780,Evansville MSA,2023,621511,Medical Laboratories,2,2,0.0,1.13568956092,5.20226549661,16.2002149124,16.7125381907,17.2778752257,13.3029945418,5.03489096047
2,1,    621 - Ambulatory Care,,,00,000,21780,Evansville MSA,2023,621512,Diagnostic Imaging Centers,2,2,0.0,3.69243836409,7.00331396931,21.7890553887,23.8101318205,19.7342124739,14.5203774679,4.01887926194
2,1,    621 - Ambulatory Care,,,00,000,21780,Evansville MSA,2023,621610,Home Health Care Services,2,2,2.77487373272,18.6748843083,28.0389818538,157.506992126,208.819242825,177.957310647,160.345408815,83.3297664698
2,1,    621 - Ambulatory Care,,,00,000,21780,Evansville MSA,2023,621910,Ambulance Services,2,2,0.0,6.01400079581,16.3417719672,40.0043790238,39.507121132,28.1849782853,17.7024913588,6.21882016436
2,1,    621 - Ambulatory Care,,,00,000,21780,Evansville MSA,2023,621991,Blood and Organ Banks,2,2,0.0,4.90029011097,12.6701002375,28.4752600233,28.1417644493,19.577747253,12.6601797118,5.06717973409
2,1,    621 - Ambulatory Care,,,00,000,21780,Evansville MSA,2023,621999,All Other Miscellaneous Ambulatory Health Care Services,2,2,0.0,0.0,0.0,1.33392775156,1.3591712385,0.541465410397,0.0,0.0
2,1,    621 - Ambulatory Care,,,00,000,21780,Evansville MSA,2024,621111,Offices of Physicians (except Mental Health Specialists),2,2,9.70608672211,90.1047097436,160.23489755,776.73758877,860.038317829,735.788923897,551.452402208,186.077229904
2,1,    621 - Ambulatory Care,,,00,000,21780,Evansville MSA,2024,621112,"Offices of Physicians, Mental Health Specialists",2,2,0.0,0.733603720562,2.08875554934,11.0700176185,13.3288527086,11.2246908294,8.18089715004,1.77590026775
2,1,    621 - Ambulatory Care,,,00,000,21780,Evansville MSA,2024,621210,Offices of Dentists,2,2,5.56435996209,23.5406244781,46.7368691671,187.248501181,205.337981799,164.258994499,112.272963138,56.1472446365
2,1,    621 - Ambulatory Care,,,00,000,21780,Evansville MSA,2024,621310,Offices of Chiropractors,2,2,0.634244017289,9.31835132856,12.8822896456,44.8910307839,36.3728864018,30.4353683795,21.4493280487,12.0291424089
2,1,    621 - Ambulatory Care,,,00,000,21780,Evansville MSA,2024,621320,Offices of Optometrists,2,2,0.854421992203,9.63301437238,12.2220754041,45.0119983871,38.5692151264,32.8372567954,25.0285675509,15.0497739631
2,1,    621 - Ambulatory Care,,,00,000,21780,Evansville MSA,2024,621330,Offices of Mental Health Practitioners (except Physicians),2,2,4.57819264769,31.2267416212,40.7890403634,149.759270084,119.566225616,104.77837248,79.1647196499,46.0268660623
2,1,    621 - Ambulatory Care,,,00,000,21780,Evansville MSA,2024,621340,"Offices of Physical, Occupational and Speech Therapists, and Audiologists",2,2,6.2979566291,49.2395038468,65.8758117634,227.854895066,179.985422516,151.980889851,106.439078989,60.2932444162
2,1,    621 - Ambulatory Care,,,00,000,21780,Evansville MSA,2024,621391,Offices of Podiatrists,2,2,0.0,0.719342146265,0.875335601274,4.34398000142,3.56669067111,3.18265213471,2.00304712223,1.22561898965
2,1,    621 - Ambulatory Care,,,00,000,21780,Evansville MSA,2024,621399,Offices of All Other Miscellaneous Health Practitioners,2,2,0.0,1.68131394869,2.16834695222,9.69648236065,7.10188151621,5.8035878227,4.18478032852,1.67287028267
2,1,    621 - Ambulatory Care,,,00,000,21780,Evansville MSA,2024,621410,Family Planning Centers,2,2,0.0,0.0,0.871845504142,4.12915397006,3.65881065079,3.19409549531,1.66429971748,0.611008944442
2,1,    621 - Ambulatory Care,,,00,000,21780,Evansville MSA,2024,621420,Outpatient Mental Health and Substance Abuse Centers,2,2,1.78054336582,8.862211035,30.9872033852,128.372340392,111.831312296,96.7263406862,61.8454162337,24.7814850447
2,1,    621 - Ambulatory Care,,,00,000,21780,Evansville MSA,2024,621491,HMO Medical Centers,2,2,0.0,0.0,0.0,0.0,0.0,0.0,0.0,0.0
2,1,    621 - Ambulatory Care,,,00,000,21780,Evansville MSA,2024,621492,Kidney Dialysis Centers,2,2,0.0,2.35421005611,6.88035691595,26.2167639248,23.4748904953,20.1737643737,14.1058658546,5.14044812614
2,1,    621 - Ambulatory Care,,,00,000,21780,Evansville MSA,2024,621493,Freestanding Ambulatory Surgical and Emergency Centers,2,2,0.774781548166,6.32356909364,16.8120394873,64.1279237342,57.4688700374,49.4523491032,34.2813653391,13.4497235561
2,1,    621 - Ambulatory Care,,,00,000,21780,Evansville MSA,2024,621498,All Other Outpatient Care Centers,2,2,0.0,0.658657909566,2.2826372314,13.5039048603,11.4910909135,9.74352347498,6.38846580438,2.2579506125
2,1,    621 - Ambulatory Care,,,00,000,21780,Evansville MSA,2024,621511,Medical Laboratories,2,2,0.0,0.936999659673,6.38139065393,19.3361385184,21.9509333772,17.197715517,15.5264134364,6.05419358051
2,1,    621 - Ambulatory Care,,,00,000,21780,Evansville MSA,2024,621512,Diagnostic Imaging Centers,2,2,0.0,2.85949489866,6.60778521381,21.3534480075,21.9810001733,16.3607138177,12.9186133012,3.85623979347
2,1,    621 - Ambulatory Care,,,00,000,21780,Evansville MSA,2024,621610,Home Health Care Services,2,2,4.89670047857,31.5698874066,36.8044110257,192.575370055,244.597485171,208.961050024,198.862435805,100.861111012
2,1,    621 - Ambulatory Care,,,00,000,21780,Evansville MSA,2024,621910,Ambulance Services,2,2,0.0,4.53757429622,14.7942497168,41.7740005698,38.2404140888,25.4989362654,17.8123890361,6.62287038417
2,1,    621 - Ambulatory Care,,,00,000,21780,Evansville MSA,2024,621991,Blood and Organ Banks,2,2,0.0,3.83098015684,11.951782758,31.4817582687,28.4522058939,18.1650456935,13.4723624084,5.59155252713
2,1,    621 - Ambulatory Care,,,00,000,21780,Evansville MSA,2024,621999,All Other Miscellaneous Ambulatory Health Care Services,2,2,0.0,0.0,0.0,0.0,0.813055737897,0.0,0.0,0.0
2,1,    621 - Ambulatory Care,,,00,000,23060,Fort Wayne MSA,2020,621111,Offices of Physicians (except Mental Health Specialists),2,2,2.92718494987,47.3771693038,110.536203435,780.108940985,886.673715165,806.367793829,734.784863348,213.173628876
2,1,    621 - Ambulatory Care,,,00,000,23060,Fort Wayne MSA,2020,621112,"Offices of Physicians, Mental Health Specialists",2,2,0.0,0.612898099253,1.45488571274,11.2892132253,12.7987004279,11.2864309502,10.4410832311,2.97838726734
2,1,    621 - Ambulatory Care,,,00,000,23060,Fort Wayne MSA,2020,621210,Offices of Dentists,2,2,6.51167430391,39.2341508383,81.8665152366,349.822023658,360.522085527,274.695190886,242.359904578,77.9283735162
2,1,    621 - Ambulatory Care,,,00,000,23060,Fort Wayne MSA,2020,621310,Offices of Chiropractors,2,2,2.23033110392,8.35980655258,21.4437789877,70.7351531125,47.8057423217,37.4150643205,23.9419144105,9.86817029734
2,1,    621 - Ambulatory Care,,,00,000,23060,Fort Wayne MSA,2020,621320,Offices of Optometrists,2,2,2.57382493008,9.99060019552,24.6311713619,83.2434267931,55.6373558424,44.4749427579,29.7640957359,11.8046388456
2,1,    621 - Ambulatory Care,,,00,000,23060,Fort Wayne MSA,2020,621330,Offices of Mental Health Practitioners (except Physicians),2,2,5.75919568812,18.0259966696,46.8332639663,152.446872443,94.3651331242,71.21828328,47.1408259493,21.230352353
2,1,    621 - Ambulatory Care,,,00,000,23060,Fort Wayne MSA,2020,621340,"Offices of Physical, Occupational and Speech Therapists, and Audiologists",2,2,8.65249085087,27.081866932,70.9709528837,231.454732349,146.242849647,113.002703615,71.8648931163,31.8960215007
2,1,    621 - Ambulatory Care,,,00,000,23060,Fort Wayne MSA,2020,621391,Offices of Podiatrists,2,2,0.0,1.03655787501,2.67655947576,9.8817184428,6.10870703565,4.61030058175,3.05165144804,0.880060829616
2,1,    621 - Ambulatory Care,,,00,000,23060,Fort Wayne MSA,2020,621399,Offices of All Other Miscellaneous Health Practitioners,2,2,1.01345483819,3.1240473508,9.13726497243,31.1962909273,19.024219656,14.821953325,9.19727094034,4.14208488751
2,1,    621 - Ambulatory Care,,,00,000,23060,Fort Wayne MSA,2020,621410,Family Planning Centers,2,2,0.0,0.0,1.82900009312,11.3357023184,9.43615312661,7.89881191132,5.06695245964,2.12633162169
2,1,    621 - Ambulatory Care,,,00,000,23060,Fort Wayne MSA,2020,621420,Outpatient Mental Health and Substance Abuse Centers,2,2,2.24504763785,8.57236424987,38.5518753781,187.923370501,165.199361804,139.474248652,89.5658740475,38.005238705
2,1,    621 - Ambulatory Care,,,00,000,23060,Fort Wayne MSA,2020,621491,HMO Medical Centers,2,2,0.0,0.0,0.0,0.0,0.0,0.0,0.0,0.0
2,1,    621 - Ambulatory Care,,,00,000,23060,Fort Wayne MSA,2020,621492,Kidney Dialysis Centers,2,2,0.0,1.53965296,8.81826679562,43.0863531242,37.4846383246,31.7129094128,20.1382054094,8.80330299693
2,1,    621 - Ambulatory Care,,,00,000,23060,Fort Wayne MSA,2020,621493,Freestanding Ambulatory Surgical and Emergency Centers,2,2,0.858715335394,4.45500539852,19.4012147685,96.3544953252,82.1726888206,70.7603854286,45.2091584138,19.2853098038
2,1,    621 - Ambulatory Care,,,00,000,23060,Fort Wayne MSA,2020,621498,All Other Outpatient Care Centers,2,2,0.617581130101,3.20400388257,13.5462149923,68.1734948688,57.2330338592,49.8742470231,31.9934746471,13.4259670624
2,1,    621 - Ambulatory Care,,,00,000,23060,Fort Wayne MSA,2020,621511,Medical Laboratories,2,2,0.0,1.49097784832,2.43156943051,12.0214594013,26.9221408646,20.04435402,16.2469307009,5.64850220767
2,1,    621 - Ambulatory Care,,,00,000,23060,Fort Wayne MSA,2020,621512,Diagnostic Imaging Centers,2,2,0.0,0.0,0.0,2.14369394086,3.19628294711,4.60178029959,3.44324239775,1.31388032051
2,1,    621 - Ambulatory Care,,,00,000,23060,Fort Wayne MSA,2020,621610,Home Health Care Services,2,2,13.4522049221,82.5411172264,98.1949812493,363.689037197,434.569202252,405.616885412,330.374306851,160.621692479
2,1,    621 - Ambulatory Care,,,00,000,23060,Fort Wayne MSA,2020,621910,Ambulance Services,2,2,0.0,7.37282677608,13.3957044838,42.6007138913,35.4572319033,38.0442253551,19.7817637114,7.82939756109
2,1,    621 - Ambulatory Care,,,00,000,23060,Fort Wayne MSA,2020,621991,Blood and Organ Banks,2,2,0.0,15.5196215235,26.337092062,78.7982460804,60.0966636726,53.4484148269,34.2485928899,13.2090941522
2,1,    621 - Ambulatory Care,,,00,000,23060,Fort Wayne MSA,2020,621999,All Other Miscellaneous Ambulatory Health Care Services,2,2,0.0,2.37183766867,4.0250535067,12.0426034872,9.18447208549,10.2069785471,5.23415487884,2.01872365455
2,1,    621 - Ambulatory Care,,,00,000,23060,Fort Wayne MSA,2021,621111,Offices of Physicians (except Mental Health Specialists),2,2,5.55635962269,48.670353589,111.577647162,787.227767052,875.282829146,808.170384476,691.994178465,205.895194463
2,1,    621 - Ambulatory Care,,,00,000,23060,Fort Wayne MSA,2021,621112,"Offices of Physicians, Mental Health Specialists",2,2,0.0,0.802588951075,1.92205333948,14.9913415798,16.7405941759,15.1624310808,12.9598237268,3.78873616066
2,1,    621 - Ambulatory Care,,,00,000,23060,Fort Wayne MSA,2021,621210,Offices of Dentists,2,2,7.74582490555,37.8892445658,99.5420148556,370.368893625,382.61283257,306.73645642,250.222023952,83.7551068176
2,1,    621 - Ambulatory Care,,,00,000,23060,Fort Wayne MSA,2021,621310,Offices of Chiropractors,2,2,2.75511783927,11.9260597151,24.1178469967,77.7155834817,49.0537303756,38.9351178849,24.065532466,11.3242771623
2,1,    621 - Ambulatory Care,,,00,000,23060,Fort Wayne MSA,2021,621320,Offices of Optometrists,2,2,4.33155741104,12.7853118484,26.6206622377,89.7764690272,56.8744649508,45.3199935813,29.2739674927,13.6113485911
2,1,    621 - Ambulatory Care,,,00,000,23060,Fort Wayne MSA,2021,621330,Offices of Mental Health Practitioners (except Physicians),2,2,6.18368583315,26.7672785004,51.4730953524,165.839160612,99.5143841714,75.9081226016,49.5513590114,25.4166160376
2,1,    621 - Ambulatory Care,,,00,000,23060,Fort Wayne MSA,2021,621340,"Offices of Physical, Occupational and Speech Therapists, and Audiologists",2,2,9.44700911317,41.6903006201,79.515129573,255.678046868,154.193088075,121.739322531,77.1369980881,38.8297545852
2,1,    621 - Ambulatory Care,,,00,000,23060,Fort Wayne MSA,2021,621391,Offices of Podiatrists,2,2,0.0,1.30581113363,2.50168325095,9.03557598541,5.34190941519,4.10769987287,2.70834561023,0.928505986069
2,1,    621 - Ambulatory Care,,,00,000,23060,Fort Wayne MSA,2021,621399,Offices of All Other Miscellaneous Health Practitioners,2,2,1.11240796834,6.18935611778,11.9020436693,40.3617241578,24.1624501843,19.2032403694,11.4576835683,5.87704454014
2,1,    621 - Ambulatory Care,,,00,000,23060,Fort Wayne MSA,2021,621410,Family Planning Centers,2,2,0.0,0.0,1.28248371338,7.83250688755,6.81163821425,5.12782512143,3.24370624308,1.43163112225
2,1,    621 - Ambulatory Care,,,00,000,23060,Fort Wayne MSA,2021,621420,Outpatient Mental Health and Substance Abuse Centers,2,2,1.69087747419,7.48550116581,36.7532077411,172.745015848,154.534588053,121.974396252,76.822632523,33.4937958921
2,1,    621 - Ambulatory Care,,,00,000,23060,Fort Wayne MSA,2021,621491,HMO Medical Centers,2,2,0.0,0.0,0.0,0.0,0.0,0.0,0.0,0.0
2,1,    621 - Ambulatory Care,,,00,000,23060,Fort Wayne MSA,2021,621492,Kidney Dialysis Centers,2,2,0.0,1.31479977178,9.02330708679,43.3092960215,38.7862384183,30.5988332686,19.1487679773,8.58683417884
2,1,    621 - Ambulatory Care,,,00,000,23060,Fort Wayne MSA,2021,621493,Freestanding Ambulatory Surgical and Emergency Centers,2,2,0.69999651065,4.11490052253,19.2169387427,96.2753642581,85.5014218417,67.280331714,42.6378011355,18.4947113384
2,1,    621 - Ambulatory Care,,,00,000,23060,Fort Wayne MSA,2021,621498,All Other Outpatient Care Centers,2,2,0.568380825699,3.3412031647,15.6037056525,77.4285112563,67.7659450403,53.7889634829,34.0252626652,15.0172738601
2,1,    621 - Ambulatory Care,,,00,000,23060,Fort Wayne MSA,2021,621511,Medical Laboratories,2,2,0.0,4.29036200625,7.84323128469,21.2601382131,32.9614237658,30.7186110747,17.6422447585,8.4693376888
2,1,    621 - Ambulatory Care,,,00,000,23060,Fort Wayne MSA,2021,621512,Diagnostic Imaging Centers,2,2,0.0,0.0,0.926053955535,3.67233111653,4.39081389953,5.74307556158,3.19860612698,1.65245267317
2,1,    621 - Ambulatory Care,,,00,000,23060,Fort Wayne MSA,2021,621610,Home Health Care Services,2,2,13.4982880174,94.125684177,96.7137792381,358.230858314,419.648610284,403.67663917,321.028884149,160.878469093
2,1,    621 - Ambulatory Care,,,00,000,23060,Fort Wayne MSA,2021,621910,Ambulance Services,2,2,0.0,10.6345939734,11.0752159795,43.692683969,42.3990622,45.1211822183,23.0927820417,7.91696522775
2,1,    621 - Ambulatory Care,,,00,000,23060,Fort Wayne MSA,2021,621991,Blood and Organ Banks,2,2,0.639683486386,18.6132848919,20.6288051604,72.8552783154,68.0064097757,57.5828623871,35.3175017968,13.2866358317
2,1,    621 - Ambulatory Care,,,00,000,23060,Fort Wayne MSA,2021,621999,All Other Miscellaneous Ambulatory Health Care Services,2,2,0.0,1.58270546145,2.16248961108,7.70345281822,7.12901951826,6.7738537739,3.70228571801,1.39281997813
2,1,    621 - Ambulatory Care,,,00,000,23060,Fort Wayne MSA,2022,621111,Offices of Physicians (except Mental Health Specialists),2,2,12.2205211846,46.7178338304,127.480573567,779.559334318,861.65200051,802.489959593,665.694060674,214.275820353
2,1,    621 - Ambulatory Care,,,00,000,23060,Fort Wayne MSA,2022,621112,"Offices of Physicians, Mental Health Specialists",2,2,0.0,0.808594172854,2.17938603061,14.7086404198,16.3096515902,15.0389692592,12.3315713648,3.94790416205
2,1,    621 - Ambulatory Care,,,00,000,23060,Fort Wayne MSA,2022,621210,Offices of Dentists,2,2,9.53086233936,44.5160436174,101.584583441,368.289008917,388.043745775,318.890967321,251.866707255,77.5769707877
2,1,    621 - Ambulatory Care,,,00,000,23060,Fort Wayne MSA,2022,621310,Offices of Chiropractors,2,2,2.47054708242,12.2379968497,25.5700744528,75.9444384134,47.3483680993,39.1365315365,23.140723275,11.7933610517
2,1,    621 - Ambulatory Care,,,00,000,23060,Fort Wayne MSA,2022,621320,Offices of Optometrists,2,2,3.70549443202,13.9119663365,28.4939248798,86.0493710358,55.8495201478,43.129991266,28.2753153188,13.9325213752
2,1,    621 - Ambulatory Care,,,00,000,23060,Fort Wayne MSA,2022,621330,Offices of Mental Health Practitioners (except Physicians),2,2,5.35332475341,26.5180015933,52.0388914784,155.968078408,93.1136810749,71.5031275309,45.5458813601,25.5545389494
2,1,    621 - Ambulatory Care,,,00,000,23060,Fort Wayne MSA,2022,621340,"Offices of Physical, Occupational and Speech Therapists, and Audiologists",2,2,9.395264584,46.539982662,92.2378244366,276.272566072,168.091076825,131.434812153,81.9309077135,45.4312036624
2,1,    621 - Ambulatory Care,,,00,000,23060,Fort Wayne MSA,2022,621391,Offices of Podiatrists,2,2,0.0,1.36961361642,2.56003405273,8.8193497588,5.23358890516,4.06075214455,2.556573832,0.990987131129
2,1,    621 - Ambulatory Care,,,00,000,23060,Fort Wayne MSA,2022,621399,Offices of All Other Miscellaneous Health Practitioners,2,2,1.0112986255,6.80205192505,13.3483377589,40.8554737342,24.6432797015,18.9541688857,12.1014454059,6.55491705298
2,1,    621 - Ambulatory Care,,,00,000,23060,Fort Wayne MSA,2022,621410,Family Planning Centers,2,2,0.0,0.0,1.15336302416,7.48380967204,5.66780673541,4.60616566378,2.8393650231,0.794796442824
2,1,    621 - Ambulatory Care,,,00,000,23060,Fort Wayne MSA,2022,621420,Outpatient Mental Health and Substance Abuse Centers,2,2,0.629156921996,5.13690737059,24.0138495041,114.308886183,102.882549905,84.6017643254,53.3670075834,22.3858208488
2,1,    621 - Ambulatory Care,,,00,000,23060,Fort Wayne MSA,2022,621491,HMO Medical Centers,2,2,0.0,0.0,0.0,0.0,0.0,0.0,0.0,0.0
2,1,    621 - Ambulatory Care,,,00,000,23060,Fort Wayne MSA,2022,621492,Kidney Dialysis Centers,2,2,0.0,0.630594183785,3.07443881464,17.4951610214,15.7395773723,12.8902987689,8.09163911034,3.42079339176
2,1,    621 - Ambulatory Care,,,00,000,23060,Fort Wayne MSA,2022,621493,Freestanding Ambulatory Surgical and Emergency Centers,2,2,0.591939541632,4.8330368594,19.5654329494,91.3954000061,83.7048800549,67.8529704453,42.1742616103,18.4970858821
2,1,    621 - Ambulatory Care,,,00,000,23060,Fort Wayne MSA,2022,621498,All Other Outpatient Care Centers,2,2,0.660141960478,5.38989238433,21.2158654576,99.5335511248,91.1069102362,74.0416074954,45.6412482577,20.6282933958
2,1,    621 - Ambulatory Care,,,00,000,23060,Fort Wayne MSA,2022,621511,Medical Laboratories,2,2,0.0,1.11901561116,2.63247256364,13.3544037808,17.4696247433,23.2433664937,17.0380096828,4.46953829923
2,1,    621 - Ambulatory Care,,,00,000,23060,Fort Wayne MSA,2022,621512,Diagnostic Imaging Centers,2,2,0.0,0.0,0.612233487674,4.68538604841,5.84324503543,8.1549237896,5.97777738124,1.56813533077
2,1,    621 - Ambulatory Care,,,00,000,23060,Fort Wayne MSA,2022,621610,Home Health Care Services,2,2,10.4111210788,92.2421667193,91.6120928033,400.559601295,463.105868478,454.871408493,357.324199334,184.848103866
2,1,    621 - Ambulatory Care,,,00,000,23060,Fort Wayne MSA,2022,621910,Ambulance Services,2,2,0.50241861036,13.1335803673,10.5258825447,40.2474718787,39.7875454023,46.2514248629,26.0877674354,9.83350325303
2,1,    621 - Ambulatory Care,,,00,000,23060,Fort Wayne MSA,2022,621991,Blood and Organ Banks,2,2,1.45742913091,19.5066576775,19.1541307319,62.8257498667,62.031128832,60.2616021966,38.0781737039,14.2102803734
2,1,    621 - Ambulatory Care,,,00,000,23060,Fort Wayne MSA,2022,621999,All Other Miscellaneous Ambulatory Health Care Services,2,2,0.0,0.739576398741,0.843935876868,3.57023845344,3.56911828267,4.17045259464,2.19092427458,0.0
2,1,    621 - Ambulatory Care,,,00,000,23060,Fort Wayne MSA,2023,621111,Offices of Physicians (except Mental Health Specialists),2,2,12.177884653,58.3304409827,140.53608899,755.642029326,842.502020408,796.125805511,669.986086078,218.104616759
2,1,    621 - Ambulatory Care,,,00,000,23060,Fort Wayne MSA,2023,621112,"Offices of Physicians, Mental Health Specialists",2,2,0.0,1.24959425752,3.01037441058,17.6227507912,20.1893334995,18.546044295,15.2999922288,4.96380435699
2,1,    621 - Ambulatory Care,,,00,000,23060,Fort Wayne MSA,2023,621210,Offices of Dentists,2,2,11.3886908247,57.9355938029,116.409876271,415.112093442,417.825034953,335.186397508,246.965835456,93.9912121787
2,1,    621 - Ambulatory Care,,,00,000,23060,Fort Wayne MSA,2023,621310,Offices of Chiropractors,2,2,1.83480016639,13.1784758454,25.0528734564,75.4970390038,48.7397847159,39.4362167911,25.8668550471,12.1263210292
2,1,    621 - Ambulatory Care,,,00,000,23060,Fort Wayne MSA,2023,621320,Offices of Optometrists,2,2,2.50683798153,14.8174400497,27.6201188853,85.4755778638,55.9257504926,45.5927806104,30.8675910764,12.664053416
2,1,    621 - Ambulatory Care,,,00,000,23060,Fort Wayne MSA,2023,621330,Offices of Mental Health Practitioners (except Physicians),2,2,4.83017020538,27.8454610354,51.1692932065,152.348802763,91.5118379808,72.7393837305,47.292439009,25.6223104766
2,1,    621 - Ambulatory Care,,,00,000,23060,Fort Wayne MSA,2023,621340,"Offices of Physical, Occupational and Speech Therapists, and Audiologists",2,2,9.44600910949,54.4553229832,101.282038203,299.219450924,182.035856412,147.860629058,95.9602354095,50.7407843276
2,1,    621 - Ambulatory Care,,,00,000,23060,Fort Wayne MSA,2023,621391,Offices of Podiatrists,2,2,0.0,1.47432448726,2.67633808209,9.18346659929,5.37172075445,4.3057746244,2.8224261497,1.52914674354
2,1,    621 - Ambulatory Care,,,00,000,23060,Fort Wayne MSA,2023,621399,Offices of All Other Miscellaneous Health Practitioners,2,2,1.08184947804,7.77039782093,14.2790153097,43.5228598144,26.0378408174,20.8401890668,13.7533515539,7.15001792362
2,1,    621 - Ambulatory Care,,,00,000,23060,Fort Wayne MSA,2023,621410,Family Planning Centers,2,2,0.0,0.0,1.46931075728,10.2725231004,9.63217785461,7.56321194553,4.32014552102,1.89237776649
2,1,    621 - Ambulatory Care,,,00,000,23060,Fort Wayne MSA,2023,621420,Outpatient Mental Health and Substance Abuse Centers,2,2,0.934816805929,7.78569241984,23.2596948517,118.529121312,114.563262958,89.7444340689,57.2518646826,23.556197953
2,1,    621 - Ambulatory Care,,,00,000,23060,Fort Wayne MSA,2023,621491,HMO Medical Centers,2,2,0.0,0.0,0.0,0.0,0.0,0.0,0.0,0.0
2,1,    621 - Ambulatory Care,,,00,000,23060,Fort Wayne MSA,2023,621492,Kidney Dialysis Centers,2,2,0.0,1.80301103077,4.89738673115,26.3798527091,25.5211737347,19.6483443899,12.2094033381,5.34815396997
2,1,    621 - Ambulatory Care,,,00,000,23060,Fort Wayne MSA,2023,621493,Freestanding Ambulatory Surgical and Emergency Centers,2,2,0.836628100383,6.28664889362,17.6943697858,91.727630183,89.036533249,69.8513709838,43.4479375191,18.6476763949
2,1,    621 - Ambulatory Care,,,00,000,23060,Fort Wayne MSA,2023,621498,All Other Outpatient Care Centers,2,2,0.886446540613,6.66099807219,18.0927809194,95.4921247963,92.4144210074,72.5883435373,45.1061090088,19.7580839362
2,1,    621 - Ambulatory Care,,,00,000,23060,Fort Wayne MSA,2023,621511,Medical Laboratories,2,2,0.0,0.888250676322,2.5367092447,16.2301902135,16.0608080775,25.1184522814,18.819872267,5.31309778861
2,1,    621 - Ambulatory Care,,,00,000,23060,Fort Wayne MSA,2023,621512,Diagnostic Imaging Centers,2,2,0.0,0.0,0.658034963796,6.97993199873,6.90708776366,10.446609474,8.09364689633,2.28494310782
2,1,    621 - Ambulatory Care,,,00,000,23060,Fort Wayne MSA,2023,621610,Home Health Care Services,2,2,14.6143890006,97.4149108402,102.413650725,444.890992822,492.103278185,485.987804672,370.265604894,210.018877452
2,1,    621 - Ambulatory Care,,,00,000,23060,Fort Wayne MSA,2023,621910,Ambulance Services,2,2,0.0,6.82013183083,6.86752537203,17.0546970352,16.1056495576,26.8358895882,15.2185941313,7.2965763603
2,1,    621 - Ambulatory Care,,,00,000,23060,Fort Wayne MSA,2023,621991,Blood and Organ Banks,2,2,0.598827679757,18.8802884842,22.307553549,58.919152326,59.103051907,60.3837316755,40.7899804838,19.2060026694
2,1,    621 - Ambulatory Care,,,00,000,23060,Fort Wayne MSA,2023,621999,All Other Miscellaneous Ambulatory Health Care Services,2,2,0.0,1.86096446471,2.7893484749,7.36728244636,7.39027734872,8.94962139745,5.10040106387,2.40152888738
2,1,    621 - Ambulatory Care,,,00,000,23060,Fort Wayne MSA,2024,621111,Offices of Physicians (except Mental Health Specialists),2,2,15.1983367713,57.9893799182,138.495603733,778.654388768,825.940796308,799.154413383,667.341955156,233.24439791
2,1,    621 - Ambulatory Care,,,00,000,23060,Fort Wayne MSA,2024,621112,"Offices of Physicians, Mental Health Specialists",2,2,0.0,1.2476984081,2.84635346756,17.9078261692,19.4157518578,18.3897266068,15.3812887868,5.05890289801
2,1,    621 - Ambulatory Care,,,00,000,23060,Fort Wayne MSA,2024,621210,Offices of Dentists,2,2,14.1051637643,68.0503433575,115.372471228,444.21568945,428.401953336,364.350391675,256.940381734,101.813514856
2,1,    621 - Ambulatory Care,,,00,000,23060,Fort Wayne MSA,2024,621310,Offices of Chiropractors,2,2,1.73079310039,14.9258916199,25.1072291949,86.8503436093,52.8304001947,41.3016310974,29.2939235785,14.101631189
2,1,    621 - Ambulatory Care,,,00,000,23060,Fort Wayne MSA,2024,621320,Offices of Optometrists,2,2,1.68961175538,16.0218357333,25.4198862336,90.6476477399,56.0069869812,43.7563876761,32.7839498509,13.1976366159
2,1,    621 - Ambulatory Care,,,00,000,23060,Fort Wayne MSA,2024,621330,Offices of Mental Health Practitioners (except Physicians),2,2,4.95487989917,32.9560645235,56.6700444591,193.434785246,110.969965726,84.2354319337,58.608124114,31.2689299936
2,1,    621 - Ambulatory Care,,,00,000,23060,Fort Wayne MSA,2024,621340,"Offices of Physical, Occupational and Speech Therapists, and Audiologists",2,2,8.08075776983,53.7470089853,93.3358387622,318.153895281,184.800442421,142.382842378,97.7376296568,51.8748130467
2,1,    621 - Ambulatory Care,,,00,000,23060,Fort Wayne MSA,2024,621391,Offices of Podiatrists,2,2,0.0,1.30219358621,2.31300983437,9.03464350703,4.99701872196,3.80698227145,2.64355748343,0.934308108052
2,1,    621 - Ambulatory Care,,,00,000,23060,Fort Wayne MSA,2024,621399,Offices of All Other Miscellaneous Health Practitioners,2,2,0.928345177574,7.64259866154,13.1419334254,46.5249228958,26.8015897138,20.7859517999,14.5180833722,7.25134769494
2,1,    621 - Ambulatory Care,,,00,000,23060,Fort Wayne MSA,2024,621410,Family Planning Centers,2,2,0.0,0.0,1.39313245552,9.35843955979,8.59163807277,6.53115015576,4.31129120423,1.93232568311
2,1,    621 - Ambulatory Care,,,00,000,23060,Fort Wayne MSA,2024,621420,Outpatient Mental Health and Substance Abuse Centers,2,2,1.37136459318,7.50460742963,24.6696289747,124.239156794,118.999304044,93.0996753067,62.2563290044,26.9604254468
2,1,    621 - Ambulatory Care,,,00,000,23060,Fort Wayne MSA,2024,621491,HMO Medical Centers,2,2,0.0,0.0,0.0,0.0,0.0,0.0,0.0,0.0
2,1,    621 - Ambulatory Care,,,00,000,23060,Fort Wayne MSA,2024,621492,Kidney Dialysis Centers,2,2,0.569055087846,3.11407707428,7.95011317474,43.168481574,42.3327962151,32.4470316837,21.3183337265,9.29519420752
2,1,    621 - Ambulatory Care,,,00,000,23060,Fort Wayne MSA,2024,621493,Freestanding Ambulatory Surgical and Emergency Centers,2,2,1.1895596877,6.5097046509,16.6190134265,88.8896172033,87.6382692322,66.9508631745,44.0707494902,19.4307872029
2,1,    621 - Ambulatory Care,,,00,000,23060,Fort Wayne MSA,2024,621498,All Other Outpatient Care Centers,2,2,1.15078256392,6.29750208077,16.0772688235,84.4735425683,84.0831300068,63.5340839899,41.9396172102,18.7973847361
2,1,    621 - Ambulatory Care,,,00,000,23060,Fort Wayne MSA,2024,621511,Medical Laboratories,2,2,0.0,0.874209688098,2.10292823264,13.1255761253,14.5058924651,23.4689585691,14.8900268387,4.71239047771
2,1,    621 - Ambulatory Care,,,00,000,23060,Fort Wayne MSA,2024,621512,Diagnostic Imaging Centers,2,2,0.0,0.0,0.54670993309,6.0868800356,6.7269906023,9.51070225989,6.90512981896,2.18533306614
2,1,    621 - Ambulatory Care,,,00,000,23060,Fort Wayne MSA,2024,621610,Home Health Care Services,2,2,23.9015054114,127.818265785,159.339513307,555.842766957,632.810595251,555.182169022,440.631647411,246.021747485
2,1,    621 - Ambulatory Care,,,00,000,23060,Fort Wayne MSA,2024,621910,Ambulance Services,2,2,0.0,4.68532370423,7.85938049141,21.2429625109,17.7005597339,26.4556959953,17.8097370094,6.83372370282
2,1,    621 - Ambulatory Care,,,00,000,23060,Fort Wayne MSA,2024,621991,Blood and Organ Banks,2,2,0.982523889096,16.5549504428,22.4530758708,56.1882891732,58.751015475,56.0704091463,43.3371394856,19.9450070725
2,1,    621 - Ambulatory Care,,,00,000,23060,Fort Wayne MSA,2024,621999,All Other Miscellaneous Ambulatory Health Care Services,2,2,0.0,0.870563736142,1.1250885456,3.55315790226,3.71521607033,3.8999672792,2.74049453882,0.782435283032
2,1,    621 - Ambulatory Care,,,00,000,26900,Indianapolis-Carmel-Greenwood MSA,2020,621111,Offices of Physicians (except Mental Health Specialists),2,2,26.3884684776,254.869316847,825.692275637,5339.99615738,6279.38166699,5195.97936916,4171.47417699,1252.88939806
2,1,    621 - Ambulatory Care,,,00,000,26900,Indianapolis-Carmel-Greenwood MSA,2020,621112,"Offices of Physicians, Mental Health Specialists",2,2,0.0,2.52602347105,8.84184950506,61.6171387211,77.6210940906,69.5223829688,53.2417019081,14.3064338652
2,1,    621 - Ambulatory Care,,,00,000,26900,Indianapolis-Carmel-Greenwood MSA,2020,621210,Offices of Dentists,2,2,46.4954952833,160.417250124,344.231686572,1680.82666204,1500.13738253,1327.86142643,897.140114543,288.767920037
2,1,    621 - Ambulatory Care,,,00,000,26900,Indianapolis-Carmel-Greenwood MSA,2020,621310,Offices of Chiropractors,2,2,3.22978970885,23.4891297873,67.0793112249,241.996258565,172.05714793,134.320758026,82.5289958855,30.5137019802
2,1,    621 - Ambulatory Care,,,00,000,26900,Indianapolis-Carmel-Greenwood MSA,2020,621320,Offices of Optometrists,2,2,5.10670201138,29.4878242488,79.8372021705,285.573874213,196.37830868,160.644209444,99.4438045314,38.7958142718
2,1,    621 - Ambulatory Care,,,00,000,26900,Indianapolis-Carmel-Greenwood MSA,2020,621330,Offices of Mental Health Practitioners (except Physicians),2,2,11.2434457513,61.9641976241,157.215349593,568.341785954,403.35145035,310.619141773,192.397167352,63.1786968326
2,1,    621 - Ambulatory Care,,,00,000,26900,Indianapolis-Carmel-Greenwood MSA,2020,621340,"Offices of Physical, Occupational and Speech Therapists, and Audiologists",2,2,24.5659593884,138.294506055,360.068883888,1270.5822792,887.811909801,694.540273133,427.467157181,143.517314114
2,1,    621 - Ambulatory Care,,,00,000,26900,Indianapolis-Carmel-Greenwood MSA,2020,621391,Offices of Podiatrists,2,2,0.0,8.10354527605,27.0053049881,104.361564122,71.1323313112,54.6916577734,33.5581200471,9.71809344077
2,1,    621 - Ambulatory Care,,,00,000,26900,Indianapolis-Carmel-Greenwood MSA,2020,621399,Offices of All Other Miscellaneous Health Practitioners,2,2,0.563805317861,8.56720642386,28.5804229418,111.622917284,76.0525590486,59.3357306795,36.3357372746,10.7793026372
2,1,    621 - Ambulatory Care,,,00,000,26900,Indianapolis-Carmel-Greenwood MSA,2020,621410,Family Planning Centers,2,2,0.0,1.70505603408,5.30847850773,39.4444297299,36.8453211862,32.266293739,25.4766137179,6.51472045593
2,1,    621 - Ambulatory Care,,,00,000,26900,Indianapolis-Carmel-Greenwood MSA,2020,621420,Outpatient Mental Health and Substance Abuse Centers,2,2,4.45388025326,29.2441439834,102.327567582,516.639256863,498.376521681,439.216523741,327.445529007,85.0155943806
2,1,    621 - Ambulatory Care,,,00,000,26900,Indianapolis-Carmel-Greenwood MSA,2020,621491,HMO Medical Centers,2,2,2.16635682218,6.1911789907,22.3386349895,134.047559383,128.503297123,108.04113105,82.2810753751,20.4124613405
2,1,    621 - Ambulatory Care,,,00,000,26900,Indianapolis-Carmel-Greenwood MSA,2020,621492,Kidney Dialysis Centers,2,2,2.32286817638,10.4387090189,36.3928794885,197.723596982,188.468490004,162.061158877,122.000986306,28.9969863282
2,1,    621 - Ambulatory Care,,,00,000,26900,Indianapolis-Carmel-Greenwood MSA,2020,621493,Freestanding Ambulatory Surgical and Emergency Centers,2,2,2.29667803012,11.2301013876,36.3871140483,217.154151826,209.233322763,180.496749181,138.922845796,34.6004568809
2,1,    621 - Ambulatory Care,,,00,000,26900,Indianapolis-Carmel-Greenwood MSA,2020,621498,All Other Outpatient Care Centers,2,2,1.73860984485,12.571377571,41.7178107909,214.444416631,207.27277444,183.517575043,139.450589193,34.4771479847
2,1,    621 - Ambulatory Care,,,00,000,26900,Indianapolis-Carmel-Greenwood MSA,2020,621511,Medical Laboratories,2,2,3.85579054006,24.6074377891,125.525269563,762.758289963,813.92336693,668.365226151,541.893988862,142.598790662
2,1,    621 - Ambulatory Care,,,00,000,26900,Indianapolis-Carmel-Greenwood MSA,2020,621512,Diagnostic Imaging Centers,2,2,0.0,1.77527210379,8.61959187788,48.9956193236,57.9185965638,48.2015586911,37.9595557234,11.1259407616
2,1,    621 - Ambulatory Care,,,00,000,26900,Indianapolis-Carmel-Greenwood MSA,2020,621610,Home Health Care Services,2,2,50.3295333645,315.459624317,372.697632183,1561.37528595,1985.89777996,1940.94397746,1591.54958199,706.204271996
2,1,    621 - Ambulatory Care,,,00,000,26900,Indianapolis-Carmel-Greenwood MSA,2020,621910,Ambulance Services,2,2,4.11815111147,34.7169757263,46.3240921235,137.974798766,149.64456813,98.2766477155,58.5217973239,17.9894780949
2,1,    621 - Ambulatory Care,,,00,000,26900,Indianapolis-Carmel-Greenwood MSA,2020,621991,Blood and Organ Banks,2,2,4.6516311272,71.9025489282,111.823893881,383.209838325,346.518189828,257.268234979,152.948959388,46.5087886722
2,1,    621 - Ambulatory Care,,,00,000,26900,Indianapolis-Carmel-Greenwood MSA,2020,621999,All Other Miscellaneous Ambulatory Health Care Services,2,2,0.0,17.6387624495,23.792670623,86.5078387791,96.5281879228,61.5659188516,33.9161465859,9.288319298
2,1,    621 - Ambulatory Care,,,00,000,26900,Indianapolis-Carmel-Greenwood MSA,2021,621111,Offices of Physicians (except Mental Health Specialists),2,2,33.8113804896,293.567583061,864.3463163,5316.40562123,6535.28301175,5303.76417092,4225.99963253,1335.29435836
2,1,    621 - Ambulatory Care,,,00,000,26900,Indianapolis-Carmel-Greenwood MSA,2021,621112,"Offices of Physicians, Mental Health Specialists",2,2,0.0,2.89862786936,11.0313339089,67.4282120608,88.6681870884,76.5020504923,59.252504666,16.0446749962
2,1,    621 - Ambulatory Care,,,00,000,26900,Indianapolis-Carmel-Greenwood MSA,2021,621210,Offices of Dentists,2,2,71.4375166929,204.876212393,401.628973992,1822.40407071,1639.3382949,1464.76979727,977.073704926,337.055124272
2,1,    621 - Ambulatory Care,,,00,000,26900,Indianapolis-Carmel-Greenwood MSA,2021,621310,Offices of Chiropractors,2,2,4.74338031985,28.9082889812,74.5359985043,257.423244877,177.25757105899999,144.408836313,89.7634126376,33.5552595809
2,1,    621 - Ambulatory Care,,,00,000,26900,Indianapolis-Carmel-Greenwood MSA,2021,621320,Offices of Optometrists,2,2,6.87638650719,34.0011754364,87.4925765731,292.420534108,198.768783944,165.381287508,107.298933108,42.8104005026
2,1,    621 - Ambulatory Care,,,00,000,26900,Indianapolis-Carmel-Greenwood MSA,2021,621330,Offices of Mental Health Practitioners (except Physicians),2,2,15.7803769191,76.2141896604,190.883087065,659.829017778,459.499166146,371.397425546,230.487367652,84.7507051679
2,1,    621 - Ambulatory Care,,,00,000,26900,Indianapolis-Carmel-Greenwood MSA,2021,621340,"Offices of Physical, Occupational and Speech Therapists, and Audiologists",2,2,33.5311564871,173.040270629,413.578222581,1397.70991179,951.216646852,778.066905258,492.139773981,176.612753392
2,1,    621 - Ambulatory Care,,,00,000,26900,Indianapolis-Carmel-Greenwood MSA,2021,621391,Offices of Podiatrists,2,2,0.0,8.08140475791,25.5543109386,92.1485612014,62.2155294444,51.3742673806,32.5945361515,10.1033615778
2,1,    621 - Ambulatory Care,,,00,000,26900,Indianapolis-Carmel-Greenwood MSA,2021,621399,Offices of All Other Miscellaneous Health Practitioners,2,2,0.739401316987,12.1152151257,32.8274342346,121.942594934,80.2642551061,64.4348625524,39.8334697189,12.9527720908
2,1,    621 - Ambulatory Care,,,00,000,26900,Indianapolis-Carmel-Greenwood MSA,2021,621410,Family Planning Centers,2,2,0.0,1.42807350897,5.2571987469,34.4083776877,36.4124735322,30.8338993116,23.489308524,6.22811568905
2,1,    621 - Ambulatory Care,,,00,000,26900,Indianapolis-Carmel-Greenwood MSA,2021,621420,Outpatient Mental Health and Substance Abuse Centers,2,2,6.38890707362,31.0411172237,100.602833819,510.021118897,541.555617018,467.491636171,336.6131806,87.0519302906
2,1,    621 - Ambulatory Care,,,00,000,26900,Indianapolis-Carmel-Greenwood MSA,2021,621491,HMO Medical Centers,2,2,3.07785937202,7.62678314491,25.0793890271,140.373188049,151.215566673,124.951407775,93.2397518552,22.2711885129
2,1,    621 - Ambulatory Care,,,00,000,26900,Indianapolis-Carmel-Greenwood MSA,2021,621492,Kidney Dialysis Centers,2,2,3.86648380217,13.0148005293,40.421996991,217.723270275,230.324786299,193.469856642,144.867064193,35.4006546788
2,1,    621 - Ambulatory Care,,,00,000,26900,Indianapolis-Carmel-Greenwood MSA,2021,621493,Freestanding Ambulatory Surgical and Emergency Centers,2,2,3.7796995178,13.1464979846,39.5015795413,229.095725077,247.209158952,211.051738298,155.927776076,40.015136293
2,1,    621 - Ambulatory Care,,,00,000,26900,Indianapolis-Carmel-Greenwood MSA,2021,621498,All Other Outpatient Care Centers,2,2,1.90070973467,11.3715432865,39.1785381108,196.120203635,210.686895003,178.856438329,130.573273095,33.0888476502
2,1,    621 - Ambulatory Care,,,00,000,26900,Indianapolis-Carmel-Greenwood MSA,2021,621511,Medical Laboratories,2,2,28.085531602,49.2761730329,191.001269249,891.106805903,863.118076311,723.700400036,558.438480195,156.40596943
2,1,    621 - Ambulatory Care,,,00,000,26900,Indianapolis-Carmel-Greenwood MSA,2021,621512,Diagnostic Imaging Centers,2,2,0.50733344653,4.12743589342,12.4851978906,54.1528282566,60.8296325048,52.7706960878,40.5589390808,10.7718917917
2,1,    621 - Ambulatory Care,,,00,000,26900,Indianapolis-Carmel-Greenwood MSA,2021,621610,Home Health Care Services,2,2,58.5927790749,369.916421812,411.534903591,1713.14861786,2107.25180992,2028.84117717,1685.26568251,779.263930307
2,1,    621 - Ambulatory Care,,,00,000,26900,Indianapolis-Carmel-Greenwood MSA,2021,621910,Ambulance Services,2,2,7.75337593619,32.1622687658,52.2628999578,147.236393725,140.52843965,107.716141453,66.5439687425,18.3683551856
2,1,    621 - Ambulatory Care,,,00,000,26900,Indianapolis-Carmel-Greenwood MSA,2021,621991,Blood and Organ Banks,2,2,7.86884749631,74.0277058582,133.641651847,382.949296938,362.315484273,273.148489512,164.751685498,42.5301538382
2,1,    621 - Ambulatory Care,,,00,000,26900,Indianapolis-Carmel-Greenwood MSA,2021,621999,All Other Miscellaneous Ambulatory Health Care Services,2,2,0.0,13.5298694767,27.2479558476,87.8830903213,85.0995496118,62.4066671812,35.3666538021,7.02742553381
2,1,    621 - Ambulatory Care,,,00,000,26900,Indianapolis-Carmel-Greenwood MSA,2022,621111,Offices of Physicians (except Mental Health Specialists),2,2,45.6223933657,358.918175832,956.171968564,5530.70825421,6602.36875522,5400.58241852,4187.80437315,1390.21408992
2,1,    621 - Ambulatory Care,,,00,000,26900,Indianapolis-Carmel-Greenwood MSA,2022,621112,"Offices of Physicians, Mental Health Specialists",2,2,0.0,4.34116690899,11.949488304,77.0107953272,99.5944909492,86.7078215734,65.4244797456,19.4574209407
2,1,    621 - Ambulatory Care,,,00,000,26900,Indianapolis-Carmel-Greenwood MSA,2022,621210,Offices of Dentists,2,2,69.6240106191,246.679804886,432.410684632,1847.77903227,1692.43122515,1473.46899667,1004.90688183,358.472125909
2,1,    621 - Ambulatory Care,,,00,000,26900,Indianapolis-Carmel-Greenwood MSA,2022,621310,Offices of Chiropractors,2,2,5.80340833564,32.7895727149,72.3902033907,258.842798531,178.088947449,147.595435404,90.251890402,35.1647438047
2,1,    621 - Ambulatory Care,,,00,000,26900,Indianapolis-Carmel-Greenwood MSA,2022,621320,Offices of Optometrists,2,2,8.97678378064,37.4332028098,83.7276526134,290.779299227,202.426982123,166.572537275,108.302113964,44.6086507554
2,1,    621 - Ambulatory Care,,,00,000,26900,Indianapolis-Carmel-Greenwood MSA,2022,621330,Offices of Mental Health Practitioners (except Physicians),2,2,21.6882862583,96.5771287859,213.450470033,785.449186384,542.195115976,437.2332343,275.463508581,102.350829561
2,1,    621 - Ambulatory Care,,,00,000,26900,Indianapolis-Carmel-Greenwood MSA,2022,621340,"Offices of Physical, Occupational and Speech Therapists, and Audiologists",2,2,47.091664526,211.839258333,438.557248407,1556.9157374,1056.78047572,864.148827003,547.678745876,198.325183318
2,1,    621 - Ambulatory Care,,,00,000,26900,Indianapolis-Carmel-Greenwood MSA,2022,621391,Offices of Podiatrists,2,2,0.624716715468,9.57454710557,22.7536588475,93.1966380811,63.6313920472,52.7322812278,33.0628960215,11.617810621
2,1,    621 - Ambulatory Care,,,00,000,26900,Indianapolis-Carmel-Greenwood MSA,2022,621399,Offices of All Other Miscellaneous Health Practitioners,2,2,1.61781834242,15.2148961282,33.3368632944,129.215577037,86.2377289905,70.033472497,43.8937807719,14.9434596646
2,1,    621 - Ambulatory Care,,,00,000,26900,Indianapolis-Carmel-Greenwood MSA,2022,621410,Family Planning Centers,2,2,0.0,1.75266240452,6.37260408749,38.8564792146,44.4899411436,38.3026982785,29.4987861992,8.31305871093
2,1,    621 - Ambulatory Care,,,00,000,26900,Indianapolis-Carmel-Greenwood MSA,2022,621420,Outpatient Mental Health and Substance Abuse Centers,2,2,7.64847906786,30.7562062335,100.529819537,488.094628158,540.812380371,461.344587678,326.867315692,95.5141933925
2,1,    621 - Ambulatory Care,,,00,000,26900,Indianapolis-Carmel-Greenwood MSA,2022,621491,HMO Medical Centers,2,2,4.07417735714,8.83705215138,29.4256271577,162.643913286,187.012108645,151.927737284,111.464171694,28.5436213414
2,1,    621 - Ambulatory Care,,,00,000,26900,Indianapolis-Carmel-Greenwood MSA,2022,621492,Kidney Dialysis Centers,2,2,4.21390460913,12.1440614306,35.3109859946,203.822103059,231.251870564,189.635618406,138.534075121,35.8466690592
2,1,    621 - Ambulatory Care,,,00,000,26900,Indianapolis-Carmel-Greenwood MSA,2022,621493,Freestanding Ambulatory Surgical and Emergency Centers,2,2,3.86623463346,10.9887290194,34.0530664764,195.011456961,223.913756224,193.562863691,144.43975244,40.259268834
2,1,    621 - Ambulatory Care,,,00,000,26900,Indianapolis-Carmel-Greenwood MSA,2022,621498,All Other Outpatient Care Centers,2,2,2.6667617103,12.3351904589,37.6662254761,189.065988329,207.775221245,179.271243585,129.098117405,38.0385824212
2,1,    621 - Ambulatory Care,,,00,000,26900,Indianapolis-Carmel-Greenwood MSA,2022,621511,Medical Laboratories,2,2,6.51052957223,45.8509720779,161.388195995,850.287675903,842.915288069,716.570438473,535.435840214,168.947794514
2,1,    621 - Ambulatory Care,,,00,000,26900,Indianapolis-Carmel-Greenwood MSA,2022,621512,Diagnostic Imaging Centers,2,2,0.0,3.9337654432,13.3323679048,63.0674056367,71.1072202292,58.3903636623,45.2549138799,12.607956707
2,1,    621 - Ambulatory Care,,,00,000,26900,Indianapolis-Carmel-Greenwood MSA,2022,621610,Home Health Care Services,2,2,39.5247388159,299.760237074,401.427711008,1802.66637091,2278.93605134,2147.50722546,1785.00947249,882.420193195
2,1,    621 - Ambulatory Care,,,00,000,26900,Indianapolis-Carmel-Greenwood MSA,2022,621910,Ambulance Services,2,2,3.12427584888,20.7299120277,36.8909693235,126.921214855,116.851664509,96.42549882,59.0886992351,20.2415992103
2,1,    621 - Ambulatory Care,,,00,000,26900,Indianapolis-Carmel-Greenwood MSA,2022,621991,Blood and Organ Banks,2,2,7.04349099225,53.0462248861,94.9429981019,335.132875509,314.269355168,257.672349599,152.68851635,48.0078060777
2,1,    621 - Ambulatory Care,,,00,000,26900,Indianapolis-Carmel-Greenwood MSA,2022,621999,All Other Miscellaneous Ambulatory Health Care Services,2,2,2.61053631826,20.3453152696,35.5692847206,133.069469848,130.083337702,101.086904234,57.0052226278,17.2129775753
2,1,    621 - Ambulatory Care,,,00,000,26900,Indianapolis-Carmel-Greenwood MSA,2023,621111,Offices of Physicians (except Mental Health Specialists),2,2,44.6835418402,375.414669539,917.901657258,5624.99883216,6790.14915862,5578.79194861,4214.12710668,1496.50354112
2,1,    621 - Ambulatory Care,,,00,000,26900,Indianapolis-Carmel-Greenwood MSA,2023,621112,"Offices of Physicians, Mental Health Specialists",2,2,0.0,5.28388161933,15.3034038707,88.3256941494,114.870621323,100.786278897,75.879737637,24.5741278593
2,1,    621 - Ambulatory Care,,,00,000,26900,Indianapolis-Carmel-Greenwood MSA,2023,621210,Offices of Dentists,2,2,68.3539965697,258.27693974,469.372078296,1867.23824651,1753.63696679,1490.75024162,1032.21077682,382.779402668
2,1,    621 - Ambulatory Care,,,00,000,26900,Indianapolis-Carmel-Greenwood MSA,2023,621310,Offices of Chiropractors,2,2,6.80914244944,39.0024723029,78.1046908296,255.638822835,181.613957011,144.214049555,89.7319331785,34.0491483886
2,1,    621 - Ambulatory Care,,,00,000,26900,Indianapolis-Carmel-Greenwood MSA,2023,621320,Offices of Optometrists,2,2,7.7991596227,43.8454085282,85.3716540135,282.33504703,205.773459135,164.313300718,108.320962958,43.720722682
2,1,    621 - Ambulatory Care,,,00,000,26900,Indianapolis-Carmel-Greenwood MSA,2023,621330,Offices of Mental Health Practitioners (except Physicians),2,2,22.7669743332,126.678997261,272.558175023,900.909933366,611.045284491,484.00632778,305.28349498,113.584062459
2,1,    621 - Ambulatory Care,,,00,000,26900,Indianapolis-Carmel-Greenwood MSA,2023,621340,"Offices of Physical, Occupational and Speech Therapists, and Audiologists",2,2,55.2333860355,276.244802696,527.055746326,1686.29512461,1186.4357324,958.401568071,596.661061226,214.060022614
2,1,    621 - Ambulatory Care,,,00,000,26900,Indianapolis-Carmel-Greenwood MSA,2023,621391,Offices of Podiatrists,2,2,1.15193344987,10.2179217145,23.4107812828,84.4661457599,58.708813374,49.0366386844,30.9411933072,9.70025201429
2,1,    621 - Ambulatory Care,,,00,000,26900,Indianapolis-Carmel-Greenwood MSA,2023,621399,Offices of All Other Miscellaneous Health Practitioners,2,2,2.69555526582,20.7716043142,44.8210279298,150.728749744,101.795327906,81.7232367574,50.4950469273,16.5412682254
2,1,    621 - Ambulatory Care,,,00,000,26900,Indianapolis-Carmel-Greenwood MSA,2023,621410,Family Planning Centers,2,2,0.0,2.22182922232,7.14200186206,42.0266626189,45.8388771396,39.5368803172,29.382090079,8.84440683449
2,1,    621 - Ambulatory Care,,,00,000,26900,Indianapolis-Carmel-Greenwood MSA,2023,621420,Outpatient Mental Health and Substance Abuse Centers,2,2,7.89561515451,36.1097157996,108.05267844,512.316033794,553.804892938,468.370066356,329.337772486,108.669720241
2,1,    621 - Ambulatory Care,,,00,000,26900,Indianapolis-Carmel-Greenwood MSA,2023,621491,HMO Medical Centers,2,2,3.93623000951,9.04749076271,28.0954673692,154.638339986,169.656351578,141.370499747,100.807974593,31.0147189946
2,1,    621 - Ambulatory Care,,,00,000,26900,Indianapolis-Carmel-Greenwood MSA,2023,621492,Kidney Dialysis Centers,2,2,4.77138273019,13.1276511153,39.0231189344,211.436609164,228.972628332,190.736365414,134.569054748,42.2369788885
2,1,    621 - Ambulatory Care,,,00,000,26900,Indianapolis-Carmel-Greenwood MSA,2023,621493,Freestanding Ambulatory Surgical and Emergency Centers,2,2,3.84516615084,13.6351503394,38.9942708442,208.894872902,229.892662462,201.60560961,148.129077484,47.1010875371
2,1,    621 - Ambulatory Care,,,00,000,26900,Indianapolis-Carmel-Greenwood MSA,2023,621498,All Other Outpatient Care Centers,2,2,3.60020083779,14.5546233873,44.1677740591,219.495645637,234.025279571,200.861290765,146.639265133,46.8391604542
2,1,    621 - Ambulatory Care,,,00,000,26900,Indianapolis-Carmel-Greenwood MSA,2023,621511,Medical Laboratories,2,2,3.91107649483,33.3050111234,149.575445608,868.326934206,863.751238003,747.456823436,579.140417006,176.709762251
2,1,    621 - Ambulatory Care,,,00,000,26900,Indianapolis-Carmel-Greenwood MSA,2023,621512,Diagnostic Imaging Centers,2,2,0.0,2.64457403743,12.2928111116,72.0721186311,78.3241735784,66.0068386513,49.2387352616,14.511941372
2,1,    621 - Ambulatory Care,,,00,000,26900,Indianapolis-Carmel-Greenwood MSA,2023,621610,Home Health Care Services,2,2,66.5599588496,377.167712217,544.891985636,2480.09080576,3072.08547309,2855.81691334,2245.21123443,1248.50464829
2,1,    621 - Ambulatory Care,,,00,000,26900,Indianapolis-Carmel-Greenwood MSA,2023,621910,Ambulance Services,2,2,3.02370258403,14.3771541722,24.7924075857,99.6474396843,87.6324667967,75.2131781518,44.1005447003,15.7814536224
2,1,    621 - Ambulatory Care,,,00,000,26900,Indianapolis-Carmel-Greenwood MSA,2023,621991,Blood and Organ Banks,2,2,9.24800142901,48.1210006282,79.9597420368,333.032393981,291.182560201,255.382199177,151.572851863,50.4072225754
2,1,    621 - Ambulatory Care,,,00,000,26900,Indianapolis-Carmel-Greenwood MSA,2023,621999,All Other Miscellaneous Ambulatory Health Care Services,2,2,3.77844893886,17.1969881552,29.1851017985,126.281868602,116.770504766,104.298803497,58.7743429782,18.5495872571
2,1,    621 - Ambulatory Care,,,00,000,26900,Indianapolis-Carmel-Greenwood MSA,2024,621111,Offices of Physicians (except Mental Health Specialists),2,2,45.1590534361,378.841596602,945.592119938,5738.31068586,6835.87002582,5682.26143442,4197.1147939,1536.87898775
2,1,    621 - Ambulatory Care,,,00,000,26900,Indianapolis-Carmel-Greenwood MSA,2024,621112,"Offices of Physicians, Mental Health Specialists",2,2,0.707675538404,8.77171178384,18.6139869095,113.181167636,142.765874987,125.195536127,95.0692015661,32.1671508662
2,1,    621 - Ambulatory Care,,,00,000,26900,Indianapolis-Carmel-Greenwood MSA,2024,621210,Offices of Dentists,2,2,77.1123832142,291.865592853,486.505894952,1890.08201627,1821.81657753,1473.81890927,1023.9666117,396.942450256
2,1,    621 - Ambulatory Care,,,00,000,26900,Indianapolis-Carmel-Greenwood MSA,2024,621310,Offices of Chiropractors,2,2,6.29017518181,39.4129400819,77.4630280766,255.168065441,176.608354851,138.66339235,86.7752252624,34.6943188087
2,1,    621 - Ambulatory Care,,,00,000,26900,Indianapolis-Carmel-Greenwood MSA,2024,621320,Offices of Optometrists,2,2,8.87886930051,47.6516028957,84.2295590128,291.504794406,208.872600038,166.638207836,110.610888634,47.3746600497
2,1,    621 - Ambulatory Care,,,00,000,26900,Indianapolis-Carmel-Greenwood MSA,2024,621330,Offices of Mental Health Practitioners (except Physicians),2,2,27.4202206399,141.490174488,292.40391288,962.601132695,650.91367052,509.470377043,323.858532764,129.324502303
2,1,    621 - Ambulatory Care,,,00,000,26900,Indianapolis-Carmel-Greenwood MSA,2024,621340,"Offices of Physical, Occupational and Speech Therapists, and Audiologists",2,2,60.3542695878,301.243100614,567.243419808,1843.87226228,1253.30442092,1005.08514975,628.726116849,234.236329626
2,1,    621 - Ambulatory Care,,,00,000,26900,Indianapolis-Carmel-Greenwood MSA,2024,621391,Offices of Podiatrists,2,2,0.643619188838,10.1728345577,21.4558023276,81.8120695514,56.9394456083,45.3108011796,28.5064768226,9.83464358232
2,1,    621 - Ambulatory Care,,,00,000,26900,Indianapolis-Carmel-Greenwood MSA,2024,621399,Offices of All Other Miscellaneous Health Practitioners,2,2,4.21873363708,22.8251484328,48.3411171204,160.7592328,105.732876274,83.0934591077,50.9281335169,17.2980120567
2,1,    621 - Ambulatory Care,,,00,000,26900,Indianapolis-Carmel-Greenwood MSA,2024,621410,Family Planning Centers,2,2,1.24243822907,3.29690675303,9.46474362633,55.2173653247,62.2498426503,53.1341618429,39.1889043096,12.541575578
2,1,    621 - Ambulatory Care,,,00,000,26900,Indianapolis-Carmel-Greenwood MSA,2024,621420,Outpatient Mental Health and Substance Abuse Centers,2,2,9.24640122453,41.8677472598,109.40561198,511.169628941,547.669438652,471.114900641,333.663986512,113.198888796
2,1,    621 - Ambulatory Care,,,00,000,26900,Indianapolis-Carmel-Greenwood MSA,2024,621491,HMO Medical Centers,2,2,5.95162420624,13.0603687294,35.2320146486,192.587779071,218.928197277,182.371675217,131.129596304,43.1716416843
2,1,    621 - Ambulatory Care,,,00,000,26900,Indianapolis-Carmel-Greenwood MSA,2024,621492,Kidney Dialysis Centers,2,2,3.75523383098,11.7349181705,30.8266238596,155.690606945,170.097102053,141.995673997,99.6250486084,33.4385308488
2,1,    621 - Ambulatory Care,,,00,000,26900,Indianapolis-Carmel-Greenwood MSA,2024,621493,Freestanding Ambulatory Surgical and Emergency Centers,2,2,3.96986238929,15.0768937394,40.4788580731,215.045863824,236.344972468,209.611796767,155.989919171,51.4277085402
2,1,    621 - Ambulatory Care,,,00,000,26900,Indianapolis-Carmel-Greenwood MSA,2024,621498,All Other Outpatient Care Centers,2,2,3.60210316782,18.3157299661,51.1366059438,233.353809826,234.193975289,199.138733543,141.121826616,45.8754733447
2,1,    621 - Ambulatory Care,,,00,000,26900,Indianapolis-Carmel-Greenwood MSA,2024,621511,Medical Laboratories,2,2,3.4840242134,25.6121144693,136.949558979,850.887069664,832.570835504,754.098729308,556.081235487,175.72595893
2,1,    621 - Ambulatory Care,,,00,000,26900,Indianapolis-Carmel-Greenwood MSA,2024,621512,Diagnostic Imaging Centers,2,2,0.0,2.68109960724,13.4654505772,73.6237223022,79.0151814341,68.4470316436,48.6234434331,15.5205020373
2,1,    621 - Ambulatory Care,,,00,000,26900,Indianapolis-Carmel-Greenwood MSA,2024,621610,Home Health Care Services,2,2,88.4432628277,471.758848827,689.177819039,2878.96549992,3645.74054875,3417.42013285,2618.2101508,1467.48601851
2,1,    621 - Ambulatory Care,,,00,000,26900,Indianapolis-Carmel-Greenwood MSA,2024,621910,Ambulance Services,2,2,1.08249397922,16.1656754208,24.2912535092,101.18185588,88.8787449845,78.5181325204,46.6638698005,14.6689100167
2,1,    621 - Ambulatory Care,,,00,000,26900,Indianapolis-Carmel-Greenwood MSA,2024,621991,Blood and Organ Banks,2,2,3.28277776978,55.1665653225,80.9260561112,340.181744824,304.536964877,265.624273489,168.574632764,50.0354317152
2,1,    621 - Ambulatory Care,,,00,000,26900,Indianapolis-Carmel-Greenwood MSA,2024,621999,All Other Miscellaneous Ambulatory Health Care Services,2,2,1.24384635465,22.7840047372,33.7037562494,146.389033212,141.363280632,123.362445477,79.4618310439,24.1397044698
2,1,    621 - Ambulatory Care,,,00,000,29020,Kokomo MSA,2020,621111,Offices of Physicians (except Mental Health Specialists),2,2,0.0,3.1175965426,11.9276650618,65.6754450245,81.6172695465,75.4872389658,57.7843443907,17.4772432829
2,1,    621 - Ambulatory Care,,,00,000,29020,Kokomo MSA,2020,621112,"Offices of Physicians, Mental Health Specialists",2,2,0.0,0.0,0.0,1.29177149518,1.49115792048,1.38872420463,0.948966963809,0.0
2,1,    621 - Ambulatory Care,,,00,000,29020,Kokomo MSA,2020,621210,Offices of Dentists,2,2,4.01214835929,6.26645180776,28.7881923265,89.5206219211,98.2216058713,80.9141284312,47.1358321307,15.5091099563
2,1,    621 - Ambulatory Care,,,00,000,29020,Kokomo MSA,2020,621310,Offices of Chiropractors,2,2,0.0,1.3607812222,2.74867888483,7.77913270061,5.66220222109,4.52256309913,2.88643109562,0.712724616589
2,1,    621 - Ambulatory Care,,,00,000,29020,Kokomo MSA,2020,621320,Offices of Optometrists,2,2,0.0,4.8166879797,9.23450318149,23.9476836907,17.1562777437,13.9224917144,9.11961864462,3.45328386455
2,1,    621 - Ambulatory Care,,,00,000,29020,Kokomo MSA,2020,621330,Offices of Mental Health Practitioners (except Physicians),2,2,0.0,2.50290400792,5.05568366545,14.4699853526,10.2505370867,8.31841380687,5.30905324086,2.06326890094
2,1,    621 - Ambulatory Care,,,00,000,29020,Kokomo MSA,2020,621340,"Offices of Physical, Occupational and Speech Therapists, and Audiologists",2,2,0.648724816042,6.91796343816,13.263046236,34.8075778509,24.640687266,19.9961652185,12.7621332892,4.95977560041
2,1,    621 - Ambulatory Care,,,00,000,29020,Kokomo MSA,2020,621391,Offices of Podiatrists,2,2,0.0,0.0,0.0,1.14523850628,0.0,0.0,0.0,0.0
2,1,    621 - Ambulatory Care,,,00,000,29020,Kokomo MSA,2020,621399,Offices of All Other Miscellaneous Health Practitioners,2,2,0.0,0.55487812338,1.12081336552,3.17205329117,1.8864308709,1.44298346527,0.869473642369,0.0
2,1,    621 - Ambulatory Care,,,00,000,29020,Kokomo MSA,2020,621410,Family Planning Centers,2,2,0.0,0.0,0.0,0.0,0.0,0.0,0.0,0.0
2,1,    621 - Ambulatory Care,,,00,000,29020,Kokomo MSA,2020,621420,Outpatient Mental Health and Substance Abuse Centers,2,2,0.0,0.676124564527,1.63232033681,7.18099081249,6.12585000829,6.07879253585,3.17757605217,0.0
2,1,    621 - Ambulatory Care,,,00,000,29020,Kokomo MSA,2020,621491,HMO Medical Centers,2,2,0.0,0.0,0.0,0.0,0.0,0.0,0.0,0.0
2,1,    621 - Ambulatory Care,,,00,000,29020,Kokomo MSA,2020,621492,Kidney Dialysis Centers,2,2,0.0,0.0,0.0,1.3686159751,1.14602086699,1.08381528194,0.0,0.0
2,1,    621 - Ambulatory Care,,,00,000,29020,Kokomo MSA,2020,621493,Freestanding Ambulatory Surgical and Emergency Centers,2,2,0.0,1.29146941147,3.1179044444,13.9003223802,11.7010212615,11.6111365133,6.06950625564,0.953415702582
2,1,    621 - Ambulatory Care,,,00,000,29020,Kokomo MSA,2020,621498,All Other Outpatient Care Centers,2,2,0.0,1.34320759007,3.24281231723,14.4658152932,12.1697815144,12.0762958499,6.31265967136,0.991610948607
2,1,    621 - Ambulatory Care,,,00,000,29020,Kokomo MSA,2020,621511,Medical Laboratories,2,2,0.0,0.993578897931,2.01831023632,6.76488503555,7.6970232982,8.38524829912,11.3095775123,3.47890335421
2,1,    621 - Ambulatory Care,,,00,000,29020,Kokomo MSA,2020,621512,Diagnostic Imaging Centers,2,2,0.0,0.657357175536,1.33532497426,4.4756845471,5.09239226585,5.55994713355,7.48247768294,2.30166128492
2,1,    621 - Ambulatory Care,,,00,000,29020,Kokomo MSA,2020,621610,Home Health Care Services,2,2,2.62741200012,9.48963798431,14.8282437268,62.3013959744,104.509467836,100.105221466,76.1523074874,25.9392804399
2,1,    621 - Ambulatory Care,,,00,000,29020,Kokomo MSA,2020,621910,Ambulance Services,2,2,0.0,4.70775969922,5.64405772166,12.1964396579,8.80660400084,4.01253709527,3.41916935126,0.0
2,1,    621 - Ambulatory Care,,,00,000,29020,Kokomo MSA,2020,621991,Blood and Organ Banks,2,2,0.0,0.903639997004,0.977667348905,3.17390442505,2.29176056226,0.508403574428,0.0,0.0
2,1,    621 - Ambulatory Care,,,00,000,29020,Kokomo MSA,2020,621999,All Other Miscellaneous Ambulatory Health Care Services,2,2,0.0,0.0,0.0,0.579747194828,0.508325415573,0.0,0.0,0.0
2,1,    621 - Ambulatory Care,,,00,000,29020,Kokomo MSA,2021,621111,Offices of Physicians (except Mental Health Specialists),2,2,0.0,4.20892209887,11.6271925652,66.1492214929,82.1124225529,79.3926095953,59.8348529485,17.8345837227
2,1,    621 - Ambulatory Care,,,00,000,29020,Kokomo MSA,2021,621112,"Offices of Physicians, Mental Health Specialists",2,2,0.0,0.0,0.0,1.20175789525,1.38314479677,1.34444194397,0.901170741043,0.0
2,1,    621 - Ambulatory Care,,,00,000,29020,Kokomo MSA,2021,621210,Offices of Dentists,2,2,5.07582636337,9.45361848739,26.341510672,96.6726479249,102.4351904,93.3160061731,50.8834584926,15.5613788564
2,1,    621 - Ambulatory Care,,,00,000,29020,Kokomo MSA,2021,621310,Offices of Chiropractors,2,2,0.0,1.80678158056,3.16163191396,9.3790661343,6.14150902588,5.53309338793,3.14900055614,0.945662852009
2,1,    621 - Ambulatory Care,,,00,000,29020,Kokomo MSA,2021,621320,Offices of Optometrists,2,2,0.721202203556,5.80062985039,9.63893632998,26.0008662931,16.5287945362,15.1799091564,8.63920758684,3.84341041981
2,1,    621 - Ambulatory Care,,,00,000,29020,Kokomo MSA,2021,621330,Offices of Mental Health Practitioners (except Physicians),2,2,0.0,3.65052745773,6.06610017247,16.3875099373,10.4021149175,9.55321691101,5.43693793988,2.41878479246
2,1,    621 - Ambulatory Care,,,00,000,29020,Kokomo MSA,2021,621340,"Offices of Physical, Occupational and Speech Therapists, and Audiologists",2,2,1.13172194769,9.10244045255,15.1255719176,40.8842811318,25.9372467989,23.8205544458,13.5567817021,6.0311406491
2,1,    621 - Ambulatory Care,,,00,000,29020,Kokomo MSA,2021,621391,Offices of Podiatrists,2,2,0.0,0.0,0.571779780236,1.41158846413,0.880028760019,0.780085196912,0.0,0.0
2,1,    621 - Ambulatory Care,,,00,000,29020,Kokomo MSA,2021,621399,Offices of All Other Miscellaneous Health Practitioners,2,2,0.0,0.0,0.730674999509,1.80386301858,1.12458508681,0.996867623818,0.56265909115,0.0
2,1,    621 - Ambulatory Care,,,00,000,29020,Kokomo MSA,2021,621410,Family Planning Centers,2,2,0.0,0.0,0.0,0.0,0.0,0.0,0.0,0.0
2,1,    621 - Ambulatory Care,,,00,000,29020,Kokomo MSA,2021,621420,Outpatient Mental Health and Substance Abuse Centers,2,2,0.0,0.78484942734,2.68810678097,7.60733273955,7.42041127331,6.92302399961,2.8427253676,0.537246828519
2,1,    621 - Ambulatory Care,,,00,000,29020,Kokomo MSA,2021,621491,HMO Medical Centers,2,2,0.0,0.0,0.0,0.0,0.0,0.0,0.0,0.0
2,1,    621 - Ambulatory Care,,,00,000,29020,Kokomo MSA,2021,621492,Kidney Dialysis Centers,2,2,0.0,0.0,0.0,0.0,0.343844813943,0.0,0.0,0.0
2,1,    621 - Ambulatory Care,,,00,000,29020,Kokomo MSA,2021,621493,Freestanding Ambulatory Surgical and Emergency Centers,2,2,0.0,1.23155570426,4.21807435213,11.9484488132,11.6438255712,10.8633444842,4.46069592478,0.843027175924
2,1,    621 - Ambulatory Care,,,00,000,29020,Kokomo MSA,2021,621498,All Other Outpatient Care Centers,2,2,0.0,1.60284471437,6.06780944924,15.5488789233,15.1542022884,14.1384220191,5.80550507032,1.09718273264
2,1,    621 - Ambulatory Care,,,00,000,29020,Kokomo MSA,2021,621511,Medical Laboratories,2,2,0.0,1.07567288922,1.46258935252,6.16242896536,7.88138640973,9.31285990329,10.4544404166,3.03653148965
2,1,    621 - Ambulatory Care,,,00,000,29020,Kokomo MSA,2021,621512,Diagnostic Imaging Centers,2,2,0.0,0.867949002918,1.18014777813,4.97239832821,6.38358683909,7.51444751319,8.43557667635,2.45014493272
2,1,    621 - Ambulatory Care,,,00,000,29020,Kokomo MSA,2021,621610,Home Health Care Services,2,2,2.93068154331,13.1413371385,13.4158872781,47.1237293666,63.6192431819,60.2083864101,52.4173683028,16.4505890153
2,1,    621 - Ambulatory Care,,,00,000,29020,Kokomo MSA,2021,621910,Ambulance Services,2,2,0.0,3.5473825433,5.41097766434,12.9198887491,9.1048734741,4.61012154345,2.95857041234,0.0
2,1,    621 - Ambulatory Care,,,00,000,29020,Kokomo MSA,2021,621991,Blood and Organ Banks,2,2,0.0,0.556159167461,0.904782986413,2.69285633268,1.92488621643,0.509517958853,0.0,0.0
2,1,    621 - Ambulatory Care,,,00,000,29020,Kokomo MSA,2021,621999,All Other Miscellaneous Ambulatory Health Care Services,2,2,0.0,0.607019905516,0.987525361546,2.93911795807,2.10091699928,0.556113359874,0.0,0.0
2,1,    621 - Ambulatory Care,,,00,000,29020,Kokomo MSA,2022,621111,Offices of Physicians (except Mental Health Specialists),2,2,1.73150334438,3.82923108671,10.3301065209,62.1167059888,78.0064411761,81.8762116222,50.6757537271,17.8388151513
2,1,    621 - Ambulatory Care,,,00,000,29020,Kokomo MSA,2022,621112,"Offices of Physicians, Mental Health Specialists",2,2,0.0,0.0,0.0,0.748384393361,0.864497440092,0.905559803469,0.549794756724,0.0
2,1,    621 - Ambulatory Care,,,00,000,29020,Kokomo MSA,2022,621210,Offices of Dentists,2,2,6.06082734929,11.65351214,26.0442090121,102.218337756,106.891091375,103.801462446,55.6355532451,21.9266965291
2,1,    621 - Ambulatory Care,,,00,000,29020,Kokomo MSA,2022,621310,Offices of Chiropractors,2,2,0.0,2.69393808982,2.99041189806,9.87172411713,5.53638489349,5.26768654886,2.77707061557,0.776245213053
2,1,    621 - Ambulatory Care,,,00,000,29020,Kokomo MSA,2022,621320,Offices of Optometrists,2,2,1.0972670872,8.38658472558,10.7004505878,30.9841596577,17.2354966724,16.129639851,8.64538724718,3.57319412643
2,1,    621 - Ambulatory Care,,,00,000,29020,Kokomo MSA,2022,621330,Offices of Mental Health Practitioners (except Physicians),2,2,0.989245974988,7.56096239508,9.64703835377,27.9585781376,15.5387379326,14.5417478449,7.79428694823,3.22142890155
2,1,    621 - Ambulatory Care,,,00,000,29020,Kokomo MSA,2022,621340,"Offices of Physical, Occupational and Speech Therapists, and Audiologists",2,2,1.79277144126,13.7024337658,17.4829469017,50.6699920361,28.1602415408,26.3534357496,14.1252786456,5.83806846909
2,1,    621 - Ambulatory Care,,,00,000,29020,Kokomo MSA,2022,621391,Offices of Podiatrists,2,2,0.0,0.675716349723,0.947552917897,3.12799082894,1.4439386572,1.21626671136,0.702536640206,0.0
2,1,    621 - Ambulatory Care,,,00,000,29020,Kokomo MSA,2022,621399,Offices of All Other Miscellaneous Health Practitioners,2,2,0.0,0.747478905994,1.04818511308,3.46019030579,1.59728810506,1.34543689993,0.777147570067,0.0
2,1,    621 - Ambulatory Care,,,00,000,29020,Kokomo MSA,2022,621410,Family Planning Centers,2,2,0.0,0.0,0.0,0.0,0.0,0.0,0.0,0.0
2,1,    621 - Ambulatory Care,,,00,000,29020,Kokomo MSA,2022,621420,Outpatient Mental Health and Substance Abuse Centers,2,2,0.0,2.06268852463,7.87811885397,34.5959825326,26.4800754707,24.4946131237,8.61128664172,2.30857827111
2,1,    621 - Ambulatory Care,,,00,000,29020,Kokomo MSA,2022,621491,HMO Medical Centers,2,2,0.0,0.0,0.0,0.0,0.0,0.0,0.0,0.0
2,1,    621 - Ambulatory Care,,,00,000,29020,Kokomo MSA,2022,621492,Kidney Dialysis Centers,2,2,0.0,0.0,0.0,0.981167776718,0.758561422434,0.688133264269,0.0,0.0
2,1,    621 - Ambulatory Care,,,00,000,29020,Kokomo MSA,2022,621493,Freestanding Ambulatory Surgical and Emergency Centers,2,2,0.0,0.54657118652,1.82883723584,9.23488342545,7.01669015772,6.49058236305,2.28181865611,0.0
2,1,    621 - Ambulatory Care,,,00,000,29020,Kokomo MSA,2022,621498,All Other Outpatient Care Centers,2,2,0.0,0.0,1.49257750336,7.42342758192,5.72656421919,5.29718939934,1.37680113915,0.0
2,1,    621 - Ambulatory Care,,,00,000,29020,Kokomo MSA,2022,621511,Medical Laboratories,2,2,0.0,3.3825683046,1.57409259349,9.7549744716,9.41904718013,9.97633445864,11.1620574594,2.60460790015
2,1,    621 - Ambulatory Care,,,00,000,29020,Kokomo MSA,2022,621512,Diagnostic Imaging Centers,2,2,0.0,1.98990920861,0.926012740887,5.73869077658,5.5593397746,5.86891321023,6.06334344695,1.10997861368
2,1,    621 - Ambulatory Care,,,00,000,29020,Kokomo MSA,2022,621610,Home Health Care Services,2,2,1.06164160757,11.0490034529,10.9335628333,52.0685430334,74.6248856845,78.425106477,57.4051445584,20.8151756266
2,1,    621 - Ambulatory Care,,,00,000,29020,Kokomo MSA,2022,621910,Ambulance Services,2,2,0.0,3.21814602927,4.68800071529,12.9489974267,8.21048647467,5.12785931239,2.1912537571,0.893701033487
2,1,    621 - Ambulatory Care,,,00,000,29020,Kokomo MSA,2022,621991,Blood and Organ Banks,2,2,0.0,0.760939857427,0.996517973371,3.72353444003,2.38592146712,1.49012724782,0.0,0.0
2,1,    621 - Ambulatory Care,,,00,000,29020,Kokomo MSA,2022,621999,All Other Miscellaneous Ambulatory Health Care Services,2,2,0.0,0.0,0.0,2.12803617472,0.871963825278,0.0,0.0,0.0
2,1,    621 - Ambulatory Care,,,00,000,29020,Kokomo MSA,2023,621111,Offices of Physicians (except Mental Health Specialists),2,2,0.0,5.74290339025,9.61929140408,56.256260392,70.1931498827,78.7394927429,46.1723843037,21.1178862987
2,1,    621 - Ambulatory Care,,,00,000,29020,Kokomo MSA,2023,621112,"Offices of Physicians, Mental Health Specialists",2,2,0.0,0.0,0.0,1.38882901011,1.65800480112,1.83577013485,1.08569001162,0.0
2,1,    621 - Ambulatory Care,,,00,000,29020,Kokomo MSA,2023,621210,Offices of Dentists,2,2,6.5520543588,10.193854471,26.8959408108,95.2775867342,100.551531677,92.366767494,55.9378110654,19.1963033482
2,1,    621 - Ambulatory Care,,,00,000,29020,Kokomo MSA,2023,621310,Offices of Chiropractors,2,2,0.54771799571,2.11975394429,2.55978931681,9.61244027651,5.93794143843,5.47031047268,2.89431913154,0.80507718767
2,1,    621 - Ambulatory Care,,,00,000,29020,Kokomo MSA,2023,621320,Offices of Optometrists,2,2,1.76102129948,8.35149131011,9.82608145739,31.2169008808,18.4571335799,17.5881262486,9.30580641507,3.88778313151
2,1,    621 - Ambulatory Care,,,00,000,29020,Kokomo MSA,2023,621330,Offices of Mental Health Practitioners (except Physicians),2,2,1.47802620306,7.00941152422,8.24703589429,26.2549613349,15.4910829713,14.7617246116,7.81036874804,3.26301864826
2,1,    621 - Ambulatory Care,,,00,000,29020,Kokomo MSA,2023,621340,"Offices of Physical, Occupational and Speech Therapists, and Audiologists",2,2,3.57776184074,16.9672263086,19.9630630775,63.259652392,37.4982563988,35.7327460837,18.9060513345,7.89857688667
2,1,    621 - Ambulatory Care,,,00,000,29020,Kokomo MSA,2023,621391,Offices of Podiatrists,2,2,0.0,0.775784780127,0.936828351075,3.51794833852,1.72329575521,1.5067833583,0.84662266592,0.0
2,1,    621 - Ambulatory Care,,,00,000,29020,Kokomo MSA,2023,621399,Offices of All Other Miscellaneous Health Practitioners,2,2,0.0,0.839638032039,1.01393676855,3.80750344095,1.86513668944,2.16679899679,0.916306438721,0.0
2,1,    621 - Ambulatory Care,,,00,000,29020,Kokomo MSA,2023,621410,Family Planning Centers,2,2,0.0,0.0,0.0,0.0,0.0,0.0,0.0,0.0
2,1,    621 - Ambulatory Care,,,00,000,29020,Kokomo MSA,2023,621420,Outpatient Mental Health and Substance Abuse Centers,2,2,0.0,2.57225454273,9.31615721447,51.556878488,41.8659238459,30.5767302678,10.9919141829,3.79081733628
2,1,    621 - Ambulatory Care,,,00,000,29020,Kokomo MSA,2023,621491,HMO Medical Centers,2,2,0.0,0.0,0.0,0.0,0.0,0.0,0.0,0.0
2,1,    621 - Ambulatory Care,,,00,000,29020,Kokomo MSA,2023,621492,Kidney Dialysis Centers,2,2,0.0,0.0,0.0,0.738239663553,0.564961187631,0.0,0.0,0.0
2,1,    621 - Ambulatory Care,,,00,000,29020,Kokomo MSA,2023,621493,Freestanding Ambulatory Surgical and Emergency Centers,2,2,0.0,0.0,0.0,2.77954991242,2.45444272481,1.50582419073,0.0,0.0
2,1,    621 - Ambulatory Care,,,00,000,29020,Kokomo MSA,2023,621498,All Other Outpatient Care Centers,2,2,0.0,0.0,0.869424266802,5.80338487991,4.74358201331,3.46446977399,0.983205803635,0.0
2,1,    621 - Ambulatory Care,,,00,000,29020,Kokomo MSA,2023,621511,Medical Laboratories,2,2,0.0,2.49352506448,2.55395816651,10.5671766184,14.0788192069,11.2637089447,10.4188543747,1.83556159488
2,1,    621 - Ambulatory Care,,,00,000,29020,Kokomo MSA,2023,621512,Diagnostic Imaging Centers,2,2,0.0,1.09481721954,1.12135122222,4.63966738839,6.18150341382,5.04906750465,4.574544423,0.805929112259
2,1,    621 - Ambulatory Care,,,00,000,29020,Kokomo MSA,2023,621610,Home Health Care Services,2,2,0.0,4.71230546339,5.66564190681,50.3278225559,75.0250894128,80.780582082,52.4090837992,23.5538260672
2,1,    621 - Ambulatory Care,,,00,000,29020,Kokomo MSA,2023,621910,Ambulance Services,2,2,0.0,4.34032082299,3.89488796208,9.65993342865,7.14891236689,5.51461870867,2.02500268685,0.827673333694
2,1,    621 - Ambulatory Care,,,00,000,29020,Kokomo MSA,2023,621991,Blood and Organ Banks,2,2,0.0,2.18598755923,2.30158998013,5.70830437346,4.22447711786,3.12244902213,1.19662643423,0.0
2,1,    621 - Ambulatory Care,,,00,000,29020,Kokomo MSA,2023,621999,All Other Miscellaneous Ambulatory Health Care Services,2,2,0.0,0.650317087846,0.0,1.69818344163,0.814671889912,0.0,0.0,0.0
2,1,    621 - Ambulatory Care,,,00,000,29020,Kokomo MSA,2024,621111,Offices of Physicians (except Mental Health Specialists),2,2,2.2118813041,4.25428532439,10.6509241918,62.8366566637,69.8589804821,86.1851000704,49.7887535786,22.4725580321
2,1,    621 - Ambulatory Care,,,00,000,29020,Kokomo MSA,2024,621112,"Offices of Physicians, Mental Health Specialists",2,2,0.0,0.0,0.0,0.0,0.0,0.0,0.0,0.0
2,1,    621 - Ambulatory Care,,,00,000,29020,Kokomo MSA,2024,621210,Offices of Dentists,2,2,7.89353852105,9.23989051394,27.6886954914,93.4782159102,91.5578330029,87.0440765706,57.336202393,18.9768574122
2,1,    621 - Ambulatory Care,,,00,000,29020,Kokomo MSA,2024,621310,Offices of Chiropractors,2,2,0.767263220359,2.55795851923,3.43997565923,10.3906785826,7.44774905771,6.14214051537,3.37747618765,0.997607517269
2,1,    621 - Ambulatory Care,,,00,000,29020,Kokomo MSA,2024,621320,Offices of Optometrists,2,2,2.23472612369,8.42674763831,10.0192518898,30.621270007,20.85485086,17.8895605848,9.83721631434,4.14048689821
2,1,    621 - Ambulatory Care,,,00,000,29020,Kokomo MSA,2024,621330,Offices of Mental Health Practitioners (except Physicians),2,2,2.22574410551,8.39287807385,9.97898158477,30.5090244643,20.7710291121,17.8176572062,9.79767766356,4.12384506984
2,1,    621 - Ambulatory Care,,,00,000,29020,Kokomo MSA,2024,621340,"Offices of Physical, Occupational and Speech Therapists, and Audiologists",2,2,5.01016974195,18.8924430573,22.462776142,68.3297574543,46.7557709392,40.1077045587,22.0546594057,9.28281186422
2,1,    621 - Ambulatory Care,,,00,000,29020,Kokomo MSA,2024,621391,Offices of Podiatrists,2,2,0.0,0.798920555396,0.873678099478,3.24529371441,1.84452139648,1.44924657825,0.84678503723,0.0
2,1,    621 - Ambulatory Care,,,00,000,29020,Kokomo MSA,2024,621399,Offices of All Other Miscellaneous Health Practitioners,2,2,0.0,1.22354960539,1.3380410438,4.97017859513,3.42495797207,2.9379732108,1.29685422556,0.0
2,1,    621 - Ambulatory Care,,,00,000,29020,Kokomo MSA,2024,621410,Family Planning Centers,2,2,0.0,0.0,0.0,0.0,0.0,0.0,0.0,0.0
2,1,    621 - Ambulatory Care,,,00,000,29020,Kokomo MSA,2024,621420,Outpatient Mental Health and Substance Abuse Centers,2,2,0.0,2.40585829569,8.09850291264,45.7707260641,39.0207259977,32.6424626329,11.618431485,3.83699260773
2,1,    621 - Ambulatory Care,,,00,000,29020,Kokomo MSA,2024,621491,HMO Medical Centers,2,2,0.0,0.0,0.0,0.0,0.0,0.0,0.0,0.0
2,1,    621 - Ambulatory Care,,,00,000,29020,Kokomo MSA,2024,621492,Kidney Dialysis Centers,2,2,0.0,0.0,0.556919156388,3.48882166817,3.00011627389,2.14351252144,0.665777146307,0.0
2,1,    621 - Ambulatory Care,,,00,000,29020,Kokomo MSA,2024,621493,Freestanding Ambulatory Surgical and Emergency Centers,2,2,0.0,0.0,0.0,0.323763542834,0.0,0.0,0.0,0.0
2,1,    621 - Ambulatory Care,,,00,000,29020,Kokomo MSA,2024,621498,All Other Outpatient Care Centers,2,2,0.0,0.789481841682,2.37695804847,14.8904605789,12.8046421851,10.7116165414,3.81258559684,1.25910823422
2,1,    621 - Ambulatory Care,,,00,000,29020,Kokomo MSA,2024,621511,Medical Laboratories,2,2,0.0,1.01188111455,3.86082545616,11.6243447113,14.9450216613,14.3823842043,10.2472092537,2.58713883963
2,1,    621 - Ambulatory Care,,,00,000,29020,Kokomo MSA,2024,621512,Diagnostic Imaging Centers,2,2,0.0,0.0,1.42984073208,4.30502796377,5.53482693166,5.50614747945,3.79501154545,0.958136164003
2,1,    621 - Ambulatory Care,,,00,000,29020,Kokomo MSA,2024,621610,Home Health Care Services,2,2,0.0,4.52302194455,4.40531416008,40.0400265637,66.0963045815,78.5119624585,47.7687619318,22.6518984258
2,1,    621 - Ambulatory Care,,,00,000,29020,Kokomo MSA,2024,621910,Ambulance Services,2,2,0.0,5.26718524059,4.01204465549,8.40828580486,6.88819974677,5.39143978671,2.24073587071,0.852166888908
2,1,    621 - Ambulatory Care,,,00,000,29020,Kokomo MSA,2024,621991,Blood and Organ Banks,2,2,0.0,2.20282913182,1.45367369746,3.51649240981,2.88076579328,2.12617465959,0.522743374586,0.0
2,1,    621 - Ambulatory Care,,,00,000,29020,Kokomo MSA,2024,621999,All Other Miscellaneous Ambulatory Health Care Services,2,2,0.0,0.709008130191,0.787506588601,1.9050086318,1.56061298102,1.1518242064,0.0,0.0
2,1,    621 - Ambulatory Care,,,00,000,29200,Lafayette-West Lafayette MSA,2020,621111,Offices of Physicians (except Mental Health Specialists),2,2,2.65826880721,23.3750544215,48.9118809003,268.85857821,272.834391642,262.208064437,205.48103604,44.8247738379
2,1,    621 - Ambulatory Care,,,00,000,29200,Lafayette-West Lafayette MSA,2020,621112,"Offices of Physicians, Mental Health Specialists",2,2,0.0,0.0,0.0,0.215631116643,0.0,0.0,0.0,0.0
2,1,    621 - Ambulatory Care,,,00,000,29200,Lafayette-West Lafayette MSA,2020,621210,Offices of Dentists,2,2,2.84628070823,13.2610672801,17.7621690458,121.587966292,136.374534644,115.555532022,70.2938937072,21.3059936801
2,1,    621 - Ambulatory Care,,,00,000,29200,Lafayette-West Lafayette MSA,2020,621310,Offices of Chiropractors,2,2,2.00318753711,5.33722845573,6.44966665742,21.3576706591,16.4530899804,14.2507911237,11.318621173,2.6445884195
2,1,    621 - Ambulatory Care,,,00,000,29200,Lafayette-West Lafayette MSA,2020,621320,Offices of Optometrists,2,2,3.20370410988,8.89463087689,10.8646613935,35.5991639278,26.6019437894,24.0648044123,19.4473170731,5.20067318949
2,1,    621 - Ambulatory Care,,,00,000,29200,Lafayette-West Lafayette MSA,2020,621330,Offices of Mental Health Practitioners (except Physicians),2,2,0.783597889516,2.5481455473,3.0458837070499998,11.8474003786,9.36243159836,8.30632235477,5.91255832193,1.1611072098
2,1,    621 - Ambulatory Care,,,00,000,29200,Lafayette-West Lafayette MSA,2020,621340,"Offices of Physical, Occupational and Speech Therapists, and Audiologists",2,2,4.82998528112,13.8100436979,16.9930917122,56.1155868697,41.567910931,37.0705513494,30.0198497528,8.94142502736
2,1,    621 - Ambulatory Care,,,00,000,29200,Lafayette-West Lafayette MSA,2020,621391,Offices of Podiatrists,2,2,0.0,1.19491704401,1.42832435905,5.49278118728,4.39038072299,3.89513313525,2.39838976659,0.544484908397
2,1,    621 - Ambulatory Care,,,00,000,29200,Lafayette-West Lafayette MSA,2020,621399,Offices of All Other Miscellaneous Health Practitioners,2,2,1.84699722853,4.3517759368,5.07455711799,17.7149894133,13.9115380231,12.3422764755,8.78540783397,2.43838751536
2,1,    621 - Ambulatory Care,,,00,000,29200,Lafayette-West Lafayette MSA,2020,621410,Family Planning Centers,2,2,0.0,0.0,0.0,1.47773913224,1.43898907945,1.20508922104,0.99354785989,0.0
2,1,    621 - Ambulatory Care,,,00,000,29200,Lafayette-West Lafayette MSA,2020,621420,Outpatient Mental Health and Substance Abuse Centers,2,2,0.0,5.75040684127,19.9058482577,87.2263700624,89.8190902254,68.6800701063,59.7553052036,22.4106457287
2,1,    621 - Ambulatory Care,,,00,000,29200,Lafayette-West Lafayette MSA,2020,621491,HMO Medical Centers,2,2,0.0,0.0,0.0,0.0,0.0,0.0,0.0,0.0
2,1,    621 - Ambulatory Care,,,00,000,29200,Lafayette-West Lafayette MSA,2020,621492,Kidney Dialysis Centers,2,2,0.0,0.967497244231,4.04705558788,17.3193917825,18.0893587119,14.0658654976,12.0469330267,4.57270504806
2,1,    621 - Ambulatory Care,,,00,000,29200,Lafayette-West Lafayette MSA,2020,621493,Freestanding Ambulatory Surgical and Emergency Centers,2,2,0.0,1.5639308395,6.54194632676,27.8953465419,29.2409163179,22.737057875,19.4735129161,7.39164321886
2,1,    621 - Ambulatory Care,,,00,000,29200,Lafayette-West Lafayette MSA,2020,621498,All Other Outpatient Care Centers,2,2,0.0,1.35221967782,5.6563553393,24.1325495605,25.2825389997,19.6591155426,16.8373605126,6.39102776128
2,1,    621 - Ambulatory Care,,,00,000,29200,Lafayette-West Lafayette MSA,2020,621511,Medical Laboratories,2,2,0.0,0.738760423776,2.02403266665,9.70097148515,15.0745641637,8.18899492566,8.82433503366,0.82859764521
2,1,    621 - Ambulatory Care,,,00,000,29200,Lafayette-West Lafayette MSA,2020,621512,Diagnostic Imaging Centers,2,2,0.0,1.69467140639,5.51666707154,17.1913923719,16.117964403,18.8234779717,20.2424869831,1.90075251942
2,1,    621 - Ambulatory Care,,,00,000,29200,Lafayette-West Lafayette MSA,2020,621610,Home Health Care Services,2,2,0.0,7.50787040622,9.37799227427,44.1567015849,56.441671952,59.6668228555,48.0271681813,14.2989156757
2,1,    621 - Ambulatory Care,,,00,000,29200,Lafayette-West Lafayette MSA,2020,621910,Ambulance Services,2,2,0.0,5.94408320972,7.30070103559,29.26311838,22.5045999506,13.5891733808,8.15914538575,2.95368925998
2,1,    621 - Ambulatory Care,,,00,000,29200,Lafayette-West Lafayette MSA,2020,621991,Blood and Organ Banks,2,2,0.0,3.18541369716,3.91242051249,15.682004242,12.0601375187,7.26899965255,4.37245787986,1.13282771484
2,1,    621 - Ambulatory Care,,,00,000,29200,Lafayette-West Lafayette MSA,2020,621999,All Other Miscellaneous Ambulatory Health Care Services,2,2,0.0,1.27799885247,1.56967646927,6.2916736509,4.838568354,3.47213916903,2.36413897985,0.0
2,1,    621 - Ambulatory Care,,,00,000,29200,Lafayette-West Lafayette MSA,2021,621111,Offices of Physicians (except Mental Health Specialists),2,2,6.42084190425,34.9525969059,67.5728249367,298.657773108,284.048106415,263.891714338,208.1012454,49.8134514315
2,1,    621 - Ambulatory Care,,,00,000,29200,Lafayette-West Lafayette MSA,2021,621112,"Offices of Physicians, Mental Health Specialists",2,2,0.0,0.0,0.0,0.0,0.0,0.0,0.0,0.0
2,1,    621 - Ambulatory Care,,,00,000,29200,Lafayette-West Lafayette MSA,2021,621210,Offices of Dentists,2,2,2.42664880784,18.3146571544,27.9696454055,137.926106045,136.727114979,121.102789983,81.7293578404,30.6791047491
2,1,    621 - Ambulatory Care,,,00,000,29200,Lafayette-West Lafayette MSA,2021,621310,Offices of Chiropractors,2,2,1.90007686976,4.83061046121,7.11197710236,22.8747441473,16.8397150652,14.6217858478,10.1322609251,2.87390822546
2,1,    621 - Ambulatory Care,,,00,000,29200,Lafayette-West Lafayette MSA,2021,621320,Offices of Optometrists,2,2,3.47262907362,8.82854720136,13.2844169913,44.3204501229,29.5500243145,25.666836821,20.6987748112,6.15771154038
2,1,    621 - Ambulatory Care,,,00,000,29200,Lafayette-West Lafayette MSA,2021,621330,Offices of Mental Health Practitioners (except Physicians),2,2,0.804601965053,2.80119947347,3.89194783273,13.8082145102,9.58176254763,8.16192366081,5.89030384586,1.88593469591
2,1,    621 - Ambulatory Care,,,00,000,29200,Lafayette-West Lafayette MSA,2021,621340,"Offices of Physical, Occupational and Speech Therapists, and Audiologists",2,2,5.42910091896,14.748105458,20.1858591125,73.538190814,50.9950203841,43.8392815257,32.5342690074,11.8198684212
2,1,    621 - Ambulatory Care,,,00,000,29200,Lafayette-West Lafayette MSA,2021,621391,Offices of Podiatrists,2,2,0.517092543432,1.8002433791,2.50123326954,8.88268021375,6.15789941054,5.24541332035,3.78551424125,0.778736892458
2,1,    621 - Ambulatory Care,,,00,000,29200,Lafayette-West Lafayette MSA,2021,621399,Offices of All Other Miscellaneous Health Practitioners,2,2,1.43656317638,3.22733345361,4.48401249508,15.9429431306,11.0393933411,9.40356069812,6.7863694941,2.17283352831
2,1,    621 - Ambulatory Care,,,00,000,29200,Lafayette-West Lafayette MSA,2021,621410,Family Planning Centers,2,2,0.0,0.0,0.0,0.822113993935,0.712529065885,0.0,0.0,0.0
2,1,    621 - Ambulatory Care,,,00,000,29200,Lafayette-West Lafayette MSA,2021,621420,Outpatient Mental Health and Substance Abuse Centers,2,2,0.0,5.36998253652,24.3279597192,93.3057688804,89.0532841269,74.9878762523,53.9024471095,23.0802885517
2,1,    621 - Ambulatory Care,,,00,000,29200,Lafayette-West Lafayette MSA,2021,621491,HMO Medical Centers,2,2,0.0,0.0,0.0,0.0,0.0,0.0,0.0,0.0
2,1,    621 - Ambulatory Care,,,00,000,29200,Lafayette-West Lafayette MSA,2021,621492,Kidney Dialysis Centers,2,2,0.0,1.0000959078,5.19823994598,20.5408712062,19.0780589088,16.2640409588,11.5170316122,4.91536541387
2,1,    621 - Ambulatory Care,,,00,000,29200,Lafayette-West Lafayette MSA,2021,621493,Freestanding Ambulatory Surgical and Emergency Centers,2,2,0.0,1.41455856625,7.35250968193,28.9573986544,26.9844436381,23.0042321746,16.2899533911,6.95240546247
2,1,    621 - Ambulatory Care,,,00,000,29200,Lafayette-West Lafayette MSA,2021,621498,All Other Outpatient Care Centers,2,2,0.0,1.29516854408,6.73195121593,26.5070003778,24.7069321931,21.0626541765,14.915066594,6.36561615441
2,1,    621 - Ambulatory Care,,,00,000,29200,Lafayette-West Lafayette MSA,2021,621511,Medical Laboratories,2,2,0.0,1.13127137022,4.76401802983,13.7332914289,14.7922515111,13.7735206283,15.608734343,2.0731952454
2,1,    621 - Ambulatory Care,,,00,000,29200,Lafayette-West Lafayette MSA,2021,621512,Diagnostic Imaging Centers,2,2,0.0,1.65688717936,6.97749505882,17.5735662533,17.4883314303,17.2801043372,19.6735607387,3.0364514765
2,1,    621 - Ambulatory Care,,,00,000,29200,Lafayette-West Lafayette MSA,2021,621610,Home Health Care Services,2,2,1.03445841421,8.65459425905,10.028948023,58.9931324346,69.1958839753,73.868259171,59.8090307061,23.4240192897
2,1,    621 - Ambulatory Care,,,00,000,29200,Lafayette-West Lafayette MSA,2021,621910,Ambulance Services,2,2,0.0,11.1518563115,9.63409531367,34.1475551619,30.9344793637,18.318638572,8.40555630778,2.78201670824
2,1,    621 - Ambulatory Care,,,00,000,29200,Lafayette-West Lafayette MSA,2021,621991,Blood and Organ Banks,2,2,0.0,0.667800131243,0.657925647863,3.33132239701,3.05202042226,1.80733150128,0.0,0.0
2,1,    621 - Ambulatory Care,,,00,000,29200,Lafayette-West Lafayette MSA,2021,621999,All Other Miscellaneous Ambulatory Health Care Services,2,2,0.0,2.43972036433,2.10767587674,7.53081517712,7.82697377312,4.00761580158,2.7652131126,0.0
2,1,    621 - Ambulatory Care,,,00,000,29200,Lafayette-West Lafayette MSA,2022,621111,Offices of Physicians (except Mental Health Specialists),2,2,6.351613104,31.0946962025,50.6354940877,281.311381953,277.31237887,229.371055213,205.697853622,48.5472528486
2,1,    621 - Ambulatory Care,,,00,000,29200,Lafayette-West Lafayette MSA,2022,621112,"Offices of Physicians, Mental Health Specialists",2,2,0.0,0.0,0.0,0.254757024002,0.0,0.0,0.0,0.0
2,1,    621 - Ambulatory Care,,,00,000,29200,Lafayette-West Lafayette MSA,2022,621210,Offices of Dentists,2,2,4.51241259257,14.8906518124,27.3997768899,133.259944861,134.315840551,120.956843974,82.9593302727,31.6176476842
2,1,    621 - Ambulatory Care,,,00,000,29200,Lafayette-West Lafayette MSA,2022,621310,Offices of Chiropractors,2,2,1.29851788057,6.14919495888,8.19765701076,22.8264970528,15.7200488729,14.1292290166,9.74325861304,2.96634422086
2,1,    621 - Ambulatory Care,,,00,000,29200,Lafayette-West Lafayette MSA,2022,621320,Offices of Optometrists,2,2,3.70990478144,11.1627208454,15.8864420765,46.3959726706,31.3943336881,26.0667935149,17.1830612078,6.2493784227
2,1,    621 - Ambulatory Care,,,00,000,29200,Lafayette-West Lafayette MSA,2022,621330,Offices of Mental Health Practitioners (except Physicians),2,2,1.17074609827,4.55023453192,6.79870427488,19.6095995873,13.2171065245,10.8933272328,6.93022814051,2.6744613799
2,1,    621 - Ambulatory Care,,,00,000,29200,Lafayette-West Lafayette MSA,2022,621340,"Offices of Physical, Occupational and Speech Therapists, and Audiologists",2,2,6.96332910407,21.5531175448,30.7695649463,88.7599625377,59.5041228261,50.45520394,33.373479134,12.448555041
2,1,    621 - Ambulatory Care,,,00,000,29200,Lafayette-West Lafayette MSA,2022,621391,Offices of Podiatrists,2,2,0.534465133758,1.7558231438,2.82617825227,8.97154942932,6.0338297236,4.97298569278,3.16376481252,0.783857049437
2,1,    621 - Ambulatory Care,,,00,000,29200,Lafayette-West Lafayette MSA,2022,621399,Offices of All Other Miscellaneous Health Practitioners,2,2,1.02915348492,3.9999191393,5.9764539961,17.2615359937,11.6186005321,9.57586422933,6.09207107556,2.35100612633
2,1,    621 - Ambulatory Care,,,00,000,29200,Lafayette-West Lafayette MSA,2022,621410,Family Planning Centers,2,2,0.0,0.0,0.0,1.5060145434,1.49944506563,1.19445360866,0.825023560327,0.0
2,1,    621 - Ambulatory Care,,,00,000,29200,Lafayette-West Lafayette MSA,2022,621420,Outpatient Mental Health and Substance Abuse Centers,2,2,0.0,6.79334879681,24.161698571,96.6928179324,94.6714731828,75.8317684333,54.4575140592,21.0619797919
2,1,    621 - Ambulatory Care,,,00,000,29200,Lafayette-West Lafayette MSA,2022,621491,HMO Medical Centers,2,2,0.0,0.0,0.0,0.0,0.0,0.0,0.0,0.0
2,1,    621 - Ambulatory Care,,,00,000,29200,Lafayette-West Lafayette MSA,2022,621492,Kidney Dialysis Centers,2,2,0.0,1.01912087987,3.77936641087,16.6636810041,16.5310462557,13.2003235314,9.55386489168,3.66336894065
2,1,    621 - Ambulatory Care,,,00,000,29200,Lafayette-West Lafayette MSA,2022,621493,Freestanding Ambulatory Surgical and Emergency Centers,2,2,0.0,2.48343936,8.10905775219,31.9984195726,31.9041319106,25.4759956929,18.4385041966,7.07012757158
2,1,    621 - Ambulatory Care,,,00,000,29200,Lafayette-West Lafayette MSA,2022,621498,All Other Outpatient Care Centers,2,2,0.0,1.57262585986,6.4837090119,25.600771509,25.5093888719,20.3696838657,14.7427604389,5.65301805117
2,1,    621 - Ambulatory Care,,,00,000,29200,Lafayette-West Lafayette MSA,2022,621511,Medical Laboratories,2,2,0.0,2.42692242235,5.80170169779,21.7271278878,21.8762855249,18.707752849,23.1930050969,3.63463192174
2,1,    621 - Ambulatory Care,,,00,000,29200,Lafayette-West Lafayette MSA,2022,621512,Diagnostic Imaging Centers,2,2,0.0,1.28035832904,3.06077236872,11.0977005751,10.5973206016,9.12957492022,10.4186474777,1.9175030941
2,1,    621 - Ambulatory Care,,,00,000,29200,Lafayette-West Lafayette MSA,2022,621610,Home Health Care Services,2,2,2.07957817701,6.84311816888,11.320227057,64.9119003004,75.7308813197,86.289930723,62.4458685599,29.3464464088
2,1,    621 - Ambulatory Care,,,00,000,29200,Lafayette-West Lafayette MSA,2022,621910,Ambulance Services,2,2,0.0,5.67617693926,7.75969375009,20.1530312319,20.6399971142,15.3158718097,6.5735940133,3.26825995371
2,1,    621 - Ambulatory Care,,,00,000,29200,Lafayette-West Lafayette MSA,2022,621991,Blood and Organ Banks,2,2,0.0,4.30130328863,5.88015430159,15.2881360149,15.6406131124,11.6060881273,4.98134956857,2.47662774389
2,1,    621 - Ambulatory Care,,,00,000,29200,Lafayette-West Lafayette MSA,2022,621999,All Other Miscellaneous Ambulatory Health Care Services,2,2,0.0,0.544767478675,0.568543344984,2.57824775301,2.66968499797,3.06940383672,1.14923816541,0.0
2,1,    621 - Ambulatory Care,,,00,000,29200,Lafayette-West Lafayette MSA,2023,621111,Offices of Physicians (except Mental Health Specialists),2,2,4.90541753641,51.8835353964,75.2739593842,348.462235568,363.950786156,304.505504735,240.900212037,67.4403927592
2,1,    621 - Ambulatory Care,,,00,000,29200,Lafayette-West Lafayette MSA,2023,621112,"Offices of Physicians, Mental Health Specialists",2,2,0.0,0.0,0.0,0.623490549429,0.636584026575,0.0,0.0,0.0
2,1,    621 - Ambulatory Care,,,00,000,29200,Lafayette-West Lafayette MSA,2023,621210,Offices of Dentists,2,2,3.64039751997,15.5017644063,28.7769291992,123.289441427,124.009413392,126.025333661,79.861568262,33.7920830814
2,1,    621 - Ambulatory Care,,,00,000,29200,Lafayette-West Lafayette MSA,2023,621310,Offices of Chiropractors,2,2,0.979242911878,5.48536676275,8.53056950512,19.4839251331,15.2091407295,12.5149548423,8.76272499686,2.64404820993
2,1,    621 - Ambulatory Care,,,00,000,29200,Lafayette-West Lafayette MSA,2023,621320,Offices of Optometrists,2,2,2.96120681955,10.0923270139,16.4388215865,40.7717733993,30.1913858997,23.7012654096,15.3791948115,5.71938698086
2,1,    621 - Ambulatory Care,,,00,000,29200,Lafayette-West Lafayette MSA,2023,621330,Offices of Mental Health Practitioners (except Physicians),2,2,3.33613101242,10.7882476889,18.5201729714,45.1642112322,33.3217583128,26.7021290253,16.1529998143,6.4435297639
2,1,    621 - Ambulatory Care,,,00,000,29200,Lafayette-West Lafayette MSA,2023,621340,"Offices of Physical, Occupational and Speech Therapists, and Audiologists",2,2,6.49695024947,22.9152320342,38.8166296459,90.4341033789,67.1594530453,54.8059252162,35.2999393698,13.2574684619
2,1,    621 - Ambulatory Care,,,00,000,29200,Lafayette-West Lafayette MSA,2023,621391,Offices of Podiatrists,2,2,0.0,1.60152838724,2.85344128885,7.89408350491,5.70725184479,4.57346139147,2.76663785636,0.719291655163
2,1,    621 - Ambulatory Care,,,00,000,29200,Lafayette-West Lafayette MSA,2023,621399,Offices of All Other Miscellaneous Health Practitioners,2,2,0.968066677114,4.37634220416,7.5128618605,18.4748510466,13.5172477892,10.8319402339,6.83036333315,2.61387132209
2,1,    621 - Ambulatory Care,,,00,000,29200,Lafayette-West Lafayette MSA,2023,621410,Family Planning Centers,2,2,0.0,0.0,1.07951196408,4.76517255298,4.98001930401,3.96487788029,2.81395709446,0.698753320281
2,1,    621 - Ambulatory Care,,,00,000,29200,Lafayette-West Lafayette MSA,2023,621420,Outpatient Mental Health and Substance Abuse Centers,2,2,0.0,8.76778617613,24.4140387755,98.0895545409,100.441950366,79.6360684496,57.4431146991,20.1000628926
2,1,    621 - Ambulatory Care,,,00,000,29200,Lafayette-West Lafayette MSA,2023,621491,HMO Medical Centers,2,2,0.0,0.0,0.0,0.0,0.0,0.0,0.0,0.0
2,1,    621 - Ambulatory Care,,,00,000,29200,Lafayette-West Lafayette MSA,2023,621492,Kidney Dialysis Centers,2,2,0.0,1.27210345375,3.67568500989,16.5415943524,16.956720179,13.5002136851,9.58138515809,3.45110968256
2,1,    621 - Ambulatory Care,,,00,000,29200,Lafayette-West Lafayette MSA,2023,621493,Freestanding Ambulatory Surgical and Emergency Centers,2,2,0.0,2.50428213165,5.63168412148,25.2232687681,25.9801619365,20.6842911844,14.6800758257,5.28760205199
2,1,    621 - Ambulatory Care,,,00,000,29200,Lafayette-West Lafayette MSA,2023,621498,All Other Outpatient Care Centers,2,2,0.0,3.11728155098,7.57926286614,31.2750987145,32.3395988305,25.7474022153,18.2734720501,6.58190389862
2,1,    621 - Ambulatory Care,,,00,000,29200,Lafayette-West Lafayette MSA,2023,621511,Medical Laboratories,2,2,0.0,1.90575077152,7.44072455224,27.3791495862,26.1872018199,23.5547606332,25.4597392608,5.133077545
2,1,    621 - Ambulatory Care,,,00,000,29200,Lafayette-West Lafayette MSA,2023,621512,Diagnostic Imaging Centers,2,2,0.0,0.810677058961,3.16516975184,11.2919288836,10.3209967452,9.44012326949,9.12214172556,2.18353221722
2,1,    621 - Ambulatory Care,,,00,000,29200,Lafayette-West Lafayette MSA,2023,621610,Home Health Care Services,2,2,1.25739689279,6.93061463719,9.60773636632,67.0271060978,82.4888503414,87.5285555918,63.6114311216,33.7644977023
2,1,    621 - Ambulatory Care,,,00,000,29200,Lafayette-West Lafayette MSA,2023,621910,Ambulance Services,2,2,0.0,6.63234876467,6.24928812297,13.6638554232,16.5716270412,14.3692051683,5.92914697214,2.54221909009
2,1,    621 - Ambulatory Care,,,00,000,29200,Lafayette-West Lafayette MSA,2023,621991,Blood and Organ Banks,2,2,0.0,4.38000121798,4.12702808029,9.02360619434,10.9438977351,9.56255999673,3.9156069563,1.23362391826
2,1,    621 - Ambulatory Care,,,00,000,29200,Lafayette-West Lafayette MSA,2023,621999,All Other Miscellaneous Ambulatory Health Care Services,2,2,0.0,0.0,0.0,1.4633009533,1.77470244642,1.50767227912,0.0,0.0
2,1,    621 - Ambulatory Care,,,00,000,29200,Lafayette-West Lafayette MSA,2024,621111,Offices of Physicians (except Mental Health Specialists),2,2,5.81737215355,52.5455331461,88.0768051271,323.251887684,357.121764,290.18068579,236.106619346,74.4794370569
2,1,    621 - Ambulatory Care,,,00,000,29200,Lafayette-West Lafayette MSA,2024,621112,"Offices of Physicians, Mental Health Specialists",2,2,0.0,0.0,0.0,0.808574677218,0.873345372095,0.0,0.0,0.0
2,1,    621 - Ambulatory Care,,,00,000,29200,Lafayette-West Lafayette MSA,2024,621210,Offices of Dentists,2,2,3.89785920994,14.3341538647,31.3206370354,118.491985664,127.415521565,125.368679019,79.5748122956,37.6947668391
2,1,    621 - Ambulatory Care,,,00,000,29200,Lafayette-West Lafayette MSA,2024,621310,Offices of Chiropractors,2,2,0.577146106777,5.78964168568,8.40524581081,20.6980636361,15.7958039399,13.1189020095,9.3200132053,2.96925965155
2,1,    621 - Ambulatory Care,,,00,000,29200,Lafayette-West Lafayette MSA,2024,621320,Offices of Optometrists,2,2,1.85597828533,10.3035999742,16.5653349453,43.2615743915,31.419805121,24.4900140634,16.151420558,6.41215646013
2,1,    621 - Ambulatory Care,,,00,000,29200,Lafayette-West Lafayette MSA,2024,621330,Offices of Mental Health Practitioners (except Physicians),2,2,2.63079395067,13.6016795297,22.7573152447,61.0635933416,43.6444117782,34.713865652,21.0804800454,9.089040836
2,1,    621 - Ambulatory Care,,,00,000,29200,Lafayette-West Lafayette MSA,2024,621340,"Offices of Physical, Occupational and Speech Therapists, and Audiologists",2,2,3.55720398532,21.9481281711,32.260230458,85.3944044605,61.5364537943,49.6660585572,32.2364801208,12.983190987
2,1,    621 - Ambulatory Care,,,00,000,29200,Lafayette-West Lafayette MSA,2024,621391,Offices of Podiatrists,2,2,0.0,1.1739374698,1.94458963873,6.21194313695,4.25832820667,3.38698649485,1.64216704206,0.603486221829
2,1,    621 - Ambulatory Care,,,00,000,29200,Lafayette-West Lafayette MSA,2024,621399,Offices of All Other Miscellaneous Health Practitioners,2,2,0.579828858414,4.46412880106,7.46904720088,20.2570251765,14.3242807036,11.3932376597,7.40333866634,2.98306167862
2,1,    621 - Ambulatory Care,,,00,000,29200,Lafayette-West Lafayette MSA,2024,621410,Family Planning Centers,2,2,0.0,0.0,0.786984385399,3.24699974191,3.67981246561,2.88562458966,1.73199629863,0.580742763281
2,1,    621 - Ambulatory Care,,,00,000,29200,Lafayette-West Lafayette MSA,2024,621420,Outpatient Mental Health and Substance Abuse Centers,2,2,1.19152425454,9.77376646546,25.2260433551,99.4919900913,107.234243674,84.4706283634,64.8849193194,23.4140034787
2,1,    621 - Ambulatory Care,,,00,000,29200,Lafayette-West Lafayette MSA,2024,621491,HMO Medical Centers,2,2,0.0,0.0,0.0,0.0,0.0,0.0,0.0,0.0
2,1,    621 - Ambulatory Care,,,00,000,29200,Lafayette-West Lafayette MSA,2024,621492,Kidney Dialysis Centers,2,2,0.0,1.10834604616,3.2981841659,13.9826789791,15.4217789231,12.0934055452,9.16246414338,3.4381829937
2,1,    621 - Ambulatory Care,,,00,000,29200,Lafayette-West Lafayette MSA,2024,621493,Freestanding Ambulatory Surgical and Emergency Centers,2,2,0.0,1.61190725346,4.79666706862,20.1971327996,22.4284440708,17.5878717525,13.3252989564,5.00027236572
2,1,    621 - Ambulatory Care,,,00,000,29200,Lafayette-West Lafayette MSA,2024,621498,All Other Outpatient Care Centers,2,2,0.0,1.55392739101,4.62413226783,19.4629553779,21.6216990801,16.9552408224,12.8459916024,4.82041393815
2,1,    621 - Ambulatory Care,,,00,000,29200,Lafayette-West Lafayette MSA,2024,621511,Medical Laboratories,2,2,0.0,1.85488774391,6.10269722344,23.3207196184,21.2781944074,21.1415224577,25.7508716603,6.27624791674
2,1,    621 - Ambulatory Care,,,00,000,29200,Lafayette-West Lafayette MSA,2024,621512,Diagnostic Imaging Centers,2,2,0.0,0.801336824836,2.63644850317,10.0748692061,8.6841740352,8.97454125882,9.35862543353,2.71142477167
2,1,    621 - Ambulatory Care,,,00,000,29200,Lafayette-West Lafayette MSA,2024,621610,Home Health Care Services,2,2,1.48311874729,11.027459964,16.0378091814,81.5068971026,103.461509342,102.958352211,85.0218346715,47.7075706984
2,1,    621 - Ambulatory Care,,,00,000,29200,Lafayette-West Lafayette MSA,2024,621910,Ambulance Services,2,2,0.509281563526,6.68454129897,6.90348904993,18.4542466612,19.5854805238,19.795087403,6.24687941837,2.91908312062
2,1,    621 - Ambulatory Care,,,00,000,29200,Lafayette-West Lafayette MSA,2024,621991,Blood and Organ Banks,2,2,0.0,3.29861944508,3.40666355409,9.10661392585,9.66484370542,9.92812245577,3.08264651214,0.937445732494
2,1,    621 - Ambulatory Care,,,00,000,29200,Lafayette-West Lafayette MSA,2024,621999,All Other Miscellaneous Ambulatory Health Care Services,2,2,0.0,1.54981832742,1.60058160675,4.27863759308,4.54091542103,4.50880817833,1.44834593411,0.0
2,1,    621 - Ambulatory Care,,,00,000,31140,Louisville/Jefferson County MSA,2020,621111,Offices of Physicians (except Mental Health Specialists),2,2,26.1214665984,183.02751742,460.2517151,2847.93006593,3349.92102358,2948.74548131,2417.44292842,759.911679256
2,1,    621 - Ambulatory Care,,,00,000,31140,Louisville/Jefferson County MSA,2020,621112,"Offices of Physicians, Mental Health Specialists",2,2,0.0,1.9702870882,7.10850579332,49.3304264236,59.3912724737,51.1648855468,46.238690783,15.2728383023
2,1,    621 - Ambulatory Care,,,00,000,31140,Louisville/Jefferson County MSA,2020,621210,Offices of Dentists,2,2,22.5986133217,98.8907456069,214.924315773,880.073462454,714.236084168,654.82613611,530.197302159,174.545251531
2,1,    621 - Ambulatory Care,,,00,000,31140,Louisville/Jefferson County MSA,2020,621310,Offices of Chiropractors,2,2,3.53111083927,23.1036158011,35.8438502516,175.507258477,141.408393344,121.675715727,80.8655254506,24.7143124138
2,1,    621 - Ambulatory Care,,,00,000,31140,Louisville/Jefferson County MSA,2020,621320,Offices of Optometrists,2,2,5.69466843999,31.2611801982,49.0402549146,217.181493057,179.728721597,148.694589243,103.705968104,31.318129314
2,1,    621 - Ambulatory Care,,,00,000,31140,Louisville/Jefferson County MSA,2020,621330,Offices of Mental Health Practitioners (except Physicians),2,2,1.76136301586,9.14151748158,17.7098920245,101.532231342,79.2087295068,63.6581250626,43.6483486929,14.0382387001
2,1,    621 - Ambulatory Care,,,00,000,31140,Louisville/Jefferson County MSA,2020,621340,"Offices of Physical, Occupational and Speech Therapists, and Audiologists",2,2,17.384806654,70.1574280049,128.39054091,654.189451097,508.89598157,445.557653482,302.096155223,93.5279382648
2,1,    621 - Ambulatory Care,,,00,000,31140,Louisville/Jefferson County MSA,2020,621391,Offices of Podiatrists,2,2,0.0,4.00820334034,8.87095083174,50.0562887062,38.7500652395,35.7347487663,23.351575401,6.03929544399
2,1,    621 - Ambulatory Care,,,00,000,31140,Louisville/Jefferson County MSA,2020,621399,Offices of All Other Miscellaneous Health Practitioners,2,2,3.7557735215,14.5563968554,25.498957497,139.552049777,104.784636507,89.2268751655,55.9146857909,15.911427988
2,1,    621 - Ambulatory Care,,,00,000,31140,Louisville/Jefferson County MSA,2020,621410,Family Planning Centers,2,2,0.0,0.0,0.969394400201,7.02620760226,6.91845482777,6.24024659375,4.16405567607,0.704497621658
2,1,    621 - Ambulatory Care,,,00,000,31140,Louisville/Jefferson County MSA,2020,621420,Outpatient Mental Health and Substance Abuse Centers,2,2,0.672662273868,12.7324539699,35.7789852115,216.862424577,239.064462867,205.616578637,151.660292295,37.9095449551
2,1,    621 - Ambulatory Care,,,00,000,31140,Louisville/Jefferson County MSA,2020,621491,HMO Medical Centers,2,2,0.0,0.0,0.0,2.82695340466,4.88355508087,3.5777441907,2.26327706921,0.0
2,1,    621 - Ambulatory Care,,,00,000,31140,Louisville/Jefferson County MSA,2020,621492,Kidney Dialysis Centers,2,2,0.682502971612,9.58634035178,29.1157482223,158.114459323,178.571720252,158.458336221,115.149099591,28.4882116772
2,1,    621 - Ambulatory Care,,,00,000,31140,Louisville/Jefferson County MSA,2020,621493,Freestanding Ambulatory Surgical and Emergency Centers,2,2,1.41577290729,23.2467256085,62.177405289,344.54971454,386.445582415,339.044108804,250.859372838,64.9471280668
2,1,    621 - Ambulatory Care,,,00,000,31140,Louisville/Jefferson County MSA,2020,621498,All Other Outpatient Care Centers,2,2,0.684066446955,12.1982558894,35.4337038175,194.332682756,217.068114769,187.976541245,142.432056941,36.5440354687
2,1,    621 - Ambulatory Care,,,00,000,31140,Louisville/Jefferson County MSA,2020,621511,Medical Laboratories,2,2,1.83336516416,18.5428324725,40.0466349484,257.699666237,257.74559889,232.369955293,157.770191034,43.0302248314
2,1,    621 - Ambulatory Care,,,00,000,31140,Louisville/Jefferson County MSA,2020,621512,Diagnostic Imaging Centers,2,2,0.0,4.23713639291,11.7882345729,82.1453767086,82.4885516449,71.1651532968,45.9003802981,14.4678870237
2,1,    621 - Ambulatory Care,,,00,000,31140,Louisville/Jefferson County MSA,2020,621610,Home Health Care Services,2,2,14.8016103562,70.7059976017,78.7138539516,551.294664247,783.726496159,701.320902997,533.522238499,181.161486015
2,1,    621 - Ambulatory Care,,,00,000,31140,Louisville/Jefferson County MSA,2020,621910,Ambulance Services,2,2,0.0,7.42619222413,18.8002494303,93.6598188268,92.2125235466,78.319778084,57.7602006461,12.2509041294
2,1,    621 - Ambulatory Care,,,00,000,31140,Louisville/Jefferson County MSA,2020,621991,Blood and Organ Banks,2,2,0.0,8.53310694466,18.3816217382,96.640508434,87.695034136,59.9936778722,44.7528759091,12.1831533392
2,1,    621 - Ambulatory Care,,,00,000,31140,Louisville/Jefferson County MSA,2020,621999,All Other Miscellaneous Ambulatory Health Care Services,2,2,0.0,6.44334508441,17.1247447478,80.9814671672,71.448491017,55.1579296878,40.4838068331,9.64557786533
2,1,    621 - Ambulatory Care,,,00,000,31140,Louisville/Jefferson County MSA,2021,621111,Offices of Physicians (except Mental Health Specialists),2,2,37.2867960871,216.188358693,505.41034952,2965.00510941,3561.73076433,3172.5926617,2472.88338823,803.457906601
2,1,    621 - Ambulatory Care,,,00,000,31140,Louisville/Jefferson County MSA,2021,621112,"Offices of Physicians, Mental Health Specialists",2,2,0.0,2.3400182602,7.96625915023,50.7917810222,62.4482427357,54.6529110888,45.6935428232,15.3613731917
2,1,    621 - Ambulatory Care,,,00,000,31140,Louisville/Jefferson County MSA,2021,621210,Offices of Dentists,2,2,34.4358657866,106.528083141,240.207763335,938.957759347,781.437344529,704.551678694,559.496409719,204.588896486
2,1,    621 - Ambulatory Care,,,00,000,31140,Louisville/Jefferson County MSA,2021,621310,Offices of Chiropractors,2,2,3.78766581726,30.114418787,40.9546918954,182.243835282,137.354760413,115.050867076,81.9702422983,27.4298320672
2,1,    621 - Ambulatory Care,,,00,000,31140,Louisville/Jefferson County MSA,2021,621320,Offices of Optometrists,2,2,7.63812729207,46.3618045795,70.8229398386,266.02993658,202.27715718,160.847304993,117.152997099,38.6625296283
2,1,    621 - Ambulatory Care,,,00,000,31140,Louisville/Jefferson County MSA,2021,621330,Offices of Mental Health Practitioners (except Physicians),2,2,4.69343919013,21.5117009351,43.5885537283,177.991907335,124.606452593,96.81934761,66.9385448351,22.1214652242
2,1,    621 - Ambulatory Care,,,00,000,31140,Louisville/Jefferson County MSA,2021,621340,"Offices of Physical, Occupational and Speech Therapists, and Audiologists",2,2,20.9350935539,100.008642706,157.035390418,740.447960929,551.484856487,460.37700897,338.119697436,111.565129316
2,1,    621 - Ambulatory Care,,,00,000,31140,Louisville/Jefferson County MSA,2021,621391,Offices of Podiatrists,2,2,0.54527497002,5.90566963531,10.7992937267,50.3213581434,37.4808638398,31.1861778078,22.6218236685,6.06243100184
2,1,    621 - Ambulatory Care,,,00,000,31140,Louisville/Jefferson County MSA,2021,621399,Offices of All Other Miscellaneous Health Practitioners,2,2,3.68717453081,21.961743369,32.1558959176,153.148857384,111.866834487,90.5246068013,60.3889548766,19.4538030031
2,1,    621 - Ambulatory Care,,,00,000,31140,Louisville/Jefferson County MSA,2021,621410,Family Planning Centers,2,2,0.0,0.0,1.09108504614,8.13818025231,8.96886584346,8.49034005876,5.15969628653,0.907164569733
2,1,    621 - Ambulatory Care,,,00,000,31140,Louisville/Jefferson County MSA,2021,621420,Outpatient Mental Health and Substance Abuse Centers,2,2,0.50166746735,11.9534123805,44.2000284819,236.183902481,263.287676877,231.399533418,166.506636284,45.2462505861
2,1,    621 - Ambulatory Care,,,00,000,31140,Louisville/Jefferson County MSA,2021,621491,HMO Medical Centers,2,2,0.0,0.0,0.0,1.72479758659,2.74550516408,2.37528570838,1.47766931991,0.0
2,1,    621 - Ambulatory Care,,,00,000,31140,Louisville/Jefferson County MSA,2021,621492,Kidney Dialysis Centers,2,2,0.0,8.433789832,28.577780355,161.966973041,186.932672109,170.887597588,120.760145178,30.3663222301
2,1,    621 - Ambulatory Care,,,00,000,31140,Louisville/Jefferson County MSA,2021,621493,Freestanding Ambulatory Surgical and Emergency Centers,2,2,0.939800029482,19.3288916845,61.9860999885,343.276938039,385.409113624,352.161796006,256.421886068,70.7565354154
2,1,    621 - Ambulatory Care,,,00,000,31140,Louisville/Jefferson County MSA,2021,621498,All Other Outpatient Care Centers,2,2,0.0,10.1249620465,35.6506959968,188.092572097,211.910181209,191.570705066,139.725236455,38.2806216524
2,1,    621 - Ambulatory Care,,,00,000,31140,Louisville/Jefferson County MSA,2021,621511,Medical Laboratories,2,2,1.97190989659,29.8863832919,47.9593901579,293.106827048,289.34692954,253.149444289,165.165645849,47.1173436127
2,1,    621 - Ambulatory Care,,,00,000,31140,Louisville/Jefferson County MSA,2021,621512,Diagnostic Imaging Centers,2,2,0.0,7.82143831237,12.337060171,89.26267094,94.27142049,75.7533139513,51.0595171032,14.7744991094
2,1,    621 - Ambulatory Care,,,00,000,31140,Louisville/Jefferson County MSA,2021,621610,Home Health Care Services,2,2,19.5652455133,79.1139781709,98.8720020308,558.568004384,784.589865701,708.840964992,547.255721149,186.045376961
2,1,    621 - Ambulatory Care,,,00,000,31140,Louisville/Jefferson County MSA,2021,621910,Ambulance Services,2,2,0.0,7.22861956139,13.4674502332,79.1314350086,88.2969847489,60.0941386531,44.723728944,10.5746770899
2,1,    621 - Ambulatory Care,,,00,000,31140,Louisville/Jefferson County MSA,2021,621991,Blood and Organ Banks,2,2,0.720813548052,10.4867043703,15.3812894437,92.0582674181,92.270169214,65.8519844668,40.8930284521,13.3344683785
2,1,    621 - Ambulatory Care,,,00,000,31140,Louisville/Jefferson County MSA,2021,621999,All Other Miscellaneous Ambulatory Health Care Services,2,2,0.942560145512,13.7127688899,20.1130936778,127.861457427,129.998987194,92.1657798468,58.9131540172,17.9485422421
2,1,    621 - Ambulatory Care,,,00,000,31140,Louisville/Jefferson County MSA,2022,621111,Offices of Physicians (except Mental Health Specialists),2,2,41.5391379983,258.474736765,572.503968406,3166.84029891,3714.25065801,3265.23925797,2475.20031055,825.476590042
2,1,    621 - Ambulatory Care,,,00,000,31140,Louisville/Jefferson County MSA,2022,621112,"Offices of Physicians, Mental Health Specialists",2,2,0.0,2.83353120513,9.10201605373,55.8990067843,62.2906771811,54.6340320866,43.27172127,13.5924553803
2,1,    621 - Ambulatory Care,,,00,000,31140,Louisville/Jefferson County MSA,2022,621210,Offices of Dentists,2,2,30.0569145632,122.314760609,226.794176146,957.23590122,760.947456563,704.474412126,525.500183273,210.206816773
2,1,    621 - Ambulatory Care,,,00,000,31140,Louisville/Jefferson County MSA,2022,621310,Offices of Chiropractors,2,2,3.89820751029,27.1915217825,43.0970232247,180.026762646,137.056437535,115.780596248,75.3074855258,25.4419954114
2,1,    621 - Ambulatory Care,,,00,000,31140,Louisville/Jefferson County MSA,2022,621320,Offices of Optometrists,2,2,8.29140972946,43.802589767,68.3763516179,254.682695856,202.971479078,159.532507883,115.651805414,40.4183318945
2,1,    621 - Ambulatory Care,,,00,000,31140,Louisville/Jefferson County MSA,2022,621330,Offices of Mental Health Practitioners (except Physicians),2,2,5.07446087868,28.2925233062,59.1742331481,241.704957555,175.187310821,138.385322125,89.8025936956,29.038911502
2,1,    621 - Ambulatory Care,,,00,000,31140,Louisville/Jefferson County MSA,2022,621340,"Offices of Physical, Occupational and Speech Therapists, and Audiologists",2,2,19.4317501061,98.8010000349,163.692065477,734.799313612,558.952777912,457.102266459,311.927592349,107.326129943
2,1,    621 - Ambulatory Care,,,00,000,31140,Louisville/Jefferson County MSA,2022,621391,Offices of Podiatrists,2,2,0.0,4.26859804146,10.4117505898,49.6363264607,36.6312631489,30.5684069381,20.0480121449,5.39414850689
2,1,    621 - Ambulatory Care,,,00,000,31140,Louisville/Jefferson County MSA,2022,621399,Offices of All Other Miscellaneous Health Practitioners,2,2,3.1793392641,21.9464428583,36.484637754,165.917028492,125.737782983,99.5437734054,62.7565286306,22.0488735417
2,1,    621 - Ambulatory Care,,,00,000,31140,Louisville/Jefferson County MSA,2022,621410,Family Planning Centers,2,2,0.0,0.543998255763,1.42751406873,7.79829756854,9.56908983195,10.0496327996,5.479865397,2.22762677667
2,1,    621 - Ambulatory Care,,,00,000,31140,Louisville/Jefferson County MSA,2022,621420,Outpatient Mental Health and Substance Abuse Centers,2,2,1.99491060915,18.1432387515,54.678768692,259.547575272,278.590386075,244.511308595,175.9410784,50.4096744382
2,1,    621 - Ambulatory Care,,,00,000,31140,Louisville/Jefferson County MSA,2022,621491,HMO Medical Centers,2,2,0.0,0.0,0.0,0.0,0.0,0.0,0.0,0.0
2,1,    621 - Ambulatory Care,,,00,000,31140,Louisville/Jefferson County MSA,2022,621492,Kidney Dialysis Centers,2,2,1.90204127641,12.5740507327,35.0937881275,174.649932968,194.573277146,170.963871526,119.163832439,33.1804672704
2,1,    621 - Ambulatory Care,,,00,000,31140,Louisville/Jefferson County MSA,2022,621493,Freestanding Ambulatory Surgical and Emergency Centers,2,2,3.62296940998,27.7304433057,72.0553979055,352.519088304,386.525653003,341.209537356,246.025674088,70.0739570459
2,1,    621 - Ambulatory Care,,,00,000,31140,Louisville/Jefferson County MSA,2022,621498,All Other Outpatient Care Centers,2,2,1.88838124743,15.2023492896,39.8600438667,193.764430742,212.106924853,185.634942734,133.589322435,39.2766347277
2,1,    621 - Ambulatory Care,,,00,000,31140,Louisville/Jefferson County MSA,2022,621511,Medical Laboratories,2,2,0.608194545864,18.160847639,49.7408292383,277.324545091,268.1774443,243.685861501,163.106356945,44.694690886
2,1,    621 - Ambulatory Care,,,00,000,31140,Louisville/Jefferson County MSA,2022,621512,Diagnostic Imaging Centers,2,2,0.0,5.84353149824,15.2281839574,93.92586114,92.5907318236,77.329328405,54.461230612,15.1994086365
2,1,    621 - Ambulatory Care,,,00,000,31140,Louisville/Jefferson County MSA,2022,621610,Home Health Care Services,2,2,15.8243075169,53.1334761206,85.9491262677,552.472202794,780.432450398,717.711042254,529.417889969,195.639110519
2,1,    621 - Ambulatory Care,,,00,000,31140,Louisville/Jefferson County MSA,2022,621910,Ambulance Services,2,2,0.0,5.51943572126,10.5885784503,76.9841698508,82.2747985762,58.9420370242,44.7957327584,10.164482456
2,1,    621 - Ambulatory Care,,,00,000,31140,Louisville/Jefferson County MSA,2022,621991,Blood and Organ Banks,2,2,0.858265282575,8.98758113544,11.9354359904,92.6162619142,96.4127320242,76.7469409419,47.0383940049,18.1655227195
2,1,    621 - Ambulatory Care,,,00,000,31140,Louisville/Jefferson County MSA,2022,621999,All Other Miscellaneous Ambulatory Health Care Services,2,2,0.688487324754,7.8914268252,12.9586520245,84.8208252377,90.4339547849,73.8231733624,45.1310782022,15.9723838744
2,1,    621 - Ambulatory Care,,,00,000,31140,Louisville/Jefferson County MSA,2023,621111,Offices of Physicians (except Mental Health Specialists),2,2,51.0164562691,280.451299504,577.955969904,3152.16927015,3544.19622406,3124.93408616,2276.61076183,806.194034105
2,1,    621 - Ambulatory Care,,,00,000,31140,Louisville/Jefferson County MSA,2023,621112,"Offices of Physicians, Mental Health Specialists",2,2,0.600156085649,3.9256888643,10.3067452477,64.5421770351,69.6305215505,61.7401484119,45.2615550682,13.5375129852
2,1,    621 - Ambulatory Care,,,00,000,31140,Louisville/Jefferson County MSA,2023,621210,Offices of Dentists,2,2,32.1610444316,137.078659038,218.922986098,966.055064017,804.065860872,711.339500404,523.292003133,233.997020395
2,1,    621 - Ambulatory Care,,,00,000,31140,Louisville/Jefferson County MSA,2023,621310,Offices of Chiropractors,2,2,3.88712915666,26.8118566478,41.1981554745,183.340993627,141.977990186,114.875578223,80.1051224412,25.6476384387
2,1,    621 - Ambulatory Care,,,00,000,31140,Louisville/Jefferson County MSA,2023,621320,Offices of Optometrists,2,2,6.97121125264,44.4734463721,66.2684997046,258.248287482,205.865783884,162.513393129,117.549647541,42.0208491359
2,1,    621 - Ambulatory Care,,,00,000,31140,Louisville/Jefferson County MSA,2023,621330,Offices of Mental Health Practitioners (except Physicians),2,2,7.09798126051,44.0111400978,76.6088057634,331.010314064,262.473876213,215.224558721,139.20587836,47.9495885781
2,1,    621 - Ambulatory Care,,,00,000,31140,Louisville/Jefferson County MSA,2023,621340,"Offices of Physical, Occupational and Speech Therapists, and Audiologists",2,2,19.8270297658,100.038388127,163.844185981,751.104571471,570.241680179,458.508703841,310.085831769,107.761528643
2,1,    621 - Ambulatory Care,,,00,000,31140,Louisville/Jefferson County MSA,2023,621391,Offices of Podiatrists,2,2,0.51667570155,3.02261118339,6.92662333362,42.6108446836,30.4532077451,25.0559081372,17.1793957191,3.91269049354
2,1,    621 - Ambulatory Care,,,00,000,31140,Louisville/Jefferson County MSA,2023,621399,Offices of All Other Miscellaneous Health Practitioners,2,2,4.13492233451,27.7823169215,45.395739271,206.342700321,158.01460248,122.13172586,75.8131037187,28.1370753093
2,1,    621 - Ambulatory Care,,,00,000,31140,Louisville/Jefferson County MSA,2023,621410,Family Planning Centers,2,2,0.0,0.530469083946,1.21186845271,9.52066600272,11.5321523198,10.2403259457,7.14046326986,1.68786782326
2,1,    621 - Ambulatory Care,,,00,000,31140,Louisville/Jefferson County MSA,2023,621420,Outpatient Mental Health and Substance Abuse Centers,2,2,2.66686769352,22.1127049406,55.2537643241,302.415355689,344.876164876,286.134152051,198.171018195,63.2565943713
2,1,    621 - Ambulatory Care,,,00,000,31140,Louisville/Jefferson County MSA,2023,621491,HMO Medical Centers,2,2,0.0,0.0,0.0,1.51210333635,1.87801281507,1.61206875356,0.600751999463,0.0
2,1,    621 - Ambulatory Care,,,00,000,31140,Louisville/Jefferson County MSA,2023,621492,Kidney Dialysis Centers,2,2,2.05218963282,13.092462163,31.0250460955,168.066655515,202.347502716,173.310262472,120.417033668,37.5698834189
2,1,    621 - Ambulatory Care,,,00,000,31140,Louisville/Jefferson County MSA,2023,621493,Freestanding Ambulatory Surgical and Emergency Centers,2,2,4.53229434552,34.8032461668,78.1387855878,414.680719571,474.012480322,403.95759928,284.958613804,90.7702720157
2,1,    621 - Ambulatory Care,,,00,000,31140,Louisville/Jefferson County MSA,2023,621498,All Other Outpatient Care Centers,2,2,2.74884522602,20.2564662298,45.4423140999,242.66736347,279.722117907,238.328341681,168.38768577,54.0414765308
2,1,    621 - Ambulatory Care,,,00,000,31140,Louisville/Jefferson County MSA,2023,621511,Medical Laboratories,2,2,0.0,14.9549575092,36.1770994814,202.969952401,215.531522911,212.080413769,137.000121985,39.592667555
2,1,    621 - Ambulatory Care,,,00,000,31140,Louisville/Jefferson County MSA,2023,621512,Diagnostic Imaging Centers,2,2,0.0,6.61210401659,16.0927312061,86.9297693129,90.9569870972,83.3436715249,52.5379734997,16.5616385241
2,1,    621 - Ambulatory Care,,,00,000,31140,Louisville/Jefferson County MSA,2023,621610,Home Health Care Services,2,2,17.7551112828,56.353429581,84.1720315397,559.688861853,847.288370824,779.954012071,556.187711706,221.622949805
2,1,    621 - Ambulatory Care,,,00,000,31140,Louisville/Jefferson County MSA,2023,621910,Ambulance Services,2,2,0.0,4.35863726595,10.1117171023,78.3573645172,79.773355103,63.3014922362,40.7514370787,11.4735688299
2,1,    621 - Ambulatory Care,,,00,000,31140,Louisville/Jefferson County MSA,2023,621991,Blood and Organ Banks,2,2,0.0,9.32344134704,18.3377964138,113.477745152,130.017244193,110.968454818,60.6558696658,22.8541789634
2,1,    621 - Ambulatory Care,,,00,000,31140,Louisville/Jefferson County MSA,2023,621999,All Other Miscellaneous Ambulatory Health Care Services,2,2,0.0,9.18073042807,19.2173345301,130.656138619,141.059585366,118.422970605,63.1004737474,25.4222144088
2,1,    621 - Ambulatory Care,,,00,000,31140,Louisville/Jefferson County MSA,2024,621111,Offices of Physicians (except Mental Health Specialists),2,2,54.2031126649,286.669925081,570.199870506,2988.04369784,3409.87819643,3119.85739327,2287.35942922,801.272556522
2,1,    621 - Ambulatory Care,,,00,000,31140,Louisville/Jefferson County MSA,2024,621112,"Offices of Physicians, Mental Health Specialists",2,2,0.618234880662,4.54731340693,10.7579183427,63.4901788091,72.660982294,65.2607619734,47.5640751506,15.2426188832
2,1,    621 - Ambulatory Care,,,00,000,31140,Louisville/Jefferson County MSA,2024,621210,Offices of Dentists,2,2,33.7835042131,143.611650839,248.813488404,1005.97393267,847.48025341,727.591272191,532.662623945,245.309576343
2,1,    621 - Ambulatory Care,,,00,000,31140,Louisville/Jefferson County MSA,2024,621310,Offices of Chiropractors,2,2,4.3990790135,29.3070556243,41.1162132212,178.09159325,141.050624011,111.982196368,76.5144161415,24.9563664238
2,1,    621 - Ambulatory Care,,,00,000,31140,Louisville/Jefferson County MSA,2024,621320,Offices of Optometrists,2,2,9.62194789433,47.8040083822,67.0000874732,266.762419403,213.073265606,166.57695115,121.405025862,43.0013385057
2,1,    621 - Ambulatory Care,,,00,000,31140,Louisville/Jefferson County MSA,2024,621330,Offices of Mental Health Practitioners (except Physicians),2,2,10.0284550624,59.5436273874,95.3260998404,408.39274024,306.997006943,236.902521948,152.042895988,60.8078835385
2,1,    621 - Ambulatory Care,,,00,000,31140,Louisville/Jefferson County MSA,2024,621340,"Offices of Physical, Occupational and Speech Therapists, and Audiologists",2,2,22.0774953448,109.207838721,168.357551828,747.89652467,558.881373158,445.146194179,302.122606347,109.009940721
2,1,    621 - Ambulatory Care,,,00,000,31140,Louisville/Jefferson County MSA,2024,621391,Offices of Podiatrists,2,2,0.873900092606,4.88091192348,7.88297915142,42.9113744911,31.5361436162,24.4239624819,15.977049139,3.77989373279
2,1,    621 - Ambulatory Care,,,00,000,31140,Louisville/Jefferson County MSA,2024,621399,Offices of All Other Miscellaneous Health Practitioners,2,2,6.76259205098,34.3741379795,52.8646501753,232.869382052,176.914732268,134.606134397,85.472412064,32.4282774925
2,1,    621 - Ambulatory Care,,,00,000,31140,Louisville/Jefferson County MSA,2024,621410,Family Planning Centers,2,2,0.0,0.671876678139,1.5160371188,10.3498216158,13.991562321,11.7464039613,8.35522214976,2.49155710694
2,1,    621 - Ambulatory Care,,,00,000,31140,Louisville/Jefferson County MSA,2024,621420,Outpatient Mental Health and Substance Abuse Centers,2,2,2.50021589593,23.2867634392,55.3406899579,314.283485156,378.804042772,318.84879685,211.362007097,73.611855559
2,1,    621 - Ambulatory Care,,,00,000,31140,Louisville/Jefferson County MSA,2024,621491,HMO Medical Centers,2,2,0.0,0.0,0.0,3.72721895077,4.70062208021,4.07417335147,2.24422003682,0.572494010316
2,1,    621 - Ambulatory Care,,,00,000,31140,Louisville/Jefferson County MSA,2024,621492,Kidney Dialysis Centers,2,2,1.86792393643,12.7327872944,29.4053617823,166.588600171,205.066308653,177.035858455,119.556967134,42.4710801208
2,1,    621 - Ambulatory Care,,,00,000,31140,Louisville/Jefferson County MSA,2024,621493,Freestanding Ambulatory Surgical and Emergency Centers,2,2,4.83675657716,35.3424875218,76.8290388021,409.579639307,494.003060094,428.907236168,289.186012957,102.682656972
2,1,    621 - Ambulatory Care,,,00,000,31140,Louisville/Jefferson County MSA,2024,621498,All Other Outpatient Care Centers,2,2,2.85460311006,23.2683588328,49.6989839997,265.797961348,321.384241054,279.497756076,188.785731927,68.0542530225
2,1,    621 - Ambulatory Care,,,00,000,31140,Louisville/Jefferson County MSA,2024,621511,Medical Laboratories,2,2,0.605158692575,16.1121906985,36.323457875,192.962322311,192.602384079,193.02722868,127.1927501,43.9209242061
2,1,    621 - Ambulatory Care,,,00,000,31140,Louisville/Jefferson County MSA,2024,621512,Diagnostic Imaging Centers,2,2,0.0,7.4923037289,19.0172258854,96.8204010901,92.1032323763,88.5691731321,53.8818004793,20.3519707717
2,1,    621 - Ambulatory Care,,,00,000,31140,Louisville/Jefferson County MSA,2024,621610,Home Health Care Services,2,2,24.2340581693,53.6435719632,91.3806036737,567.245153214,852.664857833,803.32516783,562.909773707,242.454679761
2,1,    621 - Ambulatory Care,,,00,000,31140,Louisville/Jefferson County MSA,2024,621910,Ambulance Services,2,2,0.0,6.33085463507,13.4482049035,84.3046206039,95.1745918468,80.2358356742,44.7245793151,13.7796804976
2,1,    621 - Ambulatory Care,,,00,000,31140,Louisville/Jefferson County MSA,2024,621991,Blood and Organ Banks,2,2,0.523645640975,10.0400923767,19.6593092783,110.473768787,135.878680403,116.172310147,65.6921190997,23.0816438502
2,1,    621 - Ambulatory Care,,,00,000,31140,Louisville/Jefferson County MSA,2024,621999,All Other Miscellaneous Ambulatory Health Care Services,2,2,0.643332989665,12.7886221642,23.89040046,141.047734531,169.488811381,146.367128562,80.8442630557,28.1292863655
2,1,    621 - Ambulatory Care,,,00,000,33140,Michigan City-La Porte MSA,2020,621111,Offices of Physicians (except Mental Health Specialists),2,2,1.47969895258,8.39962548228,25.2571733641,202.106327021,232.183689407,214.684555219,170.689949339,44.0404015008
2,1,    621 - Ambulatory Care,,,00,000,33140,Michigan City-La Porte MSA,2020,621112,"Offices of Physicians, Mental Health Specialists",2,2,0.0,0.0,0.0,3.16680624922,3.968657533,3.67043768517,2.91687177262,0.518125311405
2,1,    621 - Ambulatory Care,,,00,000,33140,Michigan City-La Porte MSA,2020,621210,Offices of Dentists,2,2,0.0,2.55703534687,5.77648505932,49.06695429,44.2590316087,47.8796099448,45.4232190663,19.8532325845
2,1,    621 - Ambulatory Care,,,00,000,33140,Michigan City-La Porte MSA,2020,621310,Offices of Chiropractors,2,2,0.0,1.45718166982,1.14565045123,10.8368224503,9.22118949475,10.9179944183,6.87040127172,2.78241906406
2,1,    621 - Ambulatory Care,,,00,000,33140,Michigan City-La Porte MSA,2020,621320,Offices of Optometrists,2,2,0.0,1.51073380082,1.1877536593,11.2350809156,9.40629614737,11.3192359927,7.24961537407,2.88467431013
2,1,    621 - Ambulatory Care,,,00,000,33140,Michigan City-La Porte MSA,2020,621330,Offices of Mental Health Practitioners (except Physicians),2,2,0.0,1.73339792444,1.36281436655,13.0622129372,10.7926718855,12.987556223,8.17272104856,3.30984085957
2,1,    621 - Ambulatory Care,,,00,000,33140,Michigan City-La Porte MSA,2020,621340,"Offices of Physical, Occupational and Speech Therapists, and Audiologists",2,2,0.0,2.1787261717,1.71293578104,16.426148933,13.5654233618,16.3241966835,10.2723794643,4.16017395845
2,1,    621 - Ambulatory Care,,,00,000,33140,Michigan City-La Porte MSA,2020,621391,Offices of Podiatrists,2,2,0.0,0.0,0.0,1.82136629221,1.44484638177,1.60819053008,1.03707803454,0.0
2,1,    621 - Ambulatory Care,,,00,000,33140,Michigan City-La Porte MSA,2020,621399,Offices of All Other Miscellaneous Health Practitioners,2,2,0.0,0.0,0.0,1.43942838818,1.14186416394,1.2709552782,0.819604255372,0.0
2,1,    621 - Ambulatory Care,,,00,000,33140,Michigan City-La Porte MSA,2020,621410,Family Planning Centers,2,2,0.0,0.0,0.0,3.67525483323,3.00844848474,4.01645559167,3.27316004869,0.706804822056
2,1,    621 - Ambulatory Care,,,00,000,33140,Michigan City-La Porte MSA,2020,621420,Outpatient Mental Health and Substance Abuse Centers,2,2,0.0,2.19133288255,3.99911857548,32.015453578,30.2985301168,34.5218243594,28.1331272616,9.6701050129
2,1,    621 - Ambulatory Care,,,00,000,33140,Michigan City-La Porte MSA,2020,621491,HMO Medical Centers,2,2,0.0,0.0,0.0,0.0,0.0,0.0,0.0,0.0
2,1,    621 - Ambulatory Care,,,00,000,33140,Michigan City-La Porte MSA,2020,621492,Kidney Dialysis Centers,2,2,0.0,0.919330126298,1.3577101911,13.4872196092,12.7111456871,14.4829447872,11.802693988,4.05690022434
2,1,    621 - Ambulatory Care,,,00,000,33140,Michigan City-La Porte MSA,2020,621493,Freestanding Ambulatory Surgical and Emergency Centers,2,2,0.0,0.970450216149,1.43320675646,14.1810475952,13.4179591494,15.2882805612,12.4589922642,4.28248741881
2,1,    621 - Ambulatory Care,,,00,000,33140,Michigan City-La Porte MSA,2020,621498,All Other Outpatient Care Centers,2,2,0.0,0.955827557693,1.41161132318,13.9758767144,13.2157785218,15.0579180951,12.2712612652,4.21795927525
2,1,    621 - Ambulatory Care,,,00,000,33140,Michigan City-La Porte MSA,2020,621511,Medical Laboratories,2,2,0.0,0.0,2.10680841796,8.70721569092,9.21959739796,8.09684497084,8.25927824766,1.53441755406
2,1,    621 - Ambulatory Care,,,00,000,33140,Michigan City-La Porte MSA,2020,621512,Diagnostic Imaging Centers,2,2,0.0,0.0,0.0,0.0,0.0,0.0,0.0,0.0
2,1,    621 - Ambulatory Care,,,00,000,33140,Michigan City-La Porte MSA,2020,621610,Home Health Care Services,2,2,1.81522199683,17.0275528799,13.3010049407,42.3669217469,40.9472065683,51.6667495268,46.8545148949,24.0251083154
2,1,    621 - Ambulatory Care,,,00,000,33140,Michigan City-La Porte MSA,2020,621910,Ambulance Services,2,2,0.0,0.0,0.0,0.0,0.0,0.0,0.0,0.0
2,1,    621 - Ambulatory Care,,,00,000,33140,Michigan City-La Porte MSA,2020,621991,Blood and Organ Banks,2,2,0.0,0.0,0.0,0.0,0.0,0.0,0.0,0.0
2,1,    621 - Ambulatory Care,,,00,000,33140,Michigan City-La Porte MSA,2020,621999,All Other Miscellaneous Ambulatory Health Care Services,2,2,0.0,0.0,0.0,0.0,0.0,0.0,0.0,0.0
2,1,    621 - Ambulatory Care,,,00,000,33140,Michigan City-La Porte MSA,2021,621111,Offices of Physicians (except Mental Health Specialists),2,2,2.46482575446,12.1586230281,21.3705321906,179.475142993,245.767243213,224.859970612,165.50366946,46.5722235605
2,1,    621 - Ambulatory Care,,,00,000,33140,Michigan City-La Porte MSA,2021,621112,"Offices of Physicians, Mental Health Specialists",2,2,0.0,0.0,0.0,2.7375612785,3.69434402246,3.810186089,2.80435409106,0.536887852315
2,1,    621 - Ambulatory Care,,,00,000,33140,Michigan City-La Porte MSA,2021,621210,Offices of Dentists,2,2,0.670503384952,1.93555349387,7.61231272136,50.8866786154,46.7984070143,49.07167807,43.2853985805,19.5509344445
2,1,    621 - Ambulatory Care,,,00,000,33140,Michigan City-La Porte MSA,2021,621310,Offices of Chiropractors,2,2,0.0,1.0450292407,1.65724022163,9.84973133273,8.41437157963,9.36482270129,5.60526163935,2.71663807262
2,1,    621 - Ambulatory Care,,,00,000,33140,Michigan City-La Porte MSA,2021,621320,Offices of Optometrists,2,2,0.0,1.44539758617,2.29215692992,13.7937567427,11.4263114067,12.9526443855,7.75273200768,3.75742798356
2,1,    621 - Ambulatory Care,,,00,000,33140,Michigan City-La Porte MSA,2021,621330,Offices of Mental Health Practitioners (except Physicians),2,2,0.0,1.565281893,2.4822732324,14.9660624347,12.374033636,14.0269638729,8.39575985808,4.06907693994
2,1,    621 - Ambulatory Care,,,00,000,33140,Michigan City-La Porte MSA,2021,621340,"Offices of Physical, Occupational and Speech Therapists, and Audiologists",2,2,0.0,1.80505050667,2.86250583736,17.2679136465,14.2694780947,16.1756028477,9.68181555888,4.69237485271
2,1,    621 - Ambulatory Care,,,00,000,33140,Michigan City-La Porte MSA,2021,621391,Offices of Podiatrists,2,2,0.0,0.0,0.0,2.61583910398,2.15753361603,2.84771227755,1.37731691713,0.60557910322
2,1,    621 - Ambulatory Care,,,00,000,33140,Michigan City-La Porte MSA,2021,621399,Offices of All Other Miscellaneous Health Practitioners,2,2,0.0,0.0,0.0,1.8019481621,1.48623962695,1.57571866589,0.948779182814,0.0
2,1,    621 - Ambulatory Care,,,00,000,33140,Michigan City-La Porte MSA,2021,621410,Family Planning Centers,2,2,0.0,0.0,0.0,1.33666543267,1.30825134803,1.47092280416,1.17924802547,0.0
2,1,    621 - Ambulatory Care,,,00,000,33140,Michigan City-La Porte MSA,2021,621420,Outpatient Mental Health and Substance Abuse Centers,2,2,0.0,2.4554765425,4.27366203937,31.4187907025,29.5652774186,33.5539043766,26.4620577096,7.89416670026
2,1,    621 - Ambulatory Care,,,00,000,33140,Michigan City-La Porte MSA,2021,621491,HMO Medical Centers,2,2,0.0,0.0,0.0,0.0,0.0,0.0,0.0,0.0
2,1,    621 - Ambulatory Care,,,00,000,33140,Michigan City-La Porte MSA,2021,621492,Kidney Dialysis Centers,2,2,0.0,1.07165788584,1.44749446904,13.7720298783,12.9033457026,14.644125327,11.5489895053,3.44529701263
2,1,    621 - Ambulatory Care,,,00,000,33140,Michigan City-La Porte MSA,2021,621493,Freestanding Ambulatory Surgical and Emergency Centers,2,2,0.0,1.02951113287,1.39056660744,13.1811932568,12.3958757992,14.0681930815,11.0947844702,3.30979846965
2,1,    621 - Ambulatory Care,,,00,000,33140,Michigan City-La Porte MSA,2021,621498,All Other Outpatient Care Centers,2,2,0.0,1.01807077669,1.37511405256,13.0311964704,12.2581276684,13.9118614649,10.9714946076,3.27301861156
2,1,    621 - Ambulatory Care,,,00,000,33140,Michigan City-La Porte MSA,2021,621511,Medical Laboratories,2,2,0.0,1.02360911076,4.29804989969,13.1491101172,13.4789043959,11.4211950178,13.2622807658,2.53225588137
2,1,    621 - Ambulatory Care,,,00,000,33140,Michigan City-La Porte MSA,2021,621512,Diagnostic Imaging Centers,2,2,0.0,0.0,0.0,0.0,0.0,0.0,0.0,0.0
2,1,    621 - Ambulatory Care,,,00,000,33140,Michigan City-La Porte MSA,2021,621610,Home Health Care Services,2,2,2.05499973914,13.5372642623,14.8547941438,40.5216391129,41.800408081,49.53040346,51.6344901912,28.7729473511
2,1,    621 - Ambulatory Care,,,00,000,33140,Michigan City-La Porte MSA,2021,621910,Ambulance Services,2,2,0.0,0.0,0.0,0.0,0.0,0.0,0.0,0.0
2,1,    621 - Ambulatory Care,,,00,000,33140,Michigan City-La Porte MSA,2021,621991,Blood and Organ Banks,2,2,0.0,0.0,0.0,0.0,0.0,0.0,0.0,0.0
2,1,    621 - Ambulatory Care,,,00,000,33140,Michigan City-La Porte MSA,2021,621999,All Other Miscellaneous Ambulatory Health Care Services,2,2,0.0,0.0,0.0,0.0,0.390721479877,0.0,0.0,0.0
2,1,    621 - Ambulatory Care,,,00,000,33140,Michigan City-La Porte MSA,2022,621111,Offices of Physicians (except Mental Health Specialists),2,2,2.14577276611,13.221609224,28.8175045783,179.904430691,234.158691847,215.006679711,158.467616679,43.7001793401
2,1,    621 - Ambulatory Care,,,00,000,33140,Michigan City-La Porte MSA,2022,621112,"Offices of Physicians, Mental Health Specialists",2,2,0.0,0.0,0.0,2.70387246993,3.99853380084,3.16464795064,2.71627911192,0.0
2,1,    621 - Ambulatory Care,,,00,000,33140,Michigan City-La Porte MSA,2022,621210,Offices of Dentists,2,2,1.26232962501,2.63251847682,10.8803189549,47.4679687281,53.9556317779,45.7834921478,42.4113677715,19.6218848459
2,1,    621 - Ambulatory Care,,,00,000,33140,Michigan City-La Porte MSA,2022,621310,Offices of Chiropractors,2,2,0.0,2.49274527596,3.03941129076,10.5982232639,10.0157254483,8.30342796523,5.92774038968,2.7484353311
2,1,    621 - Ambulatory Care,,,00,000,33140,Michigan City-La Porte MSA,2022,621320,Offices of Optometrists,2,2,0.0,2.93718823214,3.58132183097,12.6212643236,11.8014749468,9.63576192277,6.98462433513,3.23846643665
2,1,    621 - Ambulatory Care,,,00,000,33140,Michigan City-La Porte MSA,2022,621330,Offices of Mental Health Practitioners (except Physicians),2,2,0.0,3.45409471378,4.21158735057,14.8594696028,13.8783792549,11.3315292348,8.21382631516,3.8083939181
2,1,    621 - Ambulatory Care,,,00,000,33140,Michigan City-La Porte MSA,2022,621340,"Offices of Physical, Occupational and Speech Therapists, and Audiologists",2,2,0.0,3.13042430004,3.81693510932,13.4676527176,12.5778877723,10.2696936282,7.44413909402,3.45152343906
2,1,    621 - Ambulatory Care,,,00,000,33140,Michigan City-La Porte MSA,2022,621391,Offices of Podiatrists,2,2,0.0,0.599765533965,0.731295793968,2.17158277071,2.06561290305,1.96759534562,1.02774168156,0.0
2,1,    621 - Ambulatory Care,,,00,000,33140,Michigan City-La Porte MSA,2022,621399,Offices of All Other Miscellaneous Health Practitioners,2,2,0.0,0.0,0.0,1.27107793903,1.20905130906,0.854715408951,0.601561126786,0.0
2,1,    621 - Ambulatory Care,,,00,000,33140,Michigan City-La Porte MSA,2022,621410,Family Planning Centers,2,2,0.0,0.0,0.0,0.705845341309,0.720075140055,0.819137123708,0.0,0.0
2,1,    621 - Ambulatory Care,,,00,000,33140,Michigan City-La Porte MSA,2022,621420,Outpatient Mental Health and Substance Abuse Centers,2,2,0.0,1.18555839674,5.07676858423,26.3950864383,26.6956413818,29.5958144398,22.7564344048,7.26819177278
2,1,    621 - Ambulatory Care,,,00,000,33140,Michigan City-La Porte MSA,2022,621491,HMO Medical Centers,2,2,0.0,0.0,0.0,0.0,0.0,0.0,0.0,0.0
2,1,    621 - Ambulatory Care,,,00,000,33140,Michigan City-La Porte MSA,2022,621492,Kidney Dialysis Centers,2,2,0.0,0.599703809277,2.20577157675,13.4212544011,13.5037446252,14.9707704885,11.5111330118,3.67654794964
2,1,    621 - Ambulatory Care,,,00,000,33140,Michigan City-La Porte MSA,2022,621493,Freestanding Ambulatory Surgical and Emergency Centers,2,2,0.0,0.0,1.83331361286,11.0894062398,11.2235551074,12.4428647194,9.56740809992,3.05574043815
2,1,    621 - Ambulatory Care,,,00,000,33140,Michigan City-La Porte MSA,2022,621498,All Other Outpatient Care Centers,2,2,0.0,0.571127681822,2.1006656749,12.7174152818,12.8602857684,14.2574072599,10.962622899,3.50135896271
2,1,    621 - Ambulatory Care,,,00,000,33140,Michigan City-La Porte MSA,2022,621511,Medical Laboratories,2,2,0.0,0.0,3.60394061795,17.1745700987,15.8241036802,14.8496810476,15.5159878253,3.75084502045
2,1,    621 - Ambulatory Care,,,00,000,33140,Michigan City-La Porte MSA,2022,621512,Diagnostic Imaging Centers,2,2,0.0,0.0,0.0,0.0,0.0,0.0,0.0,0.0
2,1,    621 - Ambulatory Care,,,00,000,33140,Michigan City-La Porte MSA,2022,621610,Home Health Care Services,2,2,0.0,13.013869613,16.8105983212,38.3464199335,52.550001632,63.4352459495,60.7414470569,40.3550622365
2,1,    621 - Ambulatory Care,,,00,000,33140,Michigan City-La Porte MSA,2022,621910,Ambulance Services,2,2,0.0,0.0,0.0,0.0,0.0,0.0,0.0,0.0
2,1,    621 - Ambulatory Care,,,00,000,33140,Michigan City-La Porte MSA,2022,621991,Blood and Organ Banks,2,2,0.0,0.0,0.0,0.0,0.0,0.0,0.0,0.0
2,1,    621 - Ambulatory Care,,,00,000,33140,Michigan City-La Porte MSA,2022,621999,All Other Miscellaneous Ambulatory Health Care Services,2,2,0.0,0.0,0.0,3.80756657504,4.66640829028,3.94352490707,2.48421142058,0.831198382286
2,1,    621 - Ambulatory Care,,,00,000,33140,Michigan City-La Porte MSA,2023,621111,Offices of Physicians (except Mental Health Specialists),2,2,2.58506039011,16.6571959409,31.1937765149,175.24428808,225.915353899,203.419389321,159.223114925,45.8339970745
2,1,    621 - Ambulatory Care,,,00,000,33140,Michigan City-La Porte MSA,2023,621112,"Offices of Physicians, Mental Health Specialists",2,2,0.0,0.0,0.0,2.6046180101,3.7531071808,2.90389634949,2.65504512628,0.0
2,1,    621 - Ambulatory Care,,,00,000,33140,Michigan City-La Porte MSA,2023,621210,Offices of Dentists,2,2,1.53765680897,3.32533403331,11.0352869598,45.1092686964,53.3400312005,48.1500568787,35.2869435168,18.0404045257
2,1,    621 - Ambulatory Care,,,00,000,33140,Michigan City-La Porte MSA,2023,621310,Offices of Chiropractors,2,2,0.0,2.84047864923,3.35905742432,9.53164080715,9.43636801724,7.99098074144,6.01082906174,1.80601311147
2,1,    621 - Ambulatory Care,,,00,000,33140,Michigan City-La Porte MSA,2023,621320,Offices of Optometrists,2,2,0.0,3.2922704944,4.41184745547,11.2737985434,10.676054265,9.26198481496,6.96688044891,2.09326821767
2,1,    621 - Ambulatory Care,,,00,000,33140,Michigan City-La Porte MSA,2023,621330,Offices of Mental Health Practitioners (except Physicians),2,2,0.0,4.50460744784,6.03645445914,15.3756682193,14.6073761671,12.6725935339,9.53234602433,2.86408775333
2,1,    621 - Ambulatory Care,,,00,000,33140,Michigan City-La Porte MSA,2023,621340,"Offices of Physical, Occupational and Speech Therapists, and Audiologists",2,2,1.16459806238,5.94691393816,7.96923496127,20.2110521364,19.2844348667,16.730164391,12.5844576008,3.7811248988
2,1,    621 - Ambulatory Care,,,00,000,33140,Michigan City-La Porte MSA,2023,621391,Offices of Podiatrists,2,2,0.0,0.725519166321,1.05462624329,2.60540249214,2.48627022897,2.5088877429,1.43248365153,0.0
2,1,    621 - Ambulatory Care,,,00,000,33140,Michigan City-La Porte MSA,2023,621399,Offices of All Other Miscellaneous Health Practitioners,2,2,0.0,0.772947228657,1.12356843191,2.77572079322,2.64880071042,2.6728967585,1.52612683434,0.0
2,1,    621 - Ambulatory Care,,,00,000,33140,Michigan City-La Porte MSA,2023,621410,Family Planning Centers,2,2,0.0,0.0,0.614867383558,3.15148137413,3.5207883749,3.8076115826,2.75534992198,0.722583416948
2,1,    621 - Ambulatory Care,,,00,000,33140,Michigan City-La Porte MSA,2023,621420,Outpatient Mental Health and Substance Abuse Centers,2,2,0.0,0.923614070966,4.93090627525,21.2920968488,23.3847411998,25.2897936392,18.3007718668,6.16565091645
2,1,    621 - Ambulatory Care,,,00,000,33140,Michigan City-La Porte MSA,2023,621491,HMO Medical Centers,2,2,0.0,0.0,0.0,0.0,0.0,0.0,0.0,0.0
2,1,    621 - Ambulatory Care,,,00,000,33140,Michigan City-La Porte MSA,2023,621492,Kidney Dialysis Centers,2,2,0.0,0.566895332101,3.02648891819,13.1474502011,14.3530734809,15.5223555103,11.232637604,3.7843497991
2,1,    621 - Ambulatory Care,,,00,000,33140,Michigan City-La Porte MSA,2023,621493,Freestanding Ambulatory Surgical and Emergency Centers,2,2,0.0,0.0,1.44566635765,7.63589735296,8.27802131337,8.95239545169,6.47833466576,1.69892657248
2,1,    621 - Ambulatory Care,,,00,000,33140,Michigan City-La Porte MSA,2023,621498,All Other Outpatient Care Centers,2,2,0.0,0.673067520468,3.59331128084,15.5000700026,17.0412191313,18.4294926127,13.3363658375,4.49310973583
2,1,    621 - Ambulatory Care,,,00,000,33140,Michigan City-La Porte MSA,2023,621511,Medical Laboratories,2,2,0.0,1.1314481503,6.47719034525,18.3247285137,14.6916706607,11.5488287537,13.8182582757,4.50468733664
2,1,    621 - Ambulatory Care,,,00,000,33140,Michigan City-La Porte MSA,2023,621512,Diagnostic Imaging Centers,2,2,0.0,0.0,0.0,0.0,0.0,0.0,0.0,0.0
2,1,    621 - Ambulatory Care,,,00,000,33140,Michigan City-La Porte MSA,2023,621610,Home Health Care Services,2,2,0.610810435508,5.61729317866,13.0270448596,33.6733833687,47.9589592442,58.5017178784,49.5292984664,33.5356413339
2,1,    621 - Ambulatory Care,,,00,000,33140,Michigan City-La Porte MSA,2023,621910,Ambulance Services,2,2,0.0,0.0,0.0,0.0,0.0,0.59246833064,0.0,0.0
2,1,    621 - Ambulatory Care,,,00,000,33140,Michigan City-La Porte MSA,2023,621991,Blood and Organ Banks,2,2,0.0,0.0,0.0,0.0,0.0,0.0,0.0,0.0
2,1,    621 - Ambulatory Care,,,00,000,33140,Michigan City-La Porte MSA,2023,621999,All Other Miscellaneous Ambulatory Health Care Services,2,2,0.0,0.0,0.0,3.50598245694,6.55428952961,8.50880772033,4.23175000977,2.64231552316
2,1,    621 - Ambulatory Care,,,00,000,33140,Michigan City-La Porte MSA,2024,621111,Offices of Physicians (except Mental Health Specialists),2,2,2.96150320811,17.2483664915,32.5349109167,188.69455129,226.622945889,199.239598778,164.280899405,47.6352851728
2,1,    621 - Ambulatory Care,,,00,000,33140,Michigan City-La Porte MSA,2024,621112,"Offices of Physicians, Mental Health Specialists",2,2,0.0,0.0,0.0,2.33798103089,2.64352481135,2.34585965694,1.78139822714,0.0
2,1,    621 - Ambulatory Care,,,00,000,33140,Michigan City-La Porte MSA,2024,621210,Offices of Dentists,2,2,1.5031342137,4.94375838206,8.93293830208,42.8030002688,54.9971657092,47.5788379583,36.1876625205,18.5262317343
2,1,    621 - Ambulatory Care,,,00,000,33140,Michigan City-La Porte MSA,2024,621310,Offices of Chiropractors,2,2,0.0,1.43940644844,3.07229755405,9.94725613983,9.79116888132,8.66760559238,6.60597601421,1.94928027133
2,1,    621 - Ambulatory Care,,,00,000,33140,Michigan City-La Porte MSA,2024,621320,Offices of Optometrists,2,2,0.0,1.60216298781,3.93155841941,11.3724584796,10.5573148253,9.64766893197,7.35292681218,2.1696892542
2,1,    621 - Ambulatory Care,,,00,000,33140,Michigan City-La Porte MSA,2024,621330,Offices of Mental Health Practitioners (except Physicians),2,2,0.0,2.48236726152,4.69650286564,13.5555995807,12.6114008851,11.5247695576,8.7835504806,2.5918352757
2,1,    621 - Ambulatory Care,,,00,000,33140,Michigan City-La Porte MSA,2024,621340,"Offices of Physical, Occupational and Speech Therapists, and Audiologists",2,2,0.51655580179,4.47196549659,8.46071372894,24.1622789113,22.7193415318,20.7617835671,15.8234985192,4.66917128076
2,1,    621 - Ambulatory Care,,,00,000,33140,Michigan City-La Porte MSA,2024,621391,Offices of Podiatrists,2,2,0.0,0.525829572566,1.12234102563,3.19383749903,2.96504463436,3.16636301634,2.413229111,0.0
2,1,    621 - Ambulatory Care,,,00,000,33140,Michigan City-La Porte MSA,2024,621399,Offices of All Other Miscellaneous Health Practitioners,2,2,0.0,0.723487852161,1.54422676165,4.99978236676,4.76736080262,4.3565925109,3.32035708408,0.651547795629
2,1,    621 - Ambulatory Care,,,00,000,33140,Michigan City-La Porte MSA,2024,621410,Family Planning Centers,2,2,0.0,0.0,0.522844628906,2.18240968197,2.96507084015,2.79822467397,2.55530475967,0.579693851385
2,1,    621 - Ambulatory Care,,,00,000,33140,Michigan City-La Porte MSA,2024,621420,Outpatient Mental Health and Substance Abuse Centers,2,2,0.0,1.2922755115,4.26915676706,18.1765522445,19.8486830449,21.9399867897,17.1056399635,5.00621176178
2,1,    621 - Ambulatory Care,,,00,000,33140,Michigan City-La Porte MSA,2024,621491,HMO Medical Centers,2,2,0.0,0.0,0.0,0.0,0.0,0.0,0.0,0.0
2,1,    621 - Ambulatory Care,,,00,000,33140,Michigan City-La Porte MSA,2024,621492,Kidney Dialysis Centers,2,2,0.0,0.877765832438,2.89978407088,12.4323347607,13.4820289022,14.9025270515,11.6188430163,3.40042165569
2,1,    621 - Ambulatory Care,,,00,000,33140,Michigan City-La Porte MSA,2024,621493,Freestanding Ambulatory Surgical and Emergency Centers,2,2,0.0,0.0,0.778730197925,4.2674395505,4.4162071762,4.88150911006,3.80589733784,0.86340201786
2,1,    621 - Ambulatory Care,,,00,000,33140,Michigan City-La Porte MSA,2024,621498,All Other Outpatient Care Centers,2,2,0.0,1.47234080762,4.86401983658,20.5713471562,22.6143928012,24.9970982052,19.48913489,5.70377586115
2,1,    621 - Ambulatory Care,,,00,000,33140,Michigan City-La Porte MSA,2024,621511,Medical Laboratories,2,2,0.0,0.0,6.00624371337,15.2015232377,12.0474642866,8.05132104143,11.2981128607,5.23729284864
2,1,    621 - Ambulatory Care,,,00,000,33140,Michigan City-La Porte MSA,2024,621512,Diagnostic Imaging Centers,2,2,0.0,0.0,0.0,0.0,0.0,0.0,0.0,0.0
2,1,    621 - Ambulatory Care,,,00,000,33140,Michigan City-La Porte MSA,2024,621610,Home Health Care Services,2,2,0.563959258689,9.40995076437,13.1098187592,53.8508813772,59.2021131001,72.0525916982,63.3873533399,46.9926168157
2,1,    621 - Ambulatory Care,,,00,000,33140,Michigan City-La Porte MSA,2024,621910,Ambulance Services,2,2,0.0,0.0,0.0,0.718207932036,1.15841049559,0.589291479804,0.68949086864,0.0
2,1,    621 - Ambulatory Care,,,00,000,33140,Michigan City-La Porte MSA,2024,621991,Blood and Organ Banks,2,2,0.0,0.0,0.0,0.0,0.0,0.0,0.0,0.0
2,1,    621 - Ambulatory Care,,,00,000,33140,Michigan City-La Porte MSA,2024,621999,All Other Miscellaneous Ambulatory Health Care Services,2,2,0.0,0.0,0.0,2.77757105606,6.0064232804,4.50968327466,3.36517517619,1.19182767287
2,1,    621 - Ambulatory Care,,,00,000,34620,Muncie MSA,2020,621111,Offices of Physicians (except Mental Health Specialists),2,2,2.75422630796,21.8986269314,47.5843655948,269.218333071,339.021253937,321.574067668,245.188800983,81.7917577736
2,1,    621 - Ambulatory Care,,,00,000,34620,Muncie MSA,2020,621112,"Offices of Physicians, Mental Health Specialists",2,2,0.0,0.0,0.0,0.527128039113,0.604838475193,0.588674618151,0.0,0.0
2,1,    621 - Ambulatory Care,,,00,000,34620,Muncie MSA,2020,621210,Offices of Dentists,2,2,2.45141414812,8.78054142705,17.5145700586,74.3174865375,81.9056063797,71.7359504301,50.4960617847,12.1787822848
2,1,    621 - Ambulatory Care,,,00,000,34620,Muncie MSA,2020,621310,Offices of Chiropractors,2,2,0.0,0.0,0.575250682671,4.3428766155,3.96799228584,4.35129197909,2.40399543524,0.525259668328
2,1,    621 - Ambulatory Care,,,00,000,34620,Muncie MSA,2020,621320,Offices of Optometrists,2,2,0.548191124077,5.76774750506,8.23294566485,50.7362333141,50.8445816525,50.8345469178,33.3486427476,8.17108717538
2,1,    621 - Ambulatory Care,,,00,000,34620,Muncie MSA,2020,621330,Offices of Mental Health Practitioners (except Physicians),2,2,0.0,1.85229670287,2.15825217544,16.5374152638,16.3286015678,16.3253789396,10.5008753417,2.62412281754
2,1,    621 - Ambulatory Care,,,00,000,34620,Muncie MSA,2020,621340,"Offices of Physical, Occupational and Speech Therapists, and Audiologists",2,2,0.0,2.97033853755,4.23989360914,26.5370708145,26.1845062003,26.1793384014,16.839178441,4.20803703862
2,1,    621 - Ambulatory Care,,,00,000,34620,Muncie MSA,2020,621391,Offices of Podiatrists,2,2,0.0,0.0,0.0,3.82046305206,3.49067432972,3.82786611425,2.11481387818,0.0
2,1,    621 - Ambulatory Care,,,00,000,34620,Muncie MSA,2020,621399,Offices of All Other Miscellaneous Health Practitioners,2,2,0.0,0.0,0.0,2.27492205908,2.46963040405,2.33874582321,1.49621768149,0.0
2,1,    621 - Ambulatory Care,,,00,000,34620,Muncie MSA,2020,621410,Family Planning Centers,2,2,0.0,1.20112821023,3.27434694265,16.0232602256,14.6648026788,12.6252691575,11.4370329873,3.15798286868
2,1,    621 - Ambulatory Care,,,00,000,34620,Muncie MSA,2020,621420,Outpatient Mental Health and Substance Abuse Centers,2,2,0.0,9.1772606084,20.3470349268,98.7262582077,91.6411693256,78.4543596046,71.0705718506,19.6239399345
2,1,    621 - Ambulatory Care,,,00,000,34620,Muncie MSA,2020,621491,HMO Medical Centers,2,2,0.0,0.0,0.0,0.0,0.0,0.0,0.0,0.0
2,1,    621 - Ambulatory Care,,,00,000,34620,Muncie MSA,2020,621492,Kidney Dialysis Centers,2,2,0.0,1.82143975784,4.96535311675,24.3008984473,22.238304298,19.1454725658,17.3435828226,4.78889389374
2,1,    621 - Ambulatory Care,,,00,000,34620,Muncie MSA,2020,621493,Freestanding Ambulatory Surgical and Emergency Centers,2,2,0.0,1.48316561419,4.04319768105,19.722451674,18.108250965,15.5898137474,14.1225673584,3.8995101115
2,1,    621 - Ambulatory Care,,,00,000,34620,Muncie MSA,2020,621498,All Other Outpatient Care Centers,2,2,0.0,4.63882192833,10.2847980266,50.1967660492,46.0624778904,39.6562568326,35.9239800663,9.9192958305
2,1,    621 - Ambulatory Care,,,00,000,34620,Muncie MSA,2020,621511,Medical Laboratories,2,2,0.0,0.602797017926,1.40767581879,5.11105755471,10.2565692001,8.82251417493,9.08185794256,4.6295104814
2,1,    621 - Ambulatory Care,,,00,000,34620,Muncie MSA,2020,621512,Diagnostic Imaging Centers,2,2,0.0,0.552690455453,1.29066496065,4.68620886261,9.40400787334,8.10563535148,8.32694265791,4.24468963913
2,1,    621 - Ambulatory Care,,,00,000,34620,Muncie MSA,2020,621610,Home Health Care Services,2,2,2.38405176344,16.9692572726,17.644328055,52.6515412165,61.8068023128,64.1662296724,46.5916125653,23.1527881738
2,1,    621 - Ambulatory Care,,,00,000,34620,Muncie MSA,2020,621910,Ambulance Services,2,2,0.0,11.7593413014,17.7167294095,49.3402090725,32.9061072346,25.5097626088,15.5518914313,4.88564670115
2,1,    621 - Ambulatory Care,,,00,000,34620,Muncie MSA,2020,621991,Blood and Organ Banks,2,2,0.0,3.82583168588,5.7640324409,16.0525432862,10.7058060898,8.31162715723,5.05971529258,1.58951606864
2,1,    621 - Ambulatory Care,,,00,000,34620,Muncie MSA,2020,621999,All Other Miscellaneous Ambulatory Health Care Services,2,2,0.0,0.0,0.0,1.80574099128,0.756021392192,0.0,0.0,0.0
2,1,    621 - Ambulatory Care,,,00,000,34620,Muncie MSA,2021,621111,Offices of Physicians (except Mental Health Specialists),2,2,2.1299927383,16.3791152119,54.0619859233,305.187058978,355.846805315,333.508765892,244.083798804,82.5607890085
2,1,    621 - Ambulatory Care,,,00,000,34620,Muncie MSA,2021,621112,"Offices of Physicians, Mental Health Specialists",2,2,0.0,0.0,0.0,0.513438114044,0.542304214528,0.532249734007,0.0,0.0
2,1,    621 - Ambulatory Care,,,00,000,34620,Muncie MSA,2021,621210,Offices of Dentists,2,2,2.26282336713,17.5852844893,21.9911935154,81.0909454769,92.7446195736,84.3546330528,49.4144054367,14.8455871253
2,1,    621 - Ambulatory Care,,,00,000,34620,Muncie MSA,2021,621310,Offices of Chiropractors,2,2,0.0,0.87677872352,1.33819037327,5.01845357696,5.04705631684,5.09853410119,2.45432024154,0.0
2,1,    621 - Ambulatory Care,,,00,000,34620,Muncie MSA,2021,621320,Offices of Optometrists,2,2,1.34017137498,9.18857910622,13.9051883721,49.5626499008,49.1675848201,49.6690728499,28.1698949256,7.83723354142
2,1,    621 - Ambulatory Care,,,00,000,34620,Muncie MSA,2021,621330,Offices of Mental Health Practitioners (except Physicians),2,2,0.570157108537,3.63383273692,5.54616559022,21.1271563868,20.9176591279,21.1310101742,11.9844865653,3.33424105181
2,1,    621 - Ambulatory Care,,,00,000,34620,Muncie MSA,2021,621340,"Offices of Physical, Occupational and Speech Therapists, and Audiologists",2,2,0.64257516782,4.09538116037,6.25060747562,23.8247109809,23.5744992446,23.8149489072,13.5066867546,3.75773707166
2,1,    621 - Ambulatory Care,,,00,000,34620,Muncie MSA,2021,621391,Offices of Podiatrists,2,2,0.0,0.777312229675,1.18637886034,4.57401829839,4.47449110442,4.52012897207,2.17588895364,0.0
2,1,    621 - Ambulatory Care,,,00,000,34620,Muncie MSA,2021,621399,Offices of All Other Miscellaneous Health Practitioners,2,2,0.0,0.585407143289,0.893482223713,2.84048784992,2.97529037841,2.8999665283,1.63869920971,0.0
2,1,    621 - Ambulatory Care,,,00,000,34620,Muncie MSA,2021,621410,Family Planning Centers,2,2,0.0,0.827679281804,2.24003954357,12.2394909958,12.5286266804,10.4721314022,9.12489796259,2.75358727963
2,1,    621 - Ambulatory Care,,,00,000,34620,Muncie MSA,2021,621420,Outpatient Mental Health and Substance Abuse Centers,2,2,0.0,7.39402917188,20.5467094338,91.7252350004,95.4847467827,79.3340064363,69.1277339726,20.8604249294
2,1,    621 - Ambulatory Care,,,00,000,34620,Muncie MSA,2021,621491,HMO Medical Centers,2,2,0.0,0.0,0.0,0.0,0.0,0.0,0.0,0.0
2,1,    621 - Ambulatory Care,,,00,000,34620,Muncie MSA,2021,621492,Kidney Dialysis Centers,2,2,0.0,1.41926744133,4.65071933263,20.9812825338,21.483529095,17.957142902,15.6469672111,4.72172840223
2,1,    621 - Ambulatory Care,,,00,000,34620,Muncie MSA,2021,621493,Freestanding Ambulatory Surgical and Emergency Centers,2,2,0.0,0.970771257251,3.18106688155,14.3004686851,14.6946177602,12.2825886679,10.7024409843,3.22963670128
2,1,    621 - Ambulatory Care,,,00,000,34620,Muncie MSA,2021,621498,All Other Outpatient Care Centers,2,2,0.0,4.01588485397,11.1594392308,50.1563298923,51.5499044882,43.088311859,37.5450263174,11.3298260764
2,1,    621 - Ambulatory Care,,,00,000,34620,Muncie MSA,2021,621511,Medical Laboratories,2,2,0.0,0.548159167863,1.14176358374,5.05812768313,9.03584704169,7.86643845645,8.14218335158,3.73358700436
2,1,    621 - Ambulatory Care,,,00,000,34620,Muncie MSA,2021,621512,Diagnostic Imaging Centers,2,2,0.0,0.542574302187,1.13013083795,5.00659344757,8.97030185481,7.78629202325,8.05922751869,3.69554772101
2,1,    621 - Ambulatory Care,,,00,000,34620,Muncie MSA,2021,621610,Home Health Care Services,2,2,2.15521999025,16.8632810826,19.3308471777,60.3303491545,66.2221912531,75.2008854979,60.0420784479,29.9471730865
2,1,    621 - Ambulatory Care,,,00,000,34620,Muncie MSA,2021,621910,Ambulance Services,2,2,0.977345023799,12.1047702878,20.4184288462,52.7847468336,38.6575398976,30.1709639921,16.3132396595,6.4830604193
2,1,    621 - Ambulatory Care,,,00,000,34620,Muncie MSA,2021,621991,Blood and Organ Banks,2,2,0.0,3.78425607339,6.3833151339,16.5150390803,12.0853206349,9.43220325647,5.09992959722,2.02676797516
2,1,    621 - Ambulatory Care,,,00,000,34620,Muncie MSA,2021,621999,All Other Miscellaneous Ambulatory Health Care Services,2,2,0.0,0.0,0.0,1.7829159634,0.721382191742,0.0,0.0,0.0
2,1,    621 - Ambulatory Care,,,00,000,34620,Muncie MSA,2022,621111,Offices of Physicians (except Mental Health Specialists),2,2,2.62750176697,18.0191441488,54.7538548786,323.987510017,391.210227231,361.252633995,257.85896095,89.173282384
2,1,    621 - Ambulatory Care,,,00,000,34620,Muncie MSA,2022,621112,"Offices of Physicians, Mental Health Specialists",2,2,0.0,0.0,0.0,0.0,0.856612219908,0.0,0.0,0.0
2,1,    621 - Ambulatory Care,,,00,000,34620,Muncie MSA,2022,621210,Offices of Dentists,2,2,4.58908663943,16.5442619862,19.9462186409,81.2682206258,97.9371402957,77.6034866637,48.1611265895,16.0748122445
2,1,    621 - Ambulatory Care,,,00,000,34620,Muncie MSA,2022,621310,Offices of Chiropractors,2,2,0.0,1.40974720004,2.03579098033,6.33081395907,4.62153733422,4.3736661842,2.21872408842,0.509720253731
2,1,    621 - Ambulatory Care,,,00,000,34620,Muncie MSA,2022,621320,Offices of Optometrists,2,2,0.756342045837,13.1326303073,18.9672069164,52.2635515739,37.8064495103,35.7787415334,21.2291403445,6.20698262496
2,1,    621 - Ambulatory Care,,,00,000,34620,Muncie MSA,2022,621330,Offices of Mental Health Practitioners (except Physicians),2,2,0.81269428085,14.1110937862,20.3803830151,56.2128298407,40.6232675618,38.4444825991,22.8108446969,6.66944183311
2,1,    621 - Ambulatory Care,,,00,000,34620,Muncie MSA,2022,621340,"Offices of Physical, Occupational and Speech Therapists, and Audiologists",2,2,0.0,7.11399866472,10.274612284,28.3391983013,20.4799057798,19.381488212,11.4999107209,3.36234745613
2,1,    621 - Ambulatory Care,,,00,000,34620,Muncie MSA,2022,621391,Offices of Podiatrists,2,2,0.0,1.16271121238,1.67905068287,5.31998256355,3.81168572407,3.60725008813,1.82992764569,0.0
2,1,    621 - Ambulatory Care,,,00,000,34620,Muncie MSA,2022,621399,Offices of All Other Miscellaneous Health Practitioners,2,2,0.0,0.874588406103,1.26297763784,3.92755274822,2.42416869584,2.32218173946,1.37646690415,0.0
2,1,    621 - Ambulatory Care,,,00,000,34620,Muncie MSA,2022,621410,Family Planning Centers,2,2,0.0,1.20981126698,3.07245433513,13.2238060075,14.6597308694,11.7086658566,10.0824947271,3.04591327674
2,1,    621 - Ambulatory Care,,,00,000,34620,Muncie MSA,2022,621420,Outpatient Mental Health and Substance Abuse Centers,2,2,0.90162288145,9.02269106616,19.6192106018,84.0117756476,93.6099664703,74.7658894977,64.3819454633,19.4497322118
2,1,    621 - Ambulatory Care,,,00,000,34620,Muncie MSA,2022,621491,HMO Medical Centers,2,2,0.0,0.0,0.0,0.0,0.0,0.0,0.0,0.0
2,1,    621 - Ambulatory Care,,,00,000,34620,Muncie MSA,2022,621492,Kidney Dialysis Centers,2,2,0.0,1.67212874017,4.24656253158,18.2771481028,20.2618027943,16.1830173203,13.9354208925,4.20987906885
2,1,    621 - Ambulatory Care,,,00,000,34620,Muncie MSA,2022,621493,Freestanding Ambulatory Surgical and Emergency Centers,2,2,0.0,1.5188999311,3.85742041367,16.5117613305,18.4050726053,14.7000546682,12.6584211639,3.82409851227
2,1,    621 - Ambulatory Care,,,00,000,34620,Muncie MSA,2022,621498,All Other Outpatient Care Centers,2,2,0.509725389748,5.10090728052,11.0915660819,47.5141759707,52.9216567426,42.2683063486,36.3978254314,10.9957528099
2,1,    621 - Ambulatory Care,,,00,000,34620,Muncie MSA,2022,621511,Medical Laboratories,2,2,0.0,0.797020596036,1.05500135498,4.99290402698,7.23053399626,6.26964759415,8.10390561716,2.29843432137
2,1,    621 - Ambulatory Care,,,00,000,34620,Muncie MSA,2022,621512,Diagnostic Imaging Centers,2,2,0.0,0.736165479576,0.974448567962,4.61167955481,6.699364029,5.79093959538,7.48514604863,2.12294138054
2,1,    621 - Ambulatory Care,,,00,000,34620,Muncie MSA,2022,621610,Home Health Care Services,2,2,1.80239919679,8.96487831808,14.1505474148,56.5417036317,60.108212046,76.7983937487,61.2151295034,29.3083618744
2,1,    621 - Ambulatory Care,,,00,000,34620,Muncie MSA,2022,621910,Ambulance Services,2,2,0.509725596709,14.8306016908,17.7635791835,50.7216563969,33.8156427469,30.700893961,16.9382749752,8.28552451306
2,1,    621 - Ambulatory Care,,,00,000,34620,Muncie MSA,2022,621991,Blood and Organ Banks,2,2,0.0,3.03357905551,3.63351554342,10.3853132442,6.91694293487,6.27982538043,3.46470070953,1.22670120052
2,1,    621 - Ambulatory Care,,,00,000,34620,Muncie MSA,2022,621999,All Other Miscellaneous Ambulatory Health Care Services,2,2,0.0,0.0,0.0,2.43958528235,1.64171068926,1.49049320644,0.0,0.0
2,1,    621 - Ambulatory Care,,,00,000,34620,Muncie MSA,2023,621111,Offices of Physicians (except Mental Health Specialists),2,2,3.0189690031,19.0515302195,62.5766748196,355.251648775,434.105507655,383.304640416,275.301124777,106.089364077
2,1,    621 - Ambulatory Care,,,00,000,34620,Muncie MSA,2023,621112,"Offices of Physicians, Mental Health Specialists",2,2,0.0,0.0,0.0,0.726169747926,0.862526194038,0.768760968115,0.0,0.0
2,1,    621 - Ambulatory Care,,,00,000,34620,Muncie MSA,2023,621210,Offices of Dentists,2,2,5.10774554582,16.437858685,19.3060534432,74.3390573597,96.7248827035,78.2570422047,40.5178954932,17.9908999768
2,1,    621 - Ambulatory Care,,,00,000,34620,Muncie MSA,2023,621310,Offices of Chiropractors,2,2,0.0,1.68358244707,2.46512175111,7.14514982262,4.34771959949,4.14950039883,2.43630583064,0.689286816903
2,1,    621 - Ambulatory Care,,,00,000,34620,Muncie MSA,2023,621320,Offices of Optometrists,2,2,0.846957459571,11.7375518365,15.7360346337,40.7383838748,24.5027914762,23.3856716553,15.8084113692,4.79742192324
2,1,    621 - Ambulatory Care,,,00,000,34620,Muncie MSA,2023,621330,Offices of Mental Health Practitioners (except Physicians),2,2,1.59609004539,22.1193985977,29.6545333522,76.5125994947,46.1754732986,44.0702626939,29.7909272002,9.04073432343
2,1,    621 - Ambulatory Care,,,00,000,34620,Muncie MSA,2023,621340,"Offices of Physical, Occupational and Speech Therapists, and Audiologists",2,2,0.897929367472,12.4439455337,16.6830665052,43.0377403615,25.9774275589,24.7930768187,16.7597990443,5.08614214841
2,1,    621 - Ambulatory Care,,,00,000,34620,Muncie MSA,2023,621391,Offices of Podiatrists,2,2,0.0,1.53341157467,2.24523974618,6.7098192542,3.95991510181,3.77937650263,2.21899412569,0.627804349677
2,1,    621 - Ambulatory Care,,,00,000,34620,Muncie MSA,2023,621399,Offices of All Other Miscellaneous Health Practitioners,2,2,0.0,1.04403333194,1.5286862131,4.43089353271,2.69613417964,2.16678925161,1.51081671017,0.0
2,1,    621 - Ambulatory Care,,,00,000,34620,Muncie MSA,2023,621410,Family Planning Centers,2,2,0.0,0.0,0.0,0.288935082455,0.0,0.0,0.0,0.0
2,1,    621 - Ambulatory Care,,,00,000,34620,Muncie MSA,2023,621420,Outpatient Mental Health and Substance Abuse Centers,2,2,1.19250287587,9.11338599525,23.4188727362,96.9204995106,106.233856525,96.4989477201,73.9892687151,22.5355504501
2,1,    621 - Ambulatory Care,,,00,000,34620,Muncie MSA,2023,621491,HMO Medical Centers,2,2,0.0,0.0,0.0,0.0,0.0,0.0,0.0,0.0
2,1,    621 - Ambulatory Care,,,00,000,34620,Muncie MSA,2023,621492,Kidney Dialysis Centers,2,2,0.0,1.34595608126,4.21244658505,17.6250603269,19.1087099356,17.3576528368,13.3087465754,4.05355986194
2,1,    621 - Ambulatory Care,,,00,000,34620,Muncie MSA,2023,621493,Freestanding Ambulatory Surgical and Emergency Centers,2,2,0.0,1.81616147743,5.68405115143,23.5781654131,25.7842758404,23.4214926174,17.958114072,5.4696578664
2,1,    621 - Ambulatory Care,,,00,000,34620,Muncie MSA,2023,621498,All Other Outpatient Care Centers,2,2,0.708064786775,5.41119677117,13.9052739125,57.5855254643,63.0777958616,57.2975614767,43.9321336966,13.3807893022
2,1,    621 - Ambulatory Care,,,00,000,34620,Muncie MSA,2023,621511,Medical Laboratories,2,2,0.0,0.0,1.19311307862,4.32611664704,8.23428245121,8.02088670994,7.79828440718,2.47017807453
2,1,    621 - Ambulatory Care,,,00,000,34620,Muncie MSA,2023,621512,Diagnostic Imaging Centers,2,2,0.0,0.0,0.574510574828,2.08312171428,3.96499077005,3.97293844519,3.7550479814,0.836118868508
2,1,    621 - Ambulatory Care,,,00,000,34620,Muncie MSA,2023,621610,Home Health Care Services,2,2,0.85517101603,6.98634836511,9.4045639097,47.7868648144,60.2077714619,70.3977113061,54.7892108651,24.8014019491
2,1,    621 - Ambulatory Care,,,00,000,34620,Muncie MSA,2023,621910,Ambulance Services,2,2,0.615772173086,13.9917526107,16.9006118849,44.9200412123,32.2978008586,28.9944394586,15.8944500426,8.10007459515
2,1,    621 - Ambulatory Care,,,00,000,34620,Muncie MSA,2023,621991,Blood and Organ Banks,2,2,0.0,3.52727492076,4.26058879869,11.3241949894,8.14216961477,7.4013229427,4.00693869984,2.04200222593
2,1,    621 - Ambulatory Care,,,00,000,34620,Muncie MSA,2023,621999,All Other Miscellaneous Ambulatory Health Care Services,2,2,0.0,0.0,0.0,1.07048569428,0.826399780448,0.615233155232,0.0,0.0
2,1,    621 - Ambulatory Care,,,00,000,34620,Muncie MSA,2024,621111,Offices of Physicians (except Mental Health Specialists),2,2,3.7375036498,21.0940827949,59.2486834566,359.802937373,429.436526907,413.447371333,282.563553342,117.748678642
2,1,    621 - Ambulatory Care,,,00,000,34620,Muncie MSA,2024,621112,"Offices of Physicians, Mental Health Specialists",2,2,0.0,0.0,0.0,0.0,0.0,0.0,0.0,0.0
2,1,    621 - Ambulatory Care,,,00,000,34620,Muncie MSA,2024,621210,Offices of Dentists,2,2,4.41312624364,19.7358655952,19.6948109174,72.2286550998,88.4543636526,85.4778275557,53.5892567277,17.4836985483
2,1,    621 - Ambulatory Care,,,00,000,34620,Muncie MSA,2024,621310,Offices of Chiropractors,2,2,0.0,1.51821886288,3.03131834025,6.36865341998,3.40272347912,3.2313546767,1.85071723782,0.597013983246
2,1,    621 - Ambulatory Care,,,00,000,34620,Muncie MSA,2024,621320,Offices of Optometrists,2,2,0.66801725892,10.7763660361,16.5729928259,35.2831560041,18.6035597315,17.6666426498,11.7259619993,4.1674020479
2,1,    621 - Ambulatory Care,,,00,000,34620,Muncie MSA,2024,621330,Offices of Mental Health Practitioners (except Physicians),2,2,1.96103955488,20.4177437788,31.4004851018,66.6457329048,35.24775557,33.4725993761,22.2169223707,7.89588502771
2,1,    621 - Ambulatory Care,,,00,000,34620,Muncie MSA,2024,621340,"Offices of Physical, Occupational and Speech Therapists, and Audiologists",2,2,1.90945292534,19.8806395772,30.5744715784,64.6315353051,34.3205366854,32.5920773185,21.6324894147,7.68817779671
2,1,    621 - Ambulatory Care,,,00,000,34620,Muncie MSA,2024,621391,Offices of Podiatrists,2,2,0.0,1.58688725102,3.16842356892,6.94208778288,3.55662720296,3.37750746309,1.93442438488,0.624016669702
2,1,    621 - Ambulatory Care,,,00,000,34620,Muncie MSA,2024,621399,Offices of All Other Miscellaneous Health Practitioners,2,2,0.0,1.49383185981,2.9826265663,6.26635435474,3.34806586028,3.17944973839,1.82098934545,0.587424205251
2,1,    621 - Ambulatory Care,,,00,000,34620,Muncie MSA,2024,621410,Family Planning Centers,2,2,0.0,0.0,0.0,0.356332865809,0.0,0.0,0.0,0.0
2,1,    621 - Ambulatory Care,,,00,000,34620,Muncie MSA,2024,621420,Outpatient Mental Health and Substance Abuse Centers,2,2,0.949173158536,7.57514426365,17.6806603015,78.0253376523,89.2181253111,77.9762990037,57.8071094884,17.9424645506
2,1,    621 - Ambulatory Care,,,00,000,34620,Muncie MSA,2024,621491,HMO Medical Centers,2,2,0.0,0.0,0.0,0.0,0.0,0.0,0.0,0.0
2,1,    621 - Ambulatory Care,,,00,000,34620,Muncie MSA,2024,621492,Kidney Dialysis Centers,2,2,0.0,1.27734449779,3.6665108918,16.4034680017,18.5015278062,16.1702642732,11.987696893,3.72080231049
2,1,    621 - Ambulatory Care,,,00,000,34620,Muncie MSA,2024,621493,Freestanding Ambulatory Surgical and Emergency Centers,2,2,0.821884339046,6.55927991676,15.309596226,67.1849598536,77.253533028,67.5192912816,50.054889929,15.5362912293
2,1,    621 - Ambulatory Care,,,00,000,34620,Muncie MSA,2024,621498,All Other Outpatient Care Centers,2,2,0.0,0.0,0.921615592745,5.32780392793,5.50564129944,4.81190935894,3.56727075682,0.762920064958
2,1,    621 - Ambulatory Care,,,00,000,34620,Muncie MSA,2024,621511,Medical Laboratories,2,2,0.0,0.0,1.0743137022,4.89321033816,7.67421439476,9.92518831499,7.18961125804,2.51085660876
2,1,    621 - Ambulatory Care,,,00,000,34620,Muncie MSA,2024,621512,Diagnostic Imaging Centers,2,2,0.0,0.0,0.0,1.8050545695,2.8309381374,3.85016169401,2.65217306378,0.677106537142
2,1,    621 - Ambulatory Care,,,00,000,34620,Muncie MSA,2024,621610,Home Health Care Services,2,2,2.353719052,23.3153005541,26.8617092268,107.384242076,122.210132129,132.915719728,119.989426997,67.80352361
2,1,    621 - Ambulatory Care,,,00,000,34620,Muncie MSA,2024,621910,Ambulance Services,2,2,0.0,14.5565856343,15.2174467149,41.3783683685,34.2030630637,26.4742118469,16.9254743675,9.77557628245
2,1,    621 - Ambulatory Care,,,00,000,34620,Muncie MSA,2024,621991,Blood and Organ Banks,2,2,0.0,2.2034286701,2.30346313482,6.26343879506,5.17731366774,4.23132675625,2.56200708143,1.06408996014
2,1,    621 - Ambulatory Care,,,00,000,34620,Muncie MSA,2024,621999,All Other Miscellaneous Ambulatory Health Care Services,2,2,0.0,0.836408932796,0.831996902842,3.2991255576,2.72703356732,2.07342520193,1.34947962575,0.560485461414
2,1,    621 - Ambulatory Care,,,00,000,43780,South Bend-Mishawaka MSA,2020,621111,Offices of Physicians (except Mental Health Specialists),2,2,5.73987466574,38.2346379912,96.8642922382,650.914521091,751.2878151,735.915563666,550.106806209,137.971411971
2,1,    621 - Ambulatory Care,,,00,000,43780,South Bend-Mishawaka MSA,2020,621112,"Offices of Physicians, Mental Health Specialists",2,2,0.0,0.699942617895,1.80617747667,12.4941355181,14.8989210347,14.2978872528,10.8005521733,2.7225328985
2,1,    621 - Ambulatory Care,,,00,000,43780,South Bend-Mishawaka MSA,2020,621210,Offices of Dentists,2,2,6.01029870944,23.1370081819,59.1296988267,243.279182503,279.175139317,216.837757661,167.593804206,51.9217597454
2,1,    621 - Ambulatory Care,,,00,000,43780,South Bend-Mishawaka MSA,2020,621310,Offices of Chiropractors,2,2,1.0885475964,5.07495930994,9.33967672583,33.0213324146,28.1904382735,28.9552022923,17.9768524459,8.21975745512
2,1,    621 - Ambulatory Care,,,00,000,43780,South Bend-Mishawaka MSA,2020,621320,Offices of Optometrists,2,2,1.31745169572,5.37787829708,9.60294188703,35.8760868033,27.0655176008,24.96682353,18.8015036889,8.76080999529
2,1,    621 - Ambulatory Care,,,00,000,43780,South Bend-Mishawaka MSA,2020,621330,Offices of Mental Health Practitioners (except Physicians),2,2,1.0125247021,4.13315694106,7.38032058788,27.8913621127,20.8011460571,20.1714708632,14.1790603115,6.73310191141
2,1,    621 - Ambulatory Care,,,00,000,43780,South Bend-Mishawaka MSA,2020,621340,"Offices of Physical, Occupational and Speech Therapists, and Audiologists",2,2,4.06988490205,12.9079550762,23.0489303829,87.145966847,64.9625123524,59.9252379317,44.2815688184,21.0276498655
2,1,    621 - Ambulatory Care,,,00,000,43780,South Bend-Mishawaka MSA,2020,621391,Offices of Podiatrists,2,2,0.0,0.525178528413,0.97583322753,4.35941237849,3.28881332866,3.03379463164,2.24181313915,0.658488099449
2,1,    621 - Ambulatory Care,,,00,000,43780,South Bend-Mishawaka MSA,2020,621399,Offices of All Other Miscellaneous Health Practitioners,2,2,0.0,1.57135988813,3.49137010119,13.2703871651,9.84029061471,9.33065004898,6.70761474995,3.1851937083
2,1,    621 - Ambulatory Care,,,00,000,43780,South Bend-Mishawaka MSA,2020,621410,Family Planning Centers,2,2,0.0,0.0,0.759310959134,3.36064433166,3.49149720338,3.16161394079,1.96433441918,0.703124779357
2,1,    621 - Ambulatory Care,,,00,000,43780,South Bend-Mishawaka MSA,2020,621420,Outpatient Mental Health and Substance Abuse Centers,2,2,2.02348382486,7.5334803276,25.3655692393,99.8251895654,103.589690324,93.2690793086,69.6394485831,29.9442483949
2,1,    621 - Ambulatory Care,,,00,000,43780,South Bend-Mishawaka MSA,2020,621491,HMO Medical Centers,2,2,0.0,0.0,0.0,0.0,0.0,0.0,0.0,0.0
2,1,    621 - Ambulatory Care,,,00,000,43780,South Bend-Mishawaka MSA,2020,621492,Kidney Dialysis Centers,2,2,0.0,1.47196215909,5.95404878214,23.6665617221,24.1773293129,21.8930094897,16.3464367826,7.02880010324
2,1,    621 - Ambulatory Care,,,00,000,43780,South Bend-Mishawaka MSA,2020,621493,Freestanding Ambulatory Surgical and Emergency Centers,2,2,1.0531215487,3.9207975731,13.2015028896,52.2807592379,53.6067295494,48.5418643039,36.2438300922,15.5844750805
2,1,    621 - Ambulatory Care,,,00,000,43780,South Bend-Mishawaka MSA,2020,621498,All Other Outpatient Care Centers,2,2,0.0,0.0,1.43557517257,6.43907865535,6.60112519116,5.97743839207,4.46306017653,1.91907008523
2,1,    621 - Ambulatory Care,,,00,000,43780,South Bend-Mishawaka MSA,2020,621511,Medical Laboratories,2,2,0.812293166175,10.8977705817,17.9289042956,80.5645186548,95.5155713083,96.9307280791,160.769409637,31.8379229628
2,1,    621 - Ambulatory Care,,,00,000,43780,South Bend-Mishawaka MSA,2020,621512,Diagnostic Imaging Centers,2,2,0.0,1.77726803697,2.92394378313,13.1389023879,15.4570718858,15.9653210401,26.2191547278,5.19230262932
2,1,    621 - Ambulatory Care,,,00,000,43780,South Bend-Mishawaka MSA,2020,621610,Home Health Care Services,2,2,6.48391783576,26.8662657859,23.1505459157,150.758016118,213.627832159,243.409334122,224.937161346,97.5117301707
2,1,    621 - Ambulatory Care,,,00,000,43780,South Bend-Mishawaka MSA,2020,621910,Ambulance Services,2,2,0.0,0.866698097562,0.981726750529,5.79812943959,3.65365579287,3.06235585062,0.928760473673,0.0
2,1,    621 - Ambulatory Care,,,00,000,43780,South Bend-Mishawaka MSA,2020,621991,Blood and Organ Banks,2,2,0.0,8.17249217482,8.87143668211,44.4271977875,27.9955268762,23.9193954346,10.5294895377,3.95573371548
2,1,    621 - Ambulatory Care,,,00,000,43780,South Bend-Mishawaka MSA,2020,621999,All Other Miscellaneous Ambulatory Health Care Services,2,2,0.0,0.0,0.0,2.33605680107,1.03820203977,0.834414867545,0.0,0.0
2,1,    621 - Ambulatory Care,,,00,000,43780,South Bend-Mishawaka MSA,2021,621111,Offices of Physicians (except Mental Health Specialists),2,2,5.19317187418,47.7392319016,96.6314368442,669.455344591,789.782344633,755.953782058,582.449223798,143.607748261
2,1,    621 - Ambulatory Care,,,00,000,43780,South Bend-Mishawaka MSA,2021,621112,"Offices of Physicians, Mental Health Specialists",2,2,0.0,0.84938426954,1.62216627196,12.3601538823,15.0084494729,13.9958806458,10.7220134881,2.68647721043
2,1,    621 - Ambulatory Care,,,00,000,43780,South Bend-Mishawaka MSA,2021,621210,Offices of Dentists,2,2,6.15790842061,34.5381614084,63.478351614,259.188930817,315.569494832,236.032222536,170.323830878,54.1441822699
2,1,    621 - Ambulatory Care,,,00,000,43780,South Bend-Mishawaka MSA,2021,621310,Offices of Chiropractors,2,2,0.506744627304,7.11835640555,12.3953754791,35.3633604429,30.4978345337,26.651479152,17.3821927605,8.18616060662
2,1,    621 - Ambulatory Care,,,00,000,43780,South Bend-Mishawaka MSA,2021,621320,Offices of Optometrists,2,2,0.536714202882,6.6380932396,12.8269291196,37.0173718137,27.5235329249,21.1528843618,16.0883649045,8.18366506186
2,1,    621 - Ambulatory Care,,,00,000,43780,South Bend-Mishawaka MSA,2021,621330,Offices of Mental Health Practitioners (except Physicians),2,2,0.0,5.86838933755,11.3396138563,33.3909529537,25.2962453939,20.0358284565,14.2228778139,7.23474815095
2,1,    621 - Ambulatory Care,,,00,000,43780,South Bend-Mishawaka MSA,2021,621340,"Offices of Physical, Occupational and Speech Therapists, and Audiologists",2,2,2.77253020995,21.114754773,40.8004909053,117.375797225,88.1633311478,67.2840753994,51.1746170769,26.0309812906
2,1,    621 - Ambulatory Care,,,00,000,43780,South Bend-Mishawaka MSA,2021,621391,Offices of Podiatrists,2,2,0.0,0.610834451081,1.29417117283,4.40035233298,3.30611055591,2.03820669198,1.9325249118,0.584466550092
2,1,    621 - Ambulatory Care,,,00,000,43780,South Bend-Mishawaka MSA,2021,621399,Offices of All Other Miscellaneous Health Practitioners,2,2,0.0,2.52910862612,4.88705052972,14.7703580386,11.3687865226,9.28159200877,6.12965515721,3.11797034993
2,1,    621 - Ambulatory Care,,,00,000,43780,South Bend-Mishawaka MSA,2021,621410,Family Planning Centers,2,2,0.0,0.0,0.747049464415,3.69038723449,3.83607554345,3.37321088912,1.98548116059,0.861955231394
2,1,    621 - Ambulatory Care,,,00,000,43780,South Bend-Mishawaka MSA,2021,621420,Outpatient Mental Health and Substance Abuse Centers,2,2,2.28865845321,10.7322224046,23.9689993564,103.834096007,107.841016946,94.2295665341,66.9294906115,32.4350672441
2,1,    621 - Ambulatory Care,,,00,000,43780,South Bend-Mishawaka MSA,2021,621491,HMO Medical Centers,2,2,0.0,0.0,0.0,0.0,0.0,0.536676691658,0.0,0.0
2,1,    621 - Ambulatory Care,,,00,000,43780,South Bend-Mishawaka MSA,2021,621492,Kidney Dialysis Centers,2,2,0.52523390045,2.1334528477,5.5007469569,24.1168329094,24.5924962729,21.6251414443,15.3599316489,7.4436606546
2,1,    621 - Ambulatory Care,,,00,000,43780,South Bend-Mishawaka MSA,2021,621493,Freestanding Ambulatory Surgical and Emergency Centers,2,2,1.17591184798,5.51421181391,12.3152628073,53.7857182518,55.0585324251,48.4151156597,34.388346972,16.6651252872
2,1,    621 - Ambulatory Care,,,00,000,43780,South Bend-Mishawaka MSA,2021,621498,All Other Outpatient Care Centers,2,2,0.0,0.500504882279,1.1235440168,5.55025161585,5.76936324854,5.20004109946,3.60341724452,1.29635946361
2,1,    621 - Ambulatory Care,,,00,000,43780,South Bend-Mishawaka MSA,2021,621511,Medical Laboratories,2,2,1.24523577653,8.61005316545,14.3468353684,59.2099491715,82.1646425884,74.7522466983,147.768649801,31.2723351894
2,1,    621 - Ambulatory Care,,,00,000,43780,South Bend-Mishawaka MSA,2021,621512,Diagnostic Imaging Centers,2,2,0.0,1.616528374,2.69360316416,10.9823376914,15.6228284968,14.0346552438,27.7434076887,5.87134785157
2,1,    621 - Ambulatory Care,,,00,000,43780,South Bend-Mishawaka MSA,2021,621610,Home Health Care Services,2,2,5.07833729503,18.9667977383,27.0440650001,149.422650252,231.723051755,279.418492827,231.770220738,105.449059303
2,1,    621 - Ambulatory Care,,,00,000,43780,South Bend-Mishawaka MSA,2021,621910,Ambulance Services,2,2,0.0,0.696871066401,0.81249398974,5.47306599739,4.20556378249,3.19728947562,1.68117733329,0.0
2,1,    621 - Ambulatory Care,,,00,000,43780,South Bend-Mishawaka MSA,2021,621991,Blood and Organ Banks,2,2,0.0,7.59780741003,6.98864768429,36.7408951117,27.8905465599,21.2038517538,11.1492672836,3.12348483652
2,1,    621 - Ambulatory Care,,,00,000,43780,South Bend-Mishawaka MSA,2021,621999,All Other Miscellaneous Ambulatory Health Care Services,2,2,0.0,0.0,0.0,1.04697494869,0.650592491408,0.569304514912,0.0,0.0
2,1,    621 - Ambulatory Care,,,00,000,43780,South Bend-Mishawaka MSA,2022,621111,Offices of Physicians (except Mental Health Specialists),2,2,4.6273369776,55.5646828911,109.206040557,658.358346076,789.937996549,792.077313453,590.763166752,168.209122356
2,1,    621 - Ambulatory Care,,,00,000,43780,South Bend-Mishawaka MSA,2022,621112,"Offices of Physicians, Mental Health Specialists",2,2,0.0,0.950406273123,1.7806671507,11.4299454766,14.1157843247,13.8602285088,10.2498572932,2.98407872957
2,1,    621 - Ambulatory Care,,,00,000,43780,South Bend-Mishawaka MSA,2022,621210,Offices of Dentists,2,2,5.38515114885,33.8897002785,66.6768414085,244.361546789,328.674627259,232.387424164,175.305362452,61.7100840693
2,1,    621 - Ambulatory Care,,,00,000,43780,South Bend-Mishawaka MSA,2022,621310,Offices of Chiropractors,2,2,0.654663356561,6.85978133595,10.5469209402,37.8365042239,31.4510782319,25.8832707593,17.3131246893,8.64063685831
2,1,    621 - Ambulatory Care,,,00,000,43780,South Bend-Mishawaka MSA,2022,621320,Offices of Optometrists,2,2,0.660215271952,5.7807168811,9.58175006463,35.4413590413,26.5232432378,18.8191496003,14.5945399064,7.80751207993
2,1,    621 - Ambulatory Care,,,00,000,43780,South Bend-Mishawaka MSA,2022,621330,Offices of Mental Health Practitioners (except Physicians),2,2,0.610710693046,5.34726438896,8.86328667506,33.6801729564,26.5413986115,20.0969401848,14.25159598,7.22208545586
2,1,    621 - Ambulatory Care,,,00,000,43780,South Bend-Mishawaka MSA,2022,621340,"Offices of Physical, Occupational and Speech Therapists, and Audiologists",2,2,3.36837322882,21.6126708387,35.8237939108,132.632006268,99.1638472292,70.3601463524,54.565375459,29.1903568577
2,1,    621 - Ambulatory Care,,,00,000,43780,South Bend-Mishawaka MSA,2022,621391,Offices of Podiatrists,2,2,0.0,0.635490932725,1.00443243565,4.44002718282,3.35036880171,2.37720142784,1.36474727838,0.577731940881
2,1,    621 - Ambulatory Care,,,00,000,43780,South Bend-Mishawaka MSA,2022,621399,Offices of All Other Miscellaneous Health Practitioners,2,2,0.0,2.27982070666,4.34212339977,17.1231280542,14.2768967516,11.5527577508,7.45893824437,3.53809905994
2,1,    621 - Ambulatory Care,,,00,000,43780,South Bend-Mishawaka MSA,2022,621410,Family Planning Centers,2,2,0.0,0.0,0.801120330866,3.16684607009,3.26152550001,2.91074592051,1.78627102958,0.760080281784
2,1,    621 - Ambulatory Care,,,00,000,43780,South Bend-Mishawaka MSA,2022,621420,Outpatient Mental Health and Substance Abuse Centers,2,2,1.92853051184,12.1159586239,27.5678479561,97.6509162139,100.505552346,89.2338440152,64.3837916381,31.1974136969
2,1,    621 - Ambulatory Care,,,00,000,43780,South Bend-Mishawaka MSA,2022,621491,HMO Medical Centers,2,2,0.0,0.0,0.0,0.0,0.0,0.388458367022,0.0,0.0
2,1,    621 - Ambulatory Care,,,00,000,43780,South Bend-Mishawaka MSA,2022,621492,Kidney Dialysis Centers,2,2,0.0,2.43455663291,6.24529744467,22.3862680287,22.6514675947,20.2152848091,14.5856843826,7.06754942757
2,1,    621 - Ambulatory Care,,,00,000,43780,South Bend-Mishawaka MSA,2022,621493,Freestanding Ambulatory Surgical and Emergency Centers,2,2,0.988931624136,6.21294533133,14.1365233714,50.3674016811,51.2726581699,45.7582442943,33.0153799703,15.997729259
2,1,    621 - Ambulatory Care,,,00,000,43780,South Bend-Mishawaka MSA,2022,621498,All Other Outpatient Care Centers,2,2,0.0,0.6070314661,1.3872816524,5.48395450689,5.64790869821,5.49413528178,3.63678924332,1.31621354327
2,1,    621 - Ambulatory Care,,,00,000,43780,South Bend-Mishawaka MSA,2022,621511,Medical Laboratories,2,2,1.60833653461,4.38513447684,12.7046435345,38.0569096176,58.3086220996,56.9365423101,105.865760618,30.4349097627
2,1,    621 - Ambulatory Care,,,00,000,43780,South Bend-Mishawaka MSA,2022,621512,Diagnostic Imaging Centers,2,2,0.0,0.0,1.66398627014,6.27631084895,9.6520477011,9.38992266564,17.4592847548,5.01929757959
2,1,    621 - Ambulatory Care,,,00,000,43780,South Bend-Mishawaka MSA,2022,621610,Home Health Care Services,2,2,8.21991313825,20.596374096,31.4021942467,146.456561426,235.599145871,299.479336337,231.763283205,112.474831466
2,1,    621 - Ambulatory Care,,,00,000,43780,South Bend-Mishawaka MSA,2022,621910,Ambulance Services,2,2,0.0,0.884316482575,1.39720988038,5.97998399407,4.96642973462,3.1480998599,1.94776696983,0.0
2,1,    621 - Ambulatory Care,,,00,000,43780,South Bend-Mishawaka MSA,2022,621991,Blood and Organ Banks,2,2,0.0,8.47087690124,12.0042421429,42.1115572262,34.6165833489,21.9426161275,13.5761585803,4.12501709036
2,1,    621 - Ambulatory Care,,,00,000,43780,South Bend-Mishawaka MSA,2022,621999,All Other Miscellaneous Ambulatory Health Care Services,2,2,0.0,0.0,0.0,1.93205498909,1.60458880095,0.722883612005,0.0,0.0
2,1,    621 - Ambulatory Care,,,00,000,43780,South Bend-Mishawaka MSA,2023,621111,Offices of Physicians (except Mental Health Specialists),2,2,4.01090406315,48.828113657,116.902484504,639.358659659,780.339156865,786.031783368,579.863439134,175.022722408
2,1,    621 - Ambulatory Care,,,00,000,43780,South Bend-Mishawaka MSA,2023,621112,"Offices of Physicians, Mental Health Specialists",2,2,0.0,0.774838322324,1.88769218938,10.8740738983,13.7297050794,13.4734637941,9.84871860615,3.0406915408
2,1,    621 - Ambulatory Care,,,00,000,43780,South Bend-Mishawaka MSA,2023,621210,Offices of Dentists,2,2,5.25282229496,38.6740987551,69.7044477452,234.965998904,322.361854909,229.014158438,184.589749246,63.6230598127
2,1,    621 - Ambulatory Care,,,00,000,43780,South Bend-Mishawaka MSA,2023,621310,Offices of Chiropractors,2,2,0.898487377359,6.90582849684,10.3567563377,35.2929739088,29.2302720957,24.8861203529,15.8015979762,7.961440846
2,1,    621 - Ambulatory Care,,,00,000,43780,South Bend-Mishawaka MSA,2023,621320,Offices of Optometrists,2,2,0.947144334738,6.22895872614,9.94311722187,34.641051168,25.6283213763,19.802809287,14.0095804636,7.55503875056
2,1,    621 - Ambulatory Care,,,00,000,43780,South Bend-Mishawaka MSA,2023,621330,Offices of Mental Health Practitioners (except Physicians),2,2,1.03979251386,7.42965879684,11.4641636272,39.173388026,30.836544646,25.3591015399,16.3913358139,8.29406083805
2,1,    621 - Ambulatory Care,,,00,000,43780,South Bend-Mishawaka MSA,2023,621340,"Offices of Physical, Occupational and Speech Therapists, and Audiologists",2,2,3.81857135377,25.1130925701,40.0873459283,138.970945986,103.91468144,79.8383493353,56.4819750008,30.4594067572
2,1,    621 - Ambulatory Care,,,00,000,43780,South Bend-Mishawaka MSA,2023,621391,Offices of Podiatrists,2,2,0.0,0.643940903772,1.02039040257,4.11724690113,3.07617807615,2.37693943667,1.23949179493,0.525812484769
2,1,    621 - Ambulatory Care,,,00,000,43780,South Bend-Mishawaka MSA,2023,621399,Offices of All Other Miscellaneous Health Practitioners,2,2,0.508946548217,2.88277474593,5.34291871152,19.3877623778,14.8168033302,12.7109983075,8.10646847934,4.05968842627
2,1,    621 - Ambulatory Care,,,00,000,43780,South Bend-Mishawaka MSA,2023,621410,Family Planning Centers,2,2,0.0,0.663952753867,1.66886598993,6.30306490434,6.21264809604,6.06039217551,4.02837636399,2.0988994432
2,1,    621 - Ambulatory Care,,,00,000,43780,South Bend-Mishawaka MSA,2023,621420,Outpatient Mental Health and Substance Abuse Centers,2,2,1.37120599756,11.4310270167,27.5515898602,95.372618608,92.9282339842,90.6508035569,60.2560929804,31.3951499509
2,1,    621 - Ambulatory Care,,,00,000,43780,South Bend-Mishawaka MSA,2023,621491,HMO Medical Centers,2,2,0.0,0.0,0.0,0.975089980362,0.0,0.0,0.0,0.0
2,1,    621 - Ambulatory Care,,,00,000,43780,South Bend-Mishawaka MSA,2023,621492,Kidney Dialysis Centers,2,2,0.0,1.87203392217,4.7054157491,18.1931661785,17.5167403321,17.0874503768,11.3581232411,5.91790746257
2,1,    621 - Ambulatory Care,,,00,000,43780,South Bend-Mishawaka MSA,2023,621493,Freestanding Ambulatory Surgical and Emergency Centers,2,2,0.781454958351,6.51458114764,15.7017447014,54.3425165734,52.9601163844,51.6622010436,34.340152183,17.8922026603
2,1,    621 - Ambulatory Care,,,00,000,43780,South Bend-Mishawaka MSA,2023,621498,All Other Outpatient Care Centers,2,2,0.0,0.901349345886,2.26556974066,9.31410225378,8.43398308835,8.22728799811,5.46872406134,2.84936183967
2,1,    621 - Ambulatory Care,,,00,000,43780,South Bend-Mishawaka MSA,2023,621511,Medical Laboratories,2,2,0.0,3.74195438082,14.0313779124,30.61024883,42.4293631274,33.5031301518,65.9810022826,19.1694093843
2,1,    621 - Ambulatory Care,,,00,000,43780,South Bend-Mishawaka MSA,2023,621512,Diagnostic Imaging Centers,2,2,0.0,0.667169745109,3.90301562856,8.51465054419,11.8022954289,9.37676687827,18.3534991863,5.33222787414
2,1,    621 - Ambulatory Care,,,00,000,43780,South Bend-Mishawaka MSA,2023,621610,Home Health Care Services,2,2,8.64434822526,19.2891628877,34.2447984008,167.233554666,253.314997025,306.990966145,241.688212447,128.863679129
2,1,    621 - Ambulatory Care,,,00,000,43780,South Bend-Mishawaka MSA,2023,621910,Ambulance Services,2,2,0.0,0.962477056452,0.808400854387,6.05761865244,5.16191071609,3.25651229113,1.83789668656,0.600497102401
2,1,    621 - Ambulatory Care,,,00,000,43780,South Bend-Mishawaka MSA,2023,621991,Blood and Organ Banks,2,2,0.0,6.95963805314,6.577850917,35.2351461858,30.0251120308,19.3838329179,10.6904316929,4.06977586833
2,1,    621 - Ambulatory Care,,,00,000,43780,South Bend-Mishawaka MSA,2023,621999,All Other Miscellaneous Ambulatory Health Care Services,2,2,0.0,0.513631182068,0.0,3.23268155652,2.75468208313,1.73785571957,0.575834880647,0.0
2,1,    621 - Ambulatory Care,,,00,000,43780,South Bend-Mishawaka MSA,2024,621111,Offices of Physicians (except Mental Health Specialists),2,2,4.56238263907,45.5104620678,121.719435288,633.39656535,797.889910911,806.392892849,608.549952989,195.30271014
2,1,    621 - Ambulatory Care,,,00,000,43780,South Bend-Mishawaka MSA,2024,621112,"Offices of Physicians, Mental Health Specialists",2,2,0.0,0.66715218624,1.81606019501,9.79393968438,12.9270667681,12.6180090242,9.43388710741,3.11653546458
2,1,    621 - Ambulatory Care,,,00,000,43780,South Bend-Mishawaka MSA,2024,621210,Offices of Dentists,2,2,4.61943477933,39.7999024132,68.3777396741,234.580090946,297.070904031,223.81325433,185.382547844,62.918359448
2,1,    621 - Ambulatory Care,,,00,000,43780,South Bend-Mishawaka MSA,2024,621310,Offices of Chiropractors,2,2,0.793980152109,7.28519352528,9.90345877426,31.8285945658,28.9521602419,24.4746310177,14.9357877295,7.61290243638
2,1,    621 - Ambulatory Care,,,00,000,43780,South Bend-Mishawaka MSA,2024,621320,Offices of Optometrists,2,2,0.892547375867,7.20597420224,10.2207432566,33.8745724056,27.6036267699,21.4933839907,14.3115999493,7.77402259648
2,1,    621 - Ambulatory Care,,,00,000,43780,South Bend-Mishawaka MSA,2024,621330,Offices of Mental Health Practitioners (except Physicians),2,2,1.43194592551,12.1495634603,16.9434906204,55.2934806064,46.9747641573,38.085705035,23.9674716716,12.4721446534
2,1,    621 - Ambulatory Care,,,00,000,43780,South Bend-Mishawaka MSA,2024,621340,"Offices of Physical, Occupational and Speech Therapists, and Audiologists",2,2,3.46920345213,28.0085867197,39.7265610183,130.903346149,107.899960152,83.5416964464,55.6271334073,30.2165092385
2,1,    621 - Ambulatory Care,,,00,000,43780,South Bend-Mishawaka MSA,2024,621391,Offices of Podiatrists,2,2,0.0,0.682831442884,0.974985285165,3.72328362369,3.0681180665,2.38897012635,1.1449241596,0.516887295812
2,1,    621 - Ambulatory Care,,,00,000,43780,South Bend-Mishawaka MSA,2024,621399,Offices of All Other Miscellaneous Health Practitioners,2,2,0.525490291076,4.24254172205,6.01749721543,20.6082822279,17.1019660098,13.8321863749,8.42600295118,4.57698213844
2,1,    621 - Ambulatory Care,,,00,000,43780,South Bend-Mishawaka MSA,2024,621410,Family Planning Centers,2,2,0.0,0.531553932278,1.18910103214,5.0982502358,4.94827659675,4.914154262,3.18328063506,1.2780771946
2,1,    621 - Ambulatory Care,,,00,000,43780,South Bend-Mishawaka MSA,2024,621420,Outpatient Mental Health and Substance Abuse Centers,2,2,1.17724685003,12.6977229105,28.456969957,104.312139369,100.176612476,99.4858144094,64.4447141029,33.3481282973
2,1,    621 - Ambulatory Care,,,00,000,43780,South Bend-Mishawaka MSA,2024,621491,HMO Medical Centers,2,2,0.0,0.0,0.0,0.0,0.0,0.0,0.0,0.0
2,1,    621 - Ambulatory Care,,,00,000,43780,South Bend-Mishawaka MSA,2024,621492,Kidney Dialysis Centers,2,2,0.0,2.03513783285,5.38174076024,19.9647062945,18.9452552186,18.8146124932,12.1876905796,6.30674951011
2,1,    621 - Ambulatory Care,,,00,000,43780,South Bend-Mishawaka MSA,2024,621493,Freestanding Ambulatory Surgical and Emergency Centers,2,2,0.58175836626,6.27481529081,14.0625395179,51.6392177739,49.5041311087,49.1627604314,31.8465507804,16.4795961319
2,1,    621 - Ambulatory Care,,,00,000,43780,South Bend-Mishawaka MSA,2024,621498,All Other Outpatient Care Centers,2,2,0.0,0.788654522145,1.76424225152,7.56415832776,7.34164583851,7.65055504435,4.72296133214,2.44398509079
2,1,    621 - Ambulatory Care,,,00,000,43780,South Bend-Mishawaka MSA,2024,621511,Medical Laboratories,2,2,0.0,3.32829910116,11.1726981401,32.5961259446,36.9020364082,33.3622019356,59.7330345,19.7461320488
2,1,    621 - Ambulatory Care,,,00,000,43780,South Bend-Mishawaka MSA,2024,621512,Diagnostic Imaging Centers,2,2,0.0,0.657792270539,2.63521788322,7.68819607723,8.70379786965,8.04940919278,14.088768779,4.65736741894
2,1,    621 - Ambulatory Care,,,00,000,43780,South Bend-Mishawaka MSA,2024,621610,Home Health Care Services,2,2,7.38266431836,30.6760983903,49.4629400564,213.154118566,313.364225588,375.48717451,283.850178635,159.672610709
2,1,    621 - Ambulatory Care,,,00,000,43780,South Bend-Mishawaka MSA,2024,621910,Ambulance Services,2,2,0.0,0.0,0.0,0.511601967309,0.0,0.0,0.0,0.0
2,1,    621 - Ambulatory Care,,,00,000,43780,South Bend-Mishawaka MSA,2024,621991,Blood and Organ Banks,2,2,0.0,5.07638301276,7.24517421701,32.518961848,26.1677281273,16.9462046353,11.6145001773,3.63074417329
2,1,    621 - Ambulatory Care,,,00,000,43780,South Bend-Mishawaka MSA,2024,621999,All Other Miscellaneous Ambulatory Health Care Services,2,2,0.0,0.657480652718,0.919951414962,5.72688625599,4.60837597656,2.90518583968,2.04541958462,0.0
2,1,    621 - Ambulatory Care,,,00,000,45460,Terre Haute MSA,2020,621111,Offices of Physicians (except Mental Health Specialists),2,2,3.04760385288,16.3899758423,39.9376304902,230.904383168,248.629099765,235.486020448,141.647559989,78.9293418455
2,1,    621 - Ambulatory Care,,,00,000,45460,Terre Haute MSA,2020,621112,"Offices of Physicians, Mental Health Specialists",2,2,0.0,0.0,0.875649649853,5.6678550521,6.16065025109,5.4439559895,3.51925573291,2.00617137222
2,1,    621 - Ambulatory Care,,,00,000,45460,Terre Haute MSA,2020,621210,Offices of Dentists,2,2,0.793937568879,6.3479307781,17.4980152104,70.114148188,79.0851160681,55.8169997418,47.188625644,15.6817532769
2,1,    621 - Ambulatory Care,,,00,000,45460,Terre Haute MSA,2020,621310,Offices of Chiropractors,2,2,0.0,3.5558339745,3.18372530524,15.6020456461,12.16995388,13.3687926608,9.10353017225,2.43175188465
2,1,    621 - Ambulatory Care,,,00,000,45460,Terre Haute MSA,2020,621320,Offices of Optometrists,2,2,0.0,3.56398334515,2.47462285089,13.4490198309,10.5868080992,11.9549181344,8.85029972507,2.49235418145
2,1,    621 - Ambulatory Care,,,00,000,45460,Terre Haute MSA,2020,621330,Offices of Mental Health Practitioners (except Physicians),2,2,0.0,0.617425278423,1.17042912268,6.06939342198,3.92855432427,3.48176931737,1.67572910114,0.0
2,1,    621 - Ambulatory Care,,,00,000,45460,Terre Haute MSA,2020,621340,"Offices of Physical, Occupational and Speech Therapists, and Audiologists",2,2,1.67059326534,11.902422019,19.0900261832,77.8633643361,51.990644111,45.5541425252,25.6266462743,8.27142234006
2,1,    621 - Ambulatory Care,,,00,000,45460,Terre Haute MSA,2020,621391,Offices of Podiatrists,2,2,0.0,0.0,0.55366268931,2.87108088766,1.49939254859,1.26801998204,0.978974647204,0.0
2,1,    621 - Ambulatory Care,,,00,000,45460,Terre Haute MSA,2020,621399,Offices of All Other Miscellaneous Health Practitioners,2,2,0.0,1.0178335855,2.53413819426,10.581449704,6.47627279518,5.73974191215,2.84055406786,0.571418254697
2,1,    621 - Ambulatory Care,,,00,000,45460,Terre Haute MSA,2020,621410,Family Planning Centers,2,2,0.0,0.0,0.0,1.57059214094,1.72380870046,3.21424537655,1.91207226391,0.0
2,1,    621 - Ambulatory Care,,,00,000,45460,Terre Haute MSA,2020,621420,Outpatient Mental Health and Substance Abuse Centers,2,2,0.0,0.590875270045,6.93632082247,42.68701871,41.3613229699,40.741390151,26.7359224643,7.83737121607
2,1,    621 - Ambulatory Care,,,00,000,45460,Terre Haute MSA,2020,621491,HMO Medical Centers,2,2,0.0,0.0,1.34148330191,8.13592433437,9.72178881378,9.42600890463,6.36196008564,1.83767157926
2,1,    621 - Ambulatory Care,,,00,000,45460,Terre Haute MSA,2020,621492,Kidney Dialysis Centers,2,2,0.0,2.35621390657,11.127516492,59.8104990725,70.8057462854,69.4654552315,46.3354368553,13.3841322918
2,1,    621 - Ambulatory Care,,,00,000,45460,Terre Haute MSA,2020,621493,Freestanding Ambulatory Surgical and Emergency Centers,2,2,0.0,0.677829653533,2.8106931969,18.5697623779,20.3692178961,22.9545612015,14.8083485278,3.85031330514
2,1,    621 - Ambulatory Care,,,00,000,45460,Terre Haute MSA,2020,621498,All Other Outpatient Care Centers,2,2,0.0,5.68142415353,23.6842536046,124.091170922,148.649945358,146.10685155,97.7973885198,27.7402296765
2,1,    621 - Ambulatory Care,,,00,000,45460,Terre Haute MSA,2020,621511,Medical Laboratories,2,2,0.0,0.0,10.254297348,41.9573718156,59.6863131879,46.8645109355,34.5389755445,5.42556717327
2,1,    621 - Ambulatory Care,,,00,000,45460,Terre Haute MSA,2020,621512,Diagnostic Imaging Centers,2,2,0.0,0.0,0.69565853853,3.22283140385,5.30961637114,5.5827607483,5.50869900886,0.968196823944
2,1,    621 - Ambulatory Care,,,00,000,45460,Terre Haute MSA,2020,621610,Home Health Care Services,2,2,7.65130109625,20.1968247101,23.0386924864,94.3886401897,123.806193992,110.962423305,93.660610632,36.0705963808
2,1,    621 - Ambulatory Care,,,00,000,45460,Terre Haute MSA,2020,621910,Ambulance Services,2,2,0.0,32.9058463343,38.834350728,81.3680055779,40.5181587772,24.5053663657,17.141472398,4.26602226165
2,1,    621 - Ambulatory Care,,,00,000,45460,Terre Haute MSA,2020,621991,Blood and Organ Banks,2,2,0.0,9.74790566086,11.2641287963,24.6573755056,12.3563066551,7.19401943116,5.22741644391,1.30095445729
2,1,    621 - Ambulatory Care,,,00,000,45460,Terre Haute MSA,2020,621999,All Other Miscellaneous Ambulatory Health Care Services,2,2,0.0,0.543958843189,0.582295518825,2.15399340763,0.542747993324,0.0,0.0,0.0
2,1,    621 - Ambulatory Care,,,00,000,45460,Terre Haute MSA,2021,621111,Offices of Physicians (except Mental Health Specialists),2,2,4.79870149251,17.9917188514,35.9221551303,215.473889785,233.846202068,222.226483057,127.139336064,80.1344144943
2,1,    621 - Ambulatory Care,,,00,000,45460,Terre Haute MSA,2021,621112,"Offices of Physicians, Mental Health Specialists",2,2,0.0,0.0,0.786679656683,5.04656893635,6.38398546305,5.49272363439,3.44727528705,2.19229776724
2,1,    621 - Ambulatory Care,,,00,000,45460,Terre Haute MSA,2021,621210,Offices of Dentists,2,2,2.12704775417,12.0750722266,17.5131995638,80.278030872,78.4247085453,55.9483013487,41.8568724693,14.0852161224
2,1,    621 - Ambulatory Care,,,00,000,45460,Terre Haute MSA,2021,621310,Offices of Chiropractors,2,2,0.0,3.33063438949,5.16560425461,17.3949583478,16.0055175591,16.5152211926,7.23922552138,2.45595619272
2,1,    621 - Ambulatory Care,,,00,000,45460,Terre Haute MSA,2021,621320,Offices of Optometrists,2,2,0.0,3.21193974254,3.68084307489,15.726777356,13.7034935897,15.0765012959,6.79182282547,2.3755336367
2,1,    621 - Ambulatory Care,,,00,000,45460,Terre Haute MSA,2021,621330,Offices of Mental Health Practitioners (except Physicians),2,2,0.0,0.570175867142,1.54977094273,6.03190780178,5.5739471446,3.45590124729,1.7209542135,0.0
2,1,    621 - Ambulatory Care,,,00,000,45460,Terre Haute MSA,2021,621340,"Offices of Physical, Occupational and Speech Therapists, and Audiologists",2,2,1.77704243396,14.0557392793,28.9742589754,98.6356661264,78.0854472976,57.2777463029,37.3913135321,10.6686644694
2,1,    621 - Ambulatory Care,,,00,000,45460,Terre Haute MSA,2021,621391,Offices of Podiatrists,2,2,0.0,0.0,0.0,1.44653815493,1.81871729572,0.795269701054,0.0,0.0
2,1,    621 - Ambulatory Care,,,00,000,45460,Terre Haute MSA,2021,621399,Offices of All Other Miscellaneous Health Practitioners,2,2,0.0,0.0,0.968213451085,3.76841125897,3.96514199341,2.15906104638,1.07515954279,0.0
2,1,    621 - Ambulatory Care,,,00,000,45460,Terre Haute MSA,2021,621410,Family Planning Centers,2,2,0.0,0.0,0.0,0.725109859728,0.0,1.57690241572,0.877531868907,0.0
2,1,    621 - Ambulatory Care,,,00,000,45460,Terre Haute MSA,2021,621420,Outpatient Mental Health and Substance Abuse Centers,2,2,0.0,0.0,12.0147809272,49.5622283732,50.3900738735,52.7043008362,32.4853666533,8.69445497392
2,1,    621 - Ambulatory Care,,,00,000,45460,Terre Haute MSA,2021,621491,HMO Medical Centers,2,2,0.0,0.634251789482,4.25099130622,22.4518188038,27.4316893151,27.4405087721,17.6025109847,5.64026409422
2,1,    621 - Ambulatory Care,,,00,000,45460,Terre Haute MSA,2021,621492,Kidney Dialysis Centers,2,2,0.0,1.1302691691,8.45520064959,41.2251108623,48.8846751455,49.8938603727,32.2163343418,10.0512394557
2,1,    621 - Ambulatory Care,,,00,000,45460,Terre Haute MSA,2021,621493,Freestanding Ambulatory Surgical and Emergency Centers,2,2,0.0,0.0,1.67845477551,9.36629414289,10.8310854138,11.5522298107,7.56255194959,2.22699307576
2,1,    621 - Ambulatory Care,,,00,000,45460,Terre Haute MSA,2021,621498,All Other Outpatient Care Centers,2,2,0.551689158177,4.7210389807,27.4990523073,129.927660396,156.455745956,161.525356221,104.105056712,32.0360397211
2,1,    621 - Ambulatory Care,,,00,000,45460,Terre Haute MSA,2021,621511,Medical Laboratories,2,2,0.0,1.65215493893,7.17580419055,43.4484867317,42.3007584831,41.4035432274,35.1873324309,9.55278273766
2,1,    621 - Ambulatory Care,,,00,000,45460,Terre Haute MSA,2021,621512,Diagnostic Imaging Centers,2,2,0.0,0.0,0.652962345389,3.48139444675,4.82600189381,5.17669635588,5.34270949533,1.48584639554
2,1,    621 - Ambulatory Care,,,00,000,45460,Terre Haute MSA,2021,621610,Home Health Care Services,2,2,4.73196504826,22.6140862553,22.2269558116,93.1729988616,136.706358765,122.440228511,98.1853059168,40.1574216404
2,1,    621 - Ambulatory Care,,,00,000,45460,Terre Haute MSA,2021,621910,Ambulance Services,2,2,0.885612198639,33.9776951979,30.2480159169,79.542640337,42.0309523538,22.4954151229,19.7644355867,4.41410478209
2,1,    621 - Ambulatory Care,,,00,000,45460,Terre Haute MSA,2021,621991,Blood and Organ Banks,2,2,0.0,9.79149683948,8.4861178965,24.0026676842,12.57651341,6.68376762361,5.83333890083,1.34177597415
2,1,    621 - Ambulatory Care,,,00,000,45460,Terre Haute MSA,2021,621999,All Other Miscellaneous Ambulatory Health Care Services,2,2,0.0,0.0,0.0,0.0,0.0,0.0,0.0,0.0
2,1,    621 - Ambulatory Care,,,00,000,45460,Terre Haute MSA,2022,621111,Offices of Physicians (except Mental Health Specialists),2,2,2.49578752784,14.8329786129,33.7106407521,213.772187242,234.797848723,218.976554592,114.169505279,74.7221356933
2,1,    621 - Ambulatory Care,,,00,000,45460,Terre Haute MSA,2022,621112,"Offices of Physicians, Mental Health Specialists",2,2,0.0,0.0,0.840368022835,6.27013015421,7.13936529611,6.20146697816,3.35553931006,2.28259717917
2,1,    621 - Ambulatory Care,,,00,000,45460,Terre Haute MSA,2022,621210,Offices of Dentists,2,2,2.44883276296,13.0314770017,23.1638973699,77.9960880913,65.3673165121,61.210327803,33.7416783754,15.1273311528
2,1,    621 - Ambulatory Care,,,00,000,45460,Terre Haute MSA,2022,621310,Offices of Chiropractors,2,2,0.0,2.22488598875,5.70676422532,15.4815819696,11.476892999,15.5143236595,7.59569927276,2.59421193421
2,1,    621 - Ambulatory Care,,,00,000,45460,Terre Haute MSA,2022,621320,Offices of Optometrists,2,2,0.0,3.45746188156,7.21477535615,18.7327422796,15.8445947237,17.4546232763,7.41252014995,2.82332877544
2,1,    621 - Ambulatory Care,,,00,000,45460,Terre Haute MSA,2022,621330,Offices of Mental Health Practitioners (except Physicians),2,2,0.0,0.842688183585,1.56655493911,8.00096372735,6.72905040262,5.38550341093,3.45633606082,0.0
2,1,    621 - Ambulatory Care,,,00,000,45460,Terre Haute MSA,2022,621340,"Offices of Physical, Occupational and Speech Therapists, and Audiologists",2,2,2.31982422628,13.0662805012,24.7437797381,94.6004754875,73.4382600507,60.7095110964,35.6884236599,10.575093849
2,1,    621 - Ambulatory Care,,,00,000,45460,Terre Haute MSA,2022,621391,Offices of Podiatrists,2,2,0.0,0.0,0.0,1.52778241895,1.90778665602,1.57628786025,0.0,0.0
2,1,    621 - Ambulatory Care,,,00,000,45460,Terre Haute MSA,2022,621399,Offices of All Other Miscellaneous Health Practitioners,2,2,0.0,0.699176655542,1.29976741621,6.8773588145,5.91460726448,4.34273286856,1.65715927716,0.0
2,1,    621 - Ambulatory Care,,,00,000,45460,Terre Haute MSA,2022,621410,Family Planning Centers,2,2,0.0,0.0,0.0,2.65349419352,2.35196336266,2.70780215117,1.89376427276,0.0
2,1,    621 - Ambulatory Care,,,00,000,45460,Terre Haute MSA,2022,621420,Outpatient Mental Health and Substance Abuse Centers,2,2,0.0,1.2126510985,7.93566906158,52.9077130093,48.6487989666,47.1114279354,31.1677944997,9.05692673062
2,1,    621 - Ambulatory Care,,,00,000,45460,Terre Haute MSA,2022,621491,HMO Medical Centers,2,2,0.0,0.557659764133,1.09918244113,8.06378552602,10.6090580843,7.98046166883,5.55185294378,2.38558174466
2,1,    621 - Ambulatory Care,,,00,000,45460,Terre Haute MSA,2022,621492,Kidney Dialysis Centers,2,2,0.0,0.0,0.603556302978,4.73754683037,6.49352050505,5.64253420468,3.63626166516,0.939890891361
2,1,    621 - Ambulatory Care,,,00,000,45460,Terre Haute MSA,2022,621493,Freestanding Ambulatory Surgical and Emergency Centers,2,2,0.0,0.0,0.0,3.09715686594,4.6543872757,4.46309055983,2.43569914433,0.750957091382
2,1,    621 - Ambulatory Care,,,00,000,45460,Terre Haute MSA,2022,621498,All Other Outpatient Care Centers,2,2,0.0,3.77241721058,7.0632736362,43.0216946471,51.7016461743,43.6302413659,31.5470287699,11.6257732121
2,1,    621 - Ambulatory Care,,,00,000,45460,Terre Haute MSA,2022,621511,Medical Laboratories,2,2,0.0,1.39138820731,2.55377160536,23.9532495003,32.7601372874,36.8559046955,29.4499717199,6.09473036609
2,1,    621 - Ambulatory Care,,,00,000,45460,Terre Haute MSA,2022,621512,Diagnostic Imaging Centers,2,2,0.0,0.0,0.54636713146,2.03368741169,3.03432224756,4.15149339721,4.09022244473,1.19049461461
2,1,    621 - Ambulatory Care,,,00,000,45460,Terre Haute MSA,2022,621610,Home Health Care Services,2,2,6.22067727657,24.3597372698,23.4849624227,93.021457639,151.817753488,133.635977474,100.384814714,46.6785555947
2,1,    621 - Ambulatory Care,,,00,000,45460,Terre Haute MSA,2022,621910,Ambulance Services,2,2,0.0,19.169147182,25.78843929,61.8241084238,35.8316458834,18.9465933322,17.1592402599,3.29100947391
2,1,    621 - Ambulatory Care,,,00,000,45460,Terre Haute MSA,2022,621991,Blood and Organ Banks,2,2,0.0,11.645499258,15.3458181264,38.5188552895,21.4219566548,10.6493266649,10.2379333913,2.13826120888
2,1,    621 - Ambulatory Care,,,00,000,45460,Terre Haute MSA,2022,621999,All Other Miscellaneous Ambulatory Health Care Services,2,2,0.0,1.65059486535,2.175065924,5.41233884594,3.0362778681,1.50940062963,1.45109109648,0.0
2,1,    621 - Ambulatory Care,,,00,000,45460,Terre Haute MSA,2023,621111,Offices of Physicians (except Mental Health Specialists),2,2,3.78914293573,11.868186482,25.7304472967,194.064292362,227.825894133,193.202893212,109.711941857,69.0579202935
2,1,    621 - Ambulatory Care,,,00,000,45460,Terre Haute MSA,2023,621112,"Offices of Physicians, Mental Health Specialists",2,2,0.0,0.0,0.826029079372,7.44682326358,8.69493892165,7.34869009749,4.07643747874,2.62656656994
2,1,    621 - Ambulatory Care,,,00,000,45460,Terre Haute MSA,2023,621210,Offices of Dentists,2,2,1.25358066175,10.7153328302,26.4929307411,83.409608686,57.1087239538,63.9478105782,30.1429586369,13.1116909241
2,1,    621 - Ambulatory Care,,,00,000,45460,Terre Haute MSA,2023,621310,Offices of Chiropractors,2,2,0.0,1.62674825153,2.95237737401,13.0245002313,11.0164416039,13.9214375564,7.15417640839,2.03606887789
2,1,    621 - Ambulatory Care,,,00,000,45460,Terre Haute MSA,2023,621320,Offices of Optometrists,2,2,0.0,2.10559690605,3.54313750804,17.6876349256,15.5946532172,17.615392916,9.83583094693,2.62111761363
2,1,    621 - Ambulatory Care,,,00,000,45460,Terre Haute MSA,2023,621330,Offices of Mental Health Practitioners (except Physicians),2,2,0.0,0.919235472337,1.4529870163,7.9467963447,6.81019897929,6.73084618711,3.81512926795,0.629666685382
2,1,    621 - Ambulatory Care,,,00,000,45460,Terre Haute MSA,2023,621340,"Offices of Physical, Occupational and Speech Therapists, and Audiologists",2,2,3.77227993174,14.9184464401,22.9829981984,100.704724857,81.2714600797,80.7643104359,41.4715396015,13.2404774957
2,1,    621 - Ambulatory Care,,,00,000,45460,Terre Haute MSA,2023,621391,Offices of Podiatrists,2,2,0.0,0.0,0.0,2.06298911387,2.24098118023,2.34175840962,1.33393667164,0.694874482235
2,1,    621 - Ambulatory Care,,,00,000,45460,Terre Haute MSA,2023,621399,Offices of All Other Miscellaneous Health Practitioners,2,2,0.0,0.857682427336,1.35569336534,7.93553742886,6.2156577543,6.13367466901,3.42359861253,0.587503493265
2,1,    621 - Ambulatory Care,,,00,000,45460,Terre Haute MSA,2023,621410,Family Planning Centers,2,2,0.0,0.0,0.0,2.52988002061,3.87977800818,3.1153908473,1.85300943853,0.623465211698
2,1,    621 - Ambulatory Care,,,00,000,45460,Terre Haute MSA,2023,621420,Outpatient Mental Health and Substance Abuse Centers,2,2,0.0,1.71506093854,4.80346719487,36.888207252,39.3237783497,34.7160820269,24.1164076838,7.43530374232
2,1,    621 - Ambulatory Care,,,00,000,45460,Terre Haute MSA,2023,621491,HMO Medical Centers,2,2,0.0,0.683375695416,1.30812995095,7.64922669338,9.82601120789,7.44546278171,4.69297250331,2.45534083398
2,1,    621 - Ambulatory Care,,,00,000,45460,Terre Haute MSA,2023,621492,Kidney Dialysis Centers,2,2,0.0,0.0,0.0,0.34877238561,0.690651376149,0.561791532389,0.536941369698,0.0
2,1,    621 - Ambulatory Care,,,00,000,45460,Terre Haute MSA,2023,621493,Freestanding Ambulatory Surgical and Emergency Centers,2,2,0.0,0.0,0.950737007723,5.75501718576,7.14145600507,5.88033570522,3.41080993663,1.78451949345
2,1,    621 - Ambulatory Care,,,00,000,45460,Terre Haute MSA,2023,621498,All Other Outpatient Care Centers,2,2,0.0,3.86571188423,9.29325785719,45.8646233728,58.1070502256,45.8451955383,30.331516595,13.8893441857
2,1,    621 - Ambulatory Care,,,00,000,45460,Terre Haute MSA,2023,621511,Medical Laboratories,2,2,0.0,1.2332178265,3.53235437891,18.822717034,32.732342239,34.6561923355,26.8703781461,5.2115797304
2,1,    621 - Ambulatory Care,,,00,000,45460,Terre Haute MSA,2023,621512,Diagnostic Imaging Centers,2,2,0.0,0.0,0.527826071965,3.75511740397,4.37634727088,5.28888032189,4.46078931004,1.23214074654
2,1,    621 - Ambulatory Care,,,00,000,45460,Terre Haute MSA,2023,621610,Home Health Care Services,2,2,5.38373689302,21.5374083145,30.046551422,120.33895478,161.045013702,168.395450294,117.263355035,59.4113369267
2,1,    621 - Ambulatory Care,,,00,000,45460,Terre Haute MSA,2023,621910,Ambulance Services,2,2,0.0,18.1254280773,21.2380564666,58.1565038166,34.2016316958,20.1588159763,16.1332015905,3.17341366212
2,1,    621 - Ambulatory Care,,,00,000,45460,Terre Haute MSA,2023,621991,Blood and Organ Banks,2,2,0.0,9.06032277168,11.52309263,30.5099854896,17.6992312775,10.0747510741,8.1165855267,1.72179312355
2,1,    621 - Ambulatory Care,,,00,000,45460,Terre Haute MSA,2023,621999,All Other Miscellaneous Ambulatory Health Care Services,2,2,0.0,5.97268393487,7.59617421647,20.1125837102,11.6675660431,6.39589860899,5.3505599307,0.681891512041
2,1,    621 - Ambulatory Care,,,00,000,45460,Terre Haute MSA,2024,621111,Offices of Physicians (except Mental Health Specialists),2,2,5.76561267656,16.8502636712,25.8010989473,177.621711966,229.329001562,205.162881311,117.843129181,70.7914816343
2,1,    621 - Ambulatory Care,,,00,000,45460,Terre Haute MSA,2024,621112,"Offices of Physicians, Mental Health Specialists",2,2,0.0,0.605073935933,0.872986293769,7.44239603042,9.56457372019,8.26006775294,4.67879994226,2.97937221594
2,1,    621 - Ambulatory Care,,,00,000,45460,Terre Haute MSA,2024,621210,Offices of Dentists,2,2,1.92988343128,11.831465605,27.2561644923,93.7045665548,62.6841244541,67.0863428181,30.0728545857,10.8734335068
2,1,    621 - Ambulatory Care,,,00,000,45460,Terre Haute MSA,2024,621310,Offices of Chiropractors,2,2,0.0,1.67917899967,1.89133110909,13.2910399777,10.8416781087,15.0984616621,6.08802633366,2.06170672359
2,1,    621 - Ambulatory Care,,,00,000,45460,Terre Haute MSA,2024,621320,Offices of Optometrists,2,2,0.0,2.27379219216,2.56096542379,18.2188498915,15.3112678594,20.1413584873,9.60350306855,2.79295718791
2,1,    621 - Ambulatory Care,,,00,000,45460,Terre Haute MSA,2024,621330,Offices of Mental Health Practitioners (except Physicians),2,2,0.0,0.968616176184,1.13300999958,6.65180916908,6.78522094914,7.40121644063,3.85409868332,1.34272799765
2,1,    621 - Ambulatory Care,,,00,000,45460,Terre Haute MSA,2024,621340,"Offices of Physical, Occupational and Speech Therapists, and Audiologists",2,2,2.98691889653,15.2372786068,18.9492978587,90.4206689824,76.7716301107,81.9777424437,37.5573063716,13.9682475321
2,1,    621 - Ambulatory Care,,,00,000,45460,Terre Haute MSA,2024,621391,Offices of Podiatrists,2,2,0.0,0.0,0.537705580263,1.77930312824,2.49057550497,3.28258553553,2.6849246367,1.08176350139
2,1,    621 - Ambulatory Care,,,00,000,45460,Terre Haute MSA,2024,621399,Offices of All Other Miscellaneous Health Practitioners,2,2,0.0,0.941840185437,1.10168957978,8.03462788017,7.00775898556,7.76982793707,4.21705443266,1.5495371525
2,1,    621 - Ambulatory Care,,,00,000,45460,Terre Haute MSA,2024,621410,Family Planning Centers,2,2,0.0,0.0,0.605430407813,3.00262619624,4.14951569389,3.85691660918,1.82614614236,0.581187807795
2,1,    621 - Ambulatory Care,,,00,000,45460,Terre Haute MSA,2024,621420,Outpatient Mental Health and Substance Abuse Centers,2,2,0.0,2.51479129799,7.35814105376,42.4314529982,47.7172443885,41.7613532853,25.2143430328,11.4001170205
2,1,    621 - Ambulatory Care,,,00,000,45460,Terre Haute MSA,2024,621491,HMO Medical Centers,2,2,0.0,1.23285155708,4.17060740006,19.1470822257,22.5427769558,18.2084195943,9.92077346199,5.65349400692
2,1,    621 - Ambulatory Care,,,00,000,45460,Terre Haute MSA,2024,621492,Kidney Dialysis Centers,2,2,0.0,0.0,0.0,0.534426521168,1.57866766384,0.62304845367,0.589307871049,0.0
2,1,    621 - Ambulatory Care,,,00,000,45460,Terre Haute MSA,2024,621493,Freestanding Ambulatory Surgical and Emergency Centers,2,2,0.0,0.854131970851,2.88943879561,13.7061149401,16.3455183425,13.0603519813,6.87321173485,3.91679756625
2,1,    621 - Ambulatory Care,,,00,000,45460,Terre Haute MSA,2024,621498,All Other Outpatient Care Centers,2,2,0.0,2.10841716136,7.13255392759,35.5741226308,41.94191803,35.1545242118,20.7356291375,10.6058178754
2,1,    621 - Ambulatory Care,,,00,000,45460,Terre Haute MSA,2024,621511,Medical Laboratories,2,2,0.0,1.40947469322,3.24057319884,14.0312671386,24.8260256234,26.9305546279,22.2923327805,4.3715455426
2,1,    621 - Ambulatory Care,,,00,000,45460,Terre Haute MSA,2024,621512,Diagnostic Imaging Centers,2,2,0.0,0.0,0.0,2.87943165244,3.53431114104,4.12587837554,3.7273228753,0.522984860239
2,1,    621 - Ambulatory Care,,,00,000,45460,Terre Haute MSA,2024,621610,Home Health Care Services,2,2,8.88695749073,25.7748874891,41.087366256,175.720240125,209.277966896,208.724262347,151.37688951,88.3266415519
2,1,    621 - Ambulatory Care,,,00,000,45460,Terre Haute MSA,2024,621910,Ambulance Services,2,2,1.38326824794,20.2497475562,26.8824835775,63.8054760158,38.9768516369,21.8660424218,18.0132437283,4.29819993518
2,1,    621 - Ambulatory Care,,,00,000,45460,Terre Haute MSA,2024,621991,Blood and Organ Banks,2,2,0.610806340385,8.9416309649,11.8704318117,27.9368567821,16.8621144843,9.6222861878,7.66143578766,1.89794551893
2,1,    621 - Ambulatory Care,,,00,000,45460,Terre Haute MSA,2024,621999,All Other Miscellaneous Ambulatory Health Care Services,2,2,0.0,5.91635566057,7.85423785862,18.4848134988,11.1570547778,6.27854214085,5.06929654873,1.25580229808
2,1,    621 - Ambulatory Care,,,18,000,00000,Indiana,2020,621111,Offices of Physicians (except Mental Health Specialists),2,2,89.6750426236,729.541929656,1930.1698312,12085.8648086,14051.1707558,12552.8386389,10130.8729907,3065.37030161
2,1,    621 - Ambulatory Care,,,18,000,00000,Indiana,2020,621112,"Offices of Physicians, Mental Health Specialists",2,2,0.0,4.43410418926,19.3926411224,142.574570293,169.958559248,155.418967229,125.815923551,34.014518182
2,1,    621 - Ambulatory Care,,,18,000,00000,Indiana,2020,621210,Offices of Dentists,2,2,124.091663896,462.872815594,975.999811783,4552.92718696,4366.43605966,3761.96043791,2844.96584019,914.321600132
2,1,    621 - Ambulatory Care,,,18,000,00000,Indiana,2020,621310,Offices of Chiropractors,2,2,19.1255222588,106.995117818,206.437667255,762.191492818,637.761956688,534.048393826,379.023682199,134.284744431
2,1,    621 - Ambulatory Care,,,18,000,00000,Indiana,2020,621320,Offices of Optometrists,2,2,28.7558189469,161.258414009,295.396001396,1071.07382884,895.403349565,771.425320969,561.202196669,201.030442785
2,1,    621 - Ambulatory Care,,,18,000,00000,Indiana,2020,621330,Offices of Mental Health Practitioners (except Physicians),2,2,25.5921788655,142.352378143,313.702317854,1139.05488276,827.378445297,664.023432959,437.669036589,157.275987233
2,1,    621 - Ambulatory Care,,,18,000,00000,Indiana,2020,621340,"Offices of Physical, Occupational and Speech Therapists, and Audiologists",2,2,79.3284067648,395.438383224,944.415441082,3217.96714701,2331.35590622,1946.28024505,1335.39675152,449.541414555
2,1,    621 - Ambulatory Care,,,18,000,00000,Indiana,2020,621391,Offices of Podiatrists,2,2,1.15615200816,19.1838623131,51.6155975972,210.673416242,155.568816355,129.592320385,86.1861608529,19.4489194605
2,1,    621 - Ambulatory Care,,,18,000,00000,Indiana,2020,621399,Offices of All Other Miscellaneous Health Practitioners,2,2,4.11050844347,27.5243547508,69.010544686,274.150934278,204.103099164,169.150902665,110.10515609,33.3334127037
2,1,    621 - Ambulatory Care,,,18,000,00000,Indiana,2020,621410,Family Planning Centers,2,2,0.0,2.90618424432,13.9271823725,109.970622184,102.394054443,91.228242836,66.2849785625,16.9104135668
2,1,    621 - Ambulatory Care,,,18,000,00000,Indiana,2020,621420,Outpatient Mental Health and Substance Abuse Centers,2,2,9.23552212537,136.74091861,490.82274767,2297.01578768,2172.22360069,1936.8055864,1467.25858495,467.403050842
2,1,    621 - Ambulatory Care,,,18,000,00000,Indiana,2020,621491,HMO Medical Centers,2,2,2.16635682218,6.1911789907,23.6801182914,145.010437122,143.108641018,121.044884145,90.90631253,22.2501329198
2,1,    621 - Ambulatory Care,,,18,000,00000,Indiana,2020,621492,Kidney Dialysis Centers,2,2,3.27020724866,36.3236103815,156.74483666,745.812090585,727.09388625,633.875618723,483.031073914,134.180133376
2,1,    621 - Ambulatory Care,,,18,000,00000,Indiana,2020,621493,Freestanding Ambulatory Surgical and Emergency Centers,2,2,4.91125386624,52.7328543537,173.688429402,930.232249031,923.302204245,810.097171237,588.651553656,182.644277922
2,1,    621 - Ambulatory Care,,,18,000,00000,Indiana,2020,621498,All Other Outpatient Care Centers,2,2,2.35619097495,36.6772253655,135.537227782,699.846463736,702.214143027,634.040671301,473.229999345,143.357586094
2,1,    621 - Ambulatory Care,,,18,000,00000,Indiana,2020,621511,Medical Laboratories,2,2,6.71945011059,58.3970224855,216.596492151,1200.73188156,1308.56245002,1131.47979998,1022.21149689,274.272966963
2,1,    621 - Ambulatory Care,,,18,000,00000,Indiana,2020,621512,Diagnostic Imaging Centers,2,2,0.0,10.9561771271,36.6501559169,157.341557765,185.810403458,200.90189753,170.800367167,47.453358057
2,1,    621 - Ambulatory Care,,,18,000,00000,Indiana,2020,621610,Home Health Care Services,2,2,157.704836654,835.797454985,913.452794009,3892.05603044,5033.65114388,5132.70744012,4208.45605816,1899.12823592
2,1,    621 - Ambulatory Care,,,18,000,00000,Indiana,2020,621910,Ambulance Services,2,2,11.6834231768,194.14670662,256.313336152,792.152603082,679.515786379,543.271010188,341.689733658,102.433892596
2,1,    621 - Ambulatory Care,,,18,000,00000,Indiana,2020,621991,Blood and Organ Banks,2,2,5.89123907831,138.807607019,213.145560456,681.96807204,564.252742662,424.490732408,250.660059847,76.7214642315
2,1,    621 - Ambulatory Care,,,18,000,00000,Indiana,2020,621999,All Other Miscellaneous Ambulatory Health Care Services,2,2,2.05607982176,32.298422139,51.3289115049,210.818410777,193.381830498,165.511395636,96.4674904214,23.6163896231
2,1,    621 - Ambulatory Care,,,18,000,00000,Indiana,2021,621111,Offices of Physicians (except Mental Health Specialists),2,2,124.110174443,833.101344536,2031.80947,12168.639307,14575.1552032,12884.6844023,10164.2541657,3247.40963708
2,1,    621 - Ambulatory Care,,,18,000,00000,Indiana,2021,621112,"Offices of Physicians, Mental Health Specialists",2,2,0.0,5.32975381405,21.6849302253,150.310155728,192.798606689,169.346306882,135.567482893,37.9608942046
2,1,    621 - Ambulatory Care,,,18,000,00000,Indiana,2021,621210,Offices of Dentists,2,2,175.739769283,591.143965485,1110.75271186,4870.80634246,4681.01235501,4108.7249838,2991.33042998,1027.17300427
2,1,    621 - Ambulatory Care,,,18,000,00000,Indiana,2021,621310,Offices of Chiropractors,2,2,21.3221900259,131.96680477,229.283396049,810.939891796,637.770819621,542.999344338,371.782992109,142.544309863
2,1,    621 - Ambulatory Care,,,18,000,00000,Indiana,2021,621320,Offices of Optometrists,2,2,37.4714362583,195.071642682,336.456774878,1182.45803034,920.712794138,795.806115478,563.784689558,217.964695771
2,1,    621 - Ambulatory Care,,,18,000,00000,Indiana,2021,621330,Offices of Mental Health Practitioners (except Physicians),2,2,32.4111678424,181.008541177,370.792756252,1302.19978814,924.294902162,757.998988639,502.099861779,199.069367137
2,1,    621 - Ambulatory Care,,,18,000,00000,Indiana,2021,621340,"Offices of Physical, Occupational and Speech Therapists, and Audiologists",2,2,100.144751559,504.205813663,1011.64685324,3654.41119977,2587.89758674,2127.02637581,1469.9697338,572.940974801
2,1,    621 - Ambulatory Care,,,18,000,00000,Indiana,2021,621391,Offices of Podiatrists,2,2,1.60321368981,21.4771572884,52.2130374998,209.076862638,150.407157837,125.915311333,86.7945207665,23.4585153782
2,1,    621 - Ambulatory Care,,,18,000,00000,Indiana,2021,621399,Offices of All Other Miscellaneous Health Practitioners,2,2,4.35415875027,38.4268482131,80.8967120126,316.678452698,224.199601373,181.76530295,119.8694964,43.692107326
2,1,    621 - Ambulatory Care,,,18,000,00000,Indiana,2021,621410,Family Planning Centers,2,2,0.0,2.78341122645,11.9708049675,88.213585024,87.6020418571,75.9933359136,53.3209498192,13.6238248316
2,1,    621 - Ambulatory Care,,,18,000,00000,Indiana,2021,621420,Outpatient Mental Health and Substance Abuse Centers,2,2,12.5243049073,151.354137157,524.460042127,2324.32893622,2226.08664045,1977.71742826,1444.17647423,472.374851753
2,1,    621 - Ambulatory Care,,,18,000,00000,Indiana,2021,621491,HMO Medical Centers,2,2,3.07785937202,8.2610349344,29.3303803334,165.280467389,182.043868692,155.611494841,112.876082971,27.9114526071
2,1,    621 - Ambulatory Care,,,18,000,00000,Indiana,2021,621492,Kidney Dialysis Centers,2,2,8.46731976563,47.6803550993,144.698570214,708.496971376,719.475186353,638.045663808,460.511841638,135.830742676
2,1,    621 - Ambulatory Care,,,18,000,00000,Indiana,2021,621493,Freestanding Ambulatory Surgical and Emergency Centers,2,2,6.22674385448,61.5010117322,179.597746449,923.406950241,968.091298481,840.365603921,596.448064961,191.5111249
2,1,    621 - Ambulatory Care,,,18,000,00000,Indiana,2021,621498,All Other Outpatient Care Centers,2,2,3.02077971855,37.3112301417,147.355539051,713.738987999,754.286376541,671.671038303,478.574687755,154.636017955
2,1,    621 - Ambulatory Care,,,18,000,00000,Indiana,2021,621511,Medical Laboratories,2,2,29.8381965775,88.7486058171,305.574934838,1335.52072577,1353.69244505,1181.21658385,1038.37587879,293.593586022
2,1,    621 - Ambulatory Care,,,18,000,00000,Indiana,2021,621512,Diagnostic Imaging Centers,2,2,0.50733344653,14.3212017423,47.4065434179,171.360083023,194.882300428,213.128678108,183.347342066,52.3312861152
2,1,    621 - Ambulatory Care,,,18,000,00000,Indiana,2021,621610,Home Health Care Services,2,2,170.232529253,919.317516856,980.019109411,4053.52065417,5070.55900328,5254.53006368,4304.03108834,1989.88655658
2,1,    621 - Ambulatory Care,,,18,000,00000,Indiana,2021,621910,Ambulance Services,2,2,14.5960639897,181.598826547,243.024987934,766.545386477,674.176622611,535.38329762,340.677265583,104.849910789
2,1,    621 - Ambulatory Care,,,18,000,00000,Indiana,2021,621991,Blood and Organ Banks,2,2,10.1159025439,140.52129636,218.564479414,643.592256939,578.480451327,434.209723859,258.082009849,71.7159460198
2,1,    621 - Ambulatory Care,,,18,000,00000,Indiana,2021,621999,All Other Miscellaneous Ambulatory Health Care Services,2,2,0.0,35.1226550906,62.4768259685,235.132739047,211.735896495,177.47420396,112.876277691,31.933371716
2,1,    621 - Ambulatory Care,,,18,000,00000,Indiana,2022,621111,Offices of Physicians (except Mental Health Specialists),2,2,132.214874543,936.642397988,2210.55473067,12469.7349104,14656.3761166,13059.4197331,10066.1938831,3372.73826583
2,1,    621 - Ambulatory Care,,,18,000,00000,Indiana,2022,621112,"Offices of Physicians, Mental Health Specialists",2,2,0.0,8.14466133116,23.7919019996,164.77429332,203.960589336,181.941975774,140.395358845,40.5457550958
2,1,    621 - Ambulatory Care,,,18,000,00000,Indiana,2022,621210,Offices of Dentists,2,2,187.833260025,700.421312002,1191.88668737,4930.70272291,4838.70801648,4155.1893855,2984.2405143,1078.732008
2,1,    621 - Ambulatory Care,,,18,000,00000,Indiana,2022,621310,Offices of Chiropractors,2,2,25.5338261405,142.209814255,235.036170888,820.199776277,622.435443451,546.284411758,354.035025202,143.890650341
2,1,    621 - Ambulatory Care,,,18,000,00000,Indiana,2022,621320,Offices of Optometrists,2,2,40.0673010874,215.915025673,347.887996948,1195.95714273,908.933134817,781.678082775,531.678966122,216.656481907
2,1,    621 - Ambulatory Care,,,18,000,00000,Indiana,2022,621330,Offices of Mental Health Practitioners (except Physicians),2,2,41.8953436079,226.433222861,429.101360271,1513.65280888,1058.87916083,870.283326574,581.395114841,234.56891429
2,1,    621 - Ambulatory Care,,,18,000,00000,Indiana,2022,621340,"Offices of Physical, Occupational and Speech Therapists, and Audiologists",2,2,128.426692727,623.684475891,1123.21653797,3977.08389607,2734.85928891,2250.87552456,1567.18365153,600.155999489
2,1,    621 - Ambulatory Care,,,18,000,00000,Indiana,2022,621391,Offices of Podiatrists,2,2,1.86915730836,25.1489020034,49.1782887306,200.765200616,142.095700265,118.922378854,79.1134082934,23.5617986863
2,1,    621 - Ambulatory Care,,,18,000,00000,Indiana,2022,621399,Offices of All Other Miscellaneous Health Practitioners,2,2,5.80451746904,45.8573701181,89.1818075448,349.555143287,240.934596809,193.621435549,125.784655992,44.6700032655
2,1,    621 - Ambulatory Care,,,18,000,00000,Indiana,2022,621410,Family Planning Centers,2,2,0.0,2.9624736715,16.2332678753,102.754759018,106.665283582,95.5152866562,70.1450184644,19.2917411716
2,1,    621 - Ambulatory Care,,,18,000,00000,Indiana,2022,621420,Outpatient Mental Health and Substance Abuse Centers,2,2,12.8777146194,153.362330893,518.562371622,2294.45786638,2227.43187047,1985.18736015,1460.1977261,499.794582671
2,1,    621 - Ambulatory Care,,,18,000,00000,Indiana,2022,621491,HMO Medical Centers,2,2,4.07417735714,9.39471191551,31.6368615049,178.666246378,207.830188283,169.079624507,124.128721792,33.1896689096
2,1,    621 - Ambulatory Care,,,18,000,00000,Indiana,2022,621492,Kidney Dialysis Centers,2,2,5.82299109956,38.6424541474,123.218119055,643.139223178,656.591690544,575.062320952,426.973966977,126.874996761
2,1,    621 - Ambulatory Care,,,18,000,00000,Indiana,2022,621493,Freestanding Ambulatory Surgical and Emergency Centers,2,2,6.82576045458,61.3595436873,178.623243527,865.796084187,908.131263283,804.601708572,587.176804395,196.632911944
2,1,    621 - Ambulatory Care,,,18,000,00000,Indiana,2022,621498,All Other Outpatient Care Centers,2,2,3.83662906052,41.6029083534,123.894422409,632.780104111,662.032045288,566.913597899,414.099544942,141.099036273
2,1,    621 - Ambulatory Care,,,18,000,00000,Indiana,2022,621511,Medical Laboratories,2,2,10.7815032097,78.6074135071,266.922685898,1269.02877349,1300.43149796,1124.03472871,980.961697325,294.89401401
2,1,    621 - Ambulatory Care,,,18,000,00000,Indiana,2022,621512,Diagnostic Imaging Centers,2,2,0.543659976837,15.8869956706,40.0868679052,184.746603206,206.962147818,211.991332458,171.922108765,48.3000991229
2,1,    621 - Ambulatory Care,,,18,000,00000,Indiana,2022,621610,Home Health Care Services,2,2,117.435304174,734.411834537,888.57880122,4028.92469348,5208.58033736,5338.27679059,4393.3970051,2150.39958384
2,1,    621 - Ambulatory Care,,,18,000,00000,Indiana,2022,621910,Ambulance Services,2,2,6.57012100486,145.061472932,197.051291677,695.863600508,589.976708072,472.304955867,312.490346359,105.782405112
2,1,    621 - Ambulatory Care,,,18,000,00000,Indiana,2022,621991,Blood and Organ Banks,2,2,9.16604443378,129.400977424,191.409914098,621.931647252,549.511781082,435.717044112,264.597377596,83.5815723713
2,1,    621 - Ambulatory Care,,,18,000,00000,Indiana,2022,621999,All Other Miscellaneous Ambulatory Health Care Services,2,2,4.38299828851,44.5084046981,78.3504307498,298.695400683,274.681716885,249.000398209,167.097333836,49.4591328593
2,1,    621 - Ambulatory Care,,,18,000,00000,Indiana,2023,621111,Offices of Physicians (except Mental Health Specialists),2,2,136.292912808,1031.52390689,2287.77738672,12737.9233308,15090.9562037,13372.3237251,10148.6198999,3615.00533418
2,1,    621 - Ambulatory Care,,,18,000,00000,Indiana,2023,621112,"Offices of Physicians, Mental Health Specialists",2,2,0.0,12.4699495831,35.6069996736,218.815650991,268.772231177,240.09292482,182.723260566,55.9076228471
2,1,    621 - Ambulatory Care,,,18,000,00000,Indiana,2023,621210,Offices of Dentists,2,2,184.84197544,734.839571286,1298.88889341,4931.38890226,4996.83119921,4240.60115961,2995.67412855,1134.88801991
2,1,    621 - Ambulatory Care,,,18,000,00000,Indiana,2023,621310,Offices of Chiropractors,2,2,23.255346981,148.928054957,239.517359324,812.320444816,627.84537722,526.612784287,345.976937629,143.316104458
2,1,    621 - Ambulatory Care,,,18,000,00000,Indiana,2023,621320,Offices of Optometrists,2,2,37.0650281012,226.268255708,350.325755731,1168.4310867,897.672002246,760.061675211,519.322226905,218.335277108
2,1,    621 - Ambulatory Care,,,18,000,00000,Indiana,2023,621330,Offices of Mental Health Practitioners (except Physicians),2,2,47.5139971763,295.853832718,543.457461095,1761.59139283,1232.74742827,998.835640757,660.063753262,274.166625407
2,1,    621 - Ambulatory Care,,,18,000,00000,Indiana,2023,621340,"Offices of Physical, Occupational and Speech Therapists, and Audiologists",2,2,131.77511981,721.753554188,1252.30119466,4092.30399705,2995.29783219,2447.04666808,1585.42062903,668.233919115
2,1,    621 - Ambulatory Care,,,18,000,00000,Indiana,2023,621391,Offices of Podiatrists,2,2,1.66860915142,25.1451658666,48.87028155,190.790989054,135.800782489,114.391487407,74.3802217574,23.4029559472
2,1,    621 - Ambulatory Care,,,18,000,00000,Indiana,2023,621399,Offices of All Other Miscellaneous Health Practitioners,2,2,6.31995260371,57.3503040395,111.425138066,388.154961857,280.984997234,226.702372163,140.965956948,52.5000868872
2,1,    621 - Ambulatory Care,,,18,000,00000,Indiana,2023,621410,Family Planning Centers,2,2,0.0,3.52371470369,19.2226780775,110.718868532,114.013017386,101.572251353,72.0411417485,23.6268379348
2,1,    621 - Ambulatory Care,,,18,000,00000,Indiana,2023,621420,Outpatient Mental Health and Substance Abuse Centers,2,2,17.2027253846,177.164281648,529.262677112,2393.538426,2347.18609362,2085.54514353,1493.48157582,540.864648593
2,1,    621 - Ambulatory Care,,,18,000,00000,Indiana,2023,621491,HMO Medical Centers,2,2,3.93623000951,10.5797182739,32.2994676898,180.069673196,199.466308892,166.991678753,119.92963731,38.9864815829
2,1,    621 - Ambulatory Care,,,18,000,00000,Indiana,2023,621492,Kidney Dialysis Centers,2,2,5.33575265092,42.531253751,123.243325335,622.136693072,635.38278292,541.023235497,402.636505164,130.377968446
2,1,    621 - Ambulatory Care,,,18,000,00000,Indiana,2023,621493,Freestanding Ambulatory Surgical and Emergency Centers,2,2,9.55064091844,72.2154744789,181.181976972,895.713206643,931.021905199,830.52412529,590.556886397,221.695462616
2,1,    621 - Ambulatory Care,,,18,000,00000,Indiana,2023,621498,All Other Outpatient Care Centers,2,2,5.75970798032,46.4105294486,130.902368611,677.591875278,708.409584951,613.925116348,436.356160232,159.249159328
2,1,    621 - Ambulatory Care,,,18,000,00000,Indiana,2023,621511,Medical Laboratories,2,2,10.1464986352,72.4008606432,267.24271605,1284.55737429,1275.93746879,1138.17039222,965.986493843,292.086683089
2,1,    621 - Ambulatory Care,,,18,000,00000,Indiana,2023,621512,Diagnostic Imaging Centers,2,2,0.0,18.5636732219,45.8132550116,210.307659811,226.335736782,213.37190747,192.885473442,55.7252452043
2,1,    621 - Ambulatory Care,,,18,000,00000,Indiana,2023,621610,Home Health Care Services,2,2,172.221681032,851.916496799,1105.44859242,5071.45126483,6477.17003388,6376.40981548,5050.72944328,2740.8111
2,1,    621 - Ambulatory Care,,,18,000,00000,Indiana,2023,621910,Ambulance Services,2,2,11.8321083725,122.256930652,170.324793507,624.978630588,516.377138311,429.8727911,270.755955374,104.722355612
2,1,    621 - Ambulatory Care,,,18,000,00000,Indiana,2023,621991,Blood and Organ Banks,2,2,12.0451499286,120.171038869,170.53607699,597.801291496,526.013403959,448.128133982,269.759595209,94.2744548794
2,1,    621 - Ambulatory Care,,,18,000,00000,Indiana,2023,621999,All Other Miscellaneous Ambulatory Health Care Services,2,2,5.10899456983,53.5143476101,78.0151491115,334.437960244,287.372837879,273.632335272,180.290700672,63.3360873049
2,1,    621 - Ambulatory Care,,,18,000,00000,Indiana,2024,621111,Offices of Physicians (except Mental Health Specialists),2,2,152.56539381,1071.81044952,2392.36357003,12977.7987712,15248.8185928,13625.79175,10206.0471915,3750.55689297
2,1,    621 - Ambulatory Care,,,18,000,00000,Indiana,2024,621112,"Offices of Physicians, Mental Health Specialists",2,2,0.707675538404,19.4298172205,47.9777208595,268.633447662,318.590559339,284.605713962,214.42642593,74.9951985102
2,1,    621 - Ambulatory Care,,,18,000,00000,Indiana,2024,621210,Offices of Dentists,2,2,199.629039571,797.079035844,1346.92360121,5019.31566459,5078.40263424,4260.36923817,3013.06616063,1159.52777683
2,1,    621 - Ambulatory Care,,,18,000,00000,Indiana,2024,621310,Offices of Chiropractors,2,2,18.5419497562,152.391494316,238.389596369,823.925533711,637.310877707,528.115343546,339.025581093,145.83225675
2,1,    621 - Ambulatory Care,,,18,000,00000,Indiana,2024,621320,Offices of Optometrists,2,2,36.0112974365,231.235436226,348.157857602,1186.41702631,912.359545781,762.60668467,521.32978815,226.24027353
2,1,    621 - Ambulatory Care,,,18,000,00000,Indiana,2024,621330,Offices of Mental Health Practitioners (except Physicians),2,2,55.7834403334,349.852450324,615.872330003,1994.7394259,1400.63280389,1123.50450247,728.886067171,325.780520206
2,1,    621 - Ambulatory Care,,,18,000,00000,Indiana,2024,621340,"Offices of Physical, Occupational and Speech Therapists, and Audiologists",2,2,130.260910383,785.363157063,1311.67120078,4324.55808816,3132.22635755,2544.10879667,1626.65261561,702.072468075
2,1,    621 - Ambulatory Care,,,18,000,00000,Indiana,2024,621391,Offices of Podiatrists,2,2,1.20372254686,24.2789569384,46.2551812616,181.143961626,126.601032184,105.966718484,68.300645452,22.9368374018
2,1,    621 - Ambulatory Care,,,18,000,00000,Indiana,2024,621399,Offices of All Other Miscellaneous Health Practitioners,2,2,7.50392785645,67.9055179783,122.193877468,431.818936645,310.142795656,250.447403859,156.361942112,59.8065136515
2,1,    621 - Ambulatory Care,,,18,000,00000,Indiana,2024,621410,Family Planning Centers,2,2,1.24243822907,3.82846068531,20.0948638276,116.294705183,121.831891726,108.408136405,76.543277234,24.8038906135
2,1,    621 - Ambulatory Care,,,18,000,00000,Indiana,2024,621420,Outpatient Mental Health and Substance Abuse Centers,2,2,22.2594287771,186.718891113,528.830333332,2396.70371558,2378.50834268,2128.11590815,1512.48714198,571.64937478
2,1,    621 - Ambulatory Care,,,18,000,00000,Indiana,2024,621491,HMO Medical Centers,2,2,5.95162420624,15.1933202921,42.5036672906,230.176049708,262.55224981,221.088133138,157.115699879,55.2212703673
2,1,    621 - Ambulatory Care,,,18,000,00000,Indiana,2024,621492,Kidney Dialysis Centers,2,2,4.99329201742,43.5192584259,124.920333004,610.775624085,613.677016791,523.035301358,384.410878397,131.611316601
2,1,    621 - Ambulatory Care,,,18,000,00000,Indiana,2024,621493,Freestanding Ambulatory Surgical and Emergency Centers,2,2,11.2928004057,74.218534323,190.12731376,917.424114504,962.105413604,855.795002935,610.789547023,233.169311804
2,1,    621 - Ambulatory Care,,,18,000,00000,Indiana,2024,621498,All Other Outpatient Care Centers,2,2,4.75288573173,44.9321935949,125.26209643,625.327266838,640.303068029,558.63616989,383.225789579,144.673421344
2,1,    621 - Ambulatory Care,,,18,000,00000,Indiana,2024,621511,Medical Laboratories,2,2,11.1900248179,66.8047276455,268.670765175,1306.27580604,1255.44683873,1172.10539098,947.068845546,307.836118091
2,1,    621 - Ambulatory Care,,,18,000,00000,Indiana,2024,621512,Diagnostic Imaging Centers,2,2,0.0,15.9589097382,52.2320341095,213.727564912,216.27041951,195.842541553,173.283761644,55.1230249403
2,1,    621 - Ambulatory Care,,,18,000,00000,Indiana,2024,621610,Home Health Care Services,2,2,235.094584803,1142.07758553,1517.52609346,6228.56530311,7859.06327796,7670.06632306,6143.25730053,3434.65820749
2,1,    621 - Ambulatory Care,,,18,000,00000,Indiana,2024,621910,Ambulance Services,2,2,5.72691910258,129.833617519,190.99548076,645.531474529,531.229652717,454.198018891,299.666411952,115.315405338
2,1,    621 - Ambulatory Care,,,18,000,00000,Indiana,2024,621991,Blood and Organ Banks,2,2,5.45785171465,118.473135292,167.150640438,589.832731098,526.399643335,446.497179252,290.899780601,96.6238266885
2,1,    621 - Ambulatory Care,,,18,000,00000,Indiana,2024,621999,All Other Miscellaneous Ambulatory Health Care Services,2,2,2.58903075375,65.8340028448,91.2316889701,365.557840621,325.652357528,303.511913472,203.431634053,67.9274246035
2,2,    622 - Hospitals,,,0,000,00000,United States,2020,622110,General Medical and Surgical Hospitals,2,2,7215.14825879,75859.1407984,218726.156248,1197682.80932,1118883.07141,999740.57933,895204.304348,246738.876769
2,2,    622 - Hospitals,,,0,000,00000,United States,2020,622210,Psychiatric and Substance Abuse Hospitals,2,2,54.0334679274,1856.74913711,6922.39266414,33394.3443264,29319.0361637,24925.7863882,20812.5442379,7248.04850988
2,2,    622 - Hospitals,,,0,000,00000,United States,2020,622310,Specialty (except Psychiatric and Substance Abuse) Hospitals,2,2,334.041557556,3349.96236284,10281.5973827,64148.341013,58858.1241565,50129.2495518,40074.9948715,11269.0325892
2,2,    622 - Hospitals,,,0,000,00000,United States,2021,622110,General Medical and Surgical Hospitals,2,2,9011.80155823,86881.724179,225763.478757,1187006.63574,1129173.59434,993787.672205,876527.800137,255600.383047
2,2,    622 - Hospitals,,,0,000,00000,United States,2021,622210,Psychiatric and Substance Abuse Hospitals,2,2,80.0369590689,2054.45587658,7224.4428889,32624.4742769,29052.855508,24485.5482256,20175.5552145,7269.70228103
2,2,    622 - Hospitals,,,0,000,00000,United States,2021,622310,Specialty (except Psychiatric and Substance Abuse) Hospitals,2,2,368.15469909,3780.74770826,10467.7681776,62918.6908676,59474.6069476,50361.2846918,40154.3099393,12024.5658911
2,2,    622 - Hospitals,,,0,000,00000,United States,2022,622110,General Medical and Surgical Hospitals,2,2,11466.2881475,98604.1551867,238766.416216,1176566.76004,1135329.37029,994863.809027,859958.784617,269647.454177
2,2,    622 - Hospitals,,,0,000,00000,United States,2022,622210,Psychiatric and Substance Abuse Hospitals,2,2,100.157994918,2361.18631844,7528.16614653,32284.0316731,29282.2568939,25001.4979709,20047.166752,7805.85215482
2,2,    622 - Hospitals,,,0,000,00000,United States,2022,622310,Specialty (except Psychiatric and Substance Abuse) Hospitals,2,2,419.973103065,4137.14173317,11388.1019107,63364.7066894,60783.0287258,51240.422274,40504.651302,12924.2697219
2,2,    622 - Hospitals,,,0,000,00000,United States,2023,622110,General Medical and Surgical Hospitals,2,2,13457.8594513,110058.688371,254335.814762,1219236.94863,1182701.28432,1020939.72979,863806.990384,290646.426967
2,2,    622 - Hospitals,,,0,000,00000,United States,2023,622210,Psychiatric and Substance Abuse Hospitals,2,2,122.755152274,2630.65447057,7783.83288571,32950.10264,30486.191663,25652.9504571,20052.6092285,8228.79583829
2,2,    622 - Hospitals,,,0,000,00000,United States,2023,622310,Specialty (except Psychiatric and Substance Abuse) Hospitals,2,2,506.166318908,4688.65698038,12306.680335,67122.7401078,65479.0650545,54346.157827,42170.4905826,14440.4624398
2,2,    622 - Hospitals,,,0,000,00000,United States,2024,622110,General Medical and Surgical Hospitals,2,2,14261.874952,116033.410868,264292.580962,1262624.09123,1228261.34753,1050323.65264,877617.468247,306840.778661
2,2,    622 - Hospitals,,,0,000,00000,United States,2024,622210,Psychiatric and Substance Abuse Hospitals,2,2,136.867810204,2783.79028471,8020.22353735,34415.1658989,31938.7627576,26951.6882058,20825.3064832,8660.69585807
2,2,    622 - Hospitals,,,0,000,00000,United States,2024,622310,Specialty (except Psychiatric and Substance Abuse) Hospitals,2,2,514.234783853,5046.42820765,13120.3892427,71035.1932081,69682.5250897,57414.4708023,44061.8227002,15670.3493032
2,2,    622 - Hospitals,,,00,000,14020,Bloomington MSA,2020,622110,General Medical and Surgical Hospitals,2,2,20.9190291654,149.160524695,233.263970188,751.761979048,566.868516509,585.33315315,476.625575909,120.268354713
2,2,    622 - Hospitals,,,00,000,14020,Bloomington MSA,2020,622210,Psychiatric and Substance Abuse Hospitals,2,2,0.0,1.52008825233,7.26128987196,20.5874795066,21.7265321817,27.1383722248,22.8707839691,12.3781393699
2,2,    622 - Hospitals,,,00,000,14020,Bloomington MSA,2020,622310,Specialty (except Psychiatric and Substance Abuse) Hospitals,2,2,0.0,6.295857837,11.5526474199,56.3762140561,66.7238120515,71.789170761,51.8761413827,20.279316547
2,2,    622 - Hospitals,,,00,000,14020,Bloomington MSA,2021,622110,General Medical and Surgical Hospitals,2,2,17.6480509138,164.879359866,221.096315443,692.142849197,543.563347655,522.067133359,428.986474388,122.995355043
2,2,    622 - Hospitals,,,00,000,14020,Bloomington MSA,2021,622210,Psychiatric and Substance Abuse Hospitals,2,2,0.0,9.68778831667,8.6055121039,21.8883515084,20.6993703044,28.6678285968,15.8008849862,12.0519116701
2,2,    622 - Hospitals,,,00,000,14020,Bloomington MSA,2021,622310,Specialty (except Psychiatric and Substance Abuse) Hospitals,2,2,0.800995751296,9.17001748958,12.7974849078,48.0447188146,58.6359663909,77.315060539,48.2738766894,23.2111205163
2,2,    622 - Hospitals,,,00,000,14020,Bloomington MSA,2022,622110,General Medical and Surgical Hospitals,2,2,22.7061899033,179.005036292,249.657378429,667.251602215,578.381787774,519.931378568,429.366348051,115.056711765
2,2,    622 - Hospitals,,,00,000,14020,Bloomington MSA,2022,622210,Psychiatric and Substance Abuse Hospitals,2,2,0.710991054318,10.3886057548,13.4199590543,26.682497317,26.2944574033,32.3946757347,23.9897947568,15.9641179086
2,2,    622 - Hospitals,,,00,000,14020,Bloomington MSA,2022,622310,Specialty (except Psychiatric and Substance Abuse) Hospitals,2,2,0.618000839048,9.53354950635,12.8393281343,39.4716105953,38.6023753707,67.5662070637,49.5487639223,24.9385246964
2,2,    622 - Hospitals,,,00,000,14020,Bloomington MSA,2023,622110,General Medical and Surgical Hospitals,2,2,20.2935731543,160.648558759,282.63472328,681.664774691,630.196559575,539.468787328,450.559368727,126.622603033
2,2,    622 - Hospitals,,,00,000,14020,Bloomington MSA,2023,622210,Psychiatric and Substance Abuse Hospitals,2,2,0.0,14.4122767676,13.5744551131,39.1577551911,41.0155987409,46.3600169621,28.2156262651,19.3800221574
2,2,    622 - Hospitals,,,00,000,14020,Bloomington MSA,2023,622310,Specialty (except Psychiatric and Substance Abuse) Hospitals,2,2,0.0,22.2863624298,15.2453310863,58.1945996023,61.8104541352,82.0741961258,67.04694182,29.079813911
2,2,    622 - Hospitals,,,00,000,14020,Bloomington MSA,2024,622110,General Medical and Surgical Hospitals,2,2,13.4453619153,173.808455321,285.085456261,682.672576417,615.283020527,534.207075901,445.694931253,131.239933511
2,2,    622 - Hospitals,,,00,000,14020,Bloomington MSA,2024,622210,Psychiatric and Substance Abuse Hospitals,2,2,0.0,14.7213183381,13.3372852223,44.5750517445,46.7319430784,51.1078728264,37.3032190496,19.139140815
2,2,    622 - Hospitals,,,00,000,14020,Bloomington MSA,2024,622310,Specialty (except Psychiatric and Substance Abuse) Hospitals,2,2,0.0,19.6755153693,15.7221679796,62.5342398341,71.7815412887,88.1784317329,68.5158354197,30.9480624592
2,2,    622 - Hospitals,,,00,000,16980,Chicago-Naperville-Elgin MSA,2020,622110,General Medical and Surgical Hospitals,2,2,154.362208972,1844.97014978,6886.32952233,43219.2492713,38221.8654505,34709.9116324,32446.2715478,9559.91127348
2,2,    622 - Hospitals,,,00,000,16980,Chicago-Naperville-Elgin MSA,2020,622210,Psychiatric and Substance Abuse Hospitals,2,2,2.40463394882,30.4447342921,177.579425817,973.436378302,788.835741699,651.510022416,498.059081603,171.268466583
2,2,    622 - Hospitals,,,00,000,16980,Chicago-Naperville-Elgin MSA,2020,622310,Specialty (except Psychiatric and Substance Abuse) Hospitals,2,2,1.72528242684,55.6684886215,172.05914304,1244.84956085,999.543629961,846.015251867,756.248533015,231.355412202
2,2,    622 - Hospitals,,,00,000,16980,Chicago-Naperville-Elgin MSA,2021,622110,General Medical and Surgical Hospitals,2,2,185.819443301,2201.09474136,7253.7510763,42579.2996977,37990.9925011,34105.4284251,31037.7467543,9561.20211301
2,2,    622 - Hospitals,,,00,000,16980,Chicago-Naperville-Elgin MSA,2021,622210,Psychiatric and Substance Abuse Hospitals,2,2,1.12412965726,40.3686348014,206.369298698,940.126005758,799.125800222,648.390663302,520.166024533,169.763985468
2,2,    622 - Hospitals,,,00,000,16980,Chicago-Naperville-Elgin MSA,2021,622310,Specialty (except Psychiatric and Substance Abuse) Hospitals,2,2,5.39259023384,51.4944844533,215.833181497,1172.80799337,1019.19100141,853.99823152,764.474529152,249.44712819
2,2,    622 - Hospitals,,,00,000,16980,Chicago-Naperville-Elgin MSA,2022,622110,General Medical and Surgical Hospitals,2,2,223.170505067,2575.211677,7754.68792848,42555.3398572,37556.1242984,33752.674388,29818.2211422,9988.11570392
2,2,    622 - Hospitals,,,00,000,16980,Chicago-Naperville-Elgin MSA,2022,622210,Psychiatric and Substance Abuse Hospitals,2,2,3.57098810687,43.2401287402,215.067583928,962.737660424,791.316188823,606.116550148,484.987788092,161.720831535
2,2,    622 - Hospitals,,,00,000,16980,Chicago-Naperville-Elgin MSA,2022,622310,Specialty (except Psychiatric and Substance Abuse) Hospitals,2,2,6.03168471521,61.8713313996,229.764823769,1200.61891614,987.216517001,857.339482654,755.884694986,265.847438708
2,2,    622 - Hospitals,,,00,000,16980,Chicago-Naperville-Elgin MSA,2023,622110,General Medical and Surgical Hospitals,2,2,312.904114052,3056.83160185,8639.1848473,45326.0667637,39829.6818132,35191.6944362,30170.4424537,11164.1225516
2,2,    622 - Hospitals,,,00,000,16980,Chicago-Naperville-Elgin MSA,2023,622210,Psychiatric and Substance Abuse Hospitals,2,2,0.0,42.9551930608,209.024657113,966.470229357,818.143895525,650.001220891,457.699717053,173.855297946
2,2,    622 - Hospitals,,,00,000,16980,Chicago-Naperville-Elgin MSA,2023,622310,Specialty (except Psychiatric and Substance Abuse) Hospitals,2,2,9.03428728121,88.8610936234,231.40491121,1278.5474649,1056.77882318,918.037064653,760.178876988,305.815587501
2,2,    622 - Hospitals,,,00,000,16980,Chicago-Naperville-Elgin MSA,2024,622110,General Medical and Surgical Hospitals,2,2,349.66245394,3220.27124068,9046.90454304,46944.4890561,41392.7881136,36114.3651976,30493.0126843,11894.1918884
2,2,    622 - Hospitals,,,00,000,16980,Chicago-Naperville-Elgin MSA,2024,622210,Psychiatric and Substance Abuse Hospitals,2,2,0.0,36.9932059925,211.661584956,1019.57345788,847.677870723,691.587202892,464.153213039,193.919476333
2,2,    622 - Hospitals,,,00,000,16980,Chicago-Naperville-Elgin MSA,2024,622310,Specialty (except Psychiatric and Substance Abuse) Hospitals,2,2,10.9777064267,101.590805921,251.6554051,1405.18933865,1138.83747555,966.640571835,787.492572003,338.503509012
2,2,    622 - Hospitals,,,00,000,17140,Cincinnati MSA,2020,622110,General Medical and Surgical Hospitals,2,2,93.0529950307,1225.67026049,2993.27849013,14137.6730105,11518.9634441,9422.11589808,8733.50766525,1935.57885374
2,2,    622 - Hospitals,,,00,000,17140,Cincinnati MSA,2020,622210,Psychiatric and Substance Abuse Hospitals,2,2,0.0,11.5984524631,42.5216977678,239.052772693,222.9417536,165.715946616,133.718092459,39.2540995739
2,2,    622 - Hospitals,,,00,000,17140,Cincinnati MSA,2020,622310,Specialty (except Psychiatric and Substance Abuse) Hospitals,2,2,10.4068894668,44.1628679564,66.1453356283,447.612892201,352.704045461,331.709566749,262.4887581,46.2827668823
2,2,    622 - Hospitals,,,00,000,17140,Cincinnati MSA,2021,622110,General Medical and Surgical Hospitals,2,2,99.2231887031,1445.55264234,3027.74448735,13707.8456482,11870.2568057,9507.64764137,8734.80913675,1995.07215934
2,2,    622 - Hospitals,,,00,000,17140,Cincinnati MSA,2021,622210,Psychiatric and Substance Abuse Hospitals,2,2,1.01753695531,19.1218068816,63.9043030775,288.447952765,276.570019159,202.951524732,154.695980705,61.8107528278
2,2,    622 - Hospitals,,,00,000,17140,Cincinnati MSA,2021,622310,Specialty (except Psychiatric and Substance Abuse) Hospitals,2,2,11.5707501875,42.7068490128,63.3035073096,420.122634417,371.076623369,333.809371671,252.041464047,52.0297441257
2,2,    622 - Hospitals,,,00,000,17140,Cincinnati MSA,2022,622110,General Medical and Surgical Hospitals,2,2,143.905737582,1617.82441656,3141.71632832,12921.5155603,12043.3619971,9608.43800122,8623.77181293,2154.22634392
2,2,    622 - Hospitals,,,00,000,17140,Cincinnati MSA,2022,622210,Psychiatric and Substance Abuse Hospitals,2,2,0.673882594919,17.8615791049,69.2870779198,296.152700558,284.110037708,226.93887782,159.046503775,64.2500223585
2,2,    622 - Hospitals,,,00,000,17140,Cincinnati MSA,2022,622310,Specialty (except Psychiatric and Substance Abuse) Hospitals,2,2,8.17451894891,45.0148224033,72.916202252,392.780216063,332.884267287,305.456259213,231.165391629,50.4525016266
2,2,    622 - Hospitals,,,00,000,17140,Cincinnati MSA,2023,622110,General Medical and Surgical Hospitals,2,2,180.697793456,1819.45327482,3485.97773858,13478.0447413,12252.1399316,9601.19666444,8491.57128502,2307.19579806
2,2,    622 - Hospitals,,,00,000,17140,Cincinnati MSA,2023,622210,Psychiatric and Substance Abuse Hospitals,2,2,0.0,17.6276062171,67.7349649249,304.83279285,298.991479947,244.645960073,145.086182325,59.4664883227
2,2,    622 - Hospitals,,,00,000,17140,Cincinnati MSA,2023,622310,Specialty (except Psychiatric and Substance Abuse) Hospitals,2,2,24.7659284857,50.270511434,74.9860832718,354.584275783,336.504601001,274.244864768,188.180167205,61.7331150947
2,2,    622 - Hospitals,,,00,000,17140,Cincinnati MSA,2024,622110,General Medical and Surgical Hospitals,2,2,204.490369954,1944.26178048,3702.31307506,13940.1979978,12593.9151123,9758.48708595,8346.00558636,2423.23181505
2,2,    622 - Hospitals,,,00,000,17140,Cincinnati MSA,2024,622210,Psychiatric and Substance Abuse Hospitals,2,2,0.0,18.2243822362,70.5305364699,325.250190322,299.931739591,231.16443197,162.394344389,63.4685446334
2,2,    622 - Hospitals,,,00,000,17140,Cincinnati MSA,2024,622310,Specialty (except Psychiatric and Substance Abuse) Hospitals,2,2,24.6974132513,53.9724218229,84.480405088,444.713082653,427.885226637,313.730931266,215.925594256,76.1045492487
2,2,    622 - Hospitals,,,00,000,18020,Columbus MSA,2020,622110,General Medical and Surgical Hospitals,2,2,0.0,0.600622935713,1.89236156286,4.46603060752,6.02345684574,5.65814951342,13.9234460654,0.0
2,2,    622 - Hospitals,,,00,000,18020,Columbus MSA,2020,622210,Psychiatric and Substance Abuse Hospitals,2,2,0.0,0.0,5.80563343829,13.2198676896,10.911070775,11.8949012299,14.3923246548,1.73574455136
2,2,    622 - Hospitals,,,00,000,18020,Columbus MSA,2020,622310,Specialty (except Psychiatric and Substance Abuse) Hospitals,2,2,0.0,0.0,0.0,4.62540001535,4.89240855393,4.84452636107,4.47749556948,0.0
2,2,    622 - Hospitals,,,00,000,18020,Columbus MSA,2021,622110,General Medical and Surgical Hospitals,2,2,0.578148690605,1.00646036234,5.82855035277,10.1909541813,10.2539371379,12.6272070792,21.8962932683,0.0
2,2,    622 - Hospitals,,,00,000,18020,Columbus MSA,2021,622210,Psychiatric and Substance Abuse Hospitals,2,2,0.0,1.90430431662,3.6790696713,10.5563084479,7.55659133177,6.77004977465,2.59748481731,4.68139701892
2,2,    622 - Hospitals,,,00,000,18020,Columbus MSA,2021,622310,Specialty (except Psychiatric and Substance Abuse) Hospitals,2,2,0.0,0.0,0.0,2.61001774913,2.87031173371,1.7260594586,0.0,0.0
2,2,    622 - Hospitals,,,00,000,18020,Columbus MSA,2022,622110,General Medical and Surgical Hospitals,2,2,0.0,0.813691183608,1.72571553672,2.7428792115,5.37236214883,8.35303512955,18.4367922777,1.27138314995
2,2,    622 - Hospitals,,,00,000,18020,Columbus MSA,2022,622210,Psychiatric and Substance Abuse Hospitals,2,2,0.0,0.0,10.4134769589,16.2874299674,12.7852435928,9.45352888303,7.54842306172,3.10501836991
2,2,    622 - Hospitals,,,00,000,18020,Columbus MSA,2022,622310,Specialty (except Psychiatric and Substance Abuse) Hospitals,2,2,0.0,0.0,0.0,3.46543213923,1.54396145998,2.21052895791,0.0,0.0
2,2,    622 - Hospitals,,,00,000,18020,Columbus MSA,2023,622110,General Medical and Surgical Hospitals,2,2,0.0,0.847561653552,1.10645732613,0.524678229818,0.0,0.0,14.9567515912,1.17271564321
2,2,    622 - Hospitals,,,00,000,18020,Columbus MSA,2023,622210,Psychiatric and Substance Abuse Hospitals,2,2,0.0,2.89029706746,14.879216407,13.6182300354,9.40992540564,9.06588499291,4.65573485741,7.98002004993
2,2,    622 - Hospitals,,,00,000,18020,Columbus MSA,2023,622310,Specialty (except Psychiatric and Substance Abuse) Hospitals,2,2,0.0,0.0,0.0,9.50783724046,7.09238029856,7.87695810204,5.30070380499,0.0
2,2,    622 - Hospitals,,,00,000,18020,Columbus MSA,2024,622110,General Medical and Surgical Hospitals,2,2,0.0,1.32994102515,1.90940553254,0.571232145707,0.0,0.0,5.39071143944,0.88613419317
2,2,    622 - Hospitals,,,00,000,18020,Columbus MSA,2024,622210,Psychiatric and Substance Abuse Hospitals,2,2,0.0,0.701360823955,15.9161791224,16.4768441477,13.483625158,12.249291066,10.1612782532,8.50974919704
2,2,    622 - Hospitals,,,00,000,18020,Columbus MSA,2024,622310,Specialty (except Psychiatric and Substance Abuse) Hospitals,2,2,0.0,0.0,0.0,11.3790804745,9.88898048873,10.3716427066,7.41327086809,0.0
2,2,    622 - Hospitals,,,00,000,21140,Elkhart-Goshen MSA,2020,622110,General Medical and Surgical Hospitals,2,2,36.2687353254,170.062322081,207.557635825,851.080333508,731.421521352,737.430804965,669.164947929,148.269623723
2,2,    622 - Hospitals,,,00,000,21140,Elkhart-Goshen MSA,2020,622210,Psychiatric and Substance Abuse Hospitals,2,2,0.0,4.53684823247,14.594652746,40.5867323099,44.2422542651,41.3201871346,41.2311904335,23.1457260984
2,2,    622 - Hospitals,,,00,000,21140,Elkhart-Goshen MSA,2020,622310,Specialty (except Psychiatric and Substance Abuse) Hospitals,2,2,0.0,0.0,0.0,0.0,0.0,0.0,0.0,0.0
2,2,    622 - Hospitals,,,00,000,21140,Elkhart-Goshen MSA,2021,622110,General Medical and Surgical Hospitals,2,2,54.730618709,187.324349064,213.299360676,795.36787296,716.525341189,723.458781897,647.278159866,151.633041554
2,2,    622 - Hospitals,,,00,000,21140,Elkhart-Goshen MSA,2021,622210,Psychiatric and Substance Abuse Hospitals,2,2,0.658292553778,5.96566420589,12.1829283418,34.180885236,36.7759434083,34.4541221642,33.7647299999,23.4619132712
2,2,    622 - Hospitals,,,00,000,21140,Elkhart-Goshen MSA,2021,622310,Specialty (except Psychiatric and Substance Abuse) Hospitals,2,2,0.0,0.0,0.0,0.0,0.0,0.0,0.0,0.0
2,2,    622 - Hospitals,,,00,000,21140,Elkhart-Goshen MSA,2022,622110,General Medical and Surgical Hospitals,2,2,72.256035838,181.876494066,235.36642057,771.231231498,699.791688397,723.547495174,637.548737369,168.286415972
2,2,    622 - Hospitals,,,00,000,21140,Elkhart-Goshen MSA,2022,622210,Psychiatric and Substance Abuse Hospitals,2,2,0.0,5.77984071206,13.6673478527,35.1908679424,35.2505859138,34.0243709542,33.2046287787,24.5727288712
2,2,    622 - Hospitals,,,00,000,21140,Elkhart-Goshen MSA,2022,622310,Specialty (except Psychiatric and Substance Abuse) Hospitals,2,2,0.0,0.0,0.0,0.0,0.0,0.0,0.0,0.0
2,2,    622 - Hospitals,,,00,000,21140,Elkhart-Goshen MSA,2023,622110,General Medical and Surgical Hospitals,2,2,61.720285516,185.87068064,245.772108435,774.813720397,693.681183348,730.632716738,635.162007904,182.040306872
2,2,    622 - Hospitals,,,00,000,21140,Elkhart-Goshen MSA,2023,622210,Psychiatric and Substance Abuse Hospitals,2,2,0.0,4.80983819367,15.9929789133,35.3200839726,34.0862793131,35.2162831222,30.0258523056,27.1621104517
2,2,    622 - Hospitals,,,00,000,21140,Elkhart-Goshen MSA,2023,622310,Specialty (except Psychiatric and Substance Abuse) Hospitals,2,2,0.0,0.0,0.0,0.0,0.0,0.0,0.0,0.0
2,2,    622 - Hospitals,,,00,000,21140,Elkhart-Goshen MSA,2024,622110,General Medical and Surgical Hospitals,2,2,51.2106377463,171.618445268,233.475597917,742.409255225,700.198239954,709.717997431,613.70404305,191.809194207
2,2,    622 - Hospitals,,,00,000,21140,Elkhart-Goshen MSA,2024,622210,Psychiatric and Substance Abuse Hospitals,2,2,0.0,5.66289619156,17.5549934179,39.8102476967,33.8385139276,36.2881854311,34.6222007006,29.6366555044
2,2,    622 - Hospitals,,,00,000,21140,Elkhart-Goshen MSA,2024,622310,Specialty (except Psychiatric and Substance Abuse) Hospitals,2,2,0.0,0.0,0.0,0.0,0.0,0.0,0.0,0.0
2,2,    622 - Hospitals,,,00,000,21780,Evansville MSA,2020,622110,General Medical and Surgical Hospitals,2,2,35.4564050926,283.659848854,503.181733293,2087.71659159,1764.11399206,1577.52710698,1530.07316851,354.353460399
2,2,    622 - Hospitals,,,00,000,21780,Evansville MSA,2020,622210,Psychiatric and Substance Abuse Hospitals,2,2,1.2891780908,6.65944936401,17.0927220333,56.0939206531,43.9131152225,40.6298559876,37.6700977183,11.406643608
2,2,    622 - Hospitals,,,00,000,21780,Evansville MSA,2020,622310,Specialty (except Psychiatric and Substance Abuse) Hospitals,2,2,0.575334945916,21.2287007669,17.7624437998,116.4912593,88.5202298398,88.4803702778,58.988284672,19.941787693
2,2,    622 - Hospitals,,,00,000,21780,Evansville MSA,2021,622110,General Medical and Surgical Hospitals,2,2,46.8218629442,363.988369075,507.806387655,2126.78924619,1812.44400298,1613.31091394,1460.81091422,367.766808283
2,2,    622 - Hospitals,,,00,000,21780,Evansville MSA,2021,622210,Psychiatric and Substance Abuse Hospitals,2,2,2.21195900162,11.2980862241,17.9140478666,61.7051101583,57.4845124911,45.2170448064,35.7921461916,10.7279188685
2,2,    622 - Hospitals,,,00,000,21780,Evansville MSA,2021,622310,Specialty (except Psychiatric and Substance Abuse) Hospitals,2,2,1.01950695735,15.1334337833,24.2613772107,99.8330868369,74.7431863276,71.7139667594,53.4692512402,18.9784800916
2,2,    622 - Hospitals,,,00,000,21780,Evansville MSA,2022,622110,General Medical and Surgical Hospitals,2,2,74.3358344649,410.190938218,568.430615644,2056.55777953,1852.87586869,1571.81568806,1349.82357524,365.713524025
2,2,    622 - Hospitals,,,00,000,21780,Evansville MSA,2022,622210,Psychiatric and Substance Abuse Hospitals,2,2,5.10214026245,16.8339205243,22.0032218745,62.0170902239,54.8370978915,37.1817368555,58.0301513336,14.1368277431
2,2,    622 - Hospitals,,,00,000,21780,Evansville MSA,2022,622310,Specialty (except Psychiatric and Substance Abuse) Hospitals,2,2,0.0,14.9945595452,19.131446817,85.920261423,72.334037704,61.3267868914,53.5925889038,17.6178121148
2,2,    622 - Hospitals,,,00,000,21780,Evansville MSA,2023,622110,General Medical and Surgical Hospitals,2,2,65.6369067697,444.158260293,611.906933974,1956.49856379,1856.62017252,1515.85204376,1339.99854022,370.388813907
2,2,    622 - Hospitals,,,00,000,21780,Evansville MSA,2023,622210,Psychiatric and Substance Abuse Hospitals,2,2,3.24704679353,15.8137194784,22.7614068652,75.4518286733,61.7290402873,41.6699911155,36.5406540655,12.8734099443
2,2,    622 - Hospitals,,,00,000,21780,Evansville MSA,2023,622310,Specialty (except Psychiatric and Substance Abuse) Hospitals,2,2,1.21303352266,17.6129185194,16.80227175,49.3020645293,51.0253624508,36.563919745,36.0219835068,13.0751430987
2,2,    622 - Hospitals,,,00,000,21780,Evansville MSA,2024,622110,General Medical and Surgical Hospitals,2,2,60.8642318028,466.085495782,613.81273062,1930.86707536,1835.14490927,1451.54869585,1301.07204419,367.30386333
2,2,    622 - Hospitals,,,00,000,21780,Evansville MSA,2024,622210,Psychiatric and Substance Abuse Hospitals,2,2,2.81608983357,16.1704424611,24.6714316418,54.2270958329,42.0527315464,26.1324221434,27.4043031844,8.12801200175
2,2,    622 - Hospitals,,,00,000,21780,Evansville MSA,2024,622310,Specialty (except Psychiatric and Substance Abuse) Hospitals,2,2,0.0,10.7399578835,5.9201582086,42.3432278044,46.4772472987,33.4557442218,26.5952747035,7.33210454993
2,2,    622 - Hospitals,,,00,000,23060,Fort Wayne MSA,2020,622110,General Medical and Surgical Hospitals,2,2,24.837253109,389.704871401,887.195673437,3878.04607631,3588.79105098,3298.04502908,2873.08431551,644.208240008
2,2,    622 - Hospitals,,,00,000,23060,Fort Wayne MSA,2020,622210,Psychiatric and Substance Abuse Hospitals,2,2,0.0,0.0,6.02185535771,29.5137578681,25.7331446641,30.0332105555,27.097306152,15.0185303353
2,2,    622 - Hospitals,,,00,000,23060,Fort Wayne MSA,2020,622310,Specialty (except Psychiatric and Substance Abuse) Hospitals,2,2,0.0,2.92965677451,9.62027628564,37.0403592153,40.1549192233,41.0630822453,27.9299355207,3.59644434301
2,2,    622 - Hospitals,,,00,000,23060,Fort Wayne MSA,2021,622110,General Medical and Surgical Hospitals,2,2,26.9706662459,366.921025025,950.715017368,3925.3766812,3747.59746715,3402.1524964,2884.61385713,712.133265538
2,2,    622 - Hospitals,,,00,000,23060,Fort Wayne MSA,2021,622210,Psychiatric and Substance Abuse Hospitals,2,2,0.592223606358,0.0,2.03156011109,7.78064083937,6.90314669849,6.61412648378,5.71866092637,2.35677226309
2,2,    622 - Hospitals,,,00,000,23060,Fort Wayne MSA,2021,622310,Specialty (except Psychiatric and Substance Abuse) Hospitals,2,2,0.796052662464,2.27894866383,4.34859862587,21.241543332,23.6874592106,22.2684402751,16.5346617721,3.38583682476
2,2,    622 - Hospitals,,,00,000,23060,Fort Wayne MSA,2022,622110,General Medical and Surgical Hospitals,2,2,66.0598085899,469.408487861,1039.39220181,4151.93470231,3953.68365616,3571.59457885,2886.32671314,789.852532685
2,2,    622 - Hospitals,,,00,000,23060,Fort Wayne MSA,2022,622210,Psychiatric and Substance Abuse Hospitals,2,2,0.0,1.69681888123,4.55195847792,7.22546069615,13.0731014006,5.14721127749,4.56265379888,2.00461580216
2,2,    622 - Hospitals,,,00,000,23060,Fort Wayne MSA,2022,622310,Specialty (except Psychiatric and Substance Abuse) Hospitals,2,2,0.0,2.14676728791,4.60657924975,19.9715131521,19.5165129712,18.7059463404,15.8626496161,3.90001061335
2,2,    622 - Hospitals,,,00,000,23060,Fort Wayne MSA,2023,622110,General Medical and Surgical Hospitals,2,2,79.0011409401,543.474973045,1043.01770687,4257.24275446,4122.91286992,3698.88857278,2902.91628635,852.576636995
2,2,    622 - Hospitals,,,00,000,23060,Fort Wayne MSA,2023,622210,Psychiatric and Substance Abuse Hospitals,2,2,0.0,0.526406986558,4.19364980469,14.5487828943,11.4004175828,9.90069927844,7.7611425986,2.95107612048
2,2,    622 - Hospitals,,,00,000,23060,Fort Wayne MSA,2023,622310,Specialty (except Psychiatric and Substance Abuse) Hospitals,2,2,0.828667847656,4.45011237957,7.79217562651,35.8358463566,31.6143230042,31.4981960133,23.2993657962,6.44427098009
2,2,    622 - Hospitals,,,00,000,23060,Fort Wayne MSA,2024,622110,General Medical and Surgical Hospitals,2,2,64.4257515105,542.339847162,1005.20296695,4174.84634148,4135.05768942,3661.73954835,2875.52321423,860.726176109
2,2,    622 - Hospitals,,,00,000,23060,Fort Wayne MSA,2024,622210,Psychiatric and Substance Abuse Hospitals,2,2,0.0,3.7293504147,4.65423079636,24.5668975784,11.1647188879,12.5337627687,11.031163488,3.05725581512
2,2,    622 - Hospitals,,,00,000,23060,Fort Wayne MSA,2024,622310,Specialty (except Psychiatric and Substance Abuse) Hospitals,2,2,0.0,5.19432571082,9.01556615612,47.651913271,33.9098409177,35.1167412016,26.1620493721,6.82568285026
2,2,    622 - Hospitals,,,00,000,26900,Indianapolis-Carmel-Greenwood MSA,2020,622110,General Medical and Surgical Hospitals,2,2,30.0633739527,622.010862115,2062.31475294,9752.68743975,8967.12701294,8189.81642106,7172.99862932,1781.94819421
2,2,    622 - Hospitals,,,00,000,26900,Indianapolis-Carmel-Greenwood MSA,2020,622210,Psychiatric and Substance Abuse Hospitals,2,2,0.630550547093,16.6513478051,54.4803134724,222.892677116,201.207455152,173.183486781,131.346794463,38.6413742804
2,2,    622 - Hospitals,,,00,000,26900,Indianapolis-Carmel-Greenwood MSA,2020,622310,Specialty (except Psychiatric and Substance Abuse) Hospitals,2,2,2.4151491428,28.1297581408,81.2034831844,621.601103108,718.383043871,661.740819412,495.04834414,111.883677553
2,2,    622 - Hospitals,,,00,000,26900,Indianapolis-Carmel-Greenwood MSA,2021,622110,General Medical and Surgical Hospitals,2,2,38.81417712,755.509034177,2181.07951836,9899.43277743,9238.36376564,8328.44912228,7131.16819335,1918.61069913
2,2,    622 - Hospitals,,,00,000,26900,Indianapolis-Carmel-Greenwood MSA,2021,622210,Psychiatric and Substance Abuse Hospitals,2,2,0.0,26.0933548279,69.3290580342,256.733993561,213.799160397,187.518549468,140.046180043,42.7525374405
2,2,    622 - Hospitals,,,00,000,26900,Indianapolis-Carmel-Greenwood MSA,2021,622310,Specialty (except Psychiatric and Substance Abuse) Hospitals,2,2,3.08920834693,43.0514546688,93.4681883517,642.432711343,699.066583128,636.316838461,498.966589174,116.300795387
2,2,    622 - Hospitals,,,00,000,26900,Indianapolis-Carmel-Greenwood MSA,2022,622110,General Medical and Surgical Hospitals,2,2,68.6893326385,943.963663048,2300.15429917,9671.5217961,9106.68352477,8260.78508794,7127.25592166,2092.5092752
2,2,    622 - Hospitals,,,00,000,26900,Indianapolis-Carmel-Greenwood MSA,2022,622210,Psychiatric and Substance Abuse Hospitals,2,2,0.745269928273,26.8394456747,84.8319133056,314.314370914,291.659377531,235.092765787,172.431129471,50.599919784
2,2,    622 - Hospitals,,,00,000,26900,Indianapolis-Carmel-Greenwood MSA,2022,622310,Specialty (except Psychiatric and Substance Abuse) Hospitals,2,2,5.41381954964,56.4681755058,123.553792649,749.889899892,800.973319589,718.633042937,572.008249704,145.149569797
2,2,    622 - Hospitals,,,00,000,26900,Indianapolis-Carmel-Greenwood MSA,2023,622110,General Medical and Surgical Hospitals,2,2,82.8595629815,963.557736903,2283.77842951,9306.55687529,8819.35953295,8010.89308586,6826.11148505,2158.93711961
2,2,    622 - Hospitals,,,00,000,26900,Indianapolis-Carmel-Greenwood MSA,2023,622210,Psychiatric and Substance Abuse Hospitals,2,2,0.613801680154,22.4731784075,68.4434370388,256.119791961,235.921274724,204.41535748,126.53129118,43.4759196589
2,2,    622 - Hospitals,,,00,000,26900,Indianapolis-Carmel-Greenwood MSA,2023,622310,Specialty (except Psychiatric and Substance Abuse) Hospitals,2,2,5.70277814399,68.0839236641,144.748940248,789.962605644,846.959974425,756.018907074,610.950361621,158.683128357
2,2,    622 - Hospitals,,,00,000,26900,Indianapolis-Carmel-Greenwood MSA,2024,622110,General Medical and Surgical Hospitals,2,2,93.5284299459,972.082368352,2299.657405,9221.48296098,8748.68312854,7941.57992701,6672.59831366,2197.06375406
2,2,    622 - Hospitals,,,00,000,26900,Indianapolis-Carmel-Greenwood MSA,2024,622210,Psychiatric and Substance Abuse Hospitals,2,2,0.0,22.7787000041,69.7189781794,258.042763471,253.802121271,212.644909874,147.137459016,47.9468397851
2,2,    622 - Hospitals,,,00,000,26900,Indianapolis-Carmel-Greenwood MSA,2024,622310,Specialty (except Psychiatric and Substance Abuse) Hospitals,2,2,5.95914387835,74.689104911,158.197178292,854.645492069,894.370886156,811.383985968,639.017945469,182.64192692
2,2,    622 - Hospitals,,,00,000,29020,Kokomo MSA,2020,622110,General Medical and Surgical Hospitals,2,2,1.48036338973,26.1260727377,71.5501952683,379.602022614,367.879107842,370.140186006,292.161791761,74.0871285901
2,2,    622 - Hospitals,,,00,000,29020,Kokomo MSA,2020,622210,Psychiatric and Substance Abuse Hospitals,2,2,0.0,0.0,0.0,1.28551084645,0.0,0.0,1.41402551205,0.0
2,2,    622 - Hospitals,,,00,000,29020,Kokomo MSA,2020,622310,Specialty (except Psychiatric and Substance Abuse) Hospitals,2,2,0.0,0.0,0.0,0.0,0.0,0.0,0.0,0.0
2,2,    622 - Hospitals,,,00,000,29020,Kokomo MSA,2021,622110,General Medical and Surgical Hospitals,2,2,3.1650497565,30.9082286505,72.8613066887,356.911384098,343.367999059,340.012103987,256.393312997,74.1853823579
2,2,    622 - Hospitals,,,00,000,29020,Kokomo MSA,2021,622210,Psychiatric and Substance Abuse Hospitals,2,2,0.0,0.0,0.0,0.0,0.0,0.0,0.0,0.0
2,2,    622 - Hospitals,,,00,000,29020,Kokomo MSA,2021,622310,Specialty (except Psychiatric and Substance Abuse) Hospitals,2,2,0.0,0.0,0.0,0.0,0.0,0.0,0.0,0.0
2,2,    622 - Hospitals,,,00,000,29020,Kokomo MSA,2022,622110,General Medical and Surgical Hospitals,2,2,2.66772272491,35.3616067865,79.2177677252,355.027326287,351.489635671,348.110785365,258.137873296,81.7180297974
2,2,    622 - Hospitals,,,00,000,29020,Kokomo MSA,2022,622210,Psychiatric and Substance Abuse Hospitals,2,2,0.0,0.0,0.0,0.0,0.0,0.0,0.0,0.0
2,2,    622 - Hospitals,,,00,000,29020,Kokomo MSA,2022,622310,Specialty (except Psychiatric and Substance Abuse) Hospitals,2,2,0.0,0.0,0.0,0.0,0.0,0.0,0.0,0.0
2,2,    622 - Hospitals,,,00,000,29020,Kokomo MSA,2023,622110,General Medical and Surgical Hospitals,2,2,1.88488582453,39.2992131929,79.396251872,321.302019438,327.439521468,320.223596643,237.327551494,84.0691544389
2,2,    622 - Hospitals,,,00,000,29020,Kokomo MSA,2023,622210,Psychiatric and Substance Abuse Hospitals,2,2,0.0,0.0,0.0,0.0,0.0,0.0,0.0,0.0
2,2,    622 - Hospitals,,,00,000,29020,Kokomo MSA,2023,622310,Specialty (except Psychiatric and Substance Abuse) Hospitals,2,2,0.0,0.0,0.0,0.0,0.0,0.0,0.0,0.0
2,2,    622 - Hospitals,,,00,000,29020,Kokomo MSA,2024,622110,General Medical and Surgical Hospitals,2,2,2.56326702692,40.3939831162,86.0864446302,334.493996762,326.388863281,325.683803412,243.312547526,89.8456171611
2,2,    622 - Hospitals,,,00,000,29020,Kokomo MSA,2024,622210,Psychiatric and Substance Abuse Hospitals,2,2,0.0,0.0,0.0,0.0,0.0,0.0,0.0,0.0
2,2,    622 - Hospitals,,,00,000,29020,Kokomo MSA,2024,622310,Specialty (except Psychiatric and Substance Abuse) Hospitals,2,2,0.0,0.0,0.0,0.0,0.0,0.0,0.0,0.0
2,2,    622 - Hospitals,,,00,000,29200,Lafayette-West Lafayette MSA,2020,622110,General Medical and Surgical Hospitals,2,2,8.70351561644,95.0486621794,229.604837701,1197.77745436,1174.63334993,1140.26007781,986.222255019,236.058138951
2,2,    622 - Hospitals,,,00,000,29200,Lafayette-West Lafayette MSA,2020,622210,Psychiatric and Substance Abuse Hospitals,2,2,0.744238452332,6.74816919999,16.8792599122,53.7664780066,44.2913009761,40.2571806176,34.9472367684,8.89007705528
2,2,    622 - Hospitals,,,00,000,29200,Lafayette-West Lafayette MSA,2020,622310,Specialty (except Psychiatric and Substance Abuse) Hospitals,2,2,0.0,3.49734361303,6.89320792629,44.3283400959,44.8189983577,39.9064012224,28.6846138275,7.32155992236
2,2,    622 - Hospitals,,,00,000,29200,Lafayette-West Lafayette MSA,2021,622110,General Medical and Surgical Hospitals,2,2,7.38276155699,119.911215184,238.009906856,1175.96593153,1200.60076832,1087.95629661,895.469949316,212.540135043
2,2,    622 - Hospitals,,,00,000,29200,Lafayette-West Lafayette MSA,2021,622210,Psychiatric and Substance Abuse Hospitals,2,2,0.0,7.22670923784,14.8248679043,46.2856114742,39.5518715697,36.9832587323,19.9918614309,8.58216886438
2,2,    622 - Hospitals,,,00,000,29200,Lafayette-West Lafayette MSA,2021,622310,Specialty (except Psychiatric and Substance Abuse) Hospitals,2,2,0.0,4.13687746603,9.64798182834,47.0166679088,48.2260362709,43.8479053786,25.5676672322,7.32768683887
2,2,    622 - Hospitals,,,00,000,29200,Lafayette-West Lafayette MSA,2022,622110,General Medical and Surgical Hospitals,2,2,22.3985496591,144.829149275,281.488855447,1085.09541542,1149.36234681,1051.31874902,906.774610096,237.210742427
2,2,    622 - Hospitals,,,00,000,29200,Lafayette-West Lafayette MSA,2022,622210,Psychiatric and Substance Abuse Hospitals,2,2,0.0,8.44259614588,17.5363332226,42.606511992,41.5325634391,44.9838120095,27.6479170406,8.55756080656
2,2,    622 - Hospitals,,,00,000,29200,Lafayette-West Lafayette MSA,2022,622310,Specialty (except Psychiatric and Substance Abuse) Hospitals,2,2,0.0,7.56993042151,7.04798447387,40.8444713507,37.3593121889,44.2039150754,23.2044306917,7.23443363737
2,2,    622 - Hospitals,,,00,000,29200,Lafayette-West Lafayette MSA,2023,622110,General Medical and Surgical Hospitals,2,2,20.7917639671,144.240804116,257.10192351,964.360993068,1043.26936687,934.928326404,835.381625479,234.330813355
2,2,    622 - Hospitals,,,00,000,29200,Lafayette-West Lafayette MSA,2023,622210,Psychiatric and Substance Abuse Hospitals,2,2,0.0,8.25067881857,12.3810154884,36.9933648959,45.2362333119,52.1072663854,31.2636999521,10.8540890088
2,2,    622 - Hospitals,,,00,000,29200,Lafayette-West Lafayette MSA,2023,622310,Specialty (except Psychiatric and Substance Abuse) Hospitals,2,2,0.0,13.1837301847,8.6989942659,42.9605855569,38.9280949427,50.5028795262,25.0704173496,6.71493184816
2,2,    622 - Hospitals,,,00,000,29200,Lafayette-West Lafayette MSA,2024,622110,General Medical and Surgical Hospitals,2,2,26.2516750976,148.836576324,266.586612631,971.501871795,1058.47710555,936.047230034,814.344832441,249.657384637
2,2,    622 - Hospitals,,,00,000,29200,Lafayette-West Lafayette MSA,2024,622210,Psychiatric and Substance Abuse Hospitals,2,2,0.0,8.30235354116,11.7370746831,33.2863520485,38.791669461,47.2116303517,28.0867292594,11.1730727192
2,2,    622 - Hospitals,,,00,000,29200,Lafayette-West Lafayette MSA,2024,622310,Specialty (except Psychiatric and Substance Abuse) Hospitals,2,2,0.0,7.25502991702,8.93082516708,37.5533155816,34.1732830859,43.3389611358,23.0308471869,6.28980333134
2,2,    622 - Hospitals,,,00,000,31140,Louisville/Jefferson County MSA,2020,622110,General Medical and Surgical Hospitals,2,2,40.1423856079,586.068152715,1474.84669549,6250.55472361,5722.60072403,5114.69190907,4457.97266252,1077.86332441
2,2,    622 - Hospitals,,,00,000,31140,Louisville/Jefferson County MSA,2020,622210,Psychiatric and Substance Abuse Hospitals,2,2,2.55190944989,30.9993326948,83.170991317,386.014826691,380.537527912,353.19606083,278.558307981,81.0322074515
2,2,    622 - Hospitals,,,00,000,31140,Louisville/Jefferson County MSA,2020,622310,Specialty (except Psychiatric and Substance Abuse) Hospitals,2,2,11.7708770057,86.3807405247,187.209568625,787.753418824,695.667771611,566.124315626,498.527857839,150.734590632
2,2,    622 - Hospitals,,,00,000,31140,Louisville/Jefferson County MSA,2021,622110,General Medical and Surgical Hospitals,2,2,68.2856223596,693.839444541,1549.22980441,6220.88640319,5931.01202163,5338.3439755,4561.32448616,1180.36572831
2,2,    622 - Hospitals,,,00,000,31140,Louisville/Jefferson County MSA,2021,622210,Psychiatric and Substance Abuse Hospitals,2,2,2.00068947849,41.0923079009,81.3579854408,369.555323487,381.560150155,366.44930356,279.13018123,84.075116745
2,2,    622 - Hospitals,,,00,000,31140,Louisville/Jefferson County MSA,2021,622310,Specialty (except Psychiatric and Substance Abuse) Hospitals,2,2,18.5047951648,82.948823749,200.225418826,786.166462478,708.285586246,584.550175202,490.549495688,153.978518559
2,2,    622 - Hospitals,,,00,000,31140,Louisville/Jefferson County MSA,2022,622110,General Medical and Surgical Hospitals,2,2,102.509100559,755.597568452,1621.11935693,6544.06986535,6203.23696541,5275.98425274,4439.95363975,1248.58459736
2,2,    622 - Hospitals,,,00,000,31140,Louisville/Jefferson County MSA,2022,622210,Psychiatric and Substance Abuse Hospitals,2,2,2.04560187557,45.2025652068,113.518595972,430.268945972,429.465693996,437.958046825,290.337605949,91.537636883
2,2,    622 - Hospitals,,,00,000,31140,Louisville/Jefferson County MSA,2022,622310,Specialty (except Psychiatric and Substance Abuse) Hospitals,2,2,16.6271016888,84.006828269,207.348773389,881.186459024,793.660087908,647.973452025,527.541324959,137.701036614
2,2,    622 - Hospitals,,,00,000,31140,Louisville/Jefferson County MSA,2023,622110,General Medical and Surgical Hospitals,2,2,117.369744853,863.034018456,1567.20886538,6816.24317888,6580.86409333,5601.08997164,4476.60429359,1374.88815095
2,2,    622 - Hospitals,,,00,000,31140,Louisville/Jefferson County MSA,2023,622210,Psychiatric and Substance Abuse Hospitals,2,2,0.960002327618,51.7323771154,119.663284348,510.280585121,504.172785935,414.139118181,316.671283662,112.084420962
2,2,    622 - Hospitals,,,00,000,31140,Louisville/Jefferson County MSA,2023,622310,Specialty (except Psychiatric and Substance Abuse) Hospitals,2,2,19.2500067717,106.037441552,223.925755936,1020.21249807,948.815034473,770.331806161,594.442697618,179.977898223
2,2,    622 - Hospitals,,,00,000,31140,Louisville/Jefferson County MSA,2024,622110,General Medical and Surgical Hospitals,2,2,113.760715662,1012.71699432,1596.71984652,6901.116221,6848.34122294,5949.05970251,4690.62267053,1488.66138689
2,2,    622 - Hospitals,,,00,000,31140,Louisville/Jefferson County MSA,2024,622210,Psychiatric and Substance Abuse Hospitals,2,2,2.89288724979,56.5129616238,119.058982931,493.594542316,508.51685705,403.256832787,315.808312484,113.311649532
2,2,    622 - Hospitals,,,00,000,31140,Louisville/Jefferson County MSA,2024,622310,Specialty (except Psychiatric and Substance Abuse) Hospitals,2,2,24.8136986989,128.009443201,218.035148694,1082.04086231,1020.461923,854.890027952,612.980709279,196.760003846
2,2,    622 - Hospitals,,,00,000,33140,Michigan City-La Porte MSA,2020,622110,General Medical and Surgical Hospitals,2,2,2.51503775931,34.7150313109,80.3829575036,374.836110243,418.541312583,432.79305552,391.289893978,80.7999282522
2,2,    622 - Hospitals,,,00,000,33140,Michigan City-La Porte MSA,2020,622210,Psychiatric and Substance Abuse Hospitals,2,2,0.0,0.0,0.0,0.0,0.0,0.0,0.0,0.0
2,2,    622 - Hospitals,,,00,000,33140,Michigan City-La Porte MSA,2020,622310,Specialty (except Psychiatric and Substance Abuse) Hospitals,2,2,0.0,0.0,0.0,0.0,0.0,0.0,0.0,0.0
2,2,    622 - Hospitals,,,00,000,33140,Michigan City-La Porte MSA,2021,622110,General Medical and Surgical Hospitals,2,2,1.74299144789,36.5323816916,83.0918980128,344.980037072,396.010867281,406.653960598,344.8916743,78.8036824156
2,2,    622 - Hospitals,,,00,000,33140,Michigan City-La Porte MSA,2021,622210,Psychiatric and Substance Abuse Hospitals,2,2,0.0,0.0,0.0,0.0,0.0,0.0,0.0,0.0
2,2,    622 - Hospitals,,,00,000,33140,Michigan City-La Porte MSA,2021,622310,Specialty (except Psychiatric and Substance Abuse) Hospitals,2,2,0.0,0.0,0.0,0.0,0.0,0.0,0.0,0.0
2,2,    622 - Hospitals,,,00,000,33140,Michigan City-La Porte MSA,2022,622110,General Medical and Surgical Hospitals,2,2,3.35155158355,38.6132288022,84.0462142963,339.240560938,374.277075786,408.220601265,364.137693792,84.4700780935
2,2,    622 - Hospitals,,,00,000,33140,Michigan City-La Porte MSA,2022,622210,Psychiatric and Substance Abuse Hospitals,2,2,0.0,0.0,0.0,0.0,0.0,0.0,0.0,0.0
2,2,    622 - Hospitals,,,00,000,33140,Michigan City-La Porte MSA,2022,622310,Specialty (except Psychiatric and Substance Abuse) Hospitals,2,2,0.0,0.0,0.0,0.0,0.0,0.0,0.0,0.0
2,2,    622 - Hospitals,,,00,000,33140,Michigan City-La Porte MSA,2023,622110,General Medical and Surgical Hospitals,2,2,3.13217746024,41.8006887804,90.9273499583,338.644717346,388.897492503,415.99165265,384.655417686,106.315746425
2,2,    622 - Hospitals,,,00,000,33140,Michigan City-La Porte MSA,2023,622210,Psychiatric and Substance Abuse Hospitals,2,2,0.0,0.0,0.0,0.0,0.0,0.0,0.0,0.0
2,2,    622 - Hospitals,,,00,000,33140,Michigan City-La Porte MSA,2023,622310,Specialty (except Psychiatric and Substance Abuse) Hospitals,2,2,0.0,0.0,0.0,0.0,0.0,0.0,0.0,0.0
2,2,    622 - Hospitals,,,00,000,33140,Michigan City-La Porte MSA,2024,622110,General Medical and Surgical Hospitals,2,2,3.49861729929,38.6274049334,84.3961969879,338.029841444,391.282520399,400.162093585,384.205812428,109.112342484
2,2,    622 - Hospitals,,,00,000,33140,Michigan City-La Porte MSA,2024,622210,Psychiatric and Substance Abuse Hospitals,2,2,0.0,0.0,0.0,0.0,0.0,0.0,0.0,0.0
2,2,    622 - Hospitals,,,00,000,33140,Michigan City-La Porte MSA,2024,622310,Specialty (except Psychiatric and Substance Abuse) Hospitals,2,2,0.0,0.0,0.0,0.0,0.0,0.0,0.0,0.0
2,2,    622 - Hospitals,,,00,000,34620,Muncie MSA,2020,622110,General Medical and Surgical Hospitals,2,2,6.51022470025,100.894206713,160.994685037,593.632705771,447.94192595,445.613613263,449.407374493,103.13430612
2,2,    622 - Hospitals,,,00,000,34620,Muncie MSA,2020,622210,Psychiatric and Substance Abuse Hospitals,2,2,0.0,0.0,0.0,0.0,0.0,0.0,0.0,0.0
2,2,    622 - Hospitals,,,00,000,34620,Muncie MSA,2020,622310,Specialty (except Psychiatric and Substance Abuse) Hospitals,2,2,0.520606005434,1.00514489703,4.02288748261,21.0202469192,22.8962212278,17.4091895461,11.0481052263,4.61544230448
2,2,    622 - Hospitals,,,00,000,34620,Muncie MSA,2021,622110,General Medical and Surgical Hospitals,2,2,6.64851654803,94.3075075875,163.932891683,562.040529927,445.525888836,420.009603669,425.8056925,114.633657702
2,2,    622 - Hospitals,,,00,000,34620,Muncie MSA,2021,622210,Psychiatric and Substance Abuse Hospitals,2,2,0.0,0.0,0.0,0.0,0.0,0.0,0.0,0.0
2,2,    622 - Hospitals,,,00,000,34620,Muncie MSA,2021,622310,Specialty (except Psychiatric and Substance Abuse) Hospitals,2,2,0.512764690138,2.14469918205,5.92791188091,26.4102746912,32.7723832818,23.3841835684,16.1495668241,4.08312925932
2,2,    622 - Hospitals,,,00,000,34620,Muncie MSA,2022,622110,General Medical and Surgical Hospitals,2,2,8.20987264562,118.700172652,172.019810176,532.125972662,432.806658451,400.099502249,400.485925013,125.425879128
2,2,    622 - Hospitals,,,00,000,34620,Muncie MSA,2022,622210,Psychiatric and Substance Abuse Hospitals,2,2,0.0,0.0,0.0,0.0,0.0,0.0,0.0,0.0
2,2,    622 - Hospitals,,,00,000,34620,Muncie MSA,2022,622310,Specialty (except Psychiatric and Substance Abuse) Hospitals,2,2,0.0,3.00558503222,4.32930781127,27.1163760862,29.5143155094,22.1658247482,15.847138014,3.41710575367
2,2,    622 - Hospitals,,,00,000,34620,Muncie MSA,2023,622110,General Medical and Surgical Hospitals,2,2,11.13355041,93.3872037176,153.743401847,447.34756287,363.557192725,352.174299767,344.864495298,118.085348194
2,2,    622 - Hospitals,,,00,000,34620,Muncie MSA,2023,622210,Psychiatric and Substance Abuse Hospitals,2,2,0.0,0.0,0.0,0.0,0.0,0.0,0.0,0.0
2,2,    622 - Hospitals,,,00,000,34620,Muncie MSA,2023,622310,Specialty (except Psychiatric and Substance Abuse) Hospitals,2,2,0.0,4.47338191174,3.69814708514,29.8031538708,37.0105567162,25.1511140528,18.5142208018,3.40367959276
2,2,    622 - Hospitals,,,00,000,34620,Muncie MSA,2024,622110,General Medical and Surgical Hospitals,2,2,10.3439443925,93.6193655138,156.446654433,437.835057846,350.535308531,344.223721349,329.248308017,118.494953802
2,2,    622 - Hospitals,,,00,000,34620,Muncie MSA,2024,622210,Psychiatric and Substance Abuse Hospitals,2,2,0.0,0.0,0.0,0.0,0.0,0.0,0.0,0.0
2,2,    622 - Hospitals,,,00,000,34620,Muncie MSA,2024,622310,Specialty (except Psychiatric and Substance Abuse) Hospitals,2,2,0.0,5.36689336197,5.68913925181,32.4273159519,42.6591240735,28.63687185,19.7304188602,4.74458392534
2,2,    622 - Hospitals,,,00,000,43780,South Bend-Mishawaka MSA,2020,622110,General Medical and Surgical Hospitals,2,2,18.8514112093,151.500329891,320.757710939,1409.38584497,1317.25537241,1192.16184519,1151.34687437,263.549599317
2,2,    622 - Hospitals,,,00,000,43780,South Bend-Mishawaka MSA,2020,622210,Psychiatric and Substance Abuse Hospitals,2,2,0.0,0.0,0.0,0.0,0.0,0.0,0.0,0.0
2,2,    622 - Hospitals,,,00,000,43780,South Bend-Mishawaka MSA,2020,622310,Specialty (except Psychiatric and Substance Abuse) Hospitals,2,2,0.787546624609,21.0386972341,29.1821802464,110.094571289,123.038546514,108.491805001,63.3541983221,9.74744554327
2,2,    622 - Hospitals,,,00,000,43780,South Bend-Mishawaka MSA,2021,622110,General Medical and Surgical Hospitals,2,2,22.7255490884,175.73246022,332.497917688,1361.7788268,1269.00600009,1143.36555046,1097.23693904,276.555215428
2,2,    622 - Hospitals,,,00,000,43780,South Bend-Mishawaka MSA,2021,622210,Psychiatric and Substance Abuse Hospitals,2,2,0.0,0.0,0.0,0.0,0.0,0.0,0.0,0.0
2,2,    622 - Hospitals,,,00,000,43780,South Bend-Mishawaka MSA,2021,622310,Specialty (except Psychiatric and Substance Abuse) Hospitals,2,2,1.42208634493,24.0682911328,36.9873257536,122.001520836,137.107342874,129.318237209,71.0186064112,14.0002457033
2,2,    622 - Hospitals,,,00,000,43780,South Bend-Mishawaka MSA,2022,622110,General Medical and Surgical Hospitals,2,2,27.1028558522,184.516082736,375.273383544,1399.60784304,1332.10973815,1231.11750969,1131.623165,313.495389907
2,2,    622 - Hospitals,,,00,000,43780,South Bend-Mishawaka MSA,2022,622210,Psychiatric and Substance Abuse Hospitals,2,2,0.0,0.0,0.0,0.0,0.0,0.0,0.0,0.0
2,2,    622 - Hospitals,,,00,000,43780,South Bend-Mishawaka MSA,2022,622310,Specialty (except Psychiatric and Substance Abuse) Hospitals,2,2,2.70411460688,25.6592806245,39.033715362,125.93474851,146.153898342,133.988441123,91.0190660264,23.6732541557
2,2,    622 - Hospitals,,,00,000,43780,South Bend-Mishawaka MSA,2023,622110,General Medical and Surgical Hospitals,2,2,73.1695549721,238.236130872,436.924026355,1566.78207343,1486.88166489,1388.38996238,1300.06782536,385.712281682
2,2,    622 - Hospitals,,,00,000,43780,South Bend-Mishawaka MSA,2023,622210,Psychiatric and Substance Abuse Hospitals,2,2,0.0,0.0,0.0,0.0,0.0,0.0,0.0,0.0
2,2,    622 - Hospitals,,,00,000,43780,South Bend-Mishawaka MSA,2023,622310,Specialty (except Psychiatric and Substance Abuse) Hospitals,2,2,2.45763810238,29.4420360233,44.4981107851,150.222679187,170.617279186,153.12280386,102.506975958,30.239015535
2,2,    622 - Hospitals,,,00,000,43780,South Bend-Mishawaka MSA,2024,622110,General Medical and Surgical Hospitals,2,2,56.4698728783,243.514500054,433.563183329,1573.10501636,1465.69427756,1351.32752135,1261.17392139,400.943323761
2,2,    622 - Hospitals,,,00,000,43780,South Bend-Mishawaka MSA,2024,622210,Psychiatric and Substance Abuse Hospitals,2,2,0.0,0.0,0.0,0.0,0.0,0.0,0.0,0.0
2,2,    622 - Hospitals,,,00,000,43780,South Bend-Mishawaka MSA,2024,622310,Specialty (except Psychiatric and Substance Abuse) Hospitals,2,2,0.925850768322,33.3261661244,45.5072372201,160.838019665,170.884652837,154.017590925,96.8604205532,32.075916839
2,2,    622 - Hospitals,,,00,000,45460,Terre Haute MSA,2020,622110,General Medical and Surgical Hospitals,2,2,15.5664579719,96.7832090269,203.492649534,645.422755915,618.744360384,658.496599897,463.967210994,132.495792238
2,2,    622 - Hospitals,,,00,000,45460,Terre Haute MSA,2020,622210,Psychiatric and Substance Abuse Hospitals,2,2,0.869577942903,25.1082550002,26.2870097645,46.7943979978,32.0132772127,23.8206533616,21.6109390575,6.54524266586
2,2,    622 - Hospitals,,,00,000,45460,Terre Haute MSA,2020,622310,Specialty (except Psychiatric and Substance Abuse) Hospitals,2,2,0.0,0.0,0.0,0.0,0.0,0.0,0.0,0.0
2,2,    622 - Hospitals,,,00,000,45460,Terre Haute MSA,2021,622110,General Medical and Surgical Hospitals,2,2,10.8252710439,115.686419933,207.090062018,644.38635175,626.681514213,637.436557358,485.187779868,139.557403816
2,2,    622 - Hospitals,,,00,000,45460,Terre Haute MSA,2021,622210,Psychiatric and Substance Abuse Hospitals,2,2,1.64790336031,26.8206002972,28.2423045888,41.7713847186,28.4175688548,22.3061920632,15.6557115723,6.08095422828
2,2,    622 - Hospitals,,,00,000,45460,Terre Haute MSA,2021,622310,Specialty (except Psychiatric and Substance Abuse) Hospitals,2,2,0.0,0.0,0.0,0.0,0.0,0.0,0.0,0.0
2,2,    622 - Hospitals,,,00,000,45460,Terre Haute MSA,2022,622110,General Medical and Surgical Hospitals,2,2,19.9971434763,118.938784522,221.152972372,710.958097834,683.0206138,687.547424908,527.712276335,155.909230663
2,2,    622 - Hospitals,,,00,000,45460,Terre Haute MSA,2022,622210,Psychiatric and Substance Abuse Hospitals,2,2,1.3178054514,31.3269690054,25.9304211415,38.8497254691,29.0066080777,26.2158311607,16.1052919336,6.09684265902
2,2,    622 - Hospitals,,,00,000,45460,Terre Haute MSA,2022,622310,Specialty (except Psychiatric and Substance Abuse) Hospitals,2,2,0.0,0.0,0.0,0.0,0.0,0.0,0.0,0.0
2,2,    622 - Hospitals,,,00,000,45460,Terre Haute MSA,2023,622110,General Medical and Surgical Hospitals,2,2,27.1564882636,132.531790868,222.179595435,674.181299293,622.869803411,632.670687219,503.154585583,152.374821607
2,2,    622 - Hospitals,,,00,000,45460,Terre Haute MSA,2023,622210,Psychiatric and Substance Abuse Hospitals,2,2,1.56914109417,21.9328772943,28.2942081425,34.8554156234,25.5952143622,28.7261486187,11.9970055133,6.22510833321
2,2,    622 - Hospitals,,,00,000,45460,Terre Haute MSA,2023,622310,Specialty (except Psychiatric and Substance Abuse) Hospitals,2,2,0.0,0.0,0.0,0.0,0.0,0.0,0.0,0.0
2,2,    622 - Hospitals,,,00,000,45460,Terre Haute MSA,2024,622110,General Medical and Surgical Hospitals,2,2,26.9220602459,152.672045116,240.494592995,701.225195868,650.900110343,660.765141906,537.071469515,163.405122151
2,2,    622 - Hospitals,,,00,000,45460,Terre Haute MSA,2024,622210,Psychiatric and Substance Abuse Hospitals,2,2,2.83417921966,26.6395977013,34.785006371,46.0462645955,27.743365863,26.5252385122,13.9446278936,7.93371502118
2,2,    622 - Hospitals,,,00,000,45460,Terre Haute MSA,2024,622310,Specialty (except Psychiatric and Substance Abuse) Hospitals,2,2,0.0,0.0,0.0,0.0,0.0,0.0,0.0,0.0
2,2,    622 - Hospitals,,,18,000,00000,Indiana,2020,622110,General Medical and Surgical Hospitals,2,2,282.277058049,2885.4297349,6467.81400075,28306.013656,26577.0134632,25151.9200275,22539.8952529,5459.23132207
2,2,    622 - Hospitals,,,18,000,00000,Indiana,2020,622210,Psychiatric and Substance Abuse Hospitals,2,2,6.05352049934,76.2945711506,188.870294745,677.462474362,572.826202002,551.70595904,548.283416098,155.895273877
2,2,    622 - Hospitals,,,18,000,00000,Indiana,2020,622310,Specialty (except Psychiatric and Substance Abuse) Hospitals,2,2,7.19142259681,115.636642416,180.293079383,1122.65467208,1232.39705868,1156.13638414,845.079623975,206.620314456
2,2,    622 - Hospitals,,,18,000,00000,Indiana,2021,622110,General Medical and Surgical Hospitals,2,2,311.170861415,3219.926628,6765.42665976,28271.0811653,26973.6228737,25071.1539774,22086.2220373,5767.33309924
2,2,    622 - Hospitals,,,18,000,00000,Indiana,2021,622210,Psychiatric and Substance Abuse Hospitals,2,2,5.11037852206,108.673464078,211.932231485,696.26023342,606.516220066,599.050126345,501.703736188,158.156088506
2,2,    622 - Hospitals,,,18,000,00000,Indiana,2021,622310,Specialty (except Psychiatric and Substance Abuse) Hospitals,2,2,8.81381789664,117.971117999,212.554804519,1122.94990306,1208.33776549,1142.18732913,841.393365119,224.227379973
2,2,    622 - Hospitals,,,18,000,00000,Indiana,2022,622110,General Medical and Surgical Hospitals,2,2,487.552662253,3668.35049476,7121.02730404,27941.7089408,26910.1080018,25186.1872832,21824.554527,6197.48712875
2,2,    622 - Hospitals,,,18,000,00000,Indiana,2022,622210,Psychiatric and Substance Abuse Hospitals,2,2,7.87620669644,117.957670569,237.770756056,715.762323415,676.023950337,632.439750695,502.470014555,160.673848735
2,2,    622 - Hospitals,,,18,000,00000,Indiana,2022,622310,Specialty (except Psychiatric and Substance Abuse) Hospitals,2,2,11.9961990077,141.214792235,243.701463989,1244.46310063,1308.14490052,1222.22567275,938.715812975,261.915698839
2,2,    622 - Hospitals,,,18,000,00000,Indiana,2023,622110,General Medical and Surgical Hospitals,2,2,566.980994097,3868.92191231,7228.64024382,27387.8912108,26729.2432782,25027.0823417,21400.1502383,6534.21370329
2,2,    622 - Hospitals,,,18,000,00000,Indiana,2023,622210,Psychiatric and Substance Abuse Hospitals,2,2,5.42998956786,105.764776955,225.817773681,736.740180318,661.547191003,599.715049535,443.377933584,175.798969555
2,2,    622 - Hospitals,,,18,000,00000,Indiana,2023,622310,Specialty (except Psychiatric and Substance Abuse) Hospitals,2,2,17.1916679194,185.637679341,276.365516545,1321.79985515,1439.00442614,1321.45866253,1020.20565312,295.412383533
2,2,    622 - Hospitals,,,18,000,00000,Indiana,2024,622110,General Medical and Surgical Hospitals,2,2,520.226804447,3956.02482751,7274.63092331,27166.1018249,26805.7587415,24829.2284085,21141.1602819,6662.68347533
2,2,    622 - Hospitals,,,18,000,00000,Indiana,2024,622210,Psychiatric and Substance Abuse Hospitals,2,2,6.37327263199,117.00832044,234.936978455,722.958247325,655.983198281,590.666907291,517.415193803,173.227464767
2,2,    622 - Hospitals,,,18,000,00000,Indiana,2024,622310,Specialty (except Psychiatric and Substance Abuse) Hospitals,2,2,15.2836010701,183.851584074,283.993376723,1397.61747813,1491.32702456,1366.49549989,1022.49617795,317.349661177
2,3,    623 - Nursing and Residential Care,,,0,000,00000,United States,2020,623110,Nursing Care Facilities (Skilled Nursing Facilities),2,2,30445.6263286,70763.1622897,72704.8127668,293153.354995,316779.29439,319676.791519,288042.651822,96594.660474
2,3,    623 - Nursing and Residential Care,,,0,000,00000,United States,2020,623210,Residential Intellectual and Developmental Disability Facilities,2,2,1888.47311788,16362.6036375,26663.4842057,97535.260179,84623.8443999,75005.3945255,65989.9139447,26062.6369934
2,3,    623 - Nursing and Residential Care,,,0,000,00000,United States,2020,623220,Residential Mental Health and Substance Abuse Facilities,2,2,859.623068579,7664.10961947,14953.6625984,59605.6755829,51783.9861714,45085.9794157,38571.6145649,15588.4864918
2,3,    623 - Nursing and Residential Care,,,0,000,00000,United States,2020,623311,Continuing Care Retirement Communities,2,2,20273.1601089,32349.0406128,28000.8911483,91167.8117688,90930.5262203,94543.4048986,92342.9561387,36258.1066272
2,3,    623 - Nursing and Residential Care,,,0,000,00000,United States,2020,623312,Assisted Living Facilities for the Elderly,2,2,16162.5007292,30162.7064302,27334.8497199,86207.9336323,83939.4304236,87231.9838646,84255.3778533,34111.3557859
2,3,    623 - Nursing and Residential Care,,,0,000,00000,United States,2020,623990,Other Residential Care Facilities,2,2,841.337497988,5210.84599935,11991.4181426,43581.9612102,34500.6815487,29973.7427789,24591.0722705,9691.39005172
2,3,    623 - Nursing and Residential Care,,,0,000,00000,United States,2021,623110,Nursing Care Facilities (Skilled Nursing Facilities),2,2,29512.047999,65995.5141082,65917.8915653,263067.204891,296029.827282,304147.957453,278704.405424,96783.8159018
2,3,    623 - Nursing and Residential Care,,,0,000,00000,United States,2021,623210,Residential Intellectual and Developmental Disability Facilities,2,2,1994.58066369,15356.2908099,24563.9597999,91054.834253,82671.4065378,73583.6195168,65211.8834947,26833.5929537
2,3,    623 - Nursing and Residential Care,,,0,000,00000,United States,2021,623220,Residential Mental Health and Substance Abuse Facilities,2,2,943.785177475,7606.499741,14540.3369789,58228.1666201,52778.5523524,46156.2059264,39490.3476675,16696.4593252
2,3,    623 - Nursing and Residential Care,,,0,000,00000,United States,2021,623311,Continuing Care Retirement Communities,2,2,19546.8302952,30176.4031057,25734.5967069,82270.2189931,86189.0756342,90635.3588426,90177.7034883,36435.206592
2,3,    623 - Nursing and Residential Care,,,0,000,00000,United States,2021,623312,Assisted Living Facilities for the Elderly,2,2,16203.3040294,29311.3380022,25906.3642839,80406.7839246,82080.5837711,86394.3976749,84894.0911986,35367.6216718
2,3,    623 - Nursing and Residential Care,,,0,000,00000,United States,2021,623990,Other Residential Care Facilities,2,2,957.845649543,5085.6437164,11203.4351643,41178.342873,34133.9199822,29964.8836841,24522.6173087,9998.50098355
2,3,    623 - Nursing and Residential Care,,,0,000,00000,United States,2022,623110,Nursing Care Facilities (Skilled Nursing Facilities),2,2,29250.900361,60607.8509838,62389.649025,248984.653852,288440.104502,295753.579934,271954.212052,103365.778104
2,3,    623 - Nursing and Residential Care,,,0,000,00000,United States,2022,623210,Residential Intellectual and Developmental Disability Facilities,2,2,1947.48918395,13726.4672309,22529.0667667,85978.1408523,81308.3071427,72697.7076438,64244.0071568,28503.2643413
2,3,    623 - Nursing and Residential Care,,,0,000,00000,United States,2022,623220,Residential Mental Health and Substance Abuse Facilities,2,2,922.282501557,7243.33766689,13892.8292888,56784.7121608,53815.6845252,47093.6637863,40116.1624254,18010.6754089
2,3,    623 - Nursing and Residential Care,,,0,000,00000,United States,2022,623311,Continuing Care Retirement Communities,2,2,20548.4052993,27723.5508684,24374.0660643,78101.5878143,84273.1181212,88570.6007391,88792.9387436,38779.2391971
2,3,    623 - Nursing and Residential Care,,,0,000,00000,United States,2022,623312,Assisted Living Facilities for the Elderly,2,2,17666.1590186,28353.6198316,25576.0166158,79989.570937,84244.9911922,88631.5721055,87465.4584209,39288.2148296
2,3,    623 - Nursing and Residential Care,,,0,000,00000,United States,2022,623990,Other Residential Care Facilities,2,2,1020.84739139,4848.94943723,10588.9982221,39349.4108531,33562.880577,30047.5774705,24564.133809,10625.1175279
2,3,    623 - Nursing and Residential Care,,,0,000,00000,United States,2023,623110,Nursing Care Facilities (Skilled Nursing Facilities),2,2,33605.4920835,65519.9640313,66911.6836031,263881.328346,306649.352157,307017.212873,277655.441657,113793.887075
2,3,    623 - Nursing and Residential Care,,,0,000,00000,United States,2023,623210,Residential Intellectual and Developmental Disability Facilities,2,2,2349.23792564,14576.1065149,23321.0170921,88860.1970275,85630.6152757,75907.5681459,65895.6554641,31065.2255054
2,3,    623 - Nursing and Residential Care,,,0,000,00000,United States,2023,623220,Residential Mental Health and Substance Abuse Facilities,2,2,1100.78009703,7858.45026646,14494.5837604,59617.7614478,57535.5882212,49917.3728607,41846.6522933,19793.6252594
2,3,    623 - Nursing and Residential Care,,,0,000,00000,United States,2023,623311,Continuing Care Retirement Communities,2,2,24187.3301334,30413.3833139,26024.4282662,81396.9839393,88533.6804518,91251.4442149,90318.437924,42314.1108669
2,3,    623 - Nursing and Residential Care,,,0,000,00000,United States,2023,623312,Assisted Living Facilities for the Elderly,2,2,20681.8178805,31153.3217248,27584.1727935,85043.1453753,90026.8608458,92837.6233395,90419.5634088,43489.8735821
2,3,    623 - Nursing and Residential Care,,,0,000,00000,United States,2023,623990,Other Residential Care Facilities,2,2,1328.77400944,5045.38909183,10681.2410227,40633.7305445,34946.4344665,31207.1395981,25568.8659399,11514.6551931
2,3,    623 - Nursing and Residential Care,,,0,000,00000,United States,2024,623110,Nursing Care Facilities (Skilled Nursing Facilities),2,2,36495.9724955,71930.3368611,72389.3854517,278818.219937,325570.619189,321560.158801,286281.149055,121568.196889
2,3,    623 - Nursing and Residential Care,,,0,000,00000,United States,2024,623210,Residential Intellectual and Developmental Disability Facilities,2,2,2598.26260775,15678.2724798,24772.1761472,93110.3666566,91024.1744957,80216.6524617,68647.4581642,33445.7054455
2,3,    623 - Nursing and Residential Care,,,0,000,00000,United States,2024,623220,Residential Mental Health and Substance Abuse Facilities,2,2,1216.38468483,8425.77102191,15313.3001462,62390.3484823,60907.9482609,52551.8243001,43557.860772,21178.2988815
2,3,    623 - Nursing and Residential Care,,,0,000,00000,United States,2024,623311,Continuing Care Retirement Communities,2,2,25940.5999638,32625.8322613,27526.4586478,83806.7654603,91891.8087666,93649.7951658,91470.362607,44504.937359
2,3,    623 - Nursing and Residential Care,,,0,000,00000,United States,2024,623312,Assisted Living Facilities for the Elderly,2,2,22067.7645041,33453.4446318,29386.8304549,89314.1319806,94717.9140086,96634.9301611,92945.3511424,46226.692756
2,3,    623 - Nursing and Residential Care,,,0,000,00000,United States,2024,623990,Other Residential Care Facilities,2,2,1424.77466595,5360.45755796,10909.914954,42047.8933058,36499.4281154,32435.4250199,26366.9355302,12120.0101522
2,3,    623 - Nursing and Residential Care,,,00,000,14020,Bloomington MSA,2020,623110,Nursing Care Facilities (Skilled Nursing Facilities),2,2,22.4017423017,65.5162705898,61.0103432326,188.798931756,192.988299684,170.154836644,138.406010842,41.9269630643
2,3,    623 - Nursing and Residential Care,,,00,000,14020,Bloomington MSA,2020,623210,Residential Intellectual and Developmental Disability Facilities,2,2,1.11479152685,9.50109145741,15.887495309,41.2154580657,37.046455884,28.0485842703,20.7472560372,9.50262856908
2,3,    623 - Nursing and Residential Care,,,00,000,14020,Bloomington MSA,2020,623220,Residential Mental Health and Substance Abuse Facilities,2,2,0.746846349643,5.39153505769,8.40232538046,22.4387423024,19.385429442,15.1670706242,11.0168217026,4.62668103642
2,3,    623 - Nursing and Residential Care,,,00,000,14020,Bloomington MSA,2020,623311,Continuing Care Retirement Communities,2,2,26.6550143358,30.4435942712,29.631443354,65.0039612262,49.0142944479,59.5615323833,54.1674144374,22.5444116033
2,3,    623 - Nursing and Residential Care,,,00,000,14020,Bloomington MSA,2020,623312,Assisted Living Facilities for the Elderly,2,2,11.3591980536,12.9737246596,12.6276215586,27.4620788161,20.8877425867,25.9109299681,22.8097328365,9.60743945502
2,3,    623 - Nursing and Residential Care,,,00,000,14020,Bloomington MSA,2020,623990,Other Residential Care Facilities,2,2,0.0,0.0,0.0,0.0,0.0,0.0,0.0,0.0
2,3,    623 - Nursing and Residential Care,,,00,000,14020,Bloomington MSA,2021,623110,Nursing Care Facilities (Skilled Nursing Facilities),2,2,18.4861516036,56.3878012359,51.8823432361,153.51038291,159.569676026,141.244611097,130.943947968,37.5606068094
2,3,    623 - Nursing and Residential Care,,,00,000,14020,Bloomington MSA,2021,623210,Residential Intellectual and Developmental Disability Facilities,2,2,0.0,10.3220066546,15.3704065663,48.9303504122,43.6797798534,25.4204924738,24.0509633461,7.72042450758
2,3,    623 - Nursing and Residential Care,,,00,000,14020,Bloomington MSA,2021,623220,Residential Mental Health and Substance Abuse Facilities,2,2,0.0,5.70713293377,10.4418893803,32.558114681,29.9393037414,16.0088833782,14.6409829524,4.51022251606
2,3,    623 - Nursing and Residential Care,,,00,000,14020,Bloomington MSA,2021,623311,Continuing Care Retirement Communities,2,2,22.1168467022,25.8101460209,21.5777371918,49.5040315245,39.0268071717,50.7546357047,49.1375149727,20.2007116168
2,3,    623 - Nursing and Residential Care,,,00,000,14020,Bloomington MSA,2021,623312,Assisted Living Facilities for the Elderly,2,2,11.8533849564,13.8327855089,11.5644526032,26.5970509851,20.996494896,27.0001523149,26.4031956488,10.8264444027
2,3,    623 - Nursing and Residential Care,,,00,000,14020,Bloomington MSA,2021,623990,Other Residential Care Facilities,2,2,0.0,0.0,0.0,0.0,0.0,0.0,0.0,0.0
2,3,    623 - Nursing and Residential Care,,,00,000,14020,Bloomington MSA,2022,623110,Nursing Care Facilities (Skilled Nursing Facilities),2,2,20.7228506401,42.8279751893,56.1237544235,156.424084694,151.687130457,143.944843645,118.668441101,42.3308447078
2,3,    623 - Nursing and Residential Care,,,00,000,14020,Bloomington MSA,2022,623210,Residential Intellectual and Developmental Disability Facilities,2,2,0.931349776018,10.8624611022,13.5460014513,56.8721887478,47.753592845,33.9567539828,26.5178363241,13.8778905889
2,3,    623 - Nursing and Residential Care,,,00,000,14020,Bloomington MSA,2022,623220,Residential Mental Health and Substance Abuse Facilities,2,2,0.928581600719,7.33155348401,9.30186020889,41.508350559,35.6711537087,23.3107354063,17.5468006057,8.2248234058
2,3,    623 - Nursing and Residential Care,,,00,000,14020,Bloomington MSA,2022,623311,Continuing Care Retirement Communities,2,2,18.1451064619,22.2896444047,18.2674957355,36.8776775291,35.0080433495,41.7602039748,41.1345023403,20.716681771
2,3,    623 - Nursing and Residential Care,,,00,000,14020,Bloomington MSA,2022,623312,Assisted Living Facilities for the Elderly,2,2,11.4827563571,14.1055417075,11.5602078845,23.4490680057,22.2634031474,26.541981168,25.7044671483,13.1101247492
2,3,    623 - Nursing and Residential Care,,,00,000,14020,Bloomington MSA,2022,623990,Other Residential Care Facilities,2,2,0.0,0.0,0.0,0.0,0.0,0.0,0.0,0.0
2,3,    623 - Nursing and Residential Care,,,00,000,14020,Bloomington MSA,2023,623110,Nursing Care Facilities (Skilled Nursing Facilities),2,2,18.2330979698,38.1526496279,46.4333115814,149.003635253,151.554191274,142.899910261,112.495785105,44.7920488754
2,3,    623 - Nursing and Residential Care,,,00,000,14020,Bloomington MSA,2023,623210,Residential Intellectual and Developmental Disability Facilities,2,2,2.75198054766,11.2591719977,15.3426366384,59.9592660965,62.0989433229,43.7461824675,28.0083993373,14.3254986917
2,3,    623 - Nursing and Residential Care,,,00,000,14020,Bloomington MSA,2023,623220,Residential Mental Health and Substance Abuse Facilities,2,2,0.762349604233,6.72772908205,10.3507786226,40.3753146846,43.5283770832,28.6069370043,17.5192247985,7.61963838029
2,3,    623 - Nursing and Residential Care,,,00,000,14020,Bloomington MSA,2023,623311,Continuing Care Retirement Communities,2,2,17.5299097729,26.7212466491,16.8377323281,39.4411687462,40.0962188955,42.7194315372,41.5089203514,20.1272337445
2,3,    623 - Nursing and Residential Care,,,00,000,14020,Bloomington MSA,2023,623312,Assisted Living Facilities for the Elderly,2,2,15.6719565004,23.8891255315,15.0531412899,35.2565787156,35.8420482228,37.5940870392,37.105418666,17.993996307
2,3,    623 - Nursing and Residential Care,,,00,000,14020,Bloomington MSA,2023,623990,Other Residential Care Facilities,2,2,0.0,0.0,0.0,0.0,0.0,0.0,0.0,0.0
2,3,    623 - Nursing and Residential Care,,,00,000,14020,Bloomington MSA,2024,623110,Nursing Care Facilities (Skilled Nursing Facilities),2,2,19.0170843029,42.8002694245,41.9908817606,155.818218182,138.933341232,143.294449877,109.617628482,44.1151593597
2,3,    623 - Nursing and Residential Care,,,00,000,14020,Bloomington MSA,2024,623210,Residential Intellectual and Developmental Disability Facilities,2,2,0.74120303684,16.2447075738,14.812654263,73.444089223,69.361237035,56.9471927476,34.4476181992,15.0621263552
2,3,    623 - Nursing and Residential Care,,,00,000,14020,Bloomington MSA,2024,623220,Residential Mental Health and Substance Abuse Facilities,2,2,0.747770452381,10.7087165068,12.145700824,56.2608829713,55.4687124954,42.8820982553,24.553977408,9.42540372039
2,3,    623 - Nursing and Residential Care,,,00,000,14020,Bloomington MSA,2024,623311,Continuing Care Retirement Communities,2,2,18.272147668,30.314661167,17.7129169387,47.4681350533,48.758873828,48.2440146236,47.2741843353,24.4341542922
2,3,    623 - Nursing and Residential Care,,,00,000,14020,Bloomington MSA,2024,623312,Assisted Living Facilities for the Elderly,2,2,13.185356037,21.8753486394,12.7818098088,34.4064728099,35.3448615395,34.9557008536,33.6177828479,17.6319187903
2,3,    623 - Nursing and Residential Care,,,00,000,14020,Bloomington MSA,2024,623990,Other Residential Care Facilities,2,2,0.0,0.0,0.0,0.0,0.0,0.0,0.0,0.0
2,3,    623 - Nursing and Residential Care,,,00,000,16980,Chicago-Naperville-Elgin MSA,2020,623110,Nursing Care Facilities (Skilled Nursing Facilities),2,2,778.596530143,2131.38261785,2446.5680652,9437.86189147,10031.895047,9955.26663294,8340.68237274,3253.57099448
2,3,    623 - Nursing and Residential Care,,,00,000,16980,Chicago-Naperville-Elgin MSA,2020,623210,Residential Intellectual and Developmental Disability Facilities,2,2,21.3120934965,149.99815396,412.433144161,1670.52844648,1481.96855569,1462.0571039,1354.21135398,563.375744728
2,3,    623 - Nursing and Residential Care,,,00,000,16980,Chicago-Naperville-Elgin MSA,2020,623220,Residential Mental Health and Substance Abuse Facilities,2,2,10.0456023757,91.2100415856,245.135180772,1022.95745544,918.967457991,912.598877234,822.775727805,339.6786741
2,3,    623 - Nursing and Residential Care,,,00,000,16980,Chicago-Naperville-Elgin MSA,2020,623311,Continuing Care Retirement Communities,2,2,606.085009486,1081.70784698,905.489497187,2625.56733384,2685.41920132,2956.51646885,2726.48527623,1074.08002361
2,3,    623 - Nursing and Residential Care,,,00,000,16980,Chicago-Naperville-Elgin MSA,2020,623312,Assisted Living Facilities for the Elderly,2,2,379.811807089,689.328663448,574.18221637,1654.53429406,1693.00037705,1832.41135731,1756.92419263,675.567651272
2,3,    623 - Nursing and Residential Care,,,00,000,16980,Chicago-Naperville-Elgin MSA,2020,623990,Other Residential Care Facilities,2,2,12.8907741271,66.9854622746,268.254531054,1058.851999,851.024800364,856.908001907,701.383055864,281.168110791
2,3,    623 - Nursing and Residential Care,,,00,000,16980,Chicago-Naperville-Elgin MSA,2021,623110,Nursing Care Facilities (Skilled Nursing Facilities),2,2,753.17676873,1963.71945249,2208.69523628,8390.29997101,9337.58616987,9587.49552973,8110.63090915,3368.74791895
2,3,    623 - Nursing and Residential Care,,,00,000,16980,Chicago-Naperville-Elgin MSA,2021,623210,Residential Intellectual and Developmental Disability Facilities,2,2,21.0304659143,140.121226619,342.890027189,1412.74381314,1322.40923473,1324.72558773,1252.42868698,540.387424116
2,3,    623 - Nursing and Residential Care,,,00,000,16980,Chicago-Naperville-Elgin MSA,2021,623220,Residential Mental Health and Substance Abuse Facilities,2,2,13.4401373414,90.2658904685,223.015488167,937.010820693,861.388989687,874.499482428,798.710118339,336.704243024
2,3,    623 - Nursing and Residential Care,,,00,000,16980,Chicago-Naperville-Elgin MSA,2021,623311,Continuing Care Retirement Communities,2,2,632.911384242,1035.22892412,864.808385952,2533.44023914,2593.33968706,2923.28194694,2753.06708882,1097.09382256
2,3,    623 - Nursing and Residential Care,,,00,000,16980,Chicago-Naperville-Elgin MSA,2021,623312,Assisted Living Facilities for the Elderly,2,2,421.083688905,711.669530025,576.473292128,1712.41524396,1759.17043596,1916.86341088,1847.76752834,718.782048519
2,3,    623 - Nursing and Residential Care,,,00,000,16980,Chicago-Naperville-Elgin MSA,2021,623990,Other Residential Care Facilities,2,2,12.7255164532,64.9237406728,277.197682456,998.463302001,862.835679431,817.505418028,702.665931557,304.288357719
2,3,    623 - Nursing and Residential Care,,,00,000,16980,Chicago-Naperville-Elgin MSA,2022,623110,Nursing Care Facilities (Skilled Nursing Facilities),2,2,754.506611988,1761.06480912,2021.61588882,7805.7817753,8935.87450918,9297.31191217,7958.71643555,3663.86413075
2,3,    623 - Nursing and Residential Care,,,00,000,16980,Chicago-Naperville-Elgin MSA,2022,623210,Residential Intellectual and Developmental Disability Facilities,2,2,20.3727643544,115.588192865,319.809422056,1376.45630518,1326.44658633,1346.38221557,1281.45178164,608.425137121
2,3,    623 - Nursing and Residential Care,,,00,000,16980,Chicago-Naperville-Elgin MSA,2022,623220,Residential Mental Health and Substance Abuse Facilities,2,2,12.1458383005,65.1553794415,184.140178971,805.454291523,769.321340599,783.636377628,731.225784242,341.298271769
2,3,    623 - Nursing and Residential Care,,,00,000,16980,Chicago-Naperville-Elgin MSA,2022,623311,Continuing Care Retirement Communities,2,2,619.103571108,948.85996998,789.702544352,2540.73357079,2603.55467151,2940.35447047,2805.55265382,1223.56490667
2,3,    623 - Nursing and Residential Care,,,00,000,16980,Chicago-Naperville-Elgin MSA,2022,623312,Assisted Living Facilities for the Elderly,2,2,435.179071272,655.935165399,544.937258761,1739.9940459,1802.04504082,1993.77260996,1901.93100199,806.695447911
2,3,    623 - Nursing and Residential Care,,,00,000,16980,Chicago-Naperville-Elgin MSA,2022,623990,Other Residential Care Facilities,2,2,11.062426101,68.6929280228,254.266683175,974.876454471,832.190091679,805.832848895,739.401874384,328.476003616
2,3,    623 - Nursing and Residential Care,,,00,000,16980,Chicago-Naperville-Elgin MSA,2023,623110,Nursing Care Facilities (Skilled Nursing Facilities),2,2,820.802142053,1918.4139645,2087.43936189,8252.81444963,9441.02006254,9685.86527073,8172.98813505,4071.78795378
2,3,    623 - Nursing and Residential Care,,,00,000,16980,Chicago-Naperville-Elgin MSA,2023,623210,Residential Intellectual and Developmental Disability Facilities,2,2,24.2320640217,146.170575341,328.599324674,1444.47889812,1407.38194205,1380.17650228,1315.40299681,673.265477155
2,3,    623 - Nursing and Residential Care,,,00,000,16980,Chicago-Naperville-Elgin MSA,2023,623220,Residential Mental Health and Substance Abuse Facilities,2,2,15.493416418,78.2229875578,184.129175983,826.053530099,797.869654001,790.520910943,742.549542956,372.82603716
2,3,    623 - Nursing and Residential Care,,,00,000,16980,Chicago-Naperville-Elgin MSA,2023,623311,Continuing Care Retirement Communities,2,2,754.794647777,1085.13902248,889.866336531,2683.76447892,2828.04683836,3088.9702786,2960.95808534,1437.59808846
2,3,    623 - Nursing and Residential Care,,,00,000,16980,Chicago-Naperville-Elgin MSA,2023,623312,Assisted Living Facilities for the Elderly,2,2,531.51072616,733.894043886,599.518804549,1816.2893567,1913.41326584,2061.6467017,1987.3446092,936.295385424
2,3,    623 - Nursing and Residential Care,,,00,000,16980,Chicago-Naperville-Elgin MSA,2023,623990,Other Residential Care Facilities,2,2,18.1329179451,77.835138266,270.949655002,1057.61610603,889.207423882,877.271806846,782.837236815,364.185636439
2,3,    623 - Nursing and Residential Care,,,00,000,16980,Chicago-Naperville-Elgin MSA,2024,623110,Nursing Care Facilities (Skilled Nursing Facilities),2,2,805.489291954,2054.72121932,2162.39260171,8516.61030068,9808.31662831,9825.11949815,8238.4758824,4187.16245751
2,3,    623 - Nursing and Residential Care,,,00,000,16980,Chicago-Naperville-Elgin MSA,2024,623210,Residential Intellectual and Developmental Disability Facilities,2,2,22.1558930858,176.948335561,379.977141193,1685.1206725,1603.73353957,1563.75878202,1488.09302386,783.071960354
2,3,    623 - Nursing and Residential Care,,,00,000,16980,Chicago-Naperville-Elgin MSA,2024,623220,Residential Mental Health and Substance Abuse Facilities,2,2,12.9684012998,88.2874809807,192.004821404,864.445388338,822.315631546,796.514772417,765.507945375,393.899653445
2,3,    623 - Nursing and Residential Care,,,00,000,16980,Chicago-Naperville-Elgin MSA,2024,623311,Continuing Care Retirement Communities,2,2,825.979055528,1182.77608227,997.093286426,2874.8086675,3010.97991489,3217.40710674,3056.04576642,1525.03533887
2,3,    623 - Nursing and Residential Care,,,00,000,16980,Chicago-Naperville-Elgin MSA,2024,623312,Assisted Living Facilities for the Elderly,2,2,538.812983294,760.967529481,634.314710902,1805.34361851,1899.63444053,1986.99050179,1904.26544168,937.244741566
2,3,    623 - Nursing and Residential Care,,,00,000,16980,Chicago-Naperville-Elgin MSA,2024,623990,Other Residential Care Facilities,2,2,24.1597556847,89.0809299733,267.27753623,1106.1482054,956.324278608,914.398911232,803.178441846,399.248205015
2,3,    623 - Nursing and Residential Care,,,00,000,17140,Cincinnati MSA,2020,623110,Nursing Care Facilities (Skilled Nursing Facilities),2,2,430.687032901,854.243358613,785.656588877,3359.57108598,3469.96476192,2899.44479603,2559.2406534,822.196820012
2,3,    623 - Nursing and Residential Care,,,00,000,17140,Cincinnati MSA,2020,623210,Residential Intellectual and Developmental Disability Facilities,2,2,13.8222293261,128.454438346,165.671091305,579.265019784,562.45721235,508.382728018,462.978684508,199.557254564
2,3,    623 - Nursing and Residential Care,,,00,000,17140,Cincinnati MSA,2020,623220,Residential Mental Health and Substance Abuse Facilities,2,2,4.22296413213,51.8640256726,72.1097338157,261.452215197,267.872392413,220.236867075,194.161020894,85.7943309421
2,3,    623 - Nursing and Residential Care,,,00,000,17140,Cincinnati MSA,2020,623311,Continuing Care Retirement Communities,2,2,227.885639201,291.338359764,241.414036711,799.748184568,864.337900305,764.819834961,806.312520969,321.248442207
2,3,    623 - Nursing and Residential Care,,,00,000,17140,Cincinnati MSA,2020,623312,Assisted Living Facilities for the Elderly,2,2,89.7460676545,131.555172523,100.662009335,319.355024018,334.202625632,310.707780834,328.347044307,134.497091302
2,3,    623 - Nursing and Residential Care,,,00,000,17140,Cincinnati MSA,2020,623990,Other Residential Care Facilities,2,2,0.532579825334,19.2523558272,71.3374192095,261.169540134,226.857966702,169.871526935,136.318975732,52.5356958045
2,3,    623 - Nursing and Residential Care,,,00,000,17140,Cincinnati MSA,2021,623110,Nursing Care Facilities (Skilled Nursing Facilities),2,2,449.784111759,806.882173682,699.535577995,2969.70197378,3224.42179345,2782.56139633,2476.70023025,811.849849898
2,3,    623 - Nursing and Residential Care,,,00,000,17140,Cincinnati MSA,2021,623210,Residential Intellectual and Developmental Disability Facilities,2,2,10.8861786722,125.139415563,166.261898631,554.780573131,570.944064185,498.294112451,468.028889766,216.237148737
2,3,    623 - Nursing and Residential Care,,,00,000,17140,Cincinnati MSA,2021,623220,Residential Mental Health and Substance Abuse Facilities,2,2,2.66396855731,53.3082939163,72.684885845,248.593277729,259.0201869,214.739479506,198.737103008,88.9669769878
2,3,    623 - Nursing and Residential Care,,,00,000,17140,Cincinnati MSA,2021,623311,Continuing Care Retirement Communities,2,2,205.739203325,270.189570068,208.42500722,678.829761779,786.181326187,719.3587643,741.683691379,331.030016556
2,3,    623 - Nursing and Residential Care,,,00,000,17140,Cincinnati MSA,2021,623312,Assisted Living Facilities for the Elderly,2,2,89.2760331912,128.334273,99.535289333,299.321940529,341.75716807,327.207390173,323.420131341,148.306593734
2,3,    623 - Nursing and Residential Care,,,00,000,17140,Cincinnati MSA,2021,623990,Other Residential Care Facilities,2,2,2.79294425417,20.4985201771,78.3351924757,270.831659484,218.594366017,158.706975143,132.523467421,47.2716025513
2,3,    623 - Nursing and Residential Care,,,00,000,17140,Cincinnati MSA,2022,623110,Nursing Care Facilities (Skilled Nursing Facilities),2,2,512.129503426,742.490918464,678.090842837,2785.74207073,3192.68599703,2752.37083779,2378.83281045,867.432320357
2,3,    623 - Nursing and Residential Care,,,00,000,17140,Cincinnati MSA,2022,623210,Residential Intellectual and Developmental Disability Facilities,2,2,29.701293349,104.345570882,161.500712946,541.146085369,550.282434151,510.396897891,459.624510167,226.012824045
2,3,    623 - Nursing and Residential Care,,,00,000,17140,Cincinnati MSA,2022,623220,Residential Mental Health and Substance Abuse Facilities,2,2,11.3751878914,47.3068729367,74.8594260694,262.14870796,261.57508836,234.85523261,206.491733167,102.019480686
2,3,    623 - Nursing and Residential Care,,,00,000,17140,Cincinnati MSA,2022,623311,Continuing Care Retirement Communities,2,2,188.730603207,249.867478166,204.211278461,662.318420375,757.447317126,684.876677404,710.531641769,334.656375348
2,3,    623 - Nursing and Residential Care,,,00,000,17140,Cincinnati MSA,2022,623312,Assisted Living Facilities for the Elderly,2,2,98.5202412781,136.280088974,105.127682464,328.673983274,372.24427944,352.064354168,358.676389302,168.90661438
2,3,    623 - Nursing and Residential Care,,,00,000,17140,Cincinnati MSA,2022,623990,Other Residential Care Facilities,2,2,1.81890337448,19.4044395841,73.2290367917,281.177678188,217.025365104,157.201683678,130.653525646,55.391118405
2,3,    623 - Nursing and Residential Care,,,00,000,17140,Cincinnati MSA,2023,623110,Nursing Care Facilities (Skilled Nursing Facilities),2,2,572.87703533,794.441520319,784.237197081,3056.04356159,3490.07703483,2840.1612508,2372.88440355,948.711319826
2,3,    623 - Nursing and Residential Care,,,00,000,17140,Cincinnati MSA,2023,623210,Residential Intellectual and Developmental Disability Facilities,2,2,58.6539490205,128.325713714,161.660394171,588.973790339,601.095738307,516.784846446,449.497926306,244.85245148
2,3,    623 - Nursing and Residential Care,,,00,000,17140,Cincinnati MSA,2023,623220,Residential Mental Health and Substance Abuse Facilities,2,2,27.0692780033,63.902309518,94.2267241362,338.054566236,338.225115422,289.497172807,244.360609536,132.432719688
2,3,    623 - Nursing and Residential Care,,,00,000,17140,Cincinnati MSA,2023,623311,Continuing Care Retirement Communities,2,2,213.335538025,293.269027035,251.987687604,750.965483829,852.112759122,745.862747959,756.872042644,386.013001269
2,3,    623 - Nursing and Residential Care,,,00,000,17140,Cincinnati MSA,2023,623312,Assisted Living Facilities for the Elderly,2,2,129.430863916,169.772887071,129.668071292,384.814895339,426.38446626,385.657248848,395.30933818,210.332594167
2,3,    623 - Nursing and Residential Care,,,00,000,17140,Cincinnati MSA,2023,623990,Other Residential Care Facilities,2,2,1.71163705797,21.2213090679,68.9383395996,277.76478711,233.561949833,158.237947998,131.83610571,61.1975869256
2,3,    623 - Nursing and Residential Care,,,00,000,17140,Cincinnati MSA,2024,623110,Nursing Care Facilities (Skilled Nursing Facilities),2,2,635.93799602,895.51369726,864.252404846,3286.38454117,3794.77531377,3003.93796,2392.09671261,1024.29553203
2,3,    623 - Nursing and Residential Care,,,00,000,17140,Cincinnati MSA,2024,623210,Residential Intellectual and Developmental Disability Facilities,2,2,55.9566431333,135.808257609,148.176175523,529.15610512,532.197872772,491.712942901,398.496448019,218.486863052
2,3,    623 - Nursing and Residential Care,,,00,000,17140,Cincinnati MSA,2024,623220,Residential Mental Health and Substance Abuse Facilities,2,2,32.4359161572,77.0326856685,98.5437734233,340.612845602,347.486169712,315.21759985,251.323546168,138.113306637
2,3,    623 - Nursing and Residential Care,,,00,000,17140,Cincinnati MSA,2024,623311,Continuing Care Retirement Communities,2,2,260.514172241,315.976608453,286.268602683,815.025179036,916.159375064,802.716052192,771.975443194,406.36456557
2,3,    623 - Nursing and Residential Care,,,00,000,17140,Cincinnati MSA,2024,623312,Assisted Living Facilities for the Elderly,2,2,169.530333359,199.364758566,159.256899756,435.488631634,468.620912365,438.943064296,421.239622129,233.00041754
2,3,    623 - Nursing and Residential Care,,,00,000,17140,Cincinnati MSA,2024,623990,Other Residential Care Facilities,2,2,5.57126045462,14.3618218468,69.0507667894,282.380316361,242.452341091,176.125637081,125.056099088,70.1111859759
2,3,    623 - Nursing and Residential Care,,,00,000,18020,Columbus MSA,2020,623110,Nursing Care Facilities (Skilled Nursing Facilities),2,2,33.8162639414,32.7299887083,24.1047104224,81.8465398411,78.2172841299,89.1632330287,72.4080012756,22.5459271031
2,3,    623 - Nursing and Residential Care,,,00,000,18020,Columbus MSA,2020,623210,Residential Intellectual and Developmental Disability Facilities,2,2,0.0,0.0,0.0,0.0,0.0,0.0,0.0,0.0
2,3,    623 - Nursing and Residential Care,,,00,000,18020,Columbus MSA,2020,623220,Residential Mental Health and Substance Abuse Facilities,2,2,0.0,2.69181677955,4.11291291595,7.25080694633,7.18670131242,5.70569447323,5.54121222877,1.92723731561
2,3,    623 - Nursing and Residential Care,,,00,000,18020,Columbus MSA,2020,623311,Continuing Care Retirement Communities,2,2,0.0,0.0,0.0,0.0,0.0,0.0,0.0,0.0
2,3,    623 - Nursing and Residential Care,,,00,000,18020,Columbus MSA,2020,623312,Assisted Living Facilities for the Elderly,2,2,0.0,1.17594313387,0.0,4.35130428564,5.16125859517,4.55248327895,5.42739083168,1.30987215029
2,3,    623 - Nursing and Residential Care,,,00,000,18020,Columbus MSA,2020,623990,Other Residential Care Facilities,2,2,0.0,0.0,0.0,0.0,0.0,0.0,0.0,0.0
2,3,    623 - Nursing and Residential Care,,,00,000,18020,Columbus MSA,2021,623110,Nursing Care Facilities (Skilled Nursing Facilities),2,2,32.5239660479,26.5496199036,20.4773175039,67.8734036631,69.1456256104,80.1915585465,65.8089200657,20.5290618241
2,3,    623 - Nursing and Residential Care,,,00,000,18020,Columbus MSA,2021,623210,Residential Intellectual and Developmental Disability Facilities,2,2,0.0,0.0,0.0,0.0,0.0,0.0,0.0,0.0
2,3,    623 - Nursing and Residential Care,,,00,000,18020,Columbus MSA,2021,623220,Residential Mental Health and Substance Abuse Facilities,2,2,0.0,4.89935044863,3.48963391718,8.04791471114,7.8387330289,6.39250481579,5.67661785002,1.87024191733
2,3,    623 - Nursing and Residential Care,,,00,000,18020,Columbus MSA,2021,623311,Continuing Care Retirement Communities,2,2,0.0,0.0,0.0,0.0,0.0,0.0,0.0,0.0
2,3,    623 - Nursing and Residential Care,,,00,000,18020,Columbus MSA,2021,623312,Assisted Living Facilities for the Elderly,2,2,0.0,1.00357070674,1.1600965512,3.26868699069,3.78206395653,3.39939581842,3.32568158121,0.721059355222
2,3,    623 - Nursing and Residential Care,,,00,000,18020,Columbus MSA,2021,623990,Other Residential Care Facilities,2,2,0.0,0.0,0.0,0.0,0.0,0.0,0.0,0.0
2,3,    623 - Nursing and Residential Care,,,00,000,18020,Columbus MSA,2022,623110,Nursing Care Facilities (Skilled Nursing Facilities),2,2,27.6239123361,32.985446457,21.7381796205,62.1162849319,67.6906089371,76.9259107625,65.4702799073,23.7597427367
2,3,    623 - Nursing and Residential Care,,,00,000,18020,Columbus MSA,2022,623210,Residential Intellectual and Developmental Disability Facilities,2,2,0.0,0.0,0.0,0.0,0.0,0.0,0.0,0.0
2,3,    623 - Nursing and Residential Care,,,00,000,18020,Columbus MSA,2022,623220,Residential Mental Health and Substance Abuse Facilities,2,2,0.0,3.73171140131,4.00254181496,9.26837762686,6.76130733663,6.08903462005,5.31217319348,1.77369997679
2,3,    623 - Nursing and Residential Care,,,00,000,18020,Columbus MSA,2022,623311,Continuing Care Retirement Communities,2,2,0.0,0.0,0.0,0.0,0.0,0.0,0.0,0.0
2,3,    623 - Nursing and Residential Care,,,00,000,18020,Columbus MSA,2022,623312,Assisted Living Facilities for the Elderly,2,2,0.577453004467,1.03674194003,1.19534829716,5.01611485727,4.10782901097,3.82732495485,3.70365016877,0.0
2,3,    623 - Nursing and Residential Care,,,00,000,18020,Columbus MSA,2022,623990,Other Residential Care Facilities,2,2,0.0,0.0,0.0,0.0,0.0,0.0,0.0,0.0
2,3,    623 - Nursing and Residential Care,,,00,000,18020,Columbus MSA,2023,623110,Nursing Care Facilities (Skilled Nursing Facilities),2,2,31.6173301977,42.7914573185,27.0979244808,82.8546291608,85.8763414905,78.0626178734,73.808580445,24.0231588443
2,3,    623 - Nursing and Residential Care,,,00,000,18020,Columbus MSA,2023,623210,Residential Intellectual and Developmental Disability Facilities,2,2,0.0,0.0,0.0,0.0,0.0,0.0,0.0,0.0
2,3,    623 - Nursing and Residential Care,,,00,000,18020,Columbus MSA,2023,623220,Residential Mental Health and Substance Abuse Facilities,2,2,0.0,3.10196569769,2.86096325706,8.8326426128,6.44341607305,6.10182043248,4.58263947764,1.54804000695
2,3,    623 - Nursing and Residential Care,,,00,000,18020,Columbus MSA,2023,623311,Continuing Care Retirement Communities,2,2,0.0,0.0,0.0,0.0,0.0,0.0,0.0,0.0
2,3,    623 - Nursing and Residential Care,,,00,000,18020,Columbus MSA,2023,623312,Assisted Living Facilities for the Elderly,2,2,0.504857668119,1.04879210802,1.22549141564,5.15578772742,4.34705726714,5.26943775274,3.70048777123,0.674204912428
2,3,    623 - Nursing and Residential Care,,,00,000,18020,Columbus MSA,2023,623990,Other Residential Care Facilities,2,2,0.0,0.0,0.0,0.0,0.0,0.0,0.0,0.0
2,3,    623 - Nursing and Residential Care,,,00,000,18020,Columbus MSA,2024,623110,Nursing Care Facilities (Skilled Nursing Facilities),2,2,32.7520617104,43.7548779371,27.1397902803,79.533613556,84.832668724,72.4366435307,71.8414139023,25.080677785
2,3,    623 - Nursing and Residential Care,,,00,000,18020,Columbus MSA,2024,623210,Residential Intellectual and Developmental Disability Facilities,2,2,0.0,0.0,0.0,0.0,0.0,0.0,0.0,0.0
2,3,    623 - Nursing and Residential Care,,,00,000,18020,Columbus MSA,2024,623220,Residential Mental Health and Substance Abuse Facilities,2,2,0.0,4.07960876347,4.0815260239,8.96841361858,5.51566843071,6.89675831593,4.10891976578,1.60184329079
2,3,    623 - Nursing and Residential Care,,,00,000,18020,Columbus MSA,2024,623311,Continuing Care Retirement Communities,2,2,0.0,0.0,0.0,0.0,0.0,0.0,0.0,0.0
2,3,    623 - Nursing and Residential Care,,,00,000,18020,Columbus MSA,2024,623312,Assisted Living Facilities for the Elderly,2,2,0.0,1.30177169895,1.32327065201,4.10449508425,4.10150511877,4.95221799849,3.3977837479,1.28254692347
2,3,    623 - Nursing and Residential Care,,,00,000,18020,Columbus MSA,2024,623990,Other Residential Care Facilities,2,2,0.0,0.0,0.0,0.0,0.0,0.0,0.0,0.0
2,3,    623 - Nursing and Residential Care,,,00,000,21140,Elkhart-Goshen MSA,2020,623110,Nursing Care Facilities (Skilled Nursing Facilities),2,2,47.1030310426,90.9302625039,79.2216569614,265.85140789,269.883716657,251.367262347,203.289447611,62.6405576756
2,3,    623 - Nursing and Residential Care,,,00,000,21140,Elkhart-Goshen MSA,2020,623210,Residential Intellectual and Developmental Disability Facilities,2,2,0.0,0.0,0.0,0.0,0.0,0.0,0.0,0.0
2,3,    623 - Nursing and Residential Care,,,00,000,21140,Elkhart-Goshen MSA,2020,623220,Residential Mental Health and Substance Abuse Facilities,2,2,0.0,5.86692019249,23.2914150461,69.337081761,46.9830608838,32.7753629148,34.6260242519,31.8222702958
2,3,    623 - Nursing and Residential Care,,,00,000,21140,Elkhart-Goshen MSA,2020,623311,Continuing Care Retirement Communities,2,2,36.0116457934,51.5411983815,27.582063581,83.8557770891,86.507254,89.2942796098,104.663784341,56.7509970313
2,3,    623 - Nursing and Residential Care,,,00,000,21140,Elkhart-Goshen MSA,2020,623312,Assisted Living Facilities for the Elderly,2,2,10.9908961142,15.7305767212,8.41815442626,25.3725835281,26.2269864573,27.9176143437,31.6917339227,17.3206277859
2,3,    623 - Nursing and Residential Care,,,00,000,21140,Elkhart-Goshen MSA,2020,623990,Other Residential Care Facilities,2,2,0.0,0.0,0.0,0.0,0.0,0.0,0.0,0.0
2,3,    623 - Nursing and Residential Care,,,00,000,21140,Elkhart-Goshen MSA,2021,623110,Nursing Care Facilities (Skilled Nursing Facilities),2,2,49.1724553882,74.8751963105,59.4883790873,209.039803494,243.384672215,227.985542786,196.466479239,58.8420873772
2,3,    623 - Nursing and Residential Care,,,00,000,21140,Elkhart-Goshen MSA,2021,623210,Residential Intellectual and Developmental Disability Facilities,2,2,0.0,0.0,0.0,0.0,0.0,0.0,0.0,0.0
2,3,    623 - Nursing and Residential Care,,,00,000,21140,Elkhart-Goshen MSA,2021,623220,Residential Mental Health and Substance Abuse Facilities,2,2,0.0,2.40075672165,17.1066710475,66.1119708044,44.0532500853,32.6225404528,30.5330225185,36.0454932765
2,3,    623 - Nursing and Residential Care,,,00,000,21140,Elkhart-Goshen MSA,2021,623311,Continuing Care Retirement Communities,2,2,33.4787260207,38.7660676201,24.570514736,64.5710672815,75.8595772576,78.782987749,99.2081810272,60.7123132849
2,3,    623 - Nursing and Residential Care,,,00,000,21140,Elkhart-Goshen MSA,2021,623312,Assisted Living Facilities for the Elderly,2,2,10.2272123195,11.6468165831,7.5058970538,19.872164191,23.3533471257,24.018725183,30.4590029378,18.3241954079
2,3,    623 - Nursing and Residential Care,,,00,000,21140,Elkhart-Goshen MSA,2021,623990,Other Residential Care Facilities,2,2,0.0,0.0,0.0,0.0,0.0,0.0,0.0,0.0
2,3,    623 - Nursing and Residential Care,,,00,000,21140,Elkhart-Goshen MSA,2022,623110,Nursing Care Facilities (Skilled Nursing Facilities),2,2,40.7894160959,59.4976276536,54.4474122126,187.335422308,234.693806385,207.499133352,183.557497893,51.3420825311
2,3,    623 - Nursing and Residential Care,,,00,000,21140,Elkhart-Goshen MSA,2022,623210,Residential Intellectual and Developmental Disability Facilities,2,2,0.0,0.0,0.0,0.0,0.0,0.0,0.0,0.0
2,3,    623 - Nursing and Residential Care,,,00,000,21140,Elkhart-Goshen MSA,2022,623220,Residential Mental Health and Substance Abuse Facilities,2,2,0.0,2.54182889222,16.3132710223,59.7097803314,42.2346748172,31.3385488619,30.99792862,36.9096189968
2,3,    623 - Nursing and Residential Care,,,00,000,21140,Elkhart-Goshen MSA,2022,623311,Continuing Care Retirement Communities,2,2,30.0281719397,24.9550111838,21.1851016134,62.6657131951,67.4333519863,83.5159341447,90.7334278068,65.5484822002
2,3,    623 - Nursing and Residential Care,,,00,000,21140,Elkhart-Goshen MSA,2022,623312,Assisted Living Facilities for the Elderly,2,2,11.4297421519,9.49872485745,7.86690621733,24.033825192,25.8444910724,31.9751615394,34.1994160847,24.94997869
2,3,    623 - Nursing and Residential Care,,,00,000,21140,Elkhart-Goshen MSA,2022,623990,Other Residential Care Facilities,2,2,0.0,0.0,0.0,0.0,0.0,0.0,0.0,0.0
2,3,    623 - Nursing and Residential Care,,,00,000,21140,Elkhart-Goshen MSA,2023,623110,Nursing Care Facilities (Skilled Nursing Facilities),2,2,45.9238781993,76.1440927109,65.7629291969,211.244450704,237.935102088,212.15275689,166.520550181,53.0459647849
2,3,    623 - Nursing and Residential Care,,,00,000,21140,Elkhart-Goshen MSA,2023,623210,Residential Intellectual and Developmental Disability Facilities,2,2,0.0,0.0,0.0,0.0,0.0,0.0,0.0,0.0
2,3,    623 - Nursing and Residential Care,,,00,000,21140,Elkhart-Goshen MSA,2023,623220,Residential Mental Health and Substance Abuse Facilities,2,2,0.0,6.83857928636,16.7868307452,67.190147621,45.4791861821,36.9404215082,35.5577529535,37.6573576612
2,3,    623 - Nursing and Residential Care,,,00,000,21140,Elkhart-Goshen MSA,2023,623311,Continuing Care Retirement Communities,2,2,36.4277563475,25.2627306739,30.2369093911,73.3726053398,93.979776353,102.360873628,97.0639404429,65.8767923666
2,3,    623 - Nursing and Residential Care,,,00,000,21140,Elkhart-Goshen MSA,2023,623312,Assisted Living Facilities for the Elderly,2,2,14.6465752272,10.1574327479,11.9161983122,29.6979074788,37.9904710976,40.7142985835,39.2123762377,26.4872034917
2,3,    623 - Nursing and Residential Care,,,00,000,21140,Elkhart-Goshen MSA,2023,623990,Other Residential Care Facilities,2,2,0.0,0.0,0.0,0.0,0.0,0.0,0.0,0.0
2,3,    623 - Nursing and Residential Care,,,00,000,21140,Elkhart-Goshen MSA,2024,623110,Nursing Care Facilities (Skilled Nursing Facilities),2,2,44.5085084571,93.017850135,73.4520990276,224.649614747,270.238249432,232.08827952,173.585878991,53.3111279302
2,3,    623 - Nursing and Residential Care,,,00,000,21140,Elkhart-Goshen MSA,2024,623210,Residential Intellectual and Developmental Disability Facilities,2,2,0.0,0.0,0.0,0.0,0.0,0.0,0.0,0.0
2,3,    623 - Nursing and Residential Care,,,00,000,21140,Elkhart-Goshen MSA,2024,623220,Residential Mental Health and Substance Abuse Facilities,2,2,0.0,6.65843170171,21.7258440706,69.9939951764,52.4184909083,39.9059700886,37.3888452976,38.2160212129
2,3,    623 - Nursing and Residential Care,,,00,000,21140,Elkhart-Goshen MSA,2024,623311,Continuing Care Retirement Communities,2,2,33.7676366966,32.0642751966,31.6532156192,82.5922714037,105.685523384,109.897494118,98.0932556517,62.5237557859
2,3,    623 - Nursing and Residential Care,,,00,000,21140,Elkhart-Goshen MSA,2024,623312,Assisted Living Facilities for the Elderly,2,2,14.6520492563,13.9129469962,13.4677237888,36.0002173926,46.0279893871,47.836840124,42.0835204107,27.1295607002
2,3,    623 - Nursing and Residential Care,,,00,000,21140,Elkhart-Goshen MSA,2024,623990,Other Residential Care Facilities,2,2,0.0,0.0,0.0,0.0,0.0,0.0,0.0,0.0
2,3,    623 - Nursing and Residential Care,,,00,000,21780,Evansville MSA,2020,623110,Nursing Care Facilities (Skilled Nursing Facilities),2,2,48.0625284953,140.35783407,116.614606913,505.897777481,523.838322306,501.189636685,415.306954206,165.609377376
2,3,    623 - Nursing and Residential Care,,,00,000,21780,Evansville MSA,2020,623210,Residential Intellectual and Developmental Disability Facilities,2,2,1.28804538769,23.4088068382,25.5929566453,74.8920393371,68.1713423753,53.4574540719,44.5475525769,17.4616343406
2,3,    623 - Nursing and Residential Care,,,00,000,21780,Evansville MSA,2020,623220,Residential Mental Health and Substance Abuse Facilities,2,2,1.02583242228,19.8063091192,24.3660269843,70.4713201324,64.9789743796,51.7165896089,42.0813045187,16.1376669936
2,3,    623 - Nursing and Residential Care,,,00,000,21780,Evansville MSA,2020,623311,Continuing Care Retirement Communities,2,2,8.04325157475,20.0068021906,21.9679303502,69.3053609625,63.3907378097,56.6941327666,53.6595342515,20.9649758851
2,3,    623 - Nursing and Residential Care,,,00,000,21780,Evansville MSA,2020,623312,Assisted Living Facilities for the Elderly,2,2,14.3145614453,35.0170982473,36.4252914757,119.686914226,106.109619035,95.3596502504,88.2323826049,36.2960141829
2,3,    623 - Nursing and Residential Care,,,00,000,21780,Evansville MSA,2020,623990,Other Residential Care Facilities,2,2,0.0,5.63752105231,15.5116568311,39.1737839107,31.6196719235,31.343725208,27.3421833999,10.7516975803
2,3,    623 - Nursing and Residential Care,,,00,000,21780,Evansville MSA,2021,623110,Nursing Care Facilities (Skilled Nursing Facilities),2,2,38.3360876467,116.078014529,107.147101283,436.391835666,455.115550482,461.039877204,384.378399604,152.22819294
2,3,    623 - Nursing and Residential Care,,,00,000,21780,Evansville MSA,2021,623210,Residential Intellectual and Developmental Disability Facilities,2,2,1.00320394237,23.9828121616,26.0328336425,81.1182100428,68.3006308853,58.195322012,45.094582353,16.5852041828
2,3,    623 - Nursing and Residential Care,,,00,000,21780,Evansville MSA,2021,623220,Residential Mental Health and Substance Abuse Facilities,2,2,0.838042931881,19.2068987487,21.967815515,68.6481279246,57.9109796857,49.2861290465,38.1339755391,14.0508201703
2,3,    623 - Nursing and Residential Care,,,00,000,21780,Evansville MSA,2021,623311,Continuing Care Retirement Communities,2,2,8.90570325091,19.1178305409,20.240216175,55.6537939853,61.9594667355,55.1464454037,55.644742429,20.8018276588
2,3,    623 - Nursing and Residential Care,,,00,000,21780,Evansville MSA,2021,623312,Assisted Living Facilities for the Elderly,2,2,15.0214112792,34.3353428369,34.7031598483,97.3408076,104.183705523,93.6760062614,95.2026100718,37.4322628002
2,3,    623 - Nursing and Residential Care,,,00,000,21780,Evansville MSA,2021,623990,Other Residential Care Facilities,2,2,0.603712943723,7.57693456357,18.1472069497,44.6854830545,34.3376631645,30.5684929421,27.0729846874,15.270218436
2,3,    623 - Nursing and Residential Care,,,00,000,21780,Evansville MSA,2022,623110,Nursing Care Facilities (Skilled Nursing Facilities),2,2,43.9553862709,109.758309442,127.951375694,417.855719896,421.406266311,456.934351659,363.831501391,155.614336898
2,3,    623 - Nursing and Residential Care,,,00,000,21780,Evansville MSA,2022,623210,Residential Intellectual and Developmental Disability Facilities,2,2,1.34503451757,21.7626859594,26.1930380485,79.591802938,63.3560447611,54.3091438685,42.112818791,15.5979166138
2,3,    623 - Nursing and Residential Care,,,00,000,21780,Evansville MSA,2022,623220,Residential Mental Health and Substance Abuse Facilities,2,2,1.05649608084,18.6957905436,23.0200628934,72.5336156902,61.4010879276,51.2965765564,38.6119147979,14.937282687
2,3,    623 - Nursing and Residential Care,,,00,000,21780,Evansville MSA,2022,623311,Continuing Care Retirement Communities,2,2,7.4570062205,17.8538464952,18.2750330268,55.204442316,61.8978739049,54.0665475688,54.2802579971,25.1903428044
2,3,    623 - Nursing and Residential Care,,,00,000,21780,Evansville MSA,2022,623312,Assisted Living Facilities for the Elderly,2,2,13.6095163916,32.3785816278,34.1891083061,103.886194492,111.300588238,97.6770055921,99.5726274753,47.0695422469
2,3,    623 - Nursing and Residential Care,,,00,000,21780,Evansville MSA,2022,623990,Other Residential Care Facilities,2,2,0.55903394538,3.53870301943,11.9628492772,45.1828501547,36.5555671132,37.5612232576,30.9614992236,17.5089154899
2,3,    623 - Nursing and Residential Care,,,00,000,21780,Evansville MSA,2023,623110,Nursing Care Facilities (Skilled Nursing Facilities),2,2,57.3072637019,120.806838693,146.782849755,485.050736375,462.723868714,484.114019304,381.540134758,169.921317951
2,3,    623 - Nursing and Residential Care,,,00,000,21780,Evansville MSA,2023,623210,Residential Intellectual and Developmental Disability Facilities,2,2,2.69072686114,23.8927099842,27.7928198785,73.8231292919,64.4309860655,51.8478824619,39.387662768,17.4486851101
2,3,    623 - Nursing and Residential Care,,,00,000,21780,Evansville MSA,2023,623220,Residential Mental Health and Substance Abuse Facilities,2,2,2.56713377639,20.6670866802,25.2343363388,72.5121137924,64.1686732995,52.9624002495,36.6955795774,17.4520055798
2,3,    623 - Nursing and Residential Care,,,00,000,21780,Evansville MSA,2023,623311,Continuing Care Retirement Communities,2,2,7.5130626731,14.9367789031,18.3751323129,52.6332643976,62.8798510964,54.1463098218,48.5405211171,23.8890631119
2,3,    623 - Nursing and Residential Care,,,00,000,21780,Evansville MSA,2023,623312,Assisted Living Facilities for the Elderly,2,2,15.3888027267,30.0048530324,35.8107820256,104.365942639,121.28768198,107.329467183,96.9567161606,49.4758520462
2,3,    623 - Nursing and Residential Care,,,00,000,21780,Evansville MSA,2023,623990,Other Residential Care Facilities,2,2,0.0,6.42452214527,11.4343181459,41.0454552141,32.7572070011,33.628205977,26.5933237303,16.4067666465
2,3,    623 - Nursing and Residential Care,,,00,000,21780,Evansville MSA,2024,623110,Nursing Care Facilities (Skilled Nursing Facilities),2,2,67.112487568,120.036950538,142.892660198,499.109411806,489.151369211,488.481822632,371.106166338,160.032199936
2,3,    623 - Nursing and Residential Care,,,00,000,21780,Evansville MSA,2024,623210,Residential Intellectual and Developmental Disability Facilities,2,2,1.51455789537,22.372464572,26.3633009146,63.703131406,54.6378320277,47.9882227461,35.2912237888,17.9406454387
2,3,    623 - Nursing and Residential Care,,,00,000,21780,Evansville MSA,2024,623220,Residential Mental Health and Substance Abuse Facilities,2,2,2.38755832942,25.7484773229,30.5984194304,80.0280064623,69.8631651263,61.7571376252,43.2533271817,22.4662022639
2,3,    623 - Nursing and Residential Care,,,00,000,21780,Evansville MSA,2024,623311,Continuing Care Retirement Communities,2,2,8.73319227447,18.6054601201,16.4479567785,54.6942184824,71.6860816239,65.2905338254,52.0594983431,27.0689521034
2,3,    623 - Nursing and Residential Care,,,00,000,21780,Evansville MSA,2024,623312,Assisted Living Facilities for the Elderly,2,2,16.6637503645,35.5512903794,30.8213942235,101.345591967,127.047889069,119.551004255,96.3714656601,51.0333371118
2,3,    623 - Nursing and Residential Care,,,00,000,21780,Evansville MSA,2024,623990,Other Residential Care Facilities,2,2,0.0,4.99378784499,10.5065900722,39.6584418917,32.3857407101,32.953997416,26.2892710449,15.9360395345
2,3,    623 - Nursing and Residential Care,,,00,000,23060,Fort Wayne MSA,2020,623110,Nursing Care Facilities (Skilled Nursing Facilities),2,2,161.592565331,252.118447989,196.967497219,688.061889639,768.88111567,649.803603998,518.699543276,171.175702835
2,3,    623 - Nursing and Residential Care,,,00,000,23060,Fort Wayne MSA,2020,623210,Residential Intellectual and Developmental Disability Facilities,2,2,2.61814937492,14.3656215711,21.3848688928,53.2633502589,52.411191413,44.6266437266,41.5743324705,11.5088954548
2,3,    623 - Nursing and Residential Care,,,00,000,23060,Fort Wayne MSA,2020,623220,Residential Mental Health and Substance Abuse Facilities,2,2,2.02901620169,22.7782758183,32.2628424813,92.6559245177,79.0251805624,81.3826558633,66.1396001687,25.2218767903
2,3,    623 - Nursing and Residential Care,,,00,000,23060,Fort Wayne MSA,2020,623311,Continuing Care Retirement Communities,2,2,53.3843480476,81.4176654394,63.0927649461,218.455346085,236.749981053,220.913258879,231.86310971,71.2013741888
2,3,    623 - Nursing and Residential Care,,,00,000,23060,Fort Wayne MSA,2020,623312,Assisted Living Facilities for the Elderly,2,2,16.3648333547,22.7576201754,18.7734357452,63.1962771748,66.7169198572,64.9001383701,65.5966332772,21.5938862591
2,3,    623 - Nursing and Residential Care,,,00,000,23060,Fort Wayne MSA,2020,623990,Other Residential Care Facilities,2,2,1.58124350908,12.2864791469,25.9908859487,84.7854394584,81.4154152755,59.2980843905,44.7695013168,21.9600414109
2,3,    623 - Nursing and Residential Care,,,00,000,23060,Fort Wayne MSA,2021,623110,Nursing Care Facilities (Skilled Nursing Facilities),2,2,158.088967066,238.765733326,173.271106062,590.872124271,696.413684012,629.243631146,496.248494453,161.033185593
2,3,    623 - Nursing and Residential Care,,,00,000,23060,Fort Wayne MSA,2021,623210,Residential Intellectual and Developmental Disability Facilities,2,2,0.539389223553,17.1223561336,19.8144870344,53.3554759098,51.0206085634,39.4696813331,44.4304355388,13.5180712096
2,3,    623 - Nursing and Residential Care,,,00,000,23060,Fort Wayne MSA,2021,623220,Residential Mental Health and Substance Abuse Facilities,2,2,2.36206402328,19.8527216334,32.1937213713,88.6777335359,76.2223635623,76.5874334707,65.4443638101,25.1733149647
2,3,    623 - Nursing and Residential Care,,,00,000,23060,Fort Wayne MSA,2021,623311,Continuing Care Retirement Communities,2,2,56.8902647766,70.4139011482,54.770668795,185.220530978,224.756116466,218.833574552,216.064539027,77.3979637777
2,3,    623 - Nursing and Residential Care,,,00,000,23060,Fort Wayne MSA,2021,623312,Assisted Living Facilities for the Elderly,2,2,13.0773244541,16.0573070407,12.5554951461,43.2329030269,52.451065941,50.986601,50.7359556437,17.4773935019
2,3,    623 - Nursing and Residential Care,,,00,000,23060,Fort Wayne MSA,2021,623990,Other Residential Care Facilities,2,2,2.60576240563,15.5123636138,24.767641349,71.7508604833,74.3101895667,53.8605604963,41.4890944691,19.1517617714
2,3,    623 - Nursing and Residential Care,,,00,000,23060,Fort Wayne MSA,2022,623110,Nursing Care Facilities (Skilled Nursing Facilities),2,2,165.569862023,238.902897855,193.898565937,566.788306646,642.804670133,614.946346716,482.723536308,177.669185365
2,3,    623 - Nursing and Residential Care,,,00,000,23060,Fort Wayne MSA,2022,623210,Residential Intellectual and Developmental Disability Facilities,2,2,0.0,18.4868445074,26.5256068408,60.4285379743,58.8415100637,48.8693477075,49.5840525377,19.5759142829
2,3,    623 - Nursing and Residential Care,,,00,000,23060,Fort Wayne MSA,2022,623220,Residential Mental Health and Substance Abuse Facilities,2,2,1.66756541289,20.1081386612,29.6973751863,82.9669398991,72.5694515043,74.1970085174,53.4739131078,24.9772562165
2,3,    623 - Nursing and Residential Care,,,00,000,23060,Fort Wayne MSA,2022,623311,Continuing Care Retirement Communities,2,2,54.181305378,70.4052361236,55.4876191729,188.357547087,232.85967242,223.247714723,199.807605325,80.7331482886
2,3,    623 - Nursing and Residential Care,,,00,000,23060,Fort Wayne MSA,2022,623312,Assisted Living Facilities for the Elderly,2,2,13.3841216672,18.0252146018,13.4551814651,47.8695674763,58.4176125571,56.5372037459,50.5787570623,20.3996805284
2,3,    623 - Nursing and Residential Care,,,00,000,23060,Fort Wayne MSA,2022,623990,Other Residential Care Facilities,2,2,0.907528929454,3.07406692874,5.75542373009,29.1012523724,17.8839543277,20.6460263921,10.4664368816,7.5491953252
2,3,    623 - Nursing and Residential Care,,,00,000,23060,Fort Wayne MSA,2023,623110,Nursing Care Facilities (Skilled Nursing Facilities),2,2,187.952625695,281.176038858,221.703101534,617.309990781,686.979207245,643.403826762,499.307618001,194.533603942
2,3,    623 - Nursing and Residential Care,,,00,000,23060,Fort Wayne MSA,2023,623210,Residential Intellectual and Developmental Disability Facilities,2,2,0.609550789733,11.3307822259,21.5741172506,67.7105496527,55.6825831466,49.8387243731,45.4626342567,21.5413460965
2,3,    623 - Nursing and Residential Care,,,00,000,23060,Fort Wayne MSA,2023,623220,Residential Mental Health and Substance Abuse Facilities,2,2,2.69475420762,12.9240352282,28.5762485977,94.8837920211,76.0043057491,79.731215735,61.1689491698,31.7558291672
2,3,    623 - Nursing and Residential Care,,,00,000,23060,Fort Wayne MSA,2023,623311,Continuing Care Retirement Communities,2,2,77.6861237224,83.1715900973,61.5346817745,213.979736993,227.813741272,239.114006162,185.31761716,84.2499890473
2,3,    623 - Nursing and Residential Care,,,00,000,23060,Fort Wayne MSA,2023,623312,Assisted Living Facilities for the Elderly,2,2,25.7086507073,26.7459258669,19.0929458415,69.6520947056,72.1302358258,77.4529185925,60.2333212348,27.1954554681
2,3,    623 - Nursing and Residential Care,,,00,000,23060,Fort Wayne MSA,2023,623990,Other Residential Care Facilities,2,2,2.58079923635,5.07579267492,5.95633039249,32.2204716729,16.7027645024,12.1194927886,6.63468695,9.36930851546
2,3,    623 - Nursing and Residential Care,,,00,000,23060,Fort Wayne MSA,2024,623110,Nursing Care Facilities (Skilled Nursing Facilities),2,2,212.793148496,296.68596665,252.253147461,632.545332995,689.739999968,652.252373089,506.934757837,204.980072544
2,3,    623 - Nursing and Residential Care,,,00,000,23060,Fort Wayne MSA,2024,623210,Residential Intellectual and Developmental Disability Facilities,2,2,0.0,8.46311228447,14.6939548403,52.16973665,46.1869160511,40.8640002109,39.1684267515,19.5074628833
2,3,    623 - Nursing and Residential Care,,,00,000,23060,Fort Wayne MSA,2024,623220,Residential Mental Health and Substance Abuse Facilities,2,2,1.92787675957,14.8816168295,25.3246308911,90.5301528266,76.0109532466,79.2946809678,65.2282808369,36.8794300383
2,3,    623 - Nursing and Residential Care,,,00,000,23060,Fort Wayne MSA,2024,623311,Continuing Care Retirement Communities,2,2,79.2749638232,86.9329847472,70.1667551438,208.877682527,228.368248279,242.752048515,177.852976508,90.1798655361
2,3,    623 - Nursing and Residential Care,,,00,000,23060,Fort Wayne MSA,2024,623312,Assisted Living Facilities for the Elderly,2,2,24.7934823626,26.2481417201,20.5574468578,63.4362841021,68.2382827475,73.3232772737,53.9209324288,27.305537427
2,3,    623 - Nursing and Residential Care,,,00,000,23060,Fort Wayne MSA,2024,623990,Other Residential Care Facilities,2,2,1.4552253239,5.91659597635,8.28236148843,50.9636179513,30.5515119934,22.9545961138,14.0243664277,12.6865875911
2,3,    623 - Nursing and Residential Care,,,00,000,26900,Indianapolis-Carmel-Greenwood MSA,2020,623110,Nursing Care Facilities (Skilled Nursing Facilities),2,2,356.154329677,665.762481566,585.681676517,2365.36728535,2503.73749529,2287.54762461,1837.94141999,596.909658985
2,3,    623 - Nursing and Residential Care,,,00,000,26900,Indianapolis-Carmel-Greenwood MSA,2020,623210,Residential Intellectual and Developmental Disability Facilities,2,2,7.90848799833,98.5495632362,173.151457603,690.736674481,684.88484018,549.323683828,351.703886597,145.047717806
2,3,    623 - Nursing and Residential Care,,,00,000,26900,Indianapolis-Carmel-Greenwood MSA,2020,623220,Residential Mental Health and Substance Abuse Facilities,2,2,2.15707225291,28.6280725267,45.4842188146,187.873671906,169.147873729,145.494048057,105.426560402,44.0790561037
2,3,    623 - Nursing and Residential Care,,,00,000,26900,Indianapolis-Carmel-Greenwood MSA,2020,623311,Continuing Care Retirement Communities,2,2,140.692666861,198.755770459,151.521438873,519.494094857,562.524884569,573.466819111,500.286419449,193.361369115
2,3,    623 - Nursing and Residential Care,,,00,000,26900,Indianapolis-Carmel-Greenwood MSA,2020,623312,Assisted Living Facilities for the Elderly,2,2,127.920282118,188.738411355,142.516687349,495.44815431,532.188243488,529.646610309,457.892873073,178.060342819
2,3,    623 - Nursing and Residential Care,,,00,000,26900,Indianapolis-Carmel-Greenwood MSA,2020,623990,Other Residential Care Facilities,2,2,5.91633603551,32.9618881529,65.986968022,261.646052774,296.549475292,219.987247009,152.943702635,55.4209060259
2,3,    623 - Nursing and Residential Care,,,00,000,26900,Indianapolis-Carmel-Greenwood MSA,2021,623110,Nursing Care Facilities (Skilled Nursing Facilities),2,2,371.402278776,648.282277688,554.344454738,2119.69402373,2428.74197063,2181.25819232,1802.30806738,584.429667414
2,3,    623 - Nursing and Residential Care,,,00,000,26900,Indianapolis-Carmel-Greenwood MSA,2021,623210,Residential Intellectual and Developmental Disability Facilities,2,2,9.39964096802,110.6698961,163.220630246,642.076150937,723.868571281,592.91543701,379.998907843,150.111736236
2,3,    623 - Nursing and Residential Care,,,00,000,26900,Indianapolis-Carmel-Greenwood MSA,2021,623220,Residential Mental Health and Substance Abuse Facilities,2,2,5.61003796546,39.3991968442,52.5116477754,199.166327676,201.046231793,171.380172735,118.773529523,46.3502883699
2,3,    623 - Nursing and Residential Care,,,00,000,26900,Indianapolis-Carmel-Greenwood MSA,2021,623311,Continuing Care Retirement Communities,2,2,131.418753615,180.822643881,142.432115349,453.010600245,524.694167532,530.750807652,455.024255343,185.627532038
2,3,    623 - Nursing and Residential Care,,,00,000,26900,Indianapolis-Carmel-Greenwood MSA,2021,623312,Assisted Living Facilities for the Elderly,2,2,124.801882478,175.597086752,140.047599572,448.790749584,519.429186266,514.148862724,440.187115476,180.256049401
2,3,    623 - Nursing and Residential Care,,,00,000,26900,Indianapolis-Carmel-Greenwood MSA,2021,623990,Other Residential Care Facilities,2,2,3.52379246137,36.1520407254,61.7712733745,236.459621357,282.795921476,230.786942023,158.994453259,63.1714535202
2,3,    623 - Nursing and Residential Care,,,00,000,26900,Indianapolis-Carmel-Greenwood MSA,2022,623110,Nursing Care Facilities (Skilled Nursing Facilities),2,2,385.639267589,647.376878716,566.159393224,2150.75968783,2430.28559231,2172.25139707,1768.22212402,639.49819628
2,3,    623 - Nursing and Residential Care,,,00,000,26900,Indianapolis-Carmel-Greenwood MSA,2022,623210,Residential Intellectual and Developmental Disability Facilities,2,2,6.64302755204,102.785470981,144.756867476,637.202481617,797.176137342,649.410591473,420.724612057,177.695306739
2,3,    623 - Nursing and Residential Care,,,00,000,26900,Indianapolis-Carmel-Greenwood MSA,2022,623220,Residential Mental Health and Substance Abuse Facilities,2,2,3.79335457205,35.1215824897,45.4070653739,199.178952712,223.95738979,178.882584968,127.797085226,49.168895733
2,3,    623 - Nursing and Residential Care,,,00,000,26900,Indianapolis-Carmel-Greenwood MSA,2022,623311,Continuing Care Retirement Communities,2,2,132.088718191,173.596370234,152.127342801,466.106573321,571.182730511,552.530306891,490.64888528,206.463627554
2,3,    623 - Nursing and Residential Care,,,00,000,26900,Indianapolis-Carmel-Greenwood MSA,2022,623312,Assisted Living Facilities for the Elderly,2,2,128.026762774,175.860152087,146.346571362,470.276987478,559.117250376,531.512816999,477.858317838,200.59730279
2,3,    623 - Nursing and Residential Care,,,00,000,26900,Indianapolis-Carmel-Greenwood MSA,2022,623990,Other Residential Care Facilities,2,2,3.71853582637,34.5206001008,83.8854769204,256.009211337,293.737507408,246.008761994,172.11029879,85.2321543754
2,3,    623 - Nursing and Residential Care,,,00,000,26900,Indianapolis-Carmel-Greenwood MSA,2023,623110,Nursing Care Facilities (Skilled Nursing Facilities),2,2,452.032168078,749.98933527,635.552657598,2324.21683714,2625.98104802,2275.48303596,1805.90314868,695.168947853
2,3,    623 - Nursing and Residential Care,,,00,000,26900,Indianapolis-Carmel-Greenwood MSA,2023,623210,Residential Intellectual and Developmental Disability Facilities,2,2,5.5890252902,89.9357791181,160.041683739,568.710063349,798.460881243,654.777291495,438.247836749,182.958249796
2,3,    623 - Nursing and Residential Care,,,00,000,26900,Indianapolis-Carmel-Greenwood MSA,2023,623220,Residential Mental Health and Substance Abuse Facilities,2,2,1.82424725496,35.6610493925,47.7200984153,184.204850056,238.795097271,183.396041124,132.361424125,56.1565758179
2,3,    623 - Nursing and Residential Care,,,00,000,26900,Indianapolis-Carmel-Greenwood MSA,2023,623311,Continuing Care Retirement Communities,2,2,153.374343878,208.789672533,172.12451459,531.322125026,616.999874052,599.655373453,502.483557131,240.701862914
2,3,    623 - Nursing and Residential Care,,,00,000,26900,Indianapolis-Carmel-Greenwood MSA,2023,623312,Assisted Living Facilities for the Elderly,2,2,153.131093358,219.681972184,178.098893764,550.933570185,630.535507989,600.897087071,514.702210041,243.471314842
2,3,    623 - Nursing and Residential Care,,,00,000,26900,Indianapolis-Carmel-Greenwood MSA,2023,623990,Other Residential Care Facilities,2,2,5.42960635183,29.8414303911,92.3986093278,286.129970002,287.448256882,277.263389933,172.425931087,92.2054646432
2,3,    623 - Nursing and Residential Care,,,00,000,26900,Indianapolis-Carmel-Greenwood MSA,2024,623110,Nursing Care Facilities (Skilled Nursing Facilities),2,2,465.312313841,822.211195504,700.817839634,2437.05269766,2745.22650588,2392.03422619,1857.52098742,735.461123147
2,3,    623 - Nursing and Residential Care,,,00,000,26900,Indianapolis-Carmel-Greenwood MSA,2024,623210,Residential Intellectual and Developmental Disability Facilities,2,2,3.87174346349,81.4537089687,167.226563489,582.627287235,753.629672695,668.235181508,445.608784617,198.337459319
2,3,    623 - Nursing and Residential Care,,,00,000,26900,Indianapolis-Carmel-Greenwood MSA,2024,623220,Residential Mental Health and Substance Abuse Facilities,2,2,1.79282100846,27.5892327194,45.8629287897,142.105598626,193.969111351,148.797418245,113.313583492,53.1556689316
2,3,    623 - Nursing and Residential Care,,,00,000,26900,Indianapolis-Carmel-Greenwood MSA,2024,623311,Continuing Care Retirement Communities,2,2,140.65846063,214.925011427,189.249771757,546.821651746,648.354304755,600.029415653,489.66280973,232.959810836
2,3,    623 - Nursing and Residential Care,,,00,000,26900,Indianapolis-Carmel-Greenwood MSA,2024,623312,Assisted Living Facilities for the Elderly,2,2,149.067618846,222.532145124,191.187628767,563.430724558,660.127218535,609.000420828,503.303353539,240.874104904
2,3,    623 - Nursing and Residential Care,,,00,000,26900,Indianapolis-Carmel-Greenwood MSA,2024,623990,Other Residential Care Facilities,2,2,5.23966424542,26.9003880632,71.3672130386,285.882094091,291.412043072,265.034758467,173.42214641,92.0998687744
2,3,    623 - Nursing and Residential Care,,,00,000,29020,Kokomo MSA,2020,623110,Nursing Care Facilities (Skilled Nursing Facilities),2,2,14.9333231736,38.1869841395,31.8411352114,133.953068983,144.131775816,133.875543606,119.629154982,28.1096861781
2,3,    623 - Nursing and Residential Care,,,00,000,29020,Kokomo MSA,2020,623210,Residential Intellectual and Developmental Disability Facilities,2,2,0.0,0.0,0.0,0.0,0.0,0.0,0.0,0.0
2,3,    623 - Nursing and Residential Care,,,00,000,29020,Kokomo MSA,2020,623220,Residential Mental Health and Substance Abuse Facilities,2,2,0.0,0.0,0.0,0.161096271571,0.0,0.0,0.0,0.0
2,3,    623 - Nursing and Residential Care,,,00,000,29020,Kokomo MSA,2020,623311,Continuing Care Retirement Communities,2,2,15.6927467461,21.6117253544,11.4957994119,41.9440953329,45.7664619339,48.0559212529,35.5668476379,12.2032002964
2,3,    623 - Nursing and Residential Care,,,00,000,29020,Kokomo MSA,2020,623312,Assisted Living Facilities for the Elderly,2,2,3.04578088002,4.19458625908,1.7794754272,8.14086441724,8.8827416232,9.45063545531,6.77905782547,1.9143083329
2,3,    623 - Nursing and Residential Care,,,00,000,29020,Kokomo MSA,2020,623990,Other Residential Care Facilities,2,2,0.0,2.56009210982,5.90759247172,16.3492616937,14.2112392308,14.4644112428,13.0049282458,5.58072564493
2,3,    623 - Nursing and Residential Care,,,00,000,29020,Kokomo MSA,2021,623110,Nursing Care Facilities (Skilled Nursing Facilities),2,2,15.8256170683,36.65378744,35.4196423673,115.707562122,135.065370038,135.34020709,111.431379106,28.3495879472
2,3,    623 - Nursing and Residential Care,,,00,000,29020,Kokomo MSA,2021,623210,Residential Intellectual and Developmental Disability Facilities,2,2,0.0,1.62388071626,1.80826284467,10.2290978977,11.6392287258,9.24033585121,6.97610075619,2.69918122156
2,3,    623 - Nursing and Residential Care,,,00,000,29020,Kokomo MSA,2021,623220,Residential Mental Health and Substance Abuse Facilities,2,2,0.0,0.0,0.0,1.61619071991,2.40355672391,1.41097376743,1.14953699369,0.0
2,3,    623 - Nursing and Residential Care,,,00,000,29020,Kokomo MSA,2021,623311,Continuing Care Retirement Communities,2,2,11.5207943607,17.4016758314,9.10974844096,29.2489142704,36.0917583244,37.8793104763,30.4465135715,11.1756365238
2,3,    623 - Nursing and Residential Care,,,00,000,29020,Kokomo MSA,2021,623312,Assisted Living Facilities for the Elderly,2,2,6.23682536045,9.42046266444,4.93159658311,15.3899892734,19.6929764318,20.6727077858,16.6136762615,6.04997286721
2,3,    623 - Nursing and Residential Care,,,00,000,29020,Kokomo MSA,2021,623990,Other Residential Care Facilities,2,2,0.0,1.89259757782,2.58360965931,9.95680091348,9.63516610833,9.88995945833,7.80708046407,3.48584586968
2,3,    623 - Nursing and Residential Care,,,00,000,29020,Kokomo MSA,2022,623110,Nursing Care Facilities (Skilled Nursing Facilities),2,2,17.4422562444,46.3484624271,44.5991828395,125.286392156,134.169659276,127.394815081,108.027160807,28.4827967898
2,3,    623 - Nursing and Residential Care,,,00,000,29020,Kokomo MSA,2022,623210,Residential Intellectual and Developmental Disability Facilities,2,2,0.0,2.53514399675,2.41447476694,16.4447547955,19.4741624187,8.57985069882,9.40036425476,2.54016420315
2,3,    623 - Nursing and Residential Care,,,00,000,29020,Kokomo MSA,2022,623220,Residential Mental Health and Substance Abuse Facilities,2,2,0.0,0.895553567002,0.542069227446,5.80219991314,6.87935503498,3.03087947175,3.32073040043,0.614367056494
2,3,    623 - Nursing and Residential Care,,,00,000,29020,Kokomo MSA,2022,623311,Continuing Care Retirement Communities,2,2,6.13626366206,13.1772306587,9.50330581359,22.0944028705,25.4880806985,29.7521093334,24.3311858411,8.52877026551
2,3,    623 - Nursing and Residential Care,,,00,000,29020,Kokomo MSA,2022,623312,Assisted Living Facilities for the Elderly,2,2,6.48310666536,13.9220536501,10.0404657714,23.3463297803,26.9317612038,31.4369619387,25.7064692441,9.01084607846
2,3,    623 - Nursing and Residential Care,,,00,000,29020,Kokomo MSA,2022,623990,Other Residential Care Facilities,2,2,0.0,1.71817232894,3.58037543986,10.1740143419,8.51492124141,8.54032118614,6.59479282786,3.59820821575
2,3,    623 - Nursing and Residential Care,,,00,000,29020,Kokomo MSA,2023,623110,Nursing Care Facilities (Skilled Nursing Facilities),2,2,20.2975417552,48.4982189406,47.026642144,141.225395529,148.34305718,134.613554318,115.45852644,32.8084733262
2,3,    623 - Nursing and Residential Care,,,00,000,29020,Kokomo MSA,2023,623210,Residential Intellectual and Developmental Disability Facilities,2,2,0.600053101037,2.54579587862,1.2210718675,8.16306143878,14.2841451822,7.81134412383,7.14101143019,1.71515946914
2,3,    623 - Nursing and Residential Care,,,00,000,29020,Kokomo MSA,2023,623220,Residential Mental Health and Substance Abuse Facilities,2,2,0.536777535661,2.27734184802,1.09230990852,7.30226707434,12.356277063,6.98763833025,6.38799218104,1.53429600067
2,3,    623 - Nursing and Residential Care,,,00,000,29020,Kokomo MSA,2023,623311,Continuing Care Retirement Communities,2,2,5.78978981772,9.95078651443,6.99265996981,18.9813499903,20.3892428371,21.0603811903,18.4851860225,6.47066373598
2,3,    623 - Nursing and Residential Care,,,00,000,29020,Kokomo MSA,2023,623312,Assisted Living Facilities for the Elderly,2,2,10.661743966,18.3241087184,12.8767973599,34.5162358572,37.0932777155,38.7821318468,33.6273395666,11.9155551782
2,3,    623 - Nursing and Residential Care,,,00,000,29020,Kokomo MSA,2023,623990,Other Residential Care Facilities,2,2,0.713093464441,3.12343060308,5.6090529142,17.0318641387,13.8587848909,14.4964751018,11.8689564119,4.9230230285
2,3,    623 - Nursing and Residential Care,,,00,000,29020,Kokomo MSA,2024,623110,Nursing Care Facilities (Skilled Nursing Facilities),2,2,22.1350786754,43.8167540252,38.8964565298,145.382527959,146.96945383,134.419673504,111.487562121,39.0168056948
2,3,    623 - Nursing and Residential Care,,,00,000,29020,Kokomo MSA,2024,623210,Residential Intellectual and Developmental Disability Facilities,2,2,0.0,0.747105378136,0.0,3.05307614575,4.95533200914,2.64612832377,2.3498131662,0.0
2,3,    623 - Nursing and Residential Care,,,00,000,29020,Kokomo MSA,2024,623220,Residential Mental Health and Substance Abuse Facilities,2,2,0.957153586328,5.16166585259,3.90531707517,17.5633448895,34.2358237115,18.2817988065,18.6104063636,4.42066272663
2,3,    623 - Nursing and Residential Care,,,00,000,29020,Kokomo MSA,2024,623311,Continuing Care Retirement Communities,2,2,8.82769185826,12.2722703371,8.79214785582,23.1503142175,23.6772270775,26.9180588997,21.9722696264,9.22818299447
2,3,    623 - Nursing and Residential Care,,,00,000,29020,Kokomo MSA,2024,623312,Assisted Living Facilities for the Elderly,2,2,12.1744669824,16.9249620872,12.1254474549,31.757224078,32.4761522316,36.9652341095,30.3024477282,12.7267932522
2,3,    623 - Nursing and Residential Care,,,00,000,29020,Kokomo MSA,2024,623990,Other Residential Care Facilities,2,2,0.0,2.89467835428,5.3654768638,16.6060810503,13.6310927023,13.9309679554,11.4132332929,4.4274236204
2,3,    623 - Nursing and Residential Care,,,00,000,29200,Lafayette-West Lafayette MSA,2020,623110,Nursing Care Facilities (Skilled Nursing Facilities),2,2,20.588745989,50.3068412761,45.5625915693,189.871195598,201.629463946,187.87038468,141.968442236,51.0497916487
2,3,    623 - Nursing and Residential Care,,,00,000,29200,Lafayette-West Lafayette MSA,2020,623210,Residential Intellectual and Developmental Disability Facilities,2,2,0.0,3.42422648731,14.9190165236,73.8829010108,52.7357887716,35.159772617,21.9252266233,7.29704052028
2,3,    623 - Nursing and Residential Care,,,00,000,29200,Lafayette-West Lafayette MSA,2020,623220,Residential Mental Health and Substance Abuse Facilities,2,2,0.0,2.25005556759,9.80326982348,43.0691497044,29.5640987358,19.0941427262,10.7979922599,3.72293849257
2,3,    623 - Nursing and Residential Care,,,00,000,29200,Lafayette-West Lafayette MSA,2020,623311,Continuing Care Retirement Communities,2,2,38.9639271139,54.0909200886,41.6809153696,114.315708111,93.5628693718,110.830632645,93.4706024296,26.9930360584
2,3,    623 - Nursing and Residential Care,,,00,000,29200,Lafayette-West Lafayette MSA,2020,623312,Assisted Living Facilities for the Elderly,2,2,12.2313393627,16.9799208922,13.0842412096,35.6430626356,32.6270492258,41.0489764299,33.8524321096,11.9702247447
2,3,    623 - Nursing and Residential Care,,,00,000,29200,Lafayette-West Lafayette MSA,2020,623990,Other Residential Care Facilities,2,2,0.0,5.95930526134,5.96490572651,27.9972219424,28.0058653925,23.2751929157,14.7545178241,5.40363637791
2,3,    623 - Nursing and Residential Care,,,00,000,29200,Lafayette-West Lafayette MSA,2021,623110,Nursing Care Facilities (Skilled Nursing Facilities),2,2,20.2151774362,42.3400270905,44.28897516,161.461055097,182.19741838,170.764764553,127.921583468,49.094917667
2,3,    623 - Nursing and Residential Care,,,00,000,29200,Lafayette-West Lafayette MSA,2021,623210,Residential Intellectual and Developmental Disability Facilities,2,2,0.0,4.50655409211,12.65686439,81.8157431622,50.9781881785,37.727007583,21.7602718739,5.88261412916
2,3,    623 - Nursing and Residential Care,,,00,000,29200,Lafayette-West Lafayette MSA,2021,623220,Residential Mental Health and Substance Abuse Facilities,2,2,0.0,2.7671356335,7.27975180015,46.0184258552,26.0609518082,18.5291910239,10.1949257596,3.2359079532
2,3,    623 - Nursing and Residential Care,,,00,000,29200,Lafayette-West Lafayette MSA,2021,623311,Continuing Care Retirement Communities,2,2,31.8317801614,55.5786906517,39.3594234081,97.6599214778,96.0347796376,106.528568314,96.5530634694,29.051559162
2,3,    623 - Nursing and Residential Care,,,00,000,29200,Lafayette-West Lafayette MSA,2021,623312,Assisted Living Facilities for the Elderly,2,2,9.29713425192,16.7893298927,11.4957392156,29.7654262502,32.5745768687,37.852097099,34.0820993237,12.8435586627
2,3,    623 - Nursing and Residential Care,,,00,000,29200,Lafayette-West Lafayette MSA,2021,623990,Other Residential Care Facilities,2,2,0.0,5.29183528296,7.62681503485,25.8182522892,29.6403978148,23.9873947531,13.6188447876,6.52712454384
2,3,    623 - Nursing and Residential Care,,,00,000,29200,Lafayette-West Lafayette MSA,2022,623110,Nursing Care Facilities (Skilled Nursing Facilities),2,2,26.2311227506,47.3085587694,41.7802651246,159.746922341,180.78332439,163.002421953,125.403618069,49.1638213478
2,3,    623 - Nursing and Residential Care,,,00,000,29200,Lafayette-West Lafayette MSA,2022,623210,Residential Intellectual and Developmental Disability Facilities,2,2,0.0,6.05197054673,17.8868207739,94.1869603324,68.7343279846,44.0770758712,29.5080093547,8.2272214975
2,3,    623 - Nursing and Residential Care,,,00,000,29200,Lafayette-West Lafayette MSA,2022,623220,Residential Mental Health and Substance Abuse Facilities,2,2,0.0,0.535351595226,2.26394682434,12.4360177789,8.33258309402,5.21051277871,3.93344692177,0.0
2,3,    623 - Nursing and Residential Care,,,00,000,29200,Lafayette-West Lafayette MSA,2022,623311,Continuing Care Retirement Communities,2,2,28.2807267035,54.9432166603,39.3492255339,102.531648452,96.3034522048,98.8533893054,90.8410447211,30.9794818752
2,3,    623 - Nursing and Residential Care,,,00,000,29200,Lafayette-West Lafayette MSA,2022,623312,Assisted Living Facilities for the Elderly,2,2,9.36826561094,18.2004745702,14.2029118161,34.1560723721,36.7991201461,40.3120678227,36.3851579498,15.6003161103
2,3,    623 - Nursing and Residential Care,,,00,000,29200,Lafayette-West Lafayette MSA,2022,623990,Other Residential Care Facilities,2,2,0.0,4.22495964265,11.2227548328,27.9452218884,29.6603704494,26.3042753438,18.1748638788,10.8423979941
2,3,    623 - Nursing and Residential Care,,,00,000,29200,Lafayette-West Lafayette MSA,2023,623110,Nursing Care Facilities (Skilled Nursing Facilities),2,2,31.8095357628,55.1202321644,46.1147673143,174.537440586,188.692426553,175.285501097,124.264055223,48.1688320906
2,3,    623 - Nursing and Residential Care,,,00,000,29200,Lafayette-West Lafayette MSA,2023,623210,Residential Intellectual and Developmental Disability Facilities,2,2,0.0,4.12155399661,20.1289616489,76.6082479623,54.6144714783,35.111054043,27.1322662485,7.75312428087
2,3,    623 - Nursing and Residential Care,,,00,000,29200,Lafayette-West Lafayette MSA,2023,623220,Residential Mental Health and Substance Abuse Facilities,2,2,0.0,0.62805443733,4.48729010605,16.4891091532,11.6132131295,7.06961251906,6.16404212885,1.44938699678
2,3,    623 - Nursing and Residential Care,,,00,000,29200,Lafayette-West Lafayette MSA,2023,623311,Continuing Care Retirement Communities,2,2,37.1887161886,68.0280225108,47.0323944154,115.748852651,105.616035211,104.841673887,91.5835670429,33.8650055221
2,3,    623 - Nursing and Residential Care,,,00,000,29200,Lafayette-West Lafayette MSA,2023,623312,Assisted Living Facilities for the Elderly,2,2,10.8114578954,19.619492892,15.2659707948,37.1044914979,31.3252280486,36.9579696044,33.7066798318,13.8683197628
2,3,    623 - Nursing and Residential Care,,,00,000,29200,Lafayette-West Lafayette MSA,2023,623990,Other Residential Care Facilities,2,2,0.707058929812,4.53845284691,6.86594348545,29.3387616728,27.5557616931,25.8830578398,20.5834456264,12.4164814668
2,3,    623 - Nursing and Residential Care,,,00,000,29200,Lafayette-West Lafayette MSA,2024,623110,Nursing Care Facilities (Skilled Nursing Facilities),2,2,31.2682736669,58.277348917,50.8553527844,173.234872363,188.930690434,171.275034518,131.483412362,46.7043170692
2,3,    623 - Nursing and Residential Care,,,00,000,29200,Lafayette-West Lafayette MSA,2024,623210,Residential Intellectual and Developmental Disability Facilities,2,2,0.0,4.07022848695,19.8907683909,82.797147995,57.1534284187,39.1884722206,31.2421633444,10.3737716267
2,3,    623 - Nursing and Residential Care,,,00,000,29200,Lafayette-West Lafayette MSA,2024,623220,Residential Mental Health and Substance Abuse Facilities,2,2,0.0,0.652474577117,5.04302735014,19.4780208117,13.1191002147,8.37146925989,7.57480873719,2.18942509529
2,3,    623 - Nursing and Residential Care,,,00,000,29200,Lafayette-West Lafayette MSA,2024,623311,Continuing Care Retirement Communities,2,2,38.906083425,68.2767477499,54.8383074689,109.863029659,114.268033122,108.264239734,88.2728899851,36.3100782934
2,3,    623 - Nursing and Residential Care,,,00,000,29200,Lafayette-West Lafayette MSA,2024,623312,Assisted Living Facilities for the Elderly,2,2,10.9123587757,18.9882418668,15.827304142,33.2964516823,32.6543981783,33.1471273778,27.2519196152,11.8978279994
2,3,    623 - Nursing and Residential Care,,,00,000,29200,Lafayette-West Lafayette MSA,2024,623990,Other Residential Care Facilities,2,2,0.0,3.43908664968,4.44372326333,27.4375791272,26.3066539585,25.7909658569,18.3645555366,13.6318761112
2,3,    623 - Nursing and Residential Care,,,00,000,31140,Louisville/Jefferson County MSA,2020,623110,Nursing Care Facilities (Skilled Nursing Facilities),2,2,120.231354853,370.676773663,362.266814547,1544.04470651,1759.16789158,1498.39580562,1198.78216084,386.308673885
2,3,    623 - Nursing and Residential Care,,,00,000,31140,Louisville/Jefferson County MSA,2020,623210,Residential Intellectual and Developmental Disability Facilities,2,2,2.92999794674,54.9938258963,102.143006765,351.549356611,293.021120696,218.409128637,170.927301416,56.7919946076
2,3,    623 - Nursing and Residential Care,,,00,000,31140,Louisville/Jefferson County MSA,2020,623220,Residential Mental Health and Substance Abuse Facilities,2,2,1.10038351998,20.1771573774,51.2663359184,208.971597693,188.438536294,139.300913667,93.8254284884,35.5242068459
2,3,    623 - Nursing and Residential Care,,,00,000,31140,Louisville/Jefferson County MSA,2020,623311,Continuing Care Retirement Communities,2,2,44.3417254991,77.531713762,72.547038478,235.443765997,235.058167051,248.113281433,246.532521803,82.4796953501
2,3,    623 - Nursing and Residential Care,,,00,000,31140,Louisville/Jefferson County MSA,2020,623312,Assisted Living Facilities for the Elderly,2,2,55.220257172,107.87081038,104.108027348,334.100411481,318.708104265,320.603854779,320.844722436,119.546600657
2,3,    623 - Nursing and Residential Care,,,00,000,31140,Louisville/Jefferson County MSA,2020,623990,Other Residential Care Facilities,2,2,6.45427834884,42.3575391099,160.063811188,425.383654077,277.235737399,220.430242596,163.002595856,63.4778339481
2,3,    623 - Nursing and Residential Care,,,00,000,31140,Louisville/Jefferson County MSA,2021,623110,Nursing Care Facilities (Skilled Nursing Facilities),2,2,120.964577474,341.432332661,335.700007691,1430.87516763,1670.98303769,1427.51425573,1143.69727496,379.576219187
2,3,    623 - Nursing and Residential Care,,,00,000,31140,Louisville/Jefferson County MSA,2021,623210,Residential Intellectual and Developmental Disability Facilities,2,2,4.83459441219,48.7074726655,82.5037793218,336.310083045,300.454693108,229.62161299,179.448476603,59.6694436445
2,3,    623 - Nursing and Residential Care,,,00,000,31140,Louisville/Jefferson County MSA,2021,623220,Residential Mental Health and Substance Abuse Facilities,2,2,1.12293138561,15.9405203864,45.3938654078,203.516781295,218.062091695,146.739426233,101.86806603,38.9109944926
2,3,    623 - Nursing and Residential Care,,,00,000,31140,Louisville/Jefferson County MSA,2021,623311,Continuing Care Retirement Communities,2,2,41.4824084887,77.4709483921,68.5280509041,208.185112428,206.09295466,234.749169692,232.223014878,83.7552806747
2,3,    623 - Nursing and Residential Care,,,00,000,31140,Louisville/Jefferson County MSA,2021,623312,Assisted Living Facilities for the Elderly,2,2,64.0899153226,123.947272539,102.722021314,316.823241555,304.568184145,325.504957981,335.542055115,126.961910211
2,3,    623 - Nursing and Residential Care,,,00,000,31140,Louisville/Jefferson County MSA,2021,623990,Other Residential Care Facilities,2,2,8.68282922543,40.6900277235,126.608049377,381.858999841,274.947541945,223.219630902,187.429622985,69.5692541093
2,3,    623 - Nursing and Residential Care,,,00,000,31140,Louisville/Jefferson County MSA,2022,623110,Nursing Care Facilities (Skilled Nursing Facilities),2,2,148.52198256,299.575874903,318.046688839,1355.90961537,1602.54742905,1373.86647014,1135.20965698,408.422475743
2,3,    623 - Nursing and Residential Care,,,00,000,31140,Louisville/Jefferson County MSA,2022,623210,Residential Intellectual and Developmental Disability Facilities,2,2,6.20169131358,44.0704963541,69.2481135661,312.954410673,310.568597545,233.311567317,175.28429072,72.2757161038
2,3,    623 - Nursing and Residential Care,,,00,000,31140,Louisville/Jefferson County MSA,2022,623220,Residential Mental Health and Substance Abuse Facilities,2,2,2.1077086151,13.8998220912,35.1738908073,207.551644396,237.589020468,162.953082977,103.037454096,48.9909585154
2,3,    623 - Nursing and Residential Care,,,00,000,31140,Louisville/Jefferson County MSA,2022,623311,Continuing Care Retirement Communities,2,2,61.9536632121,78.5932584536,62.6289197724,194.141381999,218.740405429,236.906118895,213.309017824,94.6206355622
2,3,    623 - Nursing and Residential Care,,,00,000,31140,Louisville/Jefferson County MSA,2022,623312,Assisted Living Facilities for the Elderly,2,2,92.6997428681,118.015676522,110.545061989,327.415318706,346.803950051,370.793032138,340.049362729,158.824309212
2,3,    623 - Nursing and Residential Care,,,00,000,31140,Louisville/Jefferson County MSA,2022,623990,Other Residential Care Facilities,2,2,3.64490868522,36.3601583115,112.205160729,369.519511004,274.091927038,213.632841149,177.811715367,76.3132048334
2,3,    623 - Nursing and Residential Care,,,00,000,31140,Louisville/Jefferson County MSA,2023,623110,Nursing Care Facilities (Skilled Nursing Facilities),2,2,184.365419036,347.916535549,365.939200392,1524.54818644,1781.46152234,1509.29655962,1167.29707406,461.85920743
2,3,    623 - Nursing and Residential Care,,,00,000,31140,Louisville/Jefferson County MSA,2023,623210,Residential Intellectual and Developmental Disability Facilities,2,2,5.33122461805,40.3581261574,75.134863266,300.328872781,318.971954097,243.555050726,168.291755338,81.5560423376
2,3,    623 - Nursing and Residential Care,,,00,000,31140,Louisville/Jefferson County MSA,2023,623220,Residential Mental Health and Substance Abuse Facilities,2,2,3.69634547552,18.8976303414,33.6525643156,190.6283064,212.109931152,162.092819025,103.442451674,52.5329296839
2,3,    623 - Nursing and Residential Care,,,00,000,31140,Louisville/Jefferson County MSA,2023,623311,Continuing Care Retirement Communities,2,2,58.399721326,67.9663211749,71.1315197546,188.402073008,203.408369653,213.726117057,179.08836645,92.9687639391
2,3,    623 - Nursing and Residential Care,,,00,000,31140,Louisville/Jefferson County MSA,2023,623312,Assisted Living Facilities for the Elderly,2,2,123.071476109,136.016311514,135.895993356,356.271592144,404.201482959,415.723084585,358.346271884,192.654501279
2,3,    623 - Nursing and Residential Care,,,00,000,31140,Louisville/Jefferson County MSA,2023,623990,Other Residential Care Facilities,2,2,39.0457997034,31.774098107,116.894568068,360.486625946,301.784769666,225.991401073,173.100201721,90.1479149125
2,3,    623 - Nursing and Residential Care,,,00,000,31140,Louisville/Jefferson County MSA,2024,623110,Nursing Care Facilities (Skilled Nursing Facilities),2,2,175.340280665,387.06723719,370.595877638,1544.71214681,1813.16519676,1556.38930106,1155.24561702,472.931224269
2,3,    623 - Nursing and Residential Care,,,00,000,31140,Louisville/Jefferson County MSA,2024,623210,Residential Intellectual and Developmental Disability Facilities,2,2,4.34138611668,39.426879418,87.8409037191,301.415581442,337.252167647,256.96566537,163.498008259,80.5515027761
2,3,    623 - Nursing and Residential Care,,,00,000,31140,Louisville/Jefferson County MSA,2024,623220,Residential Mental Health and Substance Abuse Facilities,2,2,2.91714920091,24.6034193492,46.0173923486,229.903579796,256.610103135,204.259754637,122.290853171,62.9527514576
2,3,    623 - Nursing and Residential Care,,,00,000,31140,Louisville/Jefferson County MSA,2024,623311,Continuing Care Retirement Communities,2,2,61.4741424361,73.2468238603,71.5696100105,215.998974953,238.217339311,245.668442028,201.998595509,101.215070326
2,3,    623 - Nursing and Residential Care,,,00,000,31140,Louisville/Jefferson County MSA,2024,623312,Assisted Living Facilities for the Elderly,2,2,143.208516963,160.82182745,148.137727649,429.740968702,481.921352455,491.567464578,426.909419464,217.961966015
2,3,    623 - Nursing and Residential Care,,,00,000,31140,Louisville/Jefferson County MSA,2024,623990,Other Residential Care Facilities,2,2,49.2647840907,33.5818201945,127.025954493,401.947931562,334.307457447,243.960267628,181.304791847,91.1023648585
2,3,    623 - Nursing and Residential Care,,,00,000,33140,Michigan City-La Porte MSA,2020,623110,Nursing Care Facilities (Skilled Nursing Facilities),2,2,9.43204338462,25.6644325598,27.674331714,81.3701010744,111.662119941,115.935949794,101.13111041,30.0010446784
2,3,    623 - Nursing and Residential Care,,,00,000,33140,Michigan City-La Porte MSA,2020,623210,Residential Intellectual and Developmental Disability Facilities,2,2,0.0,1.56879078426,2.01068887544,7.97057524223,6.97384272179,7.9306410639,6.83599122329,2.9029491522
2,3,    623 - Nursing and Residential Care,,,00,000,33140,Michigan City-La Porte MSA,2020,623220,Residential Mental Health and Substance Abuse Facilities,2,2,0.0,0.699474911974,0.896503497006,3.55383106013,3.10941909711,3.53499148329,3.04795541072,0.961043756705
2,3,    623 - Nursing and Residential Care,,,00,000,33140,Michigan City-La Porte MSA,2020,623311,Continuing Care Retirement Communities,2,2,3.7626118353,5.09753632822,4.9209582828,16.9202725957,15.9912717138,19.2381439091,18.1573932528,6.57620641472
2,3,    623 - Nursing and Residential Care,,,00,000,33140,Michigan City-La Porte MSA,2020,623312,Assisted Living Facilities for the Elderly,2,2,7.00360465461,9.488390171,9.15971347649,31.4948512086,29.7656388462,35.826390721,33.7975878107,12.2407391121
2,3,    623 - Nursing and Residential Care,,,00,000,33140,Michigan City-La Porte MSA,2020,623990,Other Residential Care Facilities,2,2,0.0,0.0,1.52871217143,4.18642768423,3.17627663855,4.10936310092,3.61196998435,1.35932315785
2,3,    623 - Nursing and Residential Care,,,00,000,33140,Michigan City-La Porte MSA,2021,623110,Nursing Care Facilities (Skilled Nursing Facilities),2,2,7.46130550654,27.4305440875,20.5197425607,68.6049228661,96.7952291744,101.998397232,93.0199377993,25.1312367758
2,3,    623 - Nursing and Residential Care,,,00,000,33140,Michigan City-La Porte MSA,2021,623210,Residential Intellectual and Developmental Disability Facilities,2,2,1.81312688301,10.7107544322,11.9023084205,33.7585625002,26.9518594681,33.2029512408,27.0219355864,17.1314139864
2,3,    623 - Nursing and Residential Care,,,00,000,33140,Michigan City-La Porte MSA,2021,623220,Residential Mental Health and Substance Abuse Facilities,2,2,0.0,2.24702170416,2.86836687066,7.93633850681,6.27626898075,8.56975822853,6.35201045488,4.12854200969
2,3,    623 - Nursing and Residential Care,,,00,000,33140,Michigan City-La Porte MSA,2021,623311,Continuing Care Retirement Communities,2,2,2.59300709452,6.38893871347,3.82101983472,15.0874302173,15.4914945389,18.1891451845,18.1645173769,6.36637260423
2,3,    623 - Nursing and Residential Care,,,00,000,33140,Michigan City-La Porte MSA,2021,623312,Assisted Living Facilities for the Elderly,2,2,4.9964069509,12.3107020665,7.3626370333,29.8187332629,29.5998761988,34.7784294866,34.788079769,12.267219939
2,3,    623 - Nursing and Residential Care,,,00,000,33140,Michigan City-La Porte MSA,2021,623990,Other Residential Care Facilities,2,2,0.0,0.0,1.28784234506,8.13410812751,6.54737703721,8.03271432667,6.33388937461,2.32638077068
2,3,    623 - Nursing and Residential Care,,,00,000,33140,Michigan City-La Porte MSA,2022,623110,Nursing Care Facilities (Skilled Nursing Facilities),2,2,8.49727701129,22.3746616522,25.8619125263,79.5326242845,98.4667825523,103.531283529,89.4347109069,28.5100379306
2,3,    623 - Nursing and Residential Care,,,00,000,33140,Michigan City-La Porte MSA,2022,623210,Residential Intellectual and Developmental Disability Facilities,2,2,0.0,8.96848997357,7.49147881407,33.5193868529,30.6158763863,34.1979191097,29.3026634733,19.7347887019
2,3,    623 - Nursing and Residential Care,,,00,000,33140,Michigan City-La Porte MSA,2022,623220,Residential Mental Health and Substance Abuse Facilities,2,2,0.0,2.48318540997,1.59726847019,9.61276699445,8.30793765015,9.2999769482,8.11328848275,5.46414608456
2,3,    623 - Nursing and Residential Care,,,00,000,33140,Michigan City-La Porte MSA,2022,623311,Continuing Care Retirement Communities,2,2,2.64679434155,6.69024974798,4.41938923006,15.6183733612,16.084332899,19.4093096,17.0327572266,7.12453889164
2,3,    623 - Nursing and Residential Care,,,00,000,33140,Michigan City-La Porte MSA,2022,623312,Assisted Living Facilities for the Elderly,2,2,5.38382030838,13.6085761919,8.98943945659,31.4382885828,33.3993795006,39.1402006907,34.6461766313,14.4919597909
2,3,    623 - Nursing and Residential Care,,,00,000,33140,Michigan City-La Porte MSA,2022,623990,Other Residential Care Facilities,2,2,0.0,0.0,0.0,7.39729696016,5.33657530287,2.83270553837,4.31878960152,1.98260264338
2,3,    623 - Nursing and Residential Care,,,00,000,33140,Michigan City-La Porte MSA,2023,623110,Nursing Care Facilities (Skilled Nursing Facilities),2,2,12.5131676731,20.1149626325,33.5596159614,102.109333055,104.760227633,99.6115662645,99.7968951694,33.7255209627
2,3,    623 - Nursing and Residential Care,,,00,000,33140,Michigan City-La Porte MSA,2023,623210,Residential Intellectual and Developmental Disability Facilities,2,2,0.671205735184,6.92416055603,6.78740704666,29.361890209,35.5923912898,34.4150860322,24.0967285583,24.1885373375
2,3,    623 - Nursing and Residential Care,,,00,000,33140,Michigan City-La Porte MSA,2023,623220,Residential Mental Health and Substance Abuse Facilities,2,2,0.0,1.54514273044,2.00050591647,8.44065058915,10.7876615206,9.96399398897,7.10221852279,7.1292780471
2,3,    623 - Nursing and Residential Care,,,00,000,33140,Michigan City-La Porte MSA,2023,623311,Continuing Care Retirement Communities,2,2,3.18241870445,4.9544172017,4.19516321215,17.9098549484,17.6325342549,17.7590363187,16.8217155565,7.64086017706
2,3,    623 - Nursing and Residential Care,,,00,000,33140,Michigan City-La Porte MSA,2023,623312,Assisted Living Facilities for the Elderly,2,2,5.71301574442,8.8940727498,7.53107485444,31.7112547409,31.1977608612,32.3995174031,30.7256744754,13.7167225769
2,3,    623 - Nursing and Residential Care,,,00,000,33140,Michigan City-La Porte MSA,2023,623990,Other Residential Care Facilities,2,2,0.0,0.0,0.0,4.58996277153,3.19142282702,2.86696062206,3.06878295029,1.39752173169
2,3,    623 - Nursing and Residential Care,,,00,000,33140,Michigan City-La Porte MSA,2024,623110,Nursing Care Facilities (Skilled Nursing Facilities),2,2,13.6194465679,27.4054877188,30.6833092492,102.595783265,103.801251438,92.547810737,90.8294888181,34.3227031874
2,3,    623 - Nursing and Residential Care,,,00,000,33140,Michigan City-La Porte MSA,2024,623210,Residential Intellectual and Developmental Disability Facilities,2,2,0.722145811979,5.17097210249,8.40831687633,24.4951891785,32.7140203233,30.5699830116,22.4702107096,19.57091498
2,3,    623 - Nursing and Residential Care,,,00,000,33140,Michigan City-La Porte MSA,2024,623220,Residential Mental Health and Substance Abuse Facilities,2,2,0.0,1.71099649268,2.78218493536,8.35363889619,10.572125922,9.90029928325,7.4350530136,6.47571988896
2,3,    623 - Nursing and Residential Care,,,00,000,33140,Michigan City-La Porte MSA,2024,623311,Continuing Care Retirement Communities,2,2,3.32184774133,5.94940223935,4.71300418799,19.643198392,18.3679651213,19.0882188398,16.8340925346,8.38018957516
2,3,    623 - Nursing and Residential Care,,,00,000,33140,Michigan City-La Porte MSA,2024,623312,Assisted Living Facilities for the Elderly,2,2,5.66257130314,10.1416190671,8.03399925121,33.0480771069,30.8543425044,33.0740962742,29.2288479172,14.2852486623
2,3,    623 - Nursing and Residential Care,,,00,000,33140,Michigan City-La Porte MSA,2024,623990,Other Residential Care Facilities,2,2,0.0,0.0,0.0,3.83187973763,1.0733567186,2.07126912436,1.78936463979,0.0
2,3,    623 - Nursing and Residential Care,,,00,000,34620,Muncie MSA,2020,623110,Nursing Care Facilities (Skilled Nursing Facilities),2,2,35.871343099,80.6449238211,46.7708866802,190.023350421,209.861604879,172.381586742,146.437141117,49.1629054892
2,3,    623 - Nursing and Residential Care,,,00,000,34620,Muncie MSA,2020,623210,Residential Intellectual and Developmental Disability Facilities,2,2,0.0,2.5973763037,4.78674500173,17.5506892049,15.275530822,13.0061751209,13.5278454388,3.20928486317
2,3,    623 - Nursing and Residential Care,,,00,000,34620,Muncie MSA,2020,623220,Residential Mental Health and Substance Abuse Facilities,2,2,0.0,2.00227056091,3.69001541513,13.5295098629,11.7756312875,10.02905762,10.4283721369,2.47397983647
2,3,    623 - Nursing and Residential Care,,,00,000,34620,Muncie MSA,2020,623311,Continuing Care Retirement Communities,2,2,5.46876669754,20.570090388,15.5744173028,52.7279320705,64.8223951225,55.8352841341,56.357582824,22.5073457178
2,3,    623 - Nursing and Residential Care,,,00,000,34620,Muncie MSA,2020,623312,Assisted Living Facilities for the Elderly,2,2,5.30347178168,19.9483539805,15.1036764319,51.1342164162,62.8631211325,54.1621854732,54.6685570694,21.827055257
2,3,    623 - Nursing and Residential Care,,,00,000,34620,Muncie MSA,2020,623990,Other Residential Care Facilities,2,2,0.0,13.6555849412,78.2934031703,167.724755852,74.6946831814,53.2548510039,40.2243508676,20.1829228992
2,3,    623 - Nursing and Residential Care,,,00,000,34620,Muncie MSA,2021,623110,Nursing Care Facilities (Skilled Nursing Facilities),2,2,32.5543428257,88.3174911903,59.5525834428,180.866648465,200.328304426,172.740115997,135.162103183,46.1873824078
2,3,    623 - Nursing and Residential Care,,,00,000,34620,Muncie MSA,2021,623210,Residential Intellectual and Developmental Disability Facilities,2,2,0.0,2.76301660765,4.40190870715,13.9196049363,13.6773910941,11.1947679274,9.87850300732,2.9130768168
2,3,    623 - Nursing and Residential Care,,,00,000,34620,Muncie MSA,2021,623220,Residential Mental Health and Substance Abuse Facilities,2,2,0.0,2.24525130127,3.57702926049,11.3111919088,10.6312284773,9.5875587663,8.02735737106,2.36719153099
2,3,    623 - Nursing and Residential Care,,,00,000,34620,Muncie MSA,2021,623311,Continuing Care Retirement Communities,2,2,7.92703229566,20.5165248542,16.8011642126,51.3950243223,64.071459676,61.9705789287,54.3670950493,23.0322334626
2,3,    623 - Nursing and Residential Care,,,00,000,34620,Muncie MSA,2021,623312,Assisted Living Facilities for the Elderly,2,2,7.72025969254,19.9813617449,16.3629143947,50.05936728,62.4062495033,60.3629990274,52.9541075105,22.4314493745
2,3,    623 - Nursing and Residential Care,,,00,000,34620,Muncie MSA,2021,623990,Other Residential Care Facilities,2,2,0.0,7.94304494684,45.3230013903,114.445626513,69.9145288214,48.4212679163,34.2151397595,19.5487227957
2,3,    623 - Nursing and Residential Care,,,00,000,34620,Muncie MSA,2022,623110,Nursing Care Facilities (Skilled Nursing Facilities),2,2,42.6580574834,87.6477187472,79.4729517558,205.488386352,214.533254225,183.8485784,135.132920522,50.9032562435
2,3,    623 - Nursing and Residential Care,,,00,000,34620,Muncie MSA,2022,623210,Residential Intellectual and Developmental Disability Facilities,2,2,0.0,2.04325850643,3.59990416198,13.3982585381,13.5890211757,10.4192097176,9.45349063711,3.45165860968
2,3,    623 - Nursing and Residential Care,,,00,000,34620,Muncie MSA,2022,623220,Residential Mental Health and Substance Abuse Facilities,2,2,0.0,1.72238895124,3.03458183808,11.294083751,11.4550263011,8.78299620035,7.9689318668,2.90961649446
2,3,    623 - Nursing and Residential Care,,,00,000,34620,Muncie MSA,2022,623311,Continuing Care Retirement Communities,2,2,7.74133385411,21.6101387126,17.1958027788,49.7748563868,59.7878541769,56.64888782,51.074283951,24.5751355572
2,3,    623 - Nursing and Residential Care,,,00,000,34620,Muncie MSA,2022,623312,Assisted Living Facilities for the Elderly,2,2,7.61461222423,21.2563919228,16.9143163843,48.9648689955,58.8138515874,55.7265095327,50.241636021,24.1728533032
2,3,    623 - Nursing and Residential Care,,,00,000,34620,Muncie MSA,2022,623990,Other Residential Care Facilities,2,2,0.0,8.82568329534,31.5466589909,93.2689826889,61.8635609523,42.842935429,29.1541508249,19.1193713204
2,3,    623 - Nursing and Residential Care,,,00,000,34620,Muncie MSA,2023,623110,Nursing Care Facilities (Skilled Nursing Facilities),2,2,46.9084414411,96.1671370242,87.306067687,234.105276427,234.633388014,194.066967413,149.451663863,49.4979991938
2,3,    623 - Nursing and Residential Care,,,00,000,34620,Muncie MSA,2023,623210,Residential Intellectual and Developmental Disability Facilities,2,2,0.0,1.22710293395,3.24919299776,9.02446270635,9.81038533158,6.04860981285,5.22666760914,1.61416764955
2,3,    623 - Nursing and Residential Care,,,00,000,34620,Muncie MSA,2023,623220,Residential Mental Health and Substance Abuse Facilities,2,2,0.0,1.36840880485,3.62335072618,10.0636661235,10.8252174038,6.74513172128,5.82853954509,1.80004558953
2,3,    623 - Nursing and Residential Care,,,00,000,34620,Muncie MSA,2023,623311,Continuing Care Retirement Communities,2,2,10.1032800258,29.49305583,20.4510561965,57.5258114973,69.5176905555,62.9169129989,53.4486427762,26.6920487472
2,3,    623 - Nursing and Residential Care,,,00,000,34620,Muncie MSA,2023,623312,Assisted Living Facilities for the Elderly,2,2,8.99271800305,26.2511514529,18.2030569053,51.3445297731,62.0233003747,56.1327540113,47.7074834405,23.7580336974
2,3,    623 - Nursing and Residential Care,,,00,000,34620,Muncie MSA,2023,623990,Other Residential Care Facilities,2,2,0.0,6.64195896539,36.4045767273,65.63460269,47.6878284151,35.4964317845,22.6972275933,21.2626741968
2,3,    623 - Nursing and Residential Care,,,00,000,34620,Muncie MSA,2024,623110,Nursing Care Facilities (Skilled Nursing Facilities),2,2,53.0120209616,100.942829144,97.620668482,232.45762128,239.386575402,201.125271518,157.210093902,49.8283080615
2,3,    623 - Nursing and Residential Care,,,00,000,34620,Muncie MSA,2024,623210,Residential Intellectual and Developmental Disability Facilities,2,2,0.0,0.581407236342,0.846077311415,2.87529029304,1.62667736999,1.36836945058,1.28680911729,0.565737166033
2,3,    623 - Nursing and Residential Care,,,00,000,34620,Muncie MSA,2024,623220,Residential Mental Health and Substance Abuse Facilities,2,2,1.36178714214,6.27042930937,7.31755741454,14.7056204142,12.7150788993,11.7435487818,10.4790006571,4.96909962107
2,3,    623 - Nursing and Residential Care,,,00,000,34620,Muncie MSA,2024,623311,Continuing Care Retirement Communities,2,2,13.7807575226,29.7743219152,21.9327374748,61.9936829475,70.1722201954,66.181045861,53.0349605918,27.3229449515
2,3,    623 - Nursing and Residential Care,,,00,000,34620,Muncie MSA,2024,623312,Assisted Living Facilities for the Elderly,2,2,12.3551619168,26.6942196481,19.6638335981,55.7627511752,63.1035437731,59.504251836,47.717231647,24.4964334048
2,3,    623 - Nursing and Residential Care,,,00,000,34620,Muncie MSA,2024,623990,Other Residential Care Facilities,2,2,0.0,7.01560175454,37.2590028313,59.0608224645,37.2436520305,30.5786194235,16.4714792636,18.4692358635
2,3,    623 - Nursing and Residential Care,,,00,000,43780,South Bend-Mishawaka MSA,2020,623110,Nursing Care Facilities (Skilled Nursing Facilities),2,2,37.5122859751,85.1479567489,65.967609797,338.309178118,424.179414671,443.735623326,424.186600402,143.494647401
2,3,    623 - Nursing and Residential Care,,,00,000,43780,South Bend-Mishawaka MSA,2020,623210,Residential Intellectual and Developmental Disability Facilities,2,2,0.557671114375,19.2874821651,28.1126693725,75.8047892521,77.3748843053,72.0121531402,57.2871604051,25.0458233231
2,3,    623 - Nursing and Residential Care,,,00,000,43780,South Bend-Mishawaka MSA,2020,623220,Residential Mental Health and Substance Abuse Facilities,2,2,0.0,5.03771890214,7.34277935685,19.6245768989,20.2096320235,19.1526220493,15.5915436826,6.54174642883
2,3,    623 - Nursing and Residential Care,,,00,000,43780,South Bend-Mishawaka MSA,2020,623311,Continuing Care Retirement Communities,2,2,20.5970098796,42.0397139657,34.9422942581,156.498049561,143.285185875,133.935438713,110.072047719,40.7210159574
2,3,    623 - Nursing and Residential Care,,,00,000,43780,South Bend-Mishawaka MSA,2020,623312,Assisted Living Facilities for the Elderly,2,2,7.94528390934,16.2167938393,13.4789685467,60.0148487335,54.9905258161,51.9984324825,42.7899270206,15.7081068927
2,3,    623 - Nursing and Residential Care,,,00,000,43780,South Bend-Mishawaka MSA,2020,623990,Other Residential Care Facilities,2,2,1.00398000813,2.70563446611,16.8367353006,73.566524995,54.0227079723,50.9534984844,47.178350122,23.615375558
2,3,    623 - Nursing and Residential Care,,,00,000,43780,South Bend-Mishawaka MSA,2021,623110,Nursing Care Facilities (Skilled Nursing Facilities),2,2,37.8898994488,72.215232861,55.5848530223,282.830395667,369.179794905,397.63803444,373.341265388,125.984427509
2,3,    623 - Nursing and Residential Care,,,00,000,43780,South Bend-Mishawaka MSA,2021,623210,Residential Intellectual and Developmental Disability Facilities,2,2,3.68942465915,17.9160863992,23.1949055249,85.8630564415,74.8308880222,79.2854299276,65.6121863812,28.092801725
2,3,    623 - Nursing and Residential Care,,,00,000,43780,South Bend-Mishawaka MSA,2021,623220,Residential Mental Health and Substance Abuse Facilities,2,2,0.613040065768,2.97696248037,3.85409859859,14.2924761244,12.7118693979,13.4329753254,23.1703891575,4.58406608702
2,3,    623 - Nursing and Residential Care,,,00,000,43780,South Bend-Mishawaka MSA,2021,623311,Continuing Care Retirement Communities,2,2,24.6627734735,38.6676554667,33.7327906562,121.14200812,142.430034775,135.353899623,130.170377654,45.6377235701
2,3,    623 - Nursing and Residential Care,,,00,000,43780,South Bend-Mishawaka MSA,2021,623312,Assisted Living Facilities for the Elderly,2,2,8.89246657537,13.6319650441,12.1627729228,43.9645380603,51.4637930681,48.7964386719,47.2310218001,16.1025413699
2,3,    623 - Nursing and Residential Care,,,00,000,43780,South Bend-Mishawaka MSA,2021,623990,Other Residential Care Facilities,2,2,0.0,9.37687324687,22.5144702974,84.0393022724,72.8825607091,70.5166759435,49.8724187075,29.9738066309
2,3,    623 - Nursing and Residential Care,,,00,000,43780,South Bend-Mishawaka MSA,2022,623110,Nursing Care Facilities (Skilled Nursing Facilities),2,2,42.4693395976,57.8477630867,54.3401338262,266.645841574,332.590690221,376.339849324,329.220336121,116.244228866
2,3,    623 - Nursing and Residential Care,,,00,000,43780,South Bend-Mishawaka MSA,2022,623210,Residential Intellectual and Developmental Disability Facilities,2,2,1.50877596784,13.2224608674,18.330786417,83.7456597967,70.1596362667,73.7909913735,54.9112527675,24.7461890076
2,3,    623 - Nursing and Residential Care,,,00,000,43780,South Bend-Mishawaka MSA,2022,623220,Residential Mental Health and Substance Abuse Facilities,2,2,0.50657678856,8.42789060178,11.6838963727,53.5204452198,44.8479261678,47.1623343479,37.3761508265,15.7730225756
2,3,    623 - Nursing and Residential Care,,,00,000,43780,South Bend-Mishawaka MSA,2022,623311,Continuing Care Retirement Communities,2,2,24.7510729784,38.2858945284,34.9229678615,121.864664493,134.252014509,143.688553255,120.4219042,56.0020779264
2,3,    623 - Nursing and Residential Care,,,00,000,43780,South Bend-Mishawaka MSA,2022,623312,Assisted Living Facilities for the Elderly,2,2,9.77105632023,15.1142389679,13.4996093457,48.2480104724,53.1350842127,56.8673601443,47.6381815624,21.8948975125
2,3,    623 - Nursing and Residential Care,,,00,000,43780,South Bend-Mishawaka MSA,2022,623990,Other Residential Care Facilities,2,2,1.10757795645,6.97634540971,23.251245037,64.6747391691,61.1495679749,58.9756684404,43.7187729378,28.1536796599
2,3,    623 - Nursing and Residential Care,,,00,000,43780,South Bend-Mishawaka MSA,2023,623110,Nursing Care Facilities (Skilled Nursing Facilities),2,2,41.1630533235,70.4170929454,67.5028637075,310.100697709,360.535547661,397.425700521,334.812776011,113.719634613
2,3,    623 - Nursing and Residential Care,,,00,000,43780,South Bend-Mishawaka MSA,2023,623210,Residential Intellectual and Developmental Disability Facilities,2,2,1.39299256453,16.9800835523,23.6913837233,95.7661909099,90.6134995621,80.3034249798,54.7276923628,25.0335633394
2,3,    623 - Nursing and Residential Care,,,00,000,43780,South Bend-Mishawaka MSA,2023,623220,Residential Mental Health and Substance Abuse Facilities,2,2,1.18123228754,14.3988011479,20.0898612836,81.0046914711,76.6350800119,67.924912283,46.9174549782,21.2280051177
2,3,    623 - Nursing and Residential Care,,,00,000,43780,South Bend-Mishawaka MSA,2023,623311,Continuing Care Retirement Communities,2,2,22.6546771095,33.6814642598,36.8820160472,124.897688651,141.65934062,142.466869412,118.367334798,55.6976956519
2,3,    623 - Nursing and Residential Care,,,00,000,43780,South Bend-Mishawaka MSA,2023,623312,Assisted Living Facilities for the Elderly,2,2,10.7818853758,15.7157142237,17.1717030571,60.1485692514,68.0766119076,68.3561946307,56.3772080396,26.1930653841
2,3,    623 - Nursing and Residential Care,,,00,000,43780,South Bend-Mishawaka MSA,2023,623990,Other Residential Care Facilities,2,2,1.39312997172,6.89090876538,19.4220929224,64.6695514147,55.1094637033,53.8501027005,43.3353168905,30.4071750265
2,3,    623 - Nursing and Residential Care,,,00,000,43780,South Bend-Mishawaka MSA,2024,623110,Nursing Care Facilities (Skilled Nursing Facilities),2,2,38.4574663584,75.9752205144,68.0511857119,316.065480621,385.748186345,419.088547727,366.892889734,126.723418694
2,3,    623 - Nursing and Residential Care,,,00,000,43780,South Bend-Mishawaka MSA,2024,623210,Residential Intellectual and Developmental Disability Facilities,2,2,1.65427382889,15.6742199295,26.0149801828,103.931667163,99.6406217122,90.032485457,58.368552693,26.2147850827
2,3,    623 - Nursing and Residential Care,,,00,000,43780,South Bend-Mishawaka MSA,2024,623220,Residential Mental Health and Substance Abuse Facilities,2,2,1.59586440699,15.1207915256,25.096438206,99.9497693957,95.8120378062,86.589390326,59.042814157,25.2891883556
2,3,    623 - Nursing and Residential Care,,,00,000,43780,South Bend-Mishawaka MSA,2024,623311,Continuing Care Retirement Communities,2,2,18.9470333485,38.4093751997,35.6548971996,123.664679735,142.929713396,134.573342632,115.175177753,56.094912245
2,3,    623 - Nursing and Residential Care,,,00,000,43780,South Bend-Mishawaka MSA,2024,623312,Assisted Living Facilities for the Elderly,2,2,9.08284380037,19.1366043784,17.6593621723,63.4081427802,72.1680720674,67.5664133763,57.9829717132,27.4129545259
2,3,    623 - Nursing and Residential Care,,,00,000,43780,South Bend-Mishawaka MSA,2024,623990,Other Residential Care Facilities,2,2,1.55047987116,4.88502224272,12.9224487454,61.6773875577,44.3987049864,47.3439217519,43.1018793767,29.7324191788
2,3,    623 - Nursing and Residential Care,,,00,000,45460,Terre Haute MSA,2020,623110,Nursing Care Facilities (Skilled Nursing Facilities),2,2,33.7307946443,104.963406301,84.0585960211,294.968909786,304.283349311,300.242225209,243.964652519,81.116441514
2,3,    623 - Nursing and Residential Care,,,00,000,45460,Terre Haute MSA,2020,623210,Residential Intellectual and Developmental Disability Facilities,2,2,0.554902280929,17.7781942267,40.4239683793,50.2483510774,33.0080383596,35.8031689575,25.8901908298,10.7282938091
2,3,    623 - Nursing and Residential Care,,,00,000,45460,Terre Haute MSA,2020,623220,Residential Mental Health and Substance Abuse Facilities,2,2,1.01406893314,32.4891698451,72.8048485372,97.4900128231,57.4488135545,61.3759534047,44.1682000632,19.6056672161
2,3,    623 - Nursing and Residential Care,,,00,000,45460,Terre Haute MSA,2020,623311,Continuing Care Retirement Communities,2,2,9.72486351114,21.8060405907,16.4012578929,46.0326542436,48.8709448745,48.1421848284,51.1992338732,16.7043744181
2,3,    623 - Nursing and Residential Care,,,00,000,45460,Terre Haute MSA,2020,623312,Assisted Living Facilities for the Elderly,2,2,4.13698877347,9.7362745789,6.99903672316,21.2165177085,21.69079749,21.558287326,22.5718018561,7.47599246529
2,3,    623 - Nursing and Residential Care,,,00,000,45460,Terre Haute MSA,2020,623990,Other Residential Care Facilities,2,2,0.0,0.0,0.0,0.0,0.0,0.0,0.0,0.0
2,3,    623 - Nursing and Residential Care,,,00,000,45460,Terre Haute MSA,2021,623110,Nursing Care Facilities (Skilled Nursing Facilities),2,2,37.8254696133,86.92736381,77.9934498445,276.64810213,268.930437506,285.630423021,231.487403833,74.5816958514
2,3,    623 - Nursing and Residential Care,,,00,000,45460,Terre Haute MSA,2021,623210,Residential Intellectual and Developmental Disability Facilities,2,2,0.579111955882,16.7609931948,31.211308544,45.5467864533,33.6385014275,34.8491138354,26.8571202191,10.8393437097
2,3,    623 - Nursing and Residential Care,,,00,000,45460,Terre Haute MSA,2021,623220,Residential Mental Health and Substance Abuse Facilities,2,2,1.2456182303,36.0514033069,64.8577821621,97.8039412302,68.859627526,73.9993184089,52.8235925079,22.3890408033
2,3,    623 - Nursing and Residential Care,,,00,000,45460,Terre Haute MSA,2021,623311,Continuing Care Retirement Communities,2,2,12.4536716196,22.5622703108,12.9991569674,38.0851274864,39.5630347685,49.3933497324,45.2360171402,15.9423722751
2,3,    623 - Nursing and Residential Care,,,00,000,45460,Terre Haute MSA,2021,623312,Assisted Living Facilities for the Elderly,2,2,5.26105976882,8.88410723715,5.49150032526,14.975279805,15.642076425,20.2204058324,18.1533592476,6.41259935427
2,3,    623 - Nursing and Residential Care,,,00,000,45460,Terre Haute MSA,2021,623990,Other Residential Care Facilities,2,2,0.0,0.0,0.0,0.0,0.0,0.0,0.0,0.0
2,3,    623 - Nursing and Residential Care,,,00,000,45460,Terre Haute MSA,2022,623110,Nursing Care Facilities (Skilled Nursing Facilities),2,2,40.3819927456,92.5379922249,75.075163157,271.508652003,263.841191201,252.25609311,225.89990589,81.3163434354
2,3,    623 - Nursing and Residential Care,,,00,000,45460,Terre Haute MSA,2022,623210,Residential Intellectual and Developmental Disability Facilities,2,2,0.0,12.9027105217,21.2678375501,45.8697799763,32.2893767519,35.5469626626,23.1366257133,9.98898084474
2,3,    623 - Nursing and Residential Care,,,00,000,45460,Terre Haute MSA,2022,623220,Residential Mental Health and Substance Abuse Facilities,2,2,1.15556582333,30.9185071737,50.2736727282,106.743290031,72.1141242336,91.0707736281,51.8461871523,21.6416099474
2,3,    623 - Nursing and Residential Care,,,00,000,45460,Terre Haute MSA,2022,623311,Continuing Care Retirement Communities,2,2,13.0135131223,14.4963409656,9.31129655179,35.1588354579,37.2608133598,39.2786580527,48.5209977665,16.8835099388
2,3,    623 - Nursing and Residential Care,,,00,000,45460,Terre Haute MSA,2022,623312,Assisted Living Facilities for the Elderly,2,2,5.39542933282,5.62726212352,3.86048272054,13.34137319,14.1390568687,16.8862297549,19.1008493948,6.53169204069
2,3,    623 - Nursing and Residential Care,,,00,000,45460,Terre Haute MSA,2022,623990,Other Residential Care Facilities,2,2,0.0,0.0,0.0,0.0,0.0,0.0,0.0,0.0
2,3,    623 - Nursing and Residential Care,,,00,000,45460,Terre Haute MSA,2023,623110,Nursing Care Facilities (Skilled Nursing Facilities),2,2,45.1066100906,98.2859132213,85.6548239193,278.338477185,270.886018969,263.488739338,232.607852179,83.8058989389
2,3,    623 - Nursing and Residential Care,,,00,000,45460,Terre Haute MSA,2023,623210,Residential Intellectual and Developmental Disability Facilities,2,2,1.84583610678,23.7940538589,35.5563422533,84.6957431229,61.5258983005,65.2448227808,40.4535745754,23.045560536
2,3,    623 - Nursing and Residential Care,,,00,000,45460,Terre Haute MSA,2023,623220,Residential Mental Health and Substance Abuse Facilities,2,2,1.95248441518,24.9831190221,39.2431395115,101.279210507,66.4552555261,76.0890816477,44.0720265135,24.9705749644
2,3,    623 - Nursing and Residential Care,,,00,000,45460,Terre Haute MSA,2023,623311,Continuing Care Retirement Communities,2,2,8.78277742987,17.9005631523,10.5160328574,40.6504197991,37.1421355832,39.0459061161,48.1444222752,19.0556343257
2,3,    623 - Nursing and Residential Care,,,00,000,45460,Terre Haute MSA,2023,623312,Assisted Living Facilities for the Elderly,2,2,3.2700212865,7.02864963155,4.07237673048,16.2991988087,15.0525044651,15.6646283046,18.5753521135,7.21897707548
2,3,    623 - Nursing and Residential Care,,,00,000,45460,Terre Haute MSA,2023,623990,Other Residential Care Facilities,2,2,0.0,0.0,0.0,0.0,0.0,0.0,0.0,0.0
2,3,    623 - Nursing and Residential Care,,,00,000,45460,Terre Haute MSA,2024,623110,Nursing Care Facilities (Skilled Nursing Facilities),2,2,52.4683761856,97.5212270776,93.8321122875,288.585715593,274.946267195,268.341371553,234.499541022,87.6542087092
2,3,    623 - Nursing and Residential Care,,,00,000,45460,Terre Haute MSA,2024,623210,Residential Intellectual and Developmental Disability Facilities,2,2,1.06429647308,26.5868238635,37.1253649859,83.396554678,59.6225438689,65.2867703221,45.7601865282,24.9627213167
2,3,    623 - Nursing and Residential Care,,,00,000,45460,Terre Haute MSA,2024,623220,Residential Mental Health and Substance Abuse Facilities,2,2,3.47513177461,28.7513082001,43.494471432,96.3627079267,64.4399219979,69.8799838364,48.3550942646,26.2596228906
2,3,    623 - Nursing and Residential Care,,,00,000,45460,Terre Haute MSA,2024,623311,Continuing Care Retirement Communities,2,2,7.91317263201,15.5874636357,10.8122665268,45.4963004606,34.3676726006,41.0236383177,53.4089011669,20.8747451552
2,3,    623 - Nursing and Residential Care,,,00,000,45460,Terre Haute MSA,2024,623312,Assisted Living Facilities for the Elderly,2,2,2.24587052568,4.58636699541,3.29604477293,13.4975894107,10.6168664526,11.9908141503,15.4253265855,6.09287624165
2,3,    623 - Nursing and Residential Care,,,00,000,45460,Terre Haute MSA,2024,623990,Other Residential Care Facilities,2,2,0.0,0.0,0.0,0.0,0.0,0.0,0.0,0.0
2,3,    623 - Nursing and Residential Care,,,18,000,00000,Indiana,2020,623110,Nursing Care Facilities (Skilled Nursing Facilities),2,2,1608.36271002,3047.00431035,2465.14286204,8927.24731325,9486.34271444,8802.98992212,7364.88918602,2485.77490789
2,3,    623 - Nursing and Residential Care,,,18,000,00000,Indiana,2020,623210,Residential Intellectual and Developmental Disability Facilities,2,2,22.0468295716,282.472562436,441.787140409,1458.45067182,1389.09172459,1205.78358503,911.30529821,368.590446848
2,3,    623 - Nursing and Residential Care,,,18,000,00000,Indiana,2020,623220,Residential Mental Health and Substance Abuse Facilities,2,2,11.1077994139,181.757364631,308.144178418,875.759143975,753.240526297,671.263601969,523.274735746,226.571557178
2,3,    623 - Nursing and Residential Care,,,18,000,00000,Indiana,2020,623311,Continuing Care Retirement Communities,2,2,564.138358046,804.095245627,621.936706845,2072.86110072,2107.88484213,2123.39384343,1986.64973833,755.923271979
2,3,    623 - Nursing and Residential Care,,,18,000,00000,Indiana,2020,623312,Assisted Living Facilities for the Elderly,2,2,329.787778909,577.052314393,459.477746048,1532.23800231,1544.05648249,1562.48916754,1412.42221554,540.924245577
2,3,    623 - Nursing and Residential Care,,,18,000,00000,Indiana,2020,623990,Other Residential Care Facilities,2,2,9.03129480027,112.64902291,312.724359124,1002.8398999,872.627372753,738.741328804,572.794113391,247.79464165
2,3,    623 - Nursing and Residential Care,,,18,000,00000,Indiana,2021,623110,Nursing Care Facilities (Skilled Nursing Facilities),2,2,1512.7944724,2809.74556445,2244.10537977,7820.22506241,8790.82311884,8244.51426421,6940.15827247,2345.17250902
2,3,    623 - Nursing and Residential Care,,,18,000,00000,Indiana,2021,623210,Residential Intellectual and Developmental Disability Facilities,2,2,28.4601183276,299.028039745,412.935646411,1438.36801493,1444.99487573,1282.71428748,962.442235971,377.418454588
2,3,    623 - Nursing and Residential Care,,,18,000,00000,Indiana,2021,623220,Residential Mental Health and Substance Abuse Facilities,2,2,15.1649592778,202.765602224,299.3525539,915.102230492,831.124106768,728.034257411,562.291609659,235.73691175
2,3,    623 - Nursing and Residential Care,,,18,000,00000,Indiana,2021,623311,Continuing Care Retirement Communities,2,2,525.875098388,739.59374072,570.128682737,1742.34990828,1943.20217083,1997.94054352,1878.32848936,746.985932844
2,3,    623 - Nursing and Residential Care,,,18,000,00000,Indiana,2021,623312,Assisted Living Facilities for the Elderly,2,2,333.187731566,569.270929073,442.425807425,1378.83412841,1502.60640761,1534.02712727,1394.81430952,547.337247949
2,3,    623 - Nursing and Residential Care,,,18,000,00000,Indiana,2021,623990,Other Residential Care Facilities,2,2,7.48007750191,98.3963637184,259.311823291,844.949503673,814.43568975,715.704645829,544.178368997,252.188098338
2,3,    623 - Nursing and Residential Care,,,18,000,00000,Indiana,2022,623110,Nursing Care Facilities (Skilled Nursing Facilities),2,2,1633.73660199,2699.99969391,2306.94197781,7712.91051942,8567.79659201,8087.08954226,6756.89560822,2512.63696384
2,3,    623 - Nursing and Residential Care,,,18,000,00000,Indiana,2022,623210,Residential Intellectual and Developmental Disability Facilities,2,2,20.7893405189,269.96296436,374.910800267,1447.85416334,1524.43177882,1314.57098265,974.471203873,422.582836368
2,3,    623 - Nursing and Residential Care,,,18,000,00000,Indiana,2022,623220,Residential Mental Health and Substance Abuse Facilities,2,2,16.0391339922,206.857405541,286.60693778,992.194828923,916.338971965,809.586386356,593.034035912,269.61097843
2,3,    623 - Nursing and Residential Care,,,18,000,00000,Indiana,2022,623311,Continuing Care Retirement Communities,2,2,522.754067676,700.973882272,558.740968509,1728.98559002,1969.83472271,1993.59738872,1857.09221619,812.720502787
2,3,    623 - Nursing and Residential Care,,,18,000,00000,Indiana,2022,623312,Assisted Living Facilities for the Elderly,2,2,371.431650244,571.923766634,472.689491927,1438.53433317,1580.37070706,1590.01732512,1449.34309859,621.587541473
2,3,    623 - Nursing and Residential Care,,,18,000,00000,Indiana,2022,623990,Other Residential Care Facilities,2,2,6.29267665766,72.7926786763,236.799825458,758.909601198,704.05744434,643.057304922,494.219626457,257.856560532
2,3,    623 - Nursing and Residential Care,,,18,000,00000,Indiana,2023,623110,Nursing Care Facilities (Skilled Nursing Facilities),2,2,1876.41442587,3112.68042192,2639.61144611,8565.62834704,9249.76259683,8528.43560693,6905.81445791,2745.55847802
2,3,    623 - Nursing and Residential Care,,,18,000,00000,Indiana,2023,623210,Residential Intellectual and Developmental Disability Facilities,2,2,24.7233358633,258.236230359,414.254896511,1392.44981512,1572.50014696,1344.9551457,990.746178469,457.25606362
2,3,    623 - Nursing and Residential Care,,,18,000,00000,Indiana,2023,623220,Residential Mental Health and Substance Abuse Facilities,2,2,18.6910718735,207.125561341,309.272927587,1071.58073696,1039.94428725,887.231750882,647.138568607,318.755102424
2,3,    623 - Nursing and Residential Care,,,18,000,00000,Indiana,2023,623311,Continuing Care Retirement Communities,2,2,598.657336448,787.315713119,629.882616094,1907.53087439,2104.14751967,2073.14336568,1861.4979761,887.893535589
2,3,    623 - Nursing and Residential Care,,,18,000,00000,Indiana,2023,623312,Assisted Living Facilities for the Elderly,2,2,456.810710068,656.195980742,535.711403513,1611.07605309,1768.80029497,1721.27331037,1523.62688797,708.459628825
2,3,    623 - Nursing and Residential Care,,,18,000,00000,Indiana,2023,623990,Other Residential Care Facilities,2,2,10.8236879542,74.0991660284,233.977289723,750.354143806,642.587614072,638.791587178,462.367547988,268.183961619
2,3,    623 - Nursing and Residential Care,,,18,000,00000,Indiana,2024,623110,Nursing Care Facilities (Skilled Nursing Facilities),2,2,1982.23358908,3407.12045296,2854.48968024,8945.44768672,9618.11323121,8868.73342254,7067.4394825,2878.04330984
2,3,    623 - Nursing and Residential Care,,,18,000,00000,Indiana,2024,623210,Residential Intellectual and Developmental Disability Facilities,2,2,17.8947301996,250.502951337,410.348701761,1404.91067069,1486.44868311,1358.26641042,1003.58946418,470.921121917
2,3,    623 - Nursing and Residential Care,,,18,000,00000,Indiana,2024,623220,Residential Mental Health and Substance Abuse Facilities,2,2,19.7282291209,234.805571307,341.114845318,1131.53787684,1085.08312832,947.904501595,705.502585928,358.194821322
2,3,    623 - Nursing and Residential Care,,,18,000,00000,Indiana,2024,623311,Continuing Care Retirement Communities,2,2,606.465328697,846.852904803,697.056716933,2016.61341806,2262.36480034,2185.73028796,1883.32735325,926.46469142
2,3,    623 - Nursing and Residential Care,,,18,000,00000,Indiana,2024,623312,Assisted Living Facilities for the Elderly,2,2,444.389453619,657.79072464,554.769788506,1629.24980839,1821.67570163,1758.44131345,1478.40997341,715.111802274
2,3,    623 - Nursing and Residential Care,,,18,000,00000,Indiana,2024,623990,Other Residential Care Facilities,2,2,8.24536944048,70.8317257712,202.320840438,770.929915927,651.467702924,620.565952543,454.854638478,266.933314063
