display_level,sector,sector_name,subsector,subsector_name,statefips,countyfips,metrofips,geo_area,Year,naics,naics_title,group_by_sort,sort,asian,black,hawaiian,hispanic,white,aian,diversity,two_or_more
0,0,Finance Total,,,0,000,00000,United States,2020,000000,,0,0,1182711.2579248797,2595820.0294477395,26691.3655809226,2203189.4808996296,9492657.3704654,76178.94686692182,12.034390234728997,247301.528136753
0,0,Finance Total,,,0,000,00000,United States,2021,000000,,0,0,1244633.60454514,2559101.6730111297,27520.767457622398,2295984.19668592,9611280.8782824,77337.123245951,12.173295508222003,259511.167554865
0,0,Finance Total,,,0,000,00000,United States,2022,000000,,0,0,1289612.9654094197,2628181.2652706904,28666.746747582296,2410741.46878219,9607175.2901805,79596.37792385048,12.486920892019,271415.26328582
0,0,Finance Total,,,0,000,00000,United States,2023,000000,,0,0,1355181.38115835,2809360.8424447696,30932.528938379197,2580877.14120712,9852765.267991202,84463.93080905048,12.725763219313,293228.00180776994
0,0,Finance Total,,,0,000,00000,United States,2024,000000,,0,0,1428590.8504499497,2967390.2460917495,32859.3282771835,2719508.24433074,10133431.315846799,88561.67714574367,12.871367102315004,311886.7567088769
0,0,Finance Total,,,00,000,14020,Bloomington MSA,2020,000000,,0,0,161.68951470182,343.563833915934,1.48483144055,192.717267417912,7581.89046072721,21.046162572941,2.4310305411628,103.976639663375
0,0,Finance Total,,,00,000,14020,Bloomington MSA,2021,000000,,0,0,170.18637491197902,321.144613114552,1.7174388058210002,205.29383449878594,7381.7852524262335,21.605791020019,2.7229921368458,108.37026821747
0,0,Finance Total,,,00,000,14020,Bloomington MSA,2022,000000,,0,0,172.51858588795,333.78834861879,4.19861118242,229.55289455932999,7279.92932930346,16.480745093655,2.6728070527763,110.39076734982801
0,0,Finance Total,,,00,000,14020,Bloomington MSA,2023,000000,,0,0,212.579811718409,424.733246715086,5.239499442745,257.28045005317796,7772.349336773969,17.396043658158998,2.8864296003538,127.68099497393102
0,0,Finance Total,,,00,000,14020,Bloomington MSA,2024,000000,,0,0,230.767814212295,469.0136738424231,4.173487492505,279.02695152986104,7988.772927142129,19.244757873569,3.429820579084699,149.47722540407602
0,0,Finance Total,,,00,000,16980,Chicago-Naperville-Elgin MSA,2020,000000,,0,0,53213.5670936624,89255.83963706599,340.66991021531203,71558.03051949039,236386.415373763,529.0390701084739,14.069915660055997,5072.471764637031
0,0,Finance Total,,,00,000,16980,Chicago-Naperville-Elgin MSA,2021,000000,,0,0,53762.110416753305,86833.687224256,352.27752740353503,75278.0622881296,237245.58050237596,550.6944068625139,14.032615771471002,5330.499486066609
0,0,Finance Total,,,00,000,16980,Chicago-Naperville-Elgin MSA,2022,000000,,0,0,54083.85624434499,88786.399044954,371.081857549846,78281.773764435,235068.57895839,582.650519991084,14.331637991510002,5567.04982926164
0,0,Finance Total,,,00,000,16980,Chicago-Naperville-Elgin MSA,2023,000000,,0,0,55850.12609867339,96228.107980129,405.04776042230594,83774.53012458401,240442.92012463402,662.2298687393849,14.476191100097001,6085.130561131251
0,0,Finance Total,,,00,000,16980,Chicago-Naperville-Elgin MSA,2024,000000,,0,0,58689.726874415595,105871.820596136,448.25848200825897,89844.12000886,247362.683966984,726.803520061829,14.619241894083,6564.75592790236
0,0,Finance Total,,,00,000,17140,Cincinnati MSA,2020,000000,,0,0,3618.441629338071,21217.120036918986,101.310158121521,2384.1163014886497,98781.269256339,135.667142712573,6.751025976885901,1673.8550077626005
0,0,Finance Total,,,00,000,17140,Cincinnati MSA,2021,000000,,0,0,3824.05785172666,20401.2420903956,106.76387474510301,2625.2397941983095,100771.39917850701,143.613567513303,6.7014541614006,1750.52016503257
0,0,Finance Total,,,00,000,17140,Cincinnati MSA,2022,000000,,0,0,4027.9943412091598,20449.6059277931,123.09129972645,2790.1394988916804,100796.77495057322,151.429661902199,6.743593768345001,1824.0092311265703
0,0,Finance Total,,,00,000,17140,Cincinnati MSA,2023,000000,,0,0,4379.96096136536,22866.846513811684,141.24195269029,3116.9406009030304,102142.80355850932,169.394028132127,6.975910893318001,2063.47899069506
0,0,Finance Total,,,00,000,17140,Cincinnati MSA,2024,000000,,0,0,4593.916700516261,24283.397796371795,151.4990871053,3442.7481613475998,103935.94756668541,184.443533750083,7.2568834932459,2209.1387483342296
0,0,Finance Total,,,00,000,18020,Columbus MSA,2020,000000,,0,0,51.534235497765,136.321737016019,2.92872998935,70.401156780699,2797.0172048042373,3.04830701884,1.7454685789687001,29.037651153897
0,0,Finance Total,,,00,000,18020,Columbus MSA,2021,000000,,0,0,54.237862618126,137.64445965013098,3.88449807562,82.01561417083701,2894.591644435178,3.960182743352,1.7301518735772001,30.49775713667
0,0,Finance Total,,,00,000,18020,Columbus MSA,2022,000000,,0,0,59.773455991488,139.675614281773,1.32879242013,104.61186817107001,2880.2583500606643,1.53242532936,1.9668958172769002,36.940263018411
0,0,Finance Total,,,00,000,18020,Columbus MSA,2023,000000,,0,0,63.414414789571005,166.892895539263,1.55887343551,122.260593955687,2979.8071072543953,3.191747231421,2.5149898752146997,44.110548308024
0,0,Finance Total,,,00,000,18020,Columbus MSA,2024,000000,,0,0,71.85938290416298,176.907266373713,2.0510108621,142.365628914687,3166.7342028403564,4.0112104067339995,2.4376624441413,49.740520032578004
0,0,Finance Total,,,00,000,21140,Elkhart-Goshen MSA,2020,000000,,0,0,196.93568217358396,737.7550847989021,2.9934312216869996,822.2141721913181,7569.273938529979,15.150695699925999,4.117982293111501,130.270734899648
0,0,Finance Total,,,00,000,21140,Elkhart-Goshen MSA,2021,000000,,0,0,203.24758279621102,698.260674437298,4.1025310991729995,848.6411762536479,7395.071723287269,13.914093759690001,4.403902082583,128.07346623284198
0,0,Finance Total,,,00,000,21140,Elkhart-Goshen MSA,2022,000000,,0,0,212.056571675663,735.541460419391,3.1681637624179997,878.716404120539,7156.023262390299,15.598315110645999,4.7266965194809,131.70729517948396
0,0,Finance Total,,,00,000,21140,Elkhart-Goshen MSA,2023,000000,,0,0,230.451276501044,875.3811554518501,4.838781955898999,981.264251675443,7071.229935200076,16.477665362363,4.9337511971438,142.030049957586
0,0,Finance Total,,,00,000,21140,Elkhart-Goshen MSA,2024,000000,,0,0,239.983435018192,923.5889215241821,5.980215606625,1065.4930229345448,7066.270975039711,16.124234928607,5.0303211238174,156.44571629170403
0,0,Finance Total,,,00,000,21780,Evansville MSA,2020,000000,,0,0,346.7067505506269,1504.787585813579,8.139899916743,330.16452754317794,17969.993720047336,24.538492815702,3.6277500404983005,249.37237611087102
0,0,Finance Total,,,00,000,21780,Evansville MSA,2021,000000,,0,0,356.243306947047,1448.436440183266,11.534385123547,356.73827865873994,17996.483768801754,29.225046837895,3.7786979412447996,251.273322037997
0,0,Finance Total,,,00,000,21780,Evansville MSA,2022,000000,,0,0,385.1869175197229,1515.07005056152,10.563117164513,405.23907490936006,17702.057322716708,23.586713723887,3.9272372577767,280.78190652555895
0,0,Finance Total,,,00,000,21780,Evansville MSA,2023,000000,,0,0,423.61356287138295,1594.6908183386997,14.678440798033,454.359712902572,17697.677139039864,25.736312125447,4.070729549990499,312.35684551724
0,0,Finance Total,,,00,000,21780,Evansville MSA,2024,000000,,0,0,442.496059888442,1686.755126387334,13.878994352971002,476.70791572454704,17769.642927282297,23.337234611761,4.2127809085613,348.99872444091096
0,0,Finance Total,,,00,000,23060,Fort Wayne MSA,2020,000000,,0,0,823.5591996186733,3489.4896103505093,15.36045394283,1225.551827544271,26390.525356210703,55.211604995274,6.1704302423544,522.506329110835
0,0,Finance Total,,,00,000,23060,Fort Wayne MSA,2021,000000,,0,0,879.691995954757,3331.6704915175,17.172821986714,1311.1618992439471,26420.6036673396,60.612463537208995,6.387477136472,535.0154143365519
0,0,Finance Total,,,00,000,23060,Fort Wayne MSA,2022,000000,,0,0,976.1501077372471,3507.70668123553,18.16384538849,1430.193140184308,26652.785082417005,63.35200199018,6.450212720001001,548.940376291948
0,0,Finance Total,,,00,000,23060,Fort Wayne MSA,2023,000000,,0,0,1094.9553642345052,3905.5498255368,20.476810420313,1646.8001594842594,27341.0883681803,68.62147060427301,6.805623406074,619.0455302175001
0,0,Finance Total,,,00,000,23060,Fort Wayne MSA,2024,000000,,0,0,1225.6839986474747,4162.43444573355,22.795040356010002,1761.7064692170172,27568.3042925892,71.538539196434,6.986433840927999,651.224592146174
0,0,Finance Total,,,00,000,26900,Indianapolis-Carmel-Greenwood MSA,2020,000000,,0,0,3513.528879061739,20255.121264415106,63.15050062234799,4022.14498702843,90678.659711564,188.270194622908,7.606967566569001,1658.8305134897803
0,0,Finance Total,,,00,000,26900,Indianapolis-Carmel-Greenwood MSA,2021,000000,,0,0,3872.56817428654,20887.235725519204,67.62901022608202,4456.397985073191,93042.70603780998,195.048862542919,7.739339594317,1793.67727095177
0,0,Finance Total,,,00,000,26900,Indianapolis-Carmel-Greenwood MSA,2022,000000,,0,0,4176.12197825084,21974.86422002,74.800205486775,4887.671847558821,94538.483221178,212.44064796928598,7.932444036844,1897.8447869437698
0,0,Finance Total,,,00,000,26900,Indianapolis-Carmel-Greenwood MSA,2023,000000,,0,0,4525.097685215709,24676.2294332719,87.567068095985,5467.300484306909,96304.70136839802,231.68235006614398,8.337936937938,2108.2539266866897
0,0,Finance Total,,,00,000,26900,Indianapolis-Carmel-Greenwood MSA,2024,000000,,0,0,4772.28711364476,26467.009130487895,103.091138785011,5952.787917212301,97806.37844225601,246.175429595517,8.575472037274999,2271.717787013309
0,0,Finance Total,,,00,000,29020,Kokomo MSA,2020,000000,,0,0,94.97321999893101,393.65820142019203,0.0,130.853955766541,3496.6266113349297,7.9822541959,4.296860676656199,66.06521518992
0,0,Finance Total,,,00,000,29020,Kokomo MSA,2021,000000,,0,0,88.942498425139,380.737284822166,0.0,133.266719347608,3358.8465717870827,8.57599984718,3.7130813642465,66.324986400955
0,0,Finance Total,,,00,000,29020,Kokomo MSA,2022,000000,,0,0,101.518116669315,412.54621643782497,0.0,148.47597039994102,3529.9761569533694,7.7409268524499995,3.9735993658197994,75.86913296629201
0,0,Finance Total,,,00,000,29020,Kokomo MSA,2023,000000,,0,0,100.03627982711299,435.42663361369,0.0,160.97578591570104,3519.5597431409,9.262656881708999,3.9258318762583992,71.654284247457
0,0,Finance Total,,,00,000,29020,Kokomo MSA,2024,000000,,0,0,104.607656726234,448.385681707946,1.03879224319,170.936797707782,3615.047810979814,11.152895605352,3.9891571747535006,82.83225951470601
0,0,Finance Total,,,00,000,29200,Lafayette-West Lafayette MSA,2020,000000,,0,0,280.10069936550093,691.04129589231,5.62431121868,536.459792062105,9254.378601185053,10.211183130771,4.0766387701602,119.254695919152
0,0,Finance Total,,,00,000,29200,Lafayette-West Lafayette MSA,2021,000000,,0,0,328.518360313061,686.95196230318,5.829821652635,538.0743769474801,9220.311497789771,11.032146155784998,4.2073082062095,134.173153790169
0,0,Finance Total,,,00,000,29200,Lafayette-West Lafayette MSA,2022,000000,,0,0,316.5909142748691,756.8505757292511,3.44259717888,568.6590245075352,9076.056926392614,13.414519999839998,4.6267137015223,151.20441675800004
0,0,Finance Total,,,00,000,29200,Lafayette-West Lafayette MSA,2023,000000,,0,0,333.255300264056,816.0464210727899,3.46011229115,628.4310471422749,9036.37442880094,17.137777175404,5.04666601852,150.44295612792
0,0,Finance Total,,,00,000,29200,Lafayette-West Lafayette MSA,2024,000000,,0,0,343.310438569748,849.418214734524,3.29874950086,672.533025449952,9030.461731622312,17.555156554397,5.383621806912999,151.160664536413
0,0,Finance Total,,,00,000,31140,Louisville/Jefferson County MSA,2020,000000,,0,0,1602.7990677522664,11116.798099795404,38.78493842673999,2088.46838359226,57018.84366821891,106.059366490485,6.2770566312359,1021.9909606327429
0,0,Finance Total,,,00,000,31140,Louisville/Jefferson County MSA,2021,000000,,0,0,1763.6104144362569,10832.030818977975,45.622574736546994,2312.8888356431366,59398.54052559456,110.77652060935901,6.4743517809539,1114.74068846083
0,0,Finance Total,,,00,000,31140,Louisville/Jefferson County MSA,2022,000000,,0,0,1839.5273463120618,11789.08175788863,45.77147555433,2581.8250070320773,59738.855404915805,119.761512117611,6.4272264816260005,1201.5298634895944
0,0,Finance Total,,,00,000,31140,Louisville/Jefferson County MSA,2023,000000,,0,0,2156.5845722915,12783.85194118058,55.37679889328899,3022.439648616528,61810.309450515575,126.296133798281,6.801288813439,1361.936089717627
0,0,Finance Total,,,00,000,31140,Louisville/Jefferson County MSA,2024,000000,,0,0,2406.4800921553197,13525.796719978882,62.068400117658996,3432.06910441269,63420.277745119,133.11450332014897,7.118080780972,1486.8717142298092
0,0,Finance Total,,,00,000,33140,Michigan City-La Porte MSA,2020,000000,,0,0,123.08090237824801,556.59980002918,0.665806565524,309.81617417580003,3549.31140061007,4.783364652884,5.285989603091401,59.859222366013995
0,0,Finance Total,,,00,000,33140,Michigan City-La Porte MSA,2021,000000,,0,0,131.425410171706,573.8404082703801,0.702833295763,316.502790996521,3509.771474516097,5.2478661477260005,5.670003604729899,59.75022147827399
0,0,Finance Total,,,00,000,33140,Michigan City-La Porte MSA,2022,000000,,0,0,126.490298704115,640.01986741733,0.827063400512,348.217148132419,3464.05015728211,3.9730797301950003,5.9536879542814,61.047421131422986
0,0,Finance Total,,,00,000,33140,Michigan City-La Porte MSA,2023,000000,,0,0,123.25412666851001,640.9499661627399,0.620493679746,358.06276847374403,3540.8026900016994,4.29924142445,6.3019931280676,60.073470666392005
0,0,Finance Total,,,00,000,33140,Michigan City-La Porte MSA,2024,000000,,0,0,123.572773439844,633.8154518907498,1.6008201886959998,377.55457860083897,3559.5150015159197,4.0823167525,6.666024873301,64.209568968338
0,0,Finance Total,,,00,000,34620,Muncie MSA,2020,000000,,0,0,149.82508675340506,581.7120060590421,6.022336400694,141.239245493112,6946.48598055056,11.541069962185999,3.5645829689961004,98.993829670831
0,0,Finance Total,,,00,000,34620,Muncie MSA,2021,000000,,0,0,161.8159032305,616.065967446541,6.346423056487001,168.98868668628597,6851.35113356422,11.588722749634998,3.9902625193841006,114.346793667371
0,0,Finance Total,,,00,000,34620,Muncie MSA,2022,000000,,0,0,166.905752821064,629.8688280693771,3.11038773848,190.534251697098,6880.960773193097,7.4341328464459995,4.2017528023725,139.581054488449
0,0,Finance Total,,,00,000,34620,Muncie MSA,2023,000000,,0,0,162.60516980140997,678.252268748666,0.0,208.09504302917705,6803.723455831495,10.069841488186,4.5820616813357,155.48394840817
0,0,Finance Total,,,00,000,34620,Muncie MSA,2024,000000,,0,0,175.036937242633,736.9316024655299,1.122936581347,225.857865245043,6974.582682344839,13.320716047801,4.5365188359527995,162.336112844132
0,0,Finance Total,,,00,000,43780,South Bend-Mishawaka MSA,2020,000000,,0,0,457.07477849835004,2815.1084588132294,5.819477612889,941.179741229893,12739.715232188288,34.451950873926,7.843720473308999,247.939359575795
0,0,Finance Total,,,00,000,43780,South Bend-Mishawaka MSA,2021,000000,,0,0,487.82158916547996,2705.2811140333697,6.996010943771,979.4070333850032,12809.971900375049,32.573872983035,7.670517933084,257.47375838138197
0,0,Finance Total,,,00,000,43780,South Bend-Mishawaka MSA,2022,000000,,0,0,518.1985818869699,2833.09279051552,7.405381076145,1074.474995492824,12853.813223713334,28.547818047537,7.810308642236,277.560898481261
0,0,Finance Total,,,00,000,43780,South Bend-Mishawaka MSA,2023,000000,,0,0,564.723155030322,3130.43216767183,9.977946194122,1256.8547170820682,13569.497981777633,33.559726162259,8.215490381466,319.149105182834
0,0,Finance Total,,,00,000,43780,South Bend-Mishawaka MSA,2024,000000,,0,0,586.8710728328621,3306.54997417013,11.405044883581999,1372.348182785582,13698.447084904905,39.713963584457,8.094094125728,339.01726417557495
0,0,Finance Total,,,00,000,45460,Terre Haute MSA,2020,000000,,0,0,214.80329717610203,515.082639577252,4.19467553558,178.42497922892102,8290.812062309331,10.012239097931001,2.9707905671056998,135.033559325441
0,0,Finance Total,,,00,000,45460,Terre Haute MSA,2021,000000,,0,0,219.75694731661105,501.87041985427504,3.2214212729,164.98572683650897,8245.92908845425,12.863979320176998,2.9685000008406996,142.783759471625
0,0,Finance Total,,,00,000,45460,Terre Haute MSA,2022,000000,,0,0,205.691400418027,457.719437626943,3.99940169884,167.25874492831403,7750.853013142941,12.411832305402,3.4489728160223008,145.280297306106
0,0,Finance Total,,,00,000,45460,Terre Haute MSA,2023,000000,,0,0,210.08711526246103,485.01304854070196,3.937701820838,186.75551573618398,7729.6578143264405,12.095635649139,3.6595147888567,149.48090004985002
0,0,Finance Total,,,00,000,45460,Terre Haute MSA,2024,000000,,0,0,221.40501508952798,538.500013251937,6.996697649331,210.64399382841196,8151.54334874283,15.353498928601,3.7767124797180993,160.20090092094702
0,0,Finance Total,,,18,000,00000,Indiana,2020,000000,,0,0,8697.668495748321,42357.0359994697,142.591293497078,15078.594724416398,280116.86720763793,564.9772549253041,6.227578801143999,4569.7829667385595
0,0,Finance Total,,,18,000,00000,Indiana,2021,000000,,0,0,9386.839827720949,42350.0078244918,154.45360953621204,15997.437759167791,281633.258481291,577.6166231618959,6.324626903859999,4746.016863802991
0,0,Finance Total,,,18,000,00000,Indiana,2022,000000,,0,0,9830.365662147231,44016.333791158504,164.239248908751,16928.1664499919,282083.912348661,578.1223854052729,6.570532508765002,5010.79490767487
0,0,Finance Total,,,18,000,00000,Indiana,2023,000000,,0,0,10621.94119972145,48865.314367519706,187.21619963358,18739.6481950169,288642.65744602605,638.8368731225879,6.894669298277001,5632.192472953309
0,0,Finance Total,,,18,000,00000,Indiana,2024,000000,,0,0,11219.433353955,52439.960356503914,216.44734399522403,20315.255973358104,295121.706053448,690.852818031009,7.047492182959002,6135.35189754505
1,1,    621 - Ambulatory Care,,,0,000,00000,United States,2020,000000,,1,1,591691.1774096899,970542.05485934,11331.644681849602,1249407.9049328298,4515053.13802,35711.0461945568,7.930652025312998,115725.05979975298
1,1,    621 - Ambulatory Care,,,0,000,00000,United States,2021,000000,,1,1,648329.94830931,1003627.9774064298,12210.838878862398,1331366.3811391199,4713300.155238999,37280.687065091006,8.059466523853,126338.87861504502
1,1,    621 - Ambulatory Care,,,0,000,00000,United States,2022,000000,,1,1,683954.188016,1058330.01207809,12922.0478685803,1409285.9650679901,4796755.470651002,38589.490832019495,8.291485131247,134629.00204596002
1,1,    621 - Ambulatory Care,,,0,000,00000,United States,2023,000000,,1,1,721871.758073,1125883.69993327,13832.4185041222,1496607.4490248202,4927383.601300601,40781.0802037725,8.440229667839,144889.82575306998
1,1,    621 - Ambulatory Care,,,0,000,00000,United States,2024,000000,,1,1,766586.90546401,1185077.21885095,14627.293542289499,1568939.34813734,5066852.742941899,42737.69762937469,8.530844071882003,153896.790165387
1,1,    621 - Ambulatory Care,,,00,000,14020,Bloomington MSA,2020,000000,,1,1,82.11949302125,111.97264232428401,0.0,80.313526080332,3163.15115750171,10.075770109971,1.4072773544686001,44.056427470085
1,1,    621 - Ambulatory Care,,,00,000,14020,Bloomington MSA,2021,000000,,1,1,86.79032491729899,117.31061700244199,0.733159464956,89.71731818261598,3282.1697242709333,11.372379373074,1.6349084592479,46.891408830385
1,1,    621 - Ambulatory Care,,,00,000,14020,Bloomington MSA,2022,000000,,1,1,87.35637323606801,113.77222934154999,2.0390292199299997,97.41030584852001,3172.5959491484605,6.528422246086,1.5824251257945,49.548316458407996
1,1,    621 - Ambulatory Care,,,00,000,14020,Bloomington MSA,2023,000000,,1,1,103.37178506653899,143.759988347956,2.127361119765,105.28985236287798,3408.6002390149706,7.0318576853,1.6827809009367998,57.20062827912101
1,1,    621 - Ambulatory Care,,,00,000,14020,Bloomington MSA,2024,000000,,1,1,108.23131526324498,159.365953536583,2.017264812475,118.945948519981,3543.7893471091297,7.3108364285850005,2.1661943291541,59.988272637955994
1,1,    621 - Ambulatory Care,,,00,000,16980,Chicago-Naperville-Elgin MSA,2020,000000,,1,1,21244.106217643402,29799.241954897996,120.099645312002,32555.645310978394,109705.051695133,231.96755170222397,8.973752558372999,2186.39043250473
1,1,    621 - Ambulatory Care,,,00,000,16980,Chicago-Naperville-Elgin MSA,2021,000000,,1,1,22090.815325232295,30948.340820373003,122.85117987133499,35297.6939245146,113341.36215587599,250.07877585563403,8.995222638521001,2378.23535691971
1,1,    621 - Ambulatory Care,,,00,000,16980,Chicago-Naperville-Elgin MSA,2022,000000,,1,1,22369.037895434994,33199.79817740901,137.49238143018601,37145.923899315,114536.53701696997,282.771620079514,9.20224647919,2560.1898673101396
1,1,    621 - Ambulatory Care,,,00,000,16980,Chicago-Naperville-Elgin MSA,2023,000000,,1,1,23087.914452261397,35178.905880587,144.36906312259597,38839.267734001005,115840.61136402401,311.17472903932503,9.258528141799001,2762.5214266367498
1,1,    621 - Ambulatory Care,,,00,000,16980,Chicago-Naperville-Elgin MSA,2024,000000,,1,1,25296.104065420604,41418.596644432,163.962832021349,41922.271035331,120467.39282984402,345.87704510896907,9.320577092041,3017.21957698116
1,1,    621 - Ambulatory Care,,,00,000,17140,Cincinnati MSA,2020,000000,,1,1,1623.4813610340207,6228.24300543299,18.274818966396,973.5221543159497,39943.04616553398,53.389141240015995,3.7350781105329003,632.3052307156003
1,1,    621 - Ambulatory Care,,,00,000,17140,Cincinnati MSA,2021,000000,,1,1,1801.67958129909,6285.0258482836,22.289414017777,1097.6194967706097,42078.900103085994,46.025203934185,3.702171351775601,689.0898952997701
1,1,    621 - Ambulatory Care,,,00,000,17140,Cincinnati MSA,2022,000000,,1,1,1855.61739454065,6547.762523318099,28.784888437317,1176.7035912479798,42615.821602319214,48.387802155669,3.645177634745,735.58951448807
1,1,    621 - Ambulatory Care,,,00,000,17140,Cincinnati MSA,2023,000000,,1,1,1904.4932419533902,7068.395153928681,35.46134402078,1258.01856110743,43075.26742377031,51.490812144357,3.785011083791,794.3028759239598
1,1,    621 - Ambulatory Care,,,00,000,17140,Cincinnati MSA,2024,000000,,1,1,1949.9793349301601,7256.4092089008,34.106992865889,1331.2680877909997,43501.405858780396,55.735872433403,3.9541586402949003,853.30424591443
1,1,    621 - Ambulatory Care,,,00,000,18020,Columbus MSA,2020,000000,,1,1,43.556772037725004,86.343449980327,2.92872998935,50.941980649739996,2281.8538183787377,1.41639734367,1.007150298101,22.657850814419
1,1,    621 - Ambulatory Care,,,00,000,18020,Columbus MSA,2021,000000,,1,1,45.981205574176,92.525943686377,3.88449807562,60.32900081275,2431.4030779581376,3.02496547138,0.8611597157389999,24.37515704554
1,1,    621 - Ambulatory Care,,,00,000,18020,Columbus MSA,2022,000000,,1,1,50.640527373548004,88.57400607639299,1.32879242013,80.05567871168,2433.9787777044444,1.53242532936,1.0711910786769,27.767985735651003
1,1,    621 - Ambulatory Care,,,00,000,18020,Columbus MSA,2023,000000,,1,1,51.521397155061,104.485356377853,1.55887343551,92.76800470688701,2483.6649268540955,0.808080575041,1.5340451969797,34.014544712534
1,1,    621 - Ambulatory Care,,,00,000,18020,Columbus MSA,2024,000000,,1,1,60.784418020490996,113.93040356740099,2.0510108621,110.820266996949,2665.709825703657,1.2507865685969999,1.5509014374131997,39.395707113514
1,1,    621 - Ambulatory Care,,,00,000,21140,Elkhart-Goshen MSA,2020,000000,,1,1,71.96728452903399,220.858833331002,0.0,344.45993287628806,2807.12228238998,4.669037014128,2.7536182661905,49.73720228296799
1,1,    621 - Ambulatory Care,,,00,000,21140,Elkhart-Goshen MSA,2021,000000,,1,1,72.33437816410101,250.600873920598,0.543263204547,389.11630027055804,2886.8478444902694,3.83218012306,3.1360532528980003,47.489286007382
1,1,    621 - Ambulatory Care,,,00,000,21140,Elkhart-Goshen MSA,2022,000000,,1,1,75.55072489221301,260.002634634591,0.0,413.0272463794391,2810.1745567792996,3.552514539118,3.3862432301928993,43.83741568292399
1,1,    621 - Ambulatory Care,,,00,000,21140,Elkhart-Goshen MSA,2023,000000,,1,1,81.91905775414402,270.27152865095,0.54297808096,450.566438181043,2730.5675433640768,3.4537321967179997,3.3576469563077995,41.46155331775599
1,1,    621 - Ambulatory Care,,,00,000,21140,Elkhart-Goshen MSA,2024,000000,,1,1,84.88770076455198,255.851846613582,1.3123720448460001,474.13666433344497,2770.5857458497103,3.993922365147,3.3517698164544,43.013683095543996
1,1,    621 - Ambulatory Care,,,00,000,21780,Evansville MSA,2020,000000,,1,1,160.222552581507,386.527126362079,2.152376668293,111.436280574228,6898.554688617341,8.490631904322,1.7174451438094,80.358604922861
1,1,    621 - Ambulatory Care,,,00,000,21780,Evansville MSA,2021,000000,,1,1,163.83358444476704,395.4417147665061,1.87296666277,129.42392059579998,7028.731688342759,12.154797132414002,1.8948421052660998,88.53557926724699
1,1,    621 - Ambulatory Care,,,00,000,21780,Evansville MSA,2022,000000,,1,1,183.29077214695897,388.09631841692,0.995728062182,148.4260014733,6947.58010689371,10.717334633365,1.960913942817,97.70762110190898
1,1,    621 - Ambulatory Care,,,00,000,21780,Evansville MSA,2023,000000,,1,1,199.584181217683,388.17573678236,1.807077859824,166.215225716186,7074.371047179861,10.763500926223001,2.0226690801664002,115.78719126829999
1,1,    621 - Ambulatory Care,,,00,000,21780,Evansville MSA,2024,000000,,1,1,214.058364490712,451.1130611509941,1.41066144086,178.48728308499707,7369.687827757299,8.704825022317,2.1683241259632,137.657444368951
1,1,    621 - Ambulatory Care,,,00,000,23060,Fort Wayne MSA,2020,000000,,1,1,326.8261570180171,959.29230778811,4.9247225248,434.0525181304709,8825.704226193699,17.271133540515997,3.3203418962393996,174.854853660095
1,1,    621 - Ambulatory Care,,,00,000,23060,Fort Wayne MSA,2021,000000,,1,1,346.23868930632796,964.5207911771,5.85870306855,476.6809272117871,8991.377766751499,17.676634433807,3.5565759376980006,176.46510690628998
1,1,    621 - Ambulatory Care,,,00,000,23060,Fort Wayne MSA,2022,000000,,1,1,351.29367004803703,990.4861273328498,5.52522412256,508.2850051566071,8898.6586192757,16.811453086996,3.574071317221001,170.602749384478
1,1,    621 - Ambulatory Care,,,00,000,23060,Fort Wayne MSA,2023,000000,,1,1,401.27682604586505,1106.2974479376999,4.547789647302,578.5419712784599,9064.0344812716,19.495743675583004,3.7392904249109997,193.67308251708002
1,1,    621 - Ambulatory Care,,,00,000,23060,Fort Wayne MSA,2024,000000,,1,1,498.86882766290097,1302.35717981035,5.265786845618,644.1925623261671,9463.9391704716,19.385334573185,3.8638934001379996,226.82367778401402
1,1,    621 - Ambulatory Care,,,00,000,26900,Indianapolis-Carmel-Greenwood MSA,2020,000000,,1,1,2039.7179132700896,7703.638429474101,24.063759360234002,2043.2631338832298,44339.67518326502,94.42270858334798,4.368371086050001,783.8923569407802
1,1,    621 - Ambulatory Care,,,00,000,26900,Indianapolis-Carmel-Greenwood MSA,2021,000000,,1,1,2276.67476997884,8501.0187977022,27.048082402289,2358.9142225682904,46503.25279560399,96.65715132801601,4.5746786091530005,873.6505145915701
1,1,    621 - Ambulatory Care,,,00,000,26900,Indianapolis-Carmel-Greenwood MSA,2022,000000,,1,1,2428.48281150304,9022.172671945,32.712511816908,2569.8970323655208,47578.238121225,103.428612664866,4.682623074884001,937.6709770079699
1,1,    621 - Ambulatory Care,,,00,000,26900,Indianapolis-Carmel-Greenwood MSA,2023,000000,,1,1,2694.5631576105093,10840.1821603049,40.200352276324004,2976.76659906151,50146.215773731,116.714114186226,4.922100683408,1091.8186549974898
1,1,    621 - Ambulatory Care,,,00,000,26900,Indianapolis-Carmel-Greenwood MSA,2024,000000,,1,1,2884.4769523549603,12197.421786533898,48.002313191151,3295.0368103601013,51874.55536645801,125.954678446157,5.0774907646419996,1217.5890473049099
1,1,    621 - Ambulatory Care,,,00,000,29020,Kokomo MSA,2020,000000,,1,1,37.031524829623,100.29682236561099,0.0,54.222360107461,1389.28545378403,3.6814664006899998,2.0562351774002,26.491158659917
1,1,    621 - Ambulatory Care,,,00,000,29020,Kokomo MSA,2021,000000,,1,1,31.439735194708998,96.85023508369598,0.0,60.097423800555006,1351.6914898404132,4.07409812244,2.0250395835875,23.013192523215
1,1,    621 - Ambulatory Care,,,00,000,29020,Kokomo MSA,2022,000000,,1,1,39.808766755003,101.92750022918499,0.0,70.080133012354,1474.76540706767,4.33418434311,2.2775031086668,30.644836729262
1,1,    621 - Ambulatory Care,,,00,000,29020,Kokomo MSA,2023,000000,,1,1,45.283500288849,99.75309363992,0.0,71.53521540523899,1486.2708802148,4.324358095189,2.2342367452173995,31.036258699665
1,1,    621 - Ambulatory Care,,,00,000,29020,Kokomo MSA,2024,000000,,1,1,49.765528598794,103.05273952654602,0.0,72.78444472022201,1533.5405980402138,4.516414385889,2.3315452969845003,34.001861296685995
1,1,    621 - Ambulatory Care,,,00,000,29200,Lafayette-West Lafayette MSA,2020,000000,,1,1,72.89043088461098,145.39619082285,0.0,167.972295979325,2917.3062310380533,4.820055018901,2.1479750103912,39.20309746667199
1,1,    621 - Ambulatory Care,,,00,000,29200,Lafayette-West Lafayette MSA,2021,000000,,1,1,83.794696547111,175.76149004430002,0.0,178.98278902004,3159.9622610976703,5.016533221015,2.2372601504165,46.813548022069014
1,1,    621 - Ambulatory Care,,,00,000,29200,Lafayette-West Lafayette MSA,2022,000000,,1,1,83.76700067403598,191.67869509733097,0.0,194.85733208274002,3152.013871817112,6.59305102698,2.5332370393293004,49.77311750791701
1,1,    621 - Ambulatory Care,,,00,000,29200,Lafayette-West Lafayette MSA,2023,000000,,1,1,105.328897985454,218.85071398488998,0.0,247.12768684987503,3482.8095097846413,8.576819561034,2.86318393219,57.08679617100401
1,1,    621 - Ambulatory Care,,,00,000,29200,Lafayette-West Lafayette MSA,2024,000000,,1,1,108.72417921955301,236.151302716744,0.0,268.43344807863195,3506.1212489919103,8.065298813223,3.1888702319080005,53.815178939122994
1,1,    621 - Ambulatory Care,,,00,000,31140,Louisville/Jefferson County MSA,2020,000000,,1,1,740.7216973730659,2992.2446872864048,7.791012435604,865.3424942903599,25169.49280084391,31.663376570125003,3.4404525859159,370.816669371543
1,1,    621 - Ambulatory Care,,,00,000,31140,Louisville/Jefferson County MSA,2021,000000,,1,1,861.5231214888569,3262.6025311829776,12.691337062737,974.4381467730369,26804.546872458566,37.840329035419,3.6816605900789003,421.35006026012996
1,1,    621 - Ambulatory Care,,,00,000,31140,Louisville/Jefferson County MSA,2022,000000,,1,1,835.3244471437418,3519.1602048276295,13.781986611110002,1034.004414670178,27115.8976290568,39.376090693088,3.5523687456179998,464.43454959169406
1,1,    621 - Ambulatory Care,,,00,000,31140,Louisville/Jefferson County MSA,2023,000000,,1,1,893.1649512869702,3670.535492891578,18.566665659541,1131.703482644628,27875.46117486558,42.355683778429,3.74394261157,505.24595270742697
1,1,    621 - Ambulatory Care,,,00,000,31140,Louisville/Jefferson County MSA,2024,000000,,1,1,933.6282015741199,3750.60576844988,17.192351567236003,1257.27379787509,28290.834717313,44.839614255779,3.947180285486,551.9126318650091
1,1,    621 - Ambulatory Care,,,00,000,33140,Michigan City-La Porte MSA,2020,000000,,1,1,71.737828518763,192.99325123628998,0.0,141.68516515964004,1527.9105067689898,2.232715658791,2.9526562559094,19.402661380993
1,1,    621 - Ambulatory Care,,,00,000,33140,Michigan City-La Porte MSA,2021,000000,,1,1,75.417438020128,190.03534960305,0.702833295763,145.47540017404003,1543.5675074097971,3.280590872367,3.0804875108088994,19.535535152800996
1,1,    621 - Ambulatory Care,,,00,000,33140,Michigan City-La Porte MSA,2022,000000,,1,1,71.850935909174,201.53448381637,0.827063400512,161.315777710249,1533.7975177631101,1.11012131191,3.0901829502194,20.922111082597
1,1,    621 - Ambulatory Care,,,00,000,33140,Michigan City-La Porte MSA,2023,000000,,1,1,69.755898948264,199.37855493964,0.620493679746,166.990550704144,1517.6911863845,0.0,3.5594925178336,20.96293749477
1,1,    621 - Ambulatory Care,,,00,000,33140,Michigan City-La Porte MSA,2024,000000,,1,1,67.25502250624399,215.60383800826997,1.0777004746949999,191.75661132207898,1558.6310471171196,0.0,3.987715691447,24.161819021548006
1,1,    621 - Ambulatory Care,,,00,000,34620,Muncie MSA,2020,000000,,1,1,95.33414353851802,215.455107668922,2.048314265624,60.566702122661994,3047.75236601846,1.64314882319,2.1405103772934,40.411657361141
1,1,    621 - Ambulatory Care,,,00,000,34620,Muncie MSA,2021,000000,,1,1,108.41445098117899,238.77887392787102,2.6694277614370003,82.002404093354,3146.35881299242,2.267793385305,2.4175518555307,51.347462306241006
1,1,    621 - Ambulatory Care,,,00,000,34620,Muncie MSA,2022,000000,,1,1,116.37539806019399,258.411185965817,1.43602124368,98.571949342789,3234.317801263298,1.16723247797,2.6661812060461005,51.303919381186
1,1,    621 - Ambulatory Care,,,00,000,34620,Muncie MSA,2023,000000,,1,1,120.046333048613,290.813966147666,0.0,111.305804125327,3400.3768741940944,1.931402279606,2.6367261409919,58.42932197648
1,1,    621 - Ambulatory Care,,,00,000,34620,Muncie MSA,2024,000000,,1,1,120.010777323223,335.67183129327,0.0,121.69790922803301,3588.6086534948986,4.878093114474,2.8242702511223996,68.43553613749201
1,1,    621 - Ambulatory Care,,,00,000,43780,South Bend-Mishawaka MSA,2020,000000,,1,1,237.33242829355,807.85889746683,3.658670756046,425.372339796813,5747.551596968189,12.433769718627001,4.515489945213,89.904297787415
1,1,    621 - Ambulatory Care,,,00,000,43780,South Bend-Mishawaka MSA,2021,000000,,1,1,236.30315229484995,841.2594802310699,3.4449811069000003,462.25963479276305,5989.115199054848,10.92955463061,4.397876938882,99.38769385903198
1,1,    621 - Ambulatory Care,,,00,000,43780,South Bend-Mishawaka MSA,2022,000000,,1,1,235.09591070255996,891.2267314888198,2.8049867390500003,499.861377702424,5900.721693654335,10.858331180718,4.516354011539,105.734808220551
1,1,    621 - Ambulatory Care,,,00,000,43780,South Bend-Mishawaka MSA,2023,000000,,1,1,231.71978019519202,898.2124359928299,2.47842552105,548.4047691075681,5827.043642396631,12.45399980134,4.733953120045999,116.83967163417401
1,1,    621 - Ambulatory Care,,,00,000,43780,South Bend-Mishawaka MSA,2024,000000,,1,1,241.572611631462,1017.79527154103,3.4749383018,607.857155151882,5986.081984260908,15.510146127599,4.629281246571001,129.323972734375
1,1,    621 - Ambulatory Care,,,00,000,45460,Terre Haute MSA,2020,000000,,1,1,132.03020551829601,162.438626117432,0.0,76.74064034824102,3489.38987005133,1.601895595363,1.8350209955588999,45.716356904630004
1,1,    621 - Ambulatory Care,,,00,000,45460,Terre Haute MSA,2021,000000,,1,1,135.31799366028199,159.52709064737502,0.0,78.35956716707899,3541.519800831249,1.2725557998869998,1.7984011537096998,48.00801731329501
1,1,    621 - Ambulatory Care,,,00,000,45460,Terre Haute MSA,2022,000000,,1,1,118.06367738088498,131.279231511963,0.0,74.179670484044,2864.4824552401396,0.811972044839,2.305352601109,45.921402812016
1,1,    621 - Ambulatory Care,,,00,000,45460,Terre Haute MSA,2023,000000,,1,1,121.968034113811,148.87344479622197,1.401017609698,81.52264690725401,2871.56661529254,0.767103833409,2.545812654288,42.81402073488001
1,1,    621 - Ambulatory Care,,,00,000,45460,Terre Haute MSA,2024,000000,,1,1,123.98620225002298,171.89413868837698,3.291580161061,91.037710426672,3119.4585560974297,1.6695087936670001,2.6254316886013,53.489799063867004
1,1,    621 - Ambulatory Care,,,18,000,00000,Indiana,2020,000000,,1,1,4598.317574585521,14448.931790775701,51.070678826784004,6760.513751508398,121575.83523242798,216.40739082492402,3.698352590035,1880.5119125574597
1,1,    621 - Ambulatory Care,,,18,000,00000,Indiana,2021,000000,,1,1,5022.10784286585,15452.940459595802,59.92095773886201,7559.91713276709,126148.64404386103,232.301889970176,3.8195280101410005,2010.99802371469
1,1,    621 - Ambulatory Care,,,18,000,00000,Indiana,2022,000000,,1,1,5128.892980428731,16257.150971357501,63.808286386921004,7992.566343100201,126938.09992199099,232.80925870900296,4.014025637545001,2105.84530755147
1,1,    621 - Ambulatory Care,,,18,000,00000,Indiana,2023,000000,,1,1,5577.925216222449,18671.644056575704,69.17877469400999,8921.6839426429,132292.33617220598,259.46520466370805,4.221469569294,2469.2059508174098
1,1,    621 - Ambulatory Care,,,18,000,00000,Indiana,2024,000000,,1,1,5966.107802408901,21144.542916316906,82.30938933452401,9801.312181333104,138210.32064091798,288.884932631969,4.346155971243,2813.4919844616497
1,2,    622 - Hospitals,,,0,000,00000,United States,2020,000000,,1,1,409869.79171052,728608.3899513,7194.619496052001,555362.4946484,3324772.9685561,20635.874340005,1.185747978468,76584.22615894002
1,2,    622 - Hospitals,,,0,000,00000,United States,2021,000000,,1,1,417604.58890748,719129.2030899,7413.094873773,572733.970635,3308734.2458958,21369.21153496,1.204837027396,79285.97517445999
1,2,    622 - Hospitals,,,0,000,00000,United States,2022,000000,,1,1,429137.87394596,734315.1354561001,7775.166383483,603330.9587937001,3274647.6468399004,22294.743243541998,1.2345056634050002,82874.12439500999
1,2,    622 - Hospitals,,,0,000,00000,United States,2023,000000,,1,1,449276.66593362996,784126.6054370999,8410.271970134001,652233.6070767,3337695.2781264,23712.010582038,1.271235741621,88697.61552574
1,2,    622 - Hospitals,,,0,000,00000,United States,2024,000000,,1,1,467903.99177668995,825142.0670596,8883.308240339,690209.9531741,3419819.6089233,24703.730773944,1.292389030284,93870.45931175002
1,2,    622 - Hospitals,,,00,000,14020,Bloomington MSA,2020,000000,,1,1,55.78453546668,111.44027844176,1.48483144055,68.40312183865001,3026.2660643040003,7.4599607672529995,0.2694972522232,31.73815655035
1,2,    622 - Hospitals,,,00,000,14020,Bloomington MSA,2021,000000,,1,1,58.63001229122,101.38995615411,0.984279340865,68.79372660171,2833.6030047113,8.199799124244999,0.3397205801589,37.428996225774995
1,2,    622 - Hospitals,,,00,000,14020,Bloomington MSA,2022,000000,,1,1,62.31764468616,111.44559171034001,2.15958196249,80.13513395692,2851.5023641280004,8.266500010599001,0.3404959273318,38.49307565099
1,2,    622 - Hospitals,,,00,000,14020,Bloomington MSA,2023,000000,,1,1,79.46933288168,150.50192541133,3.11213832298,97.55303346505,3048.894807885,8.986650364059,0.371461393142,41.42451052333001
1,2,    622 - Hospitals,,,00,000,14020,Bloomington MSA,2024,000000,,1,1,84.88973159038001,160.44274669644,2.15622268003,97.46380039045,3061.054962745,9.619112204848,0.3540734123336,50.081859961250004
1,2,    622 - Hospitals,,,00,000,16980,Chicago-Naperville-Elgin MSA,2020,000000,,1,1,21903.932156378,29643.363699248,111.48688207107,24849.56193528,96091.76348639,156.95800467433,1.455800050838,1886.8086791087
1,2,    622 - Hospitals,,,00,000,16980,Chicago-Naperville-Elgin MSA,2021,000000,,1,1,21813.643768230002,28890.037848393,116.83468031409,26085.634481408997,93527.88049612001,160.14723081941003,1.4589779912949998,1979.229929259
1,2,    622 - Hospitals,,,00,000,16980,Chicago-Naperville-Elgin MSA,2022,000000,,1,1,22110.209172181996,28583.338413335,128.84103091297,27462.320540934,91379.22452274,164.49451275944,1.489281981577,2028.4499165791
1,2,    622 - Hospitals,,,00,000,16980,Chicago-Naperville-Elgin MSA,2023,000000,,1,1,23079.35894632,31275.706097981998,143.99160451085,30091.955485181003,94619.51749516999,197.5831644504,1.52426056295,2249.6241081615
1,2,    622 - Hospitals,,,00,000,16980,Chicago-Naperville-Elgin MSA,2024,000000,,1,1,23565.816279069,33006.908632964,153.31005137082,31992.484768928,96570.96638530999,219.35566137975,1.545547024673,2413.2967948271
1,2,    622 - Hospitals,,,00,000,17140,Cincinnati MSA,2020,000000,,1,1,1666.1256548024999,6629.2380542129995,24.850111073375,992.4683013814,42484.73772497201,46.105941353557,0.692328271219,632.6307671137
1,2,    622 - Hospitals,,,00,000,17140,Cincinnati MSA,2021,000000,,1,1,1695.1032092720002,6369.655079345999,22.684502502209998,1088.4198514795,43112.447900973,54.060364041655994,0.670119343943,660.9616233785
1,2,    622 - Hospitals,,,00,000,17140,Cincinnati MSA,2022,000000,,1,1,1801.1444666063999,6075.126005373,25.686229308563,1175.7377379251002,43005.829573744995,60.08448462896,0.6912135183770001,668.3165616556
1,2,    622 - Hospitals,,,00,000,17140,Cincinnati MSA,2023,000000,,1,1,2001.2958637822,6836.73364705,29.079159161169997,1331.3452868130998,43080.125600282,67.0239474234,0.713353780669,774.3287444221
1,2,    622 - Hospitals,,,00,000,17140,Cincinnati MSA,2024,000000,,1,1,2153.6278331241,7247.779367563,28.473138983271,1470.6725589833,43936.547457807996,74.60628650374,0.737813837172,813.6699737142999
1,2,    622 - Hospitals,,,00,000,18020,Columbus MSA,2020,000000,,1,1,1.37918500766,4.937212440712,0.0,2.02070573648,101.02633718460001,0.0,0.16326334218969998,0.0
1,2,    622 - Hospitals,,,00,000,18020,Columbus MSA,2021,000000,,1,1,1.93494076079,3.888060022154,0.0,2.33140709206,99.17873751714001,0.0,0.2948451042952,0.0
1,2,    622 - Hospitals,,,00,000,18020,Columbus MSA,2022,000000,,1,1,2.29225612811,3.5552273075,0.0,3.27546804191,95.36298954872,0.0,0.170588691075,1.04296100258
1,2,    622 - Hospitals,,,00,000,18020,Columbus MSA,2023,000000,,1,1,3.88245582903,3.90181999311,0.0,5.1473952535,95.4145840198,0.56420822924,0.24753503645,1.97488938096
1,2,    622 - Hospitals,,,00,000,18020,Columbus MSA,2024,000000,,1,1,4.164415721892,5.961848412382,0.0,6.21043262511,107.5009702333,0.588311487687,0.2614900475051,2.2127481619
1,2,    622 - Hospitals,,,00,000,21140,Elkhart-Goshen MSA,2020,000000,,1,1,90.26207983977,180.6948227751,0.547883266927,284.78750817440005,3162.734563898,2.8795708876,0.404635064226,39.00708709005
1,2,    622 - Hospitals,,,00,000,21140,Elkhart-Goshen MSA,2021,000000,,1,1,96.16302969016999,172.6599313328,0.730163051936,304.586966068,3052.2053555919997,2.9784997674639997,0.368088053503,41.73805960037
1,2,    622 - Hospitals,,,00,000,21140,Elkhart-Goshen MSA,2022,000000,,1,1,97.03661079852,183.32558517290002,0.0,319.8031763641,3013.890940883,5.716983521527,0.402973716793,51.8215931628
1,2,    622 - Hospitals,,,00,000,21140,Elkhart-Goshen MSA,2023,000000,,1,1,97.90964970797,203.8652456373,0.0,354.3830281006,2971.8689001840003,5.83369927213,0.43912160721,58.44591322425
1,2,    622 - Hospitals,,,00,000,21140,Elkhart-Goshen MSA,2024,000000,,1,1,101.23661553411,206.87731597939998,0.0,383.1495304356,2854.90568577,5.94954549436,0.45918315186299996,59.43841045581
1,2,    622 - Hospitals,,,00,000,21780,Evansville MSA,2020,000000,,1,1,147.98247945388,389.5953157156,2.75033753006,142.28335767497,7986.812283794,6.51513155056,0.33187065051590003,86.88679502302
1,2,    622 - Hospitals,,,00,000,21780,Evansville MSA,2021,000000,,1,1,155.57896694169,409.55502859736,3.74224170993,153.73209272664,8086.1515587369995,9.654522681529999,0.3059233747837,82.82720870238
1,2,    622 - Hospitals,,,00,000,21780,Evansville MSA,2022,000000,,1,1,156.95025003333,445.02434689160003,3.89386911024,171.17762084632,7963.439690853001,6.725407409264999,0.3040870699727,97.59231883128
1,2,    622 - Hospitals,,,00,000,21780,Evansville MSA,2023,000000,,1,1,166.29567620239,444.95652307864003,3.77864892382,185.335569087986,7740.828594344,9.46237558476,0.3201628852871,102.10664236449999
1,2,    622 - Hospitals,,,00,000,21780,Evansville MSA,2024,000000,,1,1,170.81223042652,455.48032462594,4.40055953774,193.30831970346,7459.136584706999,10.3689030517,0.3246107819301,107.65836746146
1,2,    622 - Hospitals,,,00,000,23060,Fort Wayne MSA,2020,000000,,1,1,370.04971764527,912.6861148276,8.88803163727,516.46376416494,13832.259328033,25.724522014,0.630491945639,213.59351004784
1,2,    622 - Hospitals,,,00,000,23060,Fort Wayne MSA,2021,000000,,1,1,421.04341021676896,912.9047858241,9.93826579066,577.24579789753,13966.1826136591,31.7277175408,0.5140987281239999,223.976557455722
1,2,    622 - Hospitals,,,00,000,23060,Fort Wayne MSA,2022,000000,,1,1,495.4532350347,1035.38710716908,10.3849905155,656.373570635261,14577.426942964601,37.9215868169,0.417585444976,238.27704779468
1,2,    622 - Hospitals,,,00,000,23060,Fort Wayne MSA,2023,000000,,1,1,542.22446248392,1108.41234899536,13.6949821909,738.6066784998301,14991.9270533345,36.2807531338,0.638697361913,261.92979597875006
1,2,    622 - Hospitals,,,00,000,23060,Fort Wayne MSA,2024,000000,,1,1,569.7467027022799,1124.4623921607,13.3578177832,777.10594132629,14767.6247754956,38.9144937253,0.637529807656,263.26291125033
1,2,    622 - Hospitals,,,00,000,26900,Indianapolis-Carmel-Greenwood MSA,2020,000000,,1,1,1036.0152370285,5841.937841044,18.714919350815,1266.0254544724,33397.888928813,55.99466868167,0.7860781159629999,521.8290150626
1,2,    622 - Hospitals,,,00,000,26900,Indianapolis-Carmel-Greenwood MSA,2021,000000,,1,1,1130.6638048819002,6182.574240503,15.362400951103,1377.4599536292,33824.950868129,58.637165646153,0.786295884701,570.7440564071
1,2,    622 - Hospitals,,,00,000,26900,Indianapolis-Carmel-Greenwood MSA,2022,000000,,1,1,1235.3996141817,6296.560920158,14.581776091,1539.1081466804999,34178.894926598,71.42237211086001,0.8148320019949999,584.1992066892
1,2,    622 - Hospitals,,,00,000,26900,Indianapolis-Carmel-Greenwood MSA,2023,000000,,1,1,1258.2963425660998,6401.0928849150005,16.645691130271,1593.3376497361,32850.845464715,77.48146325791001,0.893322355836,593.4590031025
1,2,    622 - Hospitals,,,00,000,26900,Indianapolis-Carmel-Greenwood MSA,2024,000000,,1,1,1301.6069187746002,6601.538177403999,19.429699479740002,1673.9450352355,32486.199141205,82.15482037477,0.9307875244029999,614.7799303463
1,2,    622 - Hospitals,,,00,000,29020,Kokomo MSA,2020,000000,,1,1,41.4674484486,113.481195212,0.0,38.3464530567,1366.9028927484999,2.63476994161,0.138231078838,22.8936451637
1,2,    622 - Hospitals,,,00,000,29020,Kokomo MSA,2021,000000,,1,1,39.4560839336,109.554577545,0.0,36.721351499,1264.2836318,4.50190172474,0.144485347775,23.2872210874
1,2,    622 - Hospitals,,,00,000,29020,Kokomo MSA,2022,000000,,1,1,40.5383674371,118.742467778,0.0,41.3067948621,1282.3054355,3.40674250934,0.151763343117,25.4309395708
1,2,    622 - Hospitals,,,00,000,29020,Kokomo MSA,2023,000000,,1,1,33.2299417892,122.138067791,0.0,40.8413524372,1189.29591634,3.99580943779,0.157090970077,21.4411065814
1,2,    622 - Hospitals,,,00,000,29020,Kokomo MSA,2024,000000,,1,1,34.1419002187,129.877555092,1.03879224319,44.5399101569,1210.74452883,3.998083267,0.164294012686,24.427753105
1,2,    622 - Hospitals,,,00,000,29200,Lafayette-West Lafayette MSA,2020,000000,,1,1,162.04867444404,248.54214652226,3.75118965337,266.28169230881,4717.781181624,3.1597083282,0.415606284451,48.71810463718
1,2,    622 - Hospitals,,,00,000,29200,Lafayette-West Lafayette MSA,2021,000000,,1,1,197.96195872385,231.75730611238,5.29083158006,265.58719671287,4533.6776746040005,4.76257538218,0.476743575189,58.016593437210005
1,2,    622 - Hospitals,,,00,000,29200,Lafayette-West Lafayette MSA,2022,000000,,1,1,187.63544317091998,255.52094659308,3.44259717888,271.57064029146,4444.055823146,4.63036105545,0.46397641642500004,70.39437921710001
1,2,    622 - Hospitals,,,00,000,29200,Lafayette-West Lafayette MSA,2023,000000,,1,1,171.73602764985,255.7174394032,3.46011229115,262.28907880834,4058.423450603,5.04517256783,0.46922563510799997,60.88031697768999
1,2,    622 - Hospitals,,,00,000,29200,Lafayette-West Lafayette MSA,2024,000000,,1,1,177.27018568558,262.80256430088,3.29874950086,277.66292694965,4027.539537269,5.47785452647,0.446870523988,56.81241775379
1,2,    622 - Hospitals,,,00,000,31140,Louisville/Jefferson County MSA,2020,000000,,1,1,635.729782431,4361.0260337790005,10.352104029296001,712.9858402722999,23140.679120009998,48.96784558705,0.696150920833,395.230156336
1,2,    622 - Hospitals,,,00,000,31140,Louisville/Jefferson County MSA,2021,000000,,1,1,681.0170616860999,4179.222626772,10.78359231876,747.4307149202,24066.075256769996,44.90806476812,0.7270111555829999,444.2805028148
1,2,    622 - Hospitals,,,00,000,31140,Louisville/Jefferson County MSA,2022,000000,,1,1,784.1330530902001,4871.919809802999,11.65123310404,855.8025983915999,24262.72619042,50.57212497153,0.75047208319,490.6300933082
1,2,    622 - Hospitals,,,00,000,31140,Louisville/Jefferson County MSA,2023,000000,,1,1,1030.2526099811,5344.1319647010005,16.66774118642,1019.3744906361999,25245.25966015,59.50575405468,0.798378436005,574.8070928331
1,2,    622 - Hospitals,,,00,000,31140,Louisville/Jefferson County MSA,2024,000000,,1,1,1204.7468523851999,5740.464103789,20.400405660139995,1149.0347362734,25937.176714920002,58.15679207102001,0.8554680114519999,641.9639982466999
1,2,    622 - Hospitals,,,00,000,33140,Michigan City-La Porte MSA,2020,000000,,1,1,44.8568007075,127.586092891,0.665806565524,128.366267424,1490.35780357,1.7803384955,0.179261140472,22.2602174933
1,2,    622 - Hospitals,,,00,000,33140,Michigan City-La Porte MSA,2021,000000,,1,1,48.6907017282,92.3282146361,0.0,123.885610831,1404.69435479,0.0,0.170149384493,23.1086108348
1,2,    622 - Hospitals,,,00,000,33140,Michigan City-La Porte MSA,2022,000000,,1,1,43.8702477353,112.042190102,0.0,125.757789378,1394.79016551,1.64234876871,0.177773215332,18.254263067
1,2,    622 - Hospitals,,,00,000,33140,Michigan City-La Porte MSA,2023,000000,,1,1,35.5838646094,124.020483258,0.0,130.720825812,1458.53488879,3.29729872067,0.176138994644,18.2078816218
1,2,    622 - Hospitals,,,00,000,33140,Michigan City-La Porte MSA,2024,000000,,1,1,36.4664483187,126.156892463,0.523119714001,129.370664442,1434.3664049,2.63502171743,0.180041019112,19.7962780067
1,2,    622 - Hospitals,,,00,000,34620,Muncie MSA,2020,000000,,1,1,37.6606252397,96.01122143901999,2.66386078824,36.63326824199,2194.0384483448,4.45932408536,0.14114099100869998,19.2001375135
1,2,    622 - Hospitals,,,00,000,34620,Muncie MSA,2021,000000,,1,1,36.45908137972,100.62092653797,2.66292438361,40.42653109174,2136.8143984078,4.17603216723,0.1999673490054,23.12930786217
1,2,    622 - Hospitals,,,00,000,34620,Muncie MSA,2022,000000,,1,1,31.89878779147,89.51884213826,1.6743664948,44.47809052088,2093.4447844677998,2.70918214611,0.1781425941194,31.54539237131
1,2,    622 - Hospitals,,,00,000,34620,Muncie MSA,2023,000000,,1,1,22.889834863249998,84.5177579025,0.0,41.6523682483,1827.05692249,2.09719204922,0.2182237576178,28.13323330575
1,2,    622 - Hospitals,,,00,000,34620,Muncie MSA,2024,000000,,1,1,31.13858936644,86.1108703156,0.0,44.7255879517,1788.482399066,1.59929423291,0.24853475170040001,27.944920221879997
1,2,    622 - Hospitals,,,00,000,43780,South Bend-Mishawaka MSA,2020,000000,,1,1,139.61649875272002,809.6222918359999,0.794342009837,324.4353726979,4916.186671501,11.99126261439,0.679473125635,87.89753965724
1,2,    622 - Hospitals,,,00,000,43780,South Bend-Mishawaka MSA,2021,000000,,1,1,159.97397891465,753.929156918,0.785758619921,335.8389051091,4862.114530954001,14.52243104137,0.609792243962,87.65735352332
1,2,    622 - Hospitals,,,00,000,43780,South Bend-Mishawaka MSA,2022,000000,,1,1,191.1794518519,813.2441881039999,1.85058381114,384.9844678437,5079.6047234200005,10.72879018471,0.641721773986,101.42028145142001
1,2,    622 - Hospitals,,,00,000,43780,South Bend-Mishawaka MSA,2023,000000,,1,1,220.1641131295,930.047626098,2.442010688619,487.1988353392,5789.9862078080005,13.60090042045,0.695237560887,115.83036508718999
1,2,    622 - Hospitals,,,00,000,43780,South Bend-Mishawaka MSA,2024,000000,,1,1,227.1424492722,923.58196547,2.86603559743,515.4919525864,5680.552776657,15.290146178539999,0.706138989303,115.3021458584
1,2,    622 - Hospitals,,,00,000,45460,Terre Haute MSA,2020,000000,,1,1,58.650567002769996,86.8206453514,4.19467553558,42.489402861200006,2787.140160085,4.54267783796,0.1974880250148,34.18026029097
1,2,    622 - Hospitals,,,00,000,45460,Terre Haute MSA,2021,000000,,1,1,63.15110309588,91.410475786,3.2214212729,40.4798724897,2797.511805573,6.53196557593,0.190419592498,35.487335890459995
1,2,    622 - Hospitals,,,00,000,45460,Terre Haute MSA,2022,000000,,1,1,64.34263180306,95.23545336888,3.99940169884,40.947397329649995,3045.9713499930003,6.62102795521,0.1858337318823,42.96877665771
1,2,    622 - Hospitals,,,00,000,45460,Terre Haute MSA,2023,000000,,1,1,59.238049856070006,95.4805712694,2.53668421114,38.13444825432,2878.579788213,5.70869639173,0.2243031219057,46.635952466170004
1,2,    622 - Hospitals,,,00,000,45460,Terre Haute MSA,2024,000000,,1,1,65.95576691738,112.4137102805,3.70511748827,47.34015862928,3038.5802659670003,6.22109406296,0.24317364568580002,45.69161997675
1,2,    622 - Hospitals,,,18,000,00000,Indiana,2020,000000,,1,1,2924.5129332048996,11928.505840409,51.361202145515,5281.056452498,103551.52554527,164.41075932060002,0.663086713174,1411.6226921608002
1,2,    622 - Hospitals,,,18,000,00000,Indiana,2021,000000,,1,1,3161.0884855061,12123.75899301,49.95552460068,5546.1722418157,103657.62234449,178.97723089062998,0.662241201094,1514.2004435405
1,2,    622 - Hospitals,,,18,000,00000,Indiana,2022,000000,,1,1,3384.5141286965,12217.686007826,51.0717513957,5890.619732780699,104429.84632482001,189.07838370112,0.650357994865,1597.5121753532
1,2,    622 - Hospitals,,,18,000,00000,Indiana,2023,000000,,1,1,3528.8145199635,12681.224896846,57.42615846193,6281.216863207,103151.89330357002,197.52352372955,0.6854429908870001,1676.2923652532002
1,2,    622 - Hospitals,,,18,000,00000,Indiana,2024,000000,,1,1,3651.7531046878003,13075.469482661,63.42300002521,6647.915233919,102065.71875954,209.20070467618999,0.7150165075880001,1739.3189884519002
1,3,    623 - Nursing and Residential Care,,,0,000,00000,United States,2020,000000,,1,1,181150.28880466998,896669.5846371001,8165.101403021,398419.08131840004,1652831.2638893,19832.02633236,2.917990230948,54992.24217806
1,3,    623 - Nursing and Residential Care,,,0,000,00000,United States,2021,000000,,1,1,178699.06732834998,836344.4925147999,7896.833704987,391883.8449118,1589246.4771476,18687.2246459,2.908991956973,53886.31376536
1,3,    623 - Nursing and Residential Care,,,0,000,00000,United States,2022,000000,,1,1,176520.90344746,835536.1177365,7969.532495519001,398124.5449205001,1535772.1726896,18712.143848289,2.960930097367,53912.13684485
1,3,    623 - Nursing and Residential Care,,,0,000,00000,United States,2023,000000,,1,1,184032.95715172,899350.5370744,8689.838464123,432036.08510559995,1587686.3885642,19970.840023239998,3.014297809853,59640.56052895999
1,3,    623 - Nursing and Residential Care,,,0,000,00000,United States,2024,000000,,1,1,194099.95320925,957170.9601812001,9348.726494555,460358.94301930006,1646758.9639815998,21120.248742425,3.048134000149,64119.507231740004
1,3,    623 - Nursing and Residential Care,,,00,000,14020,Bloomington MSA,2020,000000,,1,1,23.78548621389,120.15091314989,0.0,44.00061949893,1392.4732389215,3.510431695717,0.7542559344709999,28.182055642940004
1,3,    623 - Nursing and Residential Care,,,00,000,14020,Bloomington MSA,2021,000000,,1,1,24.76603770346,102.444039958,0.0,46.78278971446,1266.0125234440002,2.0336125227,0.748363097439,24.04986316131
1,3,    623 - Nursing and Residential Care,,,00,000,14020,Bloomington MSA,2022,000000,,1,1,22.844567965722,108.5705275669,0.0,52.007454753889995,1255.831016027,1.68582283697,0.74988599965,22.34937524043
1,3,    623 - Nursing and Residential Care,,,00,000,14020,Bloomington MSA,2023,000000,,1,1,29.738693770189997,130.4713329558,0.0,54.43756422524999,1314.854289874,1.3775356088,0.832187306275,29.05585617148
1,3,    623 - Nursing and Residential Care,,,00,000,14020,Bloomington MSA,2024,000000,,1,1,37.64676735867,149.20497360939999,0.0,62.617202619429996,1383.928617288,2.314809240136,0.909552837597,39.40709280487
1,3,    623 - Nursing and Residential Care,,,00,000,16980,Chicago-Naperville-Elgin MSA,2020,000000,,1,1,10065.528719641,29813.233982919995,109.08338283223999,14152.823273232,30589.600192239996,140.11351373192002,3.6403630508449996,999.2726530235999
1,3,    623 - Nursing and Residential Care,,,00,000,16980,Chicago-Naperville-Elgin MSA,2021,000000,,1,1,9857.651323290998,26995.308555490003,112.59166721811,13894.733882206,30376.33785038,140.46840018747,3.5784151416550003,973.0341998879001
1,3,    623 - Nursing and Residential Care,,,00,000,16980,Chicago-Naperville-Elgin MSA,2022,000000,,1,1,9604.609176728,27003.26245421,104.74844520669001,13673.529324186002,29152.81741868,135.38438715213002,3.6401095307430005,978.4100453724001
1,3,    623 - Nursing and Residential Care,,,00,000,16980,Chicago-Naperville-Elgin MSA,2023,000000,,1,1,9682.852700092,29773.496001559994,116.68709278886,14843.306905402,29982.79126544,153.47197524966003,3.6934023953480004,1072.985026333
1,3,    623 - Nursing and Residential Care,,,00,000,16980,Chicago-Naperville-Elgin MSA,2024,000000,,1,1,9827.806529926002,31446.31531874,130.98559861609,15929.364204600999,30324.32475183,161.57081357311,3.7531177773690008,1134.2395560941
1,3,    623 - Nursing and Residential Care,,,00,000,17140,Cincinnati MSA,2020,000000,,1,1,328.83461350155005,8359.638977273,58.18522808175,418.1258457913,16353.485365833,36.17206011900001,2.3236195951339997,408.9190099333
1,3,    623 - Nursing and Residential Care,,,00,000,17140,Cincinnati MSA,2021,000000,,1,1,327.27506115557,7746.561162765999,61.789958225115996,439.20044594819996,15580.051174448,43.527999537462,2.329163465682,400.46864635429995
1,3,    623 - Nursing and Residential Care,,,00,000,17140,Cincinnati MSA,2022,000000,,1,1,371.23248006211,7826.717399101999,68.62018198057,437.69816971859996,15175.123774509002,42.95737511757,2.407202615223,420.1031549829
1,3,    623 - Nursing and Residential Care,,,00,000,17140,Cincinnati MSA,2023,000000,,1,1,474.17185562976994,8961.717712833,76.70144950834,527.5767529825,15987.410534457,50.87926856437,2.477546028858,494.847370349
1,3,    623 - Nursing and Residential Care,,,00,000,17140,Cincinnati MSA,2024,000000,,1,1,490.30953246200005,9779.209219908,88.91895525614,640.8075145733001,16497.994250097,54.10137481294,2.564911015779,542.1645287055001
1,3,    623 - Nursing and Residential Care,,,00,000,18020,Columbus MSA,2020,000000,,1,1,6.59827845238,45.041074594979996,0.0,17.438470394478998,414.1370492409,1.63190967517,0.575054938678,6.379800339478
1,3,    623 - Nursing and Residential Care,,,00,000,18020,Columbus MSA,2021,000000,,1,1,6.321716283160001,41.230455941600006,0.0,19.355206266027,364.0098289599,0.935217271972,0.574147053543,6.12260009113
1,3,    623 - Nursing and Residential Care,,,00,000,18020,Columbus MSA,2022,000000,,1,1,6.84067248983,47.546380897880006,0.0,21.280721417480002,350.9165828075,0.0,0.725116047525,8.12931628018
1,3,    623 - Nursing and Residential Care,,,00,000,18020,Columbus MSA,2023,000000,,1,1,8.01056180548,58.505719168300004,0.0,24.3451939953,400.72759638049996,1.81945842714,0.733409641785,8.12111421453
1,3,    623 - Nursing and Residential Care,,,00,000,18020,Columbus MSA,2024,000000,,1,1,6.91054916178,57.01501439393,0.0,25.334929292627997,393.5234069034,2.17211235045,0.6252709592229999,8.132064757164
1,3,    623 - Nursing and Residential Care,,,00,000,21140,Elkhart-Goshen MSA,2020,000000,,1,1,34.70631780478,336.20142869280005,2.44554795476,192.96673114063,1599.4170922419999,7.602087798198,0.959728962695,41.52644552663
1,3,    623 - Nursing and Residential Care,,,00,000,21140,Elkhart-Goshen MSA,2021,000000,,1,1,34.75017494194,274.9998691839,2.8291048426899996,154.93790991509002,1456.0185232049998,7.103413869165999,0.899760776182,38.84612062509
1,3,    623 - Nursing and Residential Care,,,00,000,21140,Elkhart-Goshen MSA,2022,000000,,1,1,39.46923598493,292.2132406119,3.1681637624179997,145.885981377,1331.957764728,6.328817050001001,0.9374795724949999,36.04828633376
1,3,    623 - Nursing and Residential Care,,,00,000,21140,Elkhart-Goshen MSA,2023,000000,,1,1,50.622569038929996,401.2443811636,4.295803874939,176.3147853938,1368.793491652,7.190233893515,1.136982633626,42.122583415579996
1,3,    623 - Nursing and Residential Care,,,00,000,21140,Elkhart-Goshen MSA,2024,000000,,1,1,53.85911871953,460.85975893119996,4.667843561779,208.20682816549999,1440.77954342,6.180767069100001,1.2193681555,53.99362274035
1,3,    623 - Nursing and Residential Care,,,00,000,21780,Evansville MSA,2020,000000,,1,1,38.50171851524,728.6651437359001,3.23718571839,76.44488929398,3084.626747636,9.53272936082,1.5784342461729999,82.12697616499
1,3,    623 - Nursing and Residential Care,,,00,000,21780,Evansville MSA,2021,000000,,1,1,36.83075556059,643.4396968194001,5.919176750847,73.5822653363,2881.600521722,7.415727023951,1.5779324611949999,79.91053406836998
1,3,    623 - Nursing and Residential Care,,,00,000,21780,Evansville MSA,2022,000000,,1,1,44.945895339433996,681.949385253,5.673519992091,85.63545258974,2791.03752497,6.143971681257,1.662236244987,85.48196659237
1,3,    623 - Nursing and Residential Care,,,00,000,21780,Evansville MSA,2023,000000,,1,1,57.73370545131,761.5585584777001,9.092714014389,102.8089180984,2882.4774975160003,5.510435614464,1.727897584537,94.46301188444
1,3,    623 - Nursing and Residential Care,,,00,000,21780,Evansville MSA,2024,000000,,1,1,57.62546497121,780.1617406104,8.067773374371,104.91231293609,2940.818514818,4.263506537744,1.7198460006679999,103.6829126105
1,3,    623 - Nursing and Residential Care,,,00,000,23060,Fort Wayne MSA,2020,000000,,1,1,126.68332495538598,1617.5111877348,1.54769978076,275.03554524885993,3732.561801984,12.215949440758,2.219596400476,134.05796540289998
1,3,    623 - Nursing and Residential Care,,,00,000,23060,Fort Wayne MSA,2021,000000,,1,1,112.40989643166,1454.2449145163,1.375853127504,257.23517413463003,3463.043286929,11.208111562602001,2.31680247065,134.57374997454
1,3,    623 - Nursing and Residential Care,,,00,000,23060,Fort Wayne MSA,2022,000000,,1,1,129.40320265451,1481.8334467335999,2.25363075043,265.53456439244,3176.6995201767004,8.618962086284,2.4585559578039997,140.06057911279004
1,3,    623 - Nursing and Residential Care,,,00,000,23060,Fort Wayne MSA,2023,000000,,1,1,151.45407570472,1690.84002860374,2.234038582111,329.65150970597,3285.1268335741997,12.84497379489,2.42763561925,163.44265172167002
1,3,    623 - Nursing and Residential Care,,,00,000,23060,Fort Wayne MSA,2024,000000,,1,1,157.06846828229402,1735.6148737624999,4.171435727192,340.40796556455996,3336.7403466220003,13.238710897949,2.485010633134,161.13800311183
1,3,    623 - Nursing and Residential Care,,,00,000,26900,Indianapolis-Carmel-Greenwood MSA,2020,000000,,1,1,437.79572876315,6709.544993897,20.371821911299,712.8563986728001,12941.095599486,37.85281735789,2.452518364556,353.1091414864
1,3,    623 - Nursing and Residential Care,,,00,000,26900,Indianapolis-Carmel-Greenwood MSA,2021,000000,,1,1,465.2295994258,6203.642687314,25.21852687269,720.0238088757001,12714.502374077,39.75454556875,2.3783651004629998,349.2826999531
1,3,    623 - Nursing and Residential Care,,,00,000,26900,Indianapolis-Carmel-Greenwood MSA,2022,000000,,1,1,512.2395525661,6656.130627916999,27.505917578867,778.6666685128,12781.350173355,37.58966319356,2.4349889599649996,375.9746032466
1,3,    623 - Nursing and Residential Care,,,00,000,26900,Indianapolis-Carmel-Greenwood MSA,2023,000000,,1,1,572.2381850390999,7434.954388052,30.72102468939,897.1962355093,13307.640129952,37.486772622008004,2.522513898694,422.97626858670003
1,3,    623 - Nursing and Residential Care,,,00,000,26900,Indianapolis-Carmel-Greenwood MSA,2024,000000,,1,1,586.2032425152,7668.04916655,35.65912611412,983.8060716167001,13445.623934593,38.06593077459,2.5671937482300002,439.34880936210004
1,3,    623 - Nursing and Residential Care,,,00,000,29020,Kokomo MSA,2020,000000,,1,1,16.474246720708,179.880183842581,0.0,38.28514260238,740.4382648023999,1.6660178536,2.1023944204180003,16.680411366302998
1,3,    623 - Nursing and Residential Care,,,00,000,29020,Kokomo MSA,2021,000000,,1,1,18.04667929683,174.33247219347,0.0,36.447944048053,742.87145014667,0.0,1.543556432884,20.02457279034
1,3,    623 - Nursing and Residential Care,,,00,000,29020,Kokomo MSA,2022,000000,,1,1,21.170982477211997,191.87624843064,0.0,37.089042525487,772.9053143856999,0.0,1.544332914036,19.793356666229997
1,3,    623 - Nursing and Residential Care,,,00,000,29020,Kokomo MSA,2023,000000,,1,1,21.522837749064,213.53547218277004,0.0,48.599218073262,843.9929465861,0.94248934873,1.534504160964,19.176918966392
1,3,    623 - Nursing and Residential Care,,,00,000,29020,Kokomo MSA,2024,000000,,1,1,20.700227908739997,215.45538708939998,0.0,53.61244283066001,870.7626841096,2.6383979524630004,1.493317865083,24.40264511302
1,3,    623 - Nursing and Residential Care,,,00,000,29200,Lafayette-West Lafayette MSA,2020,000000,,1,1,45.16159403685,297.1029585472,1.87312156531,102.20580377397002,1619.291188523,2.23141978367,1.513057475318,31.333493815299995
1,3,    623 - Nursing and Residential Care,,,00,000,29200,Lafayette-West Lafayette MSA,2021,000000,,1,1,46.7617050421,279.4331661465,0.538990072575,93.50439121457,1526.6715620881,1.25303755259,1.493304480604,29.343012330889998
1,3,    623 - Nursing and Residential Care,,,00,000,29200,Lafayette-West Lafayette MSA,2022,000000,,1,1,45.188470429913004,309.65093403884,0.0,102.23105213333501,1479.9872314294998,2.19110791741,1.6295002457680001,31.036920032983
1,3,    623 - Nursing and Residential Care,,,00,000,29200,Lafayette-West Lafayette MSA,2023,000000,,1,1,56.190374628752004,341.4782676847,0.0,119.01428148405999,1495.1414684133,3.51578504654,1.714256451222,32.475842979225995
1,3,    623 - Nursing and Residential Care,,,00,000,29200,Lafayette-West Lafayette MSA,2024,000000,,1,1,57.316073664615,350.46434771689997,0.0,126.43665042167001,1496.8009453613997,4.012003214704,1.747881051017,40.5330678435
1,3,    623 - Nursing and Residential Care,,,00,000,31140,Louisville/Jefferson County MSA,2020,000000,,1,1,226.34758794820002,3763.52737873,20.64182196184,510.1400490296,8708.671747365,25.428144333309998,2.1404531244869998,255.9441349252
1,3,    623 - Nursing and Residential Care,,,00,000,31140,Louisville/Jefferson County MSA,2021,000000,,1,1,221.0702312613,3390.2056610229997,22.14764535505,591.0199739499,8527.918396366,28.02812680582,2.065680035292,249.1101253859
1,3,    623 - Nursing and Residential Care,,,00,000,31140,Louisville/Jefferson County MSA,2022,000000,,1,1,220.06984607812,3398.001743258,20.338255839179997,692.0179939703,8360.231585439,29.813296452993,2.124385652818,246.4652205897
1,3,    623 - Nursing and Residential Care,,,00,000,31140,Louisville/Jefferson County MSA,2023,000000,,1,1,233.16701102343,3769.184483588,20.142392047328002,871.3616753356999,8689.5886155,24.434695965172,2.258967765864,281.8830441771
1,3,    623 - Nursing and Residential Care,,,00,000,31140,Louisville/Jefferson County MSA,2024,000000,,1,1,268.10503819599995,4034.7268477400003,24.475642890283,1025.7605702642,9192.266312886,30.11809699335,2.315432484034,292.9950841181
1,3,    623 - Nursing and Residential Care,,,00,000,33140,Michigan City-La Porte MSA,2020,000000,,1,1,6.486273151984999,236.02045590189,0.0,39.76474159216,531.04309027108,0.770310498593,2.15407220671,18.196343491721
1,3,    623 - Nursing and Residential Care,,,00,000,33140,Michigan City-La Porte MSA,2021,000000,,1,1,7.317270423378,291.47684403123003,0.0,47.141779991481,561.5096123163,1.967275275359,2.419366709428,17.106075490673
1,3,    623 - Nursing and Residential Care,,,00,000,33140,Michigan City-La Porte MSA,2022,000000,,1,1,10.769115059640999,326.44319349896,0.0,61.143581044170006,535.462474009,1.220609649575,2.68573178873,21.871046981825998
1,3,    623 - Nursing and Residential Care,,,00,000,33140,Michigan City-La Porte MSA,2023,000000,,1,1,17.914363110846,317.5509279651,0.0,60.3513919576,564.5766148271999,1.00194270378,2.56636161559,20.902651549821996
1,3,    623 - Nursing and Residential Care,,,00,000,33140,Michigan City-La Porte MSA,2024,000000,,1,1,19.8513026149,292.05472141947996,0.0,56.42730283676,566.5175494988,1.44729503507,2.4982681627420003,20.25147194009
1,3,    623 - Nursing and Residential Care,,,00,000,34620,Muncie MSA,2020,000000,,1,1,16.830317975186997,270.2456769511,1.31016134683,44.039275128460005,1704.6951661873,5.438597053636,1.2829316006940004,39.38203479619
1,3,    623 - Nursing and Residential Care,,,00,000,34620,Muncie MSA,2021,000000,,1,1,16.942370869601,276.6661669807,1.0140709114400002,46.559751501192004,1568.1779221640002,5.1448971971,1.372743314848,39.87002349896
1,3,    623 - Nursing and Residential Care,,,00,000,34620,Muncie MSA,2022,000000,,1,1,18.6315669694,281.9387999653,0.0,47.484211833429,1553.198187462,3.557718222366,1.3574290022070001,56.731742735953006
1,3,    623 - Nursing and Residential Care,,,00,000,34620,Muncie MSA,2023,000000,,1,1,19.669001889546998,302.9205446985,0.0,55.13687065555,1576.2896591474002,6.041247159360001,1.727111782726,68.92139312594
1,3,    623 - Nursing and Residential Care,,,00,000,34620,Muncie MSA,2024,000000,,1,1,23.88757055297,315.14890085665996,1.122936581347,59.43436806531,1597.49162978394,6.843328700417,1.4637138331300001,65.95565648476001
1,3,    623 - Nursing and Residential Care,,,00,000,43780,South Bend-Mishawaka MSA,2020,000000,,1,1,80.12585145208,1197.6272695104,1.3664648470060001,191.37202873518,2075.9769637191,10.026918540909001,2.6487574024610003,70.13752213114
1,3,    623 - Nursing and Residential Care,,,00,000,43780,South Bend-Mishawaka MSA,2021,000000,,1,1,91.54445795598001,1110.0924768843001,2.76527121695,181.30849348313998,1958.7421703662,7.121887311055,2.66284875024,70.42871099903
1,3,    623 - Nursing and Residential Care,,,00,000,43780,South Bend-Mishawaka MSA,2022,000000,,1,1,91.92321933251,1128.6218709226998,2.749810525955,189.62914994669995,1873.486806639,6.960696682109,2.652232856711,70.40580880929001
1,3,    623 - Nursing and Residential Care,,,00,000,43780,South Bend-Mishawaka MSA,2023,000000,,1,1,112.83926170563,1302.1721055809999,5.057509984453,221.2511126353,1952.468131573,7.504825940468999,2.7862997005329997,86.47906846146999
1,3,    623 - Nursing and Residential Care,,,00,000,43780,South Bend-Mishawaka MSA,2024,000000,,1,1,118.15601192919999,1365.1727371591003,5.064070984352,248.9990750473,2031.8123239870001,8.913671278318,2.758673889854,94.3911455828
1,3,    623 - Nursing and Residential Care,,,00,000,45460,Terre Haute MSA,2020,000000,,1,1,24.122524655036,265.82336810841997,0.0,59.19493601948,2014.282032173,3.867665664608,0.938281546532,55.13694212984101
1,3,    623 - Nursing and Residential Care,,,00,000,45460,Terre Haute MSA,2021,000000,,1,1,21.287850560448998,250.93285342090002,0.0,46.14628717973,1906.89748205,5.05945794436,0.979679254633,59.28840626787001
1,3,    623 - Nursing and Residential Care,,,00,000,45460,Terre Haute MSA,2022,000000,,1,1,23.285091234082,231.20475274609998,0.0,52.131677114620004,1840.3992079098,4.9788323053529995,0.9577864830309999,56.39011783638
1,3,    623 - Nursing and Residential Care,,,00,000,45460,Terre Haute MSA,2023,000000,,1,1,28.88103129258,240.65903247508004,0.0,67.09842057461,1979.5114108209,5.619835424,0.8893990126629999,60.0309268488
1,3,    623 - Nursing and Residential Care,,,00,000,45460,Terre Haute MSA,2024,000000,,1,1,31.463045922125,254.19216428306,0.0,72.26612477246,1993.5045266784,7.462896071974,0.908107145431,61.01948188033
1,3,    623 - Nursing and Residential Care,,,18,000,00000,Indiana,2020,000000,,1,1,1174.8379879579,15979.598368285,40.159412524779,3037.02452041,54989.506429940004,184.15910477978002,1.866139497935,1277.6483620203
1,3,    623 - Nursing and Residential Care,,,18,000,00000,Indiana,2021,000000,,1,1,1203.643499349,14773.308371886,44.57712719667,2891.3483845849996,51826.99209294001,166.33750230108998,1.842857692625,1220.8183965478
1,3,    623 - Nursing and Residential Care,,,18,000,00000,Indiana,2022,000000,,1,1,1316.958553022,15541.496811975001,49.35921112613,3044.980374111,50715.96610185001,156.23474299515001,1.9061488763549999,1307.4374247701999
1,3,    623 - Nursing and Residential Care,,,18,000,00000,Indiana,2023,000000,,1,1,1515.2014635355004,17512.445414098,60.61126647764,3536.7473891669997,53198.42797025,181.84814472933,1.9877567380960002,1486.6941568827
1,3,    623 - Nursing and Residential Care,,,18,000,00000,Indiana,2024,000000,,1,1,1601.5724468583,18219.947957525997,70.71495463549002,3866.0285581059998,54845.66665299,192.76718072284996,1.9863197041279999,1582.5409246315
2,1,    621 - Ambulatory Care,,,0,000,00000,United States,2020,621111,Offices of Physicians (except Mental Health Specialists),2,2,196415.532247,243019.050536,3273.9290516,387926.789041,1688754.86605,10619.7279547,0.342267495479,37530.6393642
2,1,    621 - Ambulatory Care,,,0,000,00000,United States,2020,621112,"Offices of Physicians, Mental Health Specialists",2,2,5147.44140278,5670.03276204,58.2481991352,9709.4505346,36452.6258849,128.547789053,0.371163372358,802.010044319
2,1,    621 - Ambulatory Care,,,0,000,00000,United States,2020,621210,Offices of Dentists,2,2,64709.7681212,44186.3987397,1156.95974713,161568.574945,600782.68693,3286.39157801,0.324486038024,13680.4553947
2,1,    621 - Ambulatory Care,,,0,000,00000,United States,2020,621310,Offices of Chiropractors,2,2,7095.27713534,8937.24354044,119.877704203,15615.9157226,100485.112554,421.325280912,0.254078082939,2037.89057319
2,1,    621 - Ambulatory Care,,,0,000,00000,United States,2020,621320,Offices of Optometrists,2,2,7554.31357016,9102.33584658,120.957329376,16416.1715386,97215.4886892,465.051330474,0.26848470714,2021.72589063
2,1,    621 - Ambulatory Care,,,0,000,00000,United States,2020,621330,Offices of Mental Health Practitioners (except Physicians),2,2,8885.71583019,9178.92231178,165.179787105,18350.7754496,85358.347722,343.58636796,0.31412666251,2169.52957503
2,1,    621 - Ambulatory Care,,,0,000,00000,United States,2020,621340,"Offices of Physical, Occupational and Speech Therapists, and Audiologists",2,2,23457.1405306,28623.7429742,425.912506991,49457.8462522,276747.763773,1310.56654109,0.28351547926,6234.86797839
2,1,    621 - Ambulatory Care,,,0,000,00000,United States,2020,621391,Offices of Podiatrists,2,2,1848.78534046,2593.00071065,11.1858697156,4036.38027455,23677.7867227,36.0244895635,0.273566780281,391.418007382
2,1,    621 - Ambulatory Care,,,0,000,00000,United States,2020,621399,Offices of All Other Miscellaneous Health Practitioners,2,2,6963.16369727,9201.56164128,138.122125183,15128.5683056,76306.1681577,328.122036773,0.306441757993,1955.57781032
2,1,    621 - Ambulatory Care,,,0,000,00000,United States,2020,621410,Family Planning Centers,2,2,2404.75431666,4096.08357667,34.1266419847,4137.59314172,12854.7275769,54.2508738323,0.463408177643,374.713373792
2,1,    621 - Ambulatory Care,,,0,000,00000,United States,2020,621420,Outpatient Mental Health and Substance Abuse Centers,2,2,16028.7639405,38892.9711914,343.534636467,32576.0669474,162295.084689,1675.06465028,0.366414108732,4341.7631347
2,1,    621 - Ambulatory Care,,,0,000,00000,United States,2020,621491,HMO Medical Centers,2,2,39466.8672759,23025.2693508,1024.01104146,53757.7732556,82938.9128608,846.637936483,0.597649850002,5076.68322058
2,1,    621 - Ambulatory Care,,,0,000,00000,United States,2020,621492,Kidney Dialysis Centers,2,2,10890.1554929,25720.5872064,234.09871022,21842.102844,71883.581735,604.564012398,0.460973159846,2182.98492254
2,1,    621 - Ambulatory Care,,,0,000,00000,United States,2020,621493,Freestanding Ambulatory Surgical and Emergency Centers,2,2,11964.2219285,24296.9820895,208.07973052,26192.6703988,93972.4833854,1478.81860937,0.415294052735,2604.25293243
2,1,    621 - Ambulatory Care,,,0,000,00000,United States,2020,621498,All Other Outpatient Care Centers,2,2,16227.8624867,29264.6685354,435.764899739,35957.2089093,103320.911999,2253.31678803,0.458581350024,3373.94380231
2,1,    621 - Ambulatory Care,,,0,000,00000,United States,2020,621511,Medical Laboratories,2,2,22371.2621371,31268.2495865,409.633607906,31657.8104804,117287.726612,890.983670752,0.435248320932,3794.50726133
2,1,    621 - Ambulatory Care,,,0,000,00000,United States,2020,621512,Diagnostic Imaging Centers,2,2,6935.31856894,10207.5490791,91.7055623146,13117.5657055,42528.0155881,261.570957983,0.427767957721,1177.80306139
2,1,    621 - Ambulatory Care,,,0,000,00000,United States,2020,621610,Home Health Care Services,2,2,132563.675464,384114.830754,2714.10352619,310972.075821,632257.987714,9090.77189362,0.576252307893,20348.9294193
2,1,    621 - Ambulatory Care,,,0,000,00000,United States,2020,621910,Ambulance Services,2,2,5505.58598472,17745.5991259,198.602953367,21932.3740859,117354.845841,853.094911974,0.294869928251,2839.96516941
2,1,    621 - Ambulatory Care,,,0,000,00000,United States,2020,621991,Blood and Organ Banks,2,2,2701.96454429,11336.497135,102.412881603,10732.2010473,50180.3904962,404.865412873,0.348182269879,1526.97921808
2,1,    621 - Ambulatory Care,,,0,000,00000,United States,2020,621999,All Other Miscellaneous Ambulatory Health Care Services,2,2,2553.60739448,10060.478166,65.1981696395,8321.99023216,42397.6230391,357.763108426,0.347880165671,1258.41964573
2,1,    621 - Ambulatory Care,,,0,000,00000,United States,2021,621111,Offices of Physicians (except Mental Health Specialists),2,2,211650.405525,256517.944899,3471.28521487,411067.834136,1743560.37502,11130.0168288,0.349007293954,40912.2927428
2,1,    621 - Ambulatory Care,,,0,000,00000,United States,2021,621112,"Offices of Physicians, Mental Health Specialists",2,2,5900.77451238,6230.79310341,66.4030625259,10757.4724598,39443.4128104,139.288387037,0.378609830499,937.936790756
2,1,    621 - Ambulatory Care,,,0,000,00000,United States,2021,621210,Offices of Dentists,2,2,76989.7767427,51669.1867398,1329.10881538,186317.816099,655153.657829,3793.83936358,0.339002372063,15905.4781325
2,1,    621 - Ambulatory Care,,,0,000,00000,United States,2021,621310,Offices of Chiropractors,2,2,7886.2919618,9784.50133725,132.744496756,16824.6692462,105564.318146,465.695525497,0.261509511483,2287.8561654
2,1,    621 - Ambulatory Care,,,0,000,00000,United States,2021,621320,Offices of Optometrists,2,2,8689.03852606,10460.8876943,145.74671581,18367.4560252,104562.817909,522.201665325,0.279511112154,2379.44423214
2,1,    621 - Ambulatory Care,,,0,000,00000,United States,2021,621330,Offices of Mental Health Practitioners (except Physicians),2,2,10974.3329857,11510.69754,210.971497371,21948.8750167,101328.209222,437.382840922,0.320515094427,2714.56427326
2,1,    621 - Ambulatory Care,,,0,000,00000,United States,2021,621340,"Offices of Physical, Occupational and Speech Therapists, and Audiologists",2,2,26170.1081322,32028.378427,486.545261184,53306.9956726,293113.732012,1412.6851455,0.291314071195,7083.29357818
2,1,    621 - Ambulatory Care,,,0,000,00000,United States,2021,621391,Offices of Podiatrists,2,2,1997.80149752,2740.12918883,13.7438819433,4155.8088126,24214.6046027,40.1779925385,0.279138590212,428.940702282
2,1,    621 - Ambulatory Care,,,0,000,00000,United States,2021,621399,Offices of All Other Miscellaneous Health Practitioners,2,2,8293.15801538,11005.5196395,177.604192961,18021.3348606,87056.1469256,412.876783185,0.316527512137,2406.66058834
2,1,    621 - Ambulatory Care,,,0,000,00000,United States,2021,621410,Family Planning Centers,2,2,2515.38904347,4182.49676184,36.1324294595,4435.5728626,13463.1740565,66.4551844705,0.463485942622,394.575194837
2,1,    621 - Ambulatory Care,,,0,000,00000,United States,2021,621420,Outpatient Mental Health and Substance Abuse Centers,2,2,16874.8702093,39377.3483848,361.819842353,34220.8414508,166540.64703,1727.90579075,0.368384941761,4570.84936872
2,1,    621 - Ambulatory Care,,,0,000,00000,United States,2021,621491,HMO Medical Centers,2,2,39580.1042123,22038.8740526,1020.83416088,53133.5566593,80123.6927208,711.0426322,0.602748584702,5087.06802762
2,1,    621 - Ambulatory Care,,,0,000,00000,United States,2021,621492,Kidney Dialysis Centers,2,2,10889.3446414,24646.0791721,241.18124403,21933.9644812,69794.9760633,641.326184245,0.464479541462,2184.23872598
2,1,    621 - Ambulatory Care,,,0,000,00000,United States,2021,621493,Freestanding Ambulatory Surgical and Emergency Centers,2,2,12849.5130205,25123.516341,230.127276466,28149.1224217,98678.7337808,1489.80632622,0.417400927605,2855.92456049
2,1,    621 - Ambulatory Care,,,0,000,00000,United States,2021,621498,All Other Outpatient Care Centers,2,2,18024.3072407,30966.0315532,498.588337227,40178.6230697,110453.588629,2375.68459425,0.464517310909,3772.38168632
2,1,    621 - Ambulatory Care,,,0,000,00000,United States,2021,621511,Medical Laboratories,2,2,24955.9429959,34295.6076925,478.581288235,35986.8719219,125825.030841,981.18488316,0.445314913226,4317.2594906
2,1,    621 - Ambulatory Care,,,0,000,00000,United States,2021,621512,Diagnostic Imaging Centers,2,2,7474.20901419,11465.8603628,106.623123961,14709.3988111,45323.5572164,287.987035873,0.438341566887,1328.30799209
2,1,    621 - Ambulatory Care,,,0,000,00000,United States,2021,621610,Home Health Care Services,2,2,144731.031795,379926.088916,2829.73028665,316207.375795,637064.637711,9007.50628541,0.578289388524,20901.4198114
2,1,    621 - Ambulatory Care,,,0,000,00000,United States,2021,621910,Ambulance Services,2,2,5787.50011892,17266.5665844,187.952297352,21120.428027,114998.195761,846.989860519,0.294762595421,2855.46498912
2,1,    621 - Ambulatory Care,,,0,000,00000,United States,2021,621991,Blood and Organ Banks,2,2,2944.47346072,11218.3819388,101.124966533,10885.5518108,50098.2381516,420.310958642,0.351513959463,1586.06918021
2,1,    621 - Ambulatory Care,,,0,000,00000,United States,2021,621999,All Other Miscellaneous Ambulatory Health Care Services,2,2,3151.57465817,11173.0870773,83.9904869147,9636.81149932,46938.4088009,370.322796967,0.355091463147,1428.852382
2,1,    621 - Ambulatory Care,,,0,000,00000,United States,2022,621111,Offices of Physicians (except Mental Health Specialists),2,2,220323.903973,273445.880537,3666.24431353,430392.992091,1762065.38378,11279.4818284,0.358012554177,43529.9160887
2,1,    621 - Ambulatory Care,,,0,000,00000,United States,2022,621112,"Offices of Physicians, Mental Health Specialists",2,2,6731.23270712,7584.26443966,75.6185402573,12418.6497202,43623.9554606,163.420545426,0.391659200961,1112.59025278
2,1,    621 - Ambulatory Care,,,0,000,00000,United States,2022,621210,Offices of Dentists,2,2,80530.7420799,55762.0750612,1428.38435126,197333.181066,657544.250976,3967.62092093,0.351060812777,16693.9460726
2,1,    621 - Ambulatory Care,,,0,000,00000,United States,2022,621310,Offices of Chiropractors,2,2,8150.73981385,10723.073898,137.420700511,17736.9458742,105552.151085,465.423430609,0.273017487857,2426.39125621
2,1,    621 - Ambulatory Care,,,0,000,00000,United States,2022,621320,Offices of Optometrists,2,2,9004.88332678,11637.5323248,154.66640111,19532.7564252,106214.242202,548.74964613,0.290137904033,2533.7560286
2,1,    621 - Ambulatory Care,,,0,000,00000,United States,2022,621330,Offices of Mental Health Practitioners (except Physicians),2,2,13138.3855819,14248.2064102,251.729086675,26321.7763301,116851.666123,515.720996297,0.330859997153,3302.13801078
2,1,    621 - Ambulatory Care,,,0,000,00000,United States,2022,621340,"Offices of Physical, Occupational and Speech Therapists, and Audiologists",2,2,28249.5029487,37199.0561509,534.01078628,59190.2332311,309208.888002,1534.49411924,0.303259391644,7877.22122291
2,1,    621 - Ambulatory Care,,,0,000,00000,United States,2022,621391,Offices of Podiatrists,2,2,2017.20950072,2870.84564606,13.4962029051,4271.15122157,23799.0556926,43.4062408207,0.288796072539,447.889865065
2,1,    621 - Ambulatory Care,,,0,000,00000,United States,2022,621399,Offices of All Other Miscellaneous Health Practitioners,2,2,9440.60352818,13531.2195606,198.754900973,20405.56326,94999.5996456,516.571638944,0.330375449135,2777.63462173
2,1,    621 - Ambulatory Care,,,0,000,00000,United States,2022,621410,Family Planning Centers,2,2,2747.68875388,4619.09347067,39.5815528465,4990.40752272,14104.5701435,75.9652294918,0.477737784757,429.376429445
2,1,    621 - Ambulatory Care,,,0,000,00000,United States,2022,621420,Outpatient Mental Health and Substance Abuse Centers,2,2,18179.1653168,41933.7232987,397.455334345,37327.9178647,172710.425712,1956.86477131,0.377478892474,4931.50746465
2,1,    621 - Ambulatory Care,,,0,000,00000,United States,2022,621491,HMO Medical Centers,2,2,39920.8423084,22562.3345652,1034.19755913,54008.9318933,79065.4609538,673.697337997,0.609319824818,5113.52970146
2,1,    621 - Ambulatory Care,,,0,000,00000,United States,2022,621492,Kidney Dialysis Centers,2,2,10987.6800157,24994.4564353,242.884482973,22602.6484183,69314.3690244,668.437473959,0.471141310094,2253.58785368
2,1,    621 - Ambulatory Care,,,0,000,00000,United States,2022,621493,Freestanding Ambulatory Surgical and Emergency Centers,2,2,13428.8177357,26392.9152914,249.836306576,29554.7875653,99706.9158448,1555.39988222,0.426688545778,3025.37550707
2,1,    621 - Ambulatory Care,,,0,000,00000,United States,2022,621498,All Other Outpatient Care Centers,2,2,19460.6605584,33083.5482699,534.112309711,43421.0945979,114622.313691,2470.74379152,0.473527678623,4125.17125569
2,1,    621 - Ambulatory Care,,,0,000,00000,United States,2022,621511,Medical Laboratories,2,2,25965.2757308,36685.7066145,509.414830477,39254.5378549,129849.386429,1039.54450218,0.454275559134,4635.60807522
2,1,    621 - Ambulatory Care,,,0,000,00000,United States,2022,621512,Diagnostic Imaging Centers,2,2,7489.47958967,12016.9725428,116.607221715,15522.1094273,45936.8464176,300.164540544,0.445033201112,1391.86459891
2,1,    621 - Ambulatory Care,,,0,000,00000,United States,2022,621610,Home Health Care Services,2,2,155400.726793,384548.063896,2947.04761585,329116.775811,635283.990288,9073.98212635,0.586944492113,21640.5963695
2,1,    621 - Ambulatory Care,,,0,000,00000,United States,2022,621910,Ambulance Services,2,2,5875.0782469,18455.5454481,190.558388938,22094.6813359,112743.50774,881.908173307,0.309209102625,2968.03359856
2,1,    621 - Ambulatory Care,,,0,000,00000,United States,2022,621991,Blood and Organ Banks,2,2,3287.97682425,13207.2445127,105.37524802,12602.2556511,53126.7245979,447.357543084,0.371601869627,1766.16343009
2,1,    621 - Ambulatory Care,,,0,000,00000,United States,2022,621999,All Other Miscellaneous Ambulatory Health Care Services,2,2,3623.59268235,12828.2537044,94.6517344974,11186.5679062,50431.7668422,410.53609326,0.371347999816,1646.70434231
2,1,    621 - Ambulatory Care,,,0,000,00000,United States,2023,621111,Offices of Physicians (except Mental Health Specialists),2,2,229661.980995,291839.692481,3920.81612171,451906.401555,1791754.5766,11703.8806178,0.366242654657,46406.0400238
2,1,    621 - Ambulatory Care,,,0,000,00000,United States,2023,621112,"Offices of Physicians, Mental Health Specialists",2,2,7325.77459745,8569.84765429,84.0056739118,13847.5189987,47107.3166657,194.10533618,0.399069584956,1262.06580694
2,1,    621 - Ambulatory Care,,,0,000,00000,United States,2023,621210,Offices of Dentists,2,2,81965.165543,58966.7954992,1472.93310717,205452.049587,660555.537037,4109.52266244,0.358609136412,17357.8631733
2,1,    621 - Ambulatory Care,,,0,000,00000,United States,2023,621310,Offices of Chiropractors,2,2,8280.96271376,11250.4951281,144.946496723,18424.7471197,105703.420645,482.68317436,0.28012318245,2548.17276782
2,1,    621 - Ambulatory Care,,,0,000,00000,United States,2023,621320,Offices of Optometrists,2,2,9153.42621194,12264.2802483,157.17030996,20262.2608487,106499.457775,543.863034884,0.297217506788,2659.25521473
2,1,    621 - Ambulatory Care,,,0,000,00000,United States,2023,621330,Offices of Mental Health Practitioners (except Physicians),2,2,15901.5610026,17381.2993889,312.646452349,32145.7571908,137433.214232,638.615885467,0.339162820113,4155.2502676
2,1,    621 - Ambulatory Care,,,0,000,00000,United States,2023,621340,"Offices of Physical, Occupational and Speech Therapists, and Audiologists",2,2,29795.8387127,41486.2841034,582.902920844,64332.9298493,325266.729609,1667.51089189,0.310599715604,8678.93740274
2,1,    621 - Ambulatory Care,,,0,000,00000,United States,2023,621391,Offices of Podiatrists,2,2,2044.70509814,3014.36562492,15.0224946595,4479.12766151,23576.5779483,51.3395291637,0.299456805089,473.571473571
2,1,    621 - Ambulatory Care,,,0,000,00000,United States,2023,621399,Offices of All Other Miscellaneous Health Practitioners,2,2,9984.05172421,15135.2224214,227.707133243,21890.7994832,99718.7987095,574.443570512,0.337883394221,3075.07539903
2,1,    621 - Ambulatory Care,,,0,000,00000,United States,2023,621410,Family Planning Centers,2,2,2770.22851217,4914.16723846,43.2435503489,5290.36749011,14998.6250121,88.3060091218,0.474968660623,462.166448389
2,1,    621 - Ambulatory Care,,,0,000,00000,United States,2023,621420,Outpatient Mental Health and Substance Abuse Centers,2,2,19471.7904519,44956.3250194,439.406095009,40990.262153,182246.742554,2163.53731279,0.383774321668,5478.68790835
2,1,    621 - Ambulatory Care,,,0,000,00000,United States,2023,621491,HMO Medical Centers,2,2,41758.0377567,23767.4360198,1069.06010883,58056.7423429,79569.0163846,695.590404904,0.621684965654,5408.87058888
2,1,    621 - Ambulatory Care,,,0,000,00000,United States,2023,621492,Kidney Dialysis Centers,2,2,10867.8588587,25128.6567213,240.332772014,22931.0153845,67498.0399767,685.283387481,0.479357652468,2292.58908593
2,1,    621 - Ambulatory Care,,,0,000,00000,United States,2023,621493,Freestanding Ambulatory Surgical and Emergency Centers,2,2,13518.6601155,27614.3722973,263.93348086,30514.2113674,100837.072266,1628.67215823,0.432191017431,3212.85826072
2,1,    621 - Ambulatory Care,,,0,000,00000,United States,2023,621498,All Other Outpatient Care Centers,2,2,20857.6047028,35803.0062479,559.150028024,46835.9066572,121542.860171,2670.64706488,0.477904686508,4529.04612427
2,1,    621 - Ambulatory Care,,,0,000,00000,United States,2023,621511,Medical Laboratories,2,2,25014.6453228,35838.3219768,513.871305523,38633.153056,126567.572585,1040.18866671,0.454979028282,4617.38915065
2,1,    621 - Ambulatory Care,,,0,000,00000,United States,2023,621512,Diagnostic Imaging Centers,2,2,7586.35279818,12004.1196321,123.176620106,15951.3732068,45551.8843611,313.114250035,0.451052056984,1450.31440861
2,1,    621 - Ambulatory Care,,,0,000,00000,United States,2023,621610,Home Health Care Services,2,2,171259.692062,408265.323618,3210.57153272,353596.69078,664292.520174,9625.23650886,0.593427210202,23633.335886
2,1,    621 - Ambulatory Care,,,0,000,00000,United States,2023,621910,Ambulance Services,2,2,6383.27981441,19015.2812309,207.684461794,23413.2231095,113828.038375,932.435109029,0.318178276285,3166.98026336
2,1,    621 - Ambulatory Care,,,0,000,00000,United States,2023,621991,Blood and Organ Banks,2,2,3571.12547422,13787.4257882,117.981103374,13342.9369624,54122.3070897,432.640906586,0.379802365809,1891.8089653
2,1,    621 - Ambulatory Care,,,0,000,00000,United States,2023,621999,All Other Miscellaneous Ambulatory Health Care Services,2,2,4699.01560482,14880.9815936,125.856734949,14309.9742211,58713.2931299,539.463722449,0.384544625635,2129.54713308
2,1,    621 - Ambulatory Care,,,0,000,00000,United States,2024,621111,Offices of Physicians (except Mental Health Specialists),2,2,235969.377421,302998.263215,4021.21682659,463012.799544,1814375.74058,12032.2709214,0.370206299044,48495.202131
2,1,    621 - Ambulatory Care,,,0,000,00000,United States,2024,621112,"Offices of Physicians, Mental Health Specialists",2,2,7790.46705971,9083.68388204,88.2074644362,14948.451748,49884.7618236,220.586306489,0.401712216633,1363.05020098
2,1,    621 - Ambulatory Care,,,0,000,00000,United States,2024,621210,Offices of Dentists,2,2,83785.9027899,61029.0571857,1506.51335208,209564.084885,665455.978089,4228.84411767,0.362259851693,17889.0596928
2,1,    621 - Ambulatory Care,,,0,000,00000,United States,2024,621310,Offices of Chiropractors,2,2,8357.61803386,11465.5938925,148.459138625,18694.7046127,104956.894973,503.853188538,0.284852355385,2635.4303876
2,1,    621 - Ambulatory Care,,,0,000,00000,United States,2024,621320,Offices of Optometrists,2,2,9284.68146129,12654.5475927,161.736625684,20797.2782932,107654.896596,578.131881741,0.300453305378,2761.09445434
2,1,    621 - Ambulatory Care,,,0,000,00000,United States,2024,621330,Offices of Mental Health Practitioners (except Physicians),2,2,19246.7263398,21336.5999389,391.882292903,39799.5222809,163898.71086,792.015953676,0.346069990261,5171.01476801
2,1,    621 - Ambulatory Care,,,0,000,00000,United States,2024,621340,"Offices of Physical, Occupational and Speech Therapists, and Audiologists",2,2,30823.0209063,44750.3549193,608.859296648,68435.6195549,337402.543112,1810.29191112,0.315739808032,9260.31146036
2,1,    621 - Ambulatory Care,,,0,000,00000,United States,2024,621391,Offices of Podiatrists,2,2,2045.23016857,3000.60243624,14.4893032724,4534.79566818,22989.8812271,50.5150126107,0.305995918382,490.921367949
2,1,    621 - Ambulatory Care,,,0,000,00000,United States,2024,621399,Offices of All Other Miscellaneous Health Practitioners,2,2,10427.3397136,14998.8594451,239.95193181,23389.0086069,104998.72553,634.930364312,0.335452342926,3311.47891273
2,1,    621 - Ambulatory Care,,,0,000,00000,United States,2024,621410,Family Planning Centers,2,2,2913.63263928,5073.34877487,44.1935326489,5683.50513966,15456.4140984,103.859977272,0.480770236694,493.012142418
2,1,    621 - Ambulatory Care,,,0,000,00000,United States,2024,621420,Outpatient Mental Health and Substance Abuse Centers,2,2,21007.8807018,47789.1751031,478.61116437,44517.7357956,190914.601678,2320.28319771,0.39009900626,5997.27493041
2,1,    621 - Ambulatory Care,,,0,000,00000,United States,2024,621491,HMO Medical Centers,2,2,43868.0847679,24502.1564982,1120.78851229,61504.0636551,81621.0291503,721.684120362,0.627426767898,5735.98099056
2,1,    621 - Ambulatory Care,,,0,000,00000,United States,2024,621492,Kidney Dialysis Centers,2,2,10851.4819743,24999.3948062,241.09338288,23126.5403477,67018.1759179,690.006465435,0.481436605496,2311.46126043
2,1,    621 - Ambulatory Care,,,0,000,00000,United States,2024,621493,Freestanding Ambulatory Surgical and Emergency Centers,2,2,13812.5531613,27664.6200742,278.513951779,31496.0789254,101044.393376,1404.20432831,0.435533834881,3308.40521134
2,1,    621 - Ambulatory Care,,,0,000,00000,United States,2024,621498,All Other Outpatient Care Centers,2,2,22884.6999371,38621.0902219,608.072867484,51535.9480827,129451.004607,3189.71784998,0.484697613643,4923.13831733
2,1,    621 - Ambulatory Care,,,0,000,00000,United States,2024,621511,Medical Laboratories,2,2,24220.6451542,34830.1625012,504.662261229,38266.2808731,122570.510264,1040.02010133,0.457544164585,4522.53813522
2,1,    621 - Ambulatory Care,,,0,000,00000,United States,2024,621512,Diagnostic Imaging Centers,2,2,7908.22116588,12526.8661987,131.359412414,16703.374128,46362.6275662,318.108734644,0.457473794119,1506.37936905
2,1,    621 - Ambulatory Care,,,0,000,00000,United States,2024,621610,Home Health Care Services,2,2,195700.625388,438828.181607,3548.91509706,379542.215516,709143.093822,10118.4029127,0.597744653698,26036.3250892
2,1,    621 - Ambulatory Care,,,0,000,00000,United States,2024,621910,Ambulance Services,2,2,6773.85064252,19552.2558185,226.000087931,24611.0005013,116153.141953,954.726445359,0.323473530871,3419.48642253
2,1,    621 - Ambulatory Care,,,0,000,00000,United States,2024,621991,Blood and Organ Banks,2,2,3779.88625526,13964.2731064,126.022178926,13706.3138786,54292.6653087,431.090622854,0.384768332894,1947.26289727
2,1,    621 - Ambulatory Care,,,0,000,00000,United States,2024,621999,All Other Miscellaneous Ambulatory Health Care Services,2,2,5134.97978244,15408.1316332,137.744861229,15070.0261004,61206.9524097,594.153215862,0.387133443109,2317.96202386
2,1,    621 - Ambulatory Care,,,00,000,14020,Bloomington MSA,2020,621111,Offices of Physicians (except Mental Health Specialists),2,2,52.4208391074,17.9910900169,0.0,36.9546046136,1392.89852189,3.71604928278,0.0850432577222,18.3843332875
2,1,    621 - Ambulatory Care,,,00,000,14020,Bloomington MSA,2020,621112,"Offices of Physicians, Mental Health Specialists",2,2,0.612215070267,0.0,0.0,0.0,15.8877849297,0.0,0.0371039436525,0.0
2,1,    621 - Ambulatory Care,,,00,000,14020,Bloomington MSA,2020,621210,Offices of Dentists,2,2,4.72840787837,7.44993517599,0.0,6.48061495678,377.976003132,1.02880332376,0.053014495146,1.47223201308
2,1,    621 - Ambulatory Care,,,00,000,14020,Bloomington MSA,2020,621310,Offices of Chiropractors,2,2,2.86145381123,2.73780452731,0.0,2.20662127525,71.4526182196,0.0,0.119361808483,1.87881702291
2,1,    621 - Ambulatory Care,,,00,000,14020,Bloomington MSA,2020,621320,Offices of Optometrists,2,2,3.54236181233,3.38928909811,0.0,2.73170613799,80.9030532891,0.526086116898,0.13397084409,2.3258979922
2,1,    621 - Ambulatory Care,,,00,000,14020,Bloomington MSA,2020,621330,Offices of Mental Health Practitioners (except Physicians),2,2,1.36062447372,1.30182910152,0.0,1.04925087364,33.5786806465,0.0,0.120603195464,0.893379586618
2,1,    621 - Ambulatory Care,,,00,000,14020,Bloomington MSA,2020,621340,"Offices of Physical, Occupational and Speech Therapists, and Audiologists",2,2,5.44661892253,5.21125935568,0.0,4.20018144114,124.479774623,0.808892696733,0.133890770018,3.57622419372
2,1,    621 - Ambulatory Care,,,00,000,14020,Bloomington MSA,2020,621391,Offices of Podiatrists,2,2,0.0,0.0,0.0,0.0,7.88551013468,0.0,0.0,0.0
2,1,    621 - Ambulatory Care,,,00,000,14020,Bloomington MSA,2020,621399,Offices of All Other Miscellaneous Health Practitioners,2,2,0.739911237139,0.707938156084,0.0,0.570585438512,16.9445322639,0.0,0.106440876132,0.0
2,1,    621 - Ambulatory Care,,,00,000,14020,Bloomington MSA,2020,621410,Family Planning Centers,2,2,0.0,0.0,0.0,0.0,4.4074300167,0.0,0.0,0.0
2,1,    621 - Ambulatory Care,,,00,000,14020,Bloomington MSA,2020,621420,Outpatient Mental Health and Substance Abuse Centers,2,2,3.19690477213,21.2318170279,0.0,6.95171523151,326.211250455,2.19297668489,0.106451839056,5.28939083029
2,1,    621 - Ambulatory Care,,,00,000,14020,Bloomington MSA,2020,621491,HMO Medical Centers,2,2,0.0,0.0,0.0,0.0,0.0,0.0,0.0,0.0
2,1,    621 - Ambulatory Care,,,00,000,14020,Bloomington MSA,2020,621492,Kidney Dialysis Centers,2,2,0.0,0.0,0.0,0.0,8.50570734576,0.0,0.0,0.0
2,1,    621 - Ambulatory Care,,,00,000,14020,Bloomington MSA,2020,621493,Freestanding Ambulatory Surgical and Emergency Centers,2,2,0.891788133853,5.29430878465,0.0,1.75730423945,85.3634935934,0.61173876759,0.105149392245,1.47549467813
2,1,    621 - Ambulatory Care,,,00,000,14020,Bloomington MSA,2020,621498,All Other Outpatient Care Centers,2,2,0.548238212491,3.25474434374,0.0,1.08032535809,52.4856373463,0.0,0.0993613971909,0.907079309727
2,1,    621 - Ambulatory Care,,,00,000,14020,Bloomington MSA,2020,621511,Medical Laboratories,2,2,0.0,0.0,0.0,0.0,11.6942222465,0.0,0.0,0.0
2,1,    621 - Ambulatory Care,,,00,000,14020,Bloomington MSA,2020,621512,Diagnostic Imaging Centers,2,2,0.0,2.40619334292,0.0,0.0,84.9753198782,0.0,0.027536640809,0.0
2,1,    621 - Ambulatory Care,,,00,000,14020,Bloomington MSA,2020,621610,Home Health Care Services,2,2,4.72061655354,38.1985137577,0.0,14.5515283796,431.16285692,1.19122323732,0.133651513755,7.85357855591
2,1,    621 - Ambulatory Care,,,00,000,14020,Bloomington MSA,2020,621910,Ambulance Services,2,2,0.0,0.0,0.0,0.0,0.0,0.0,0.0,0.0
2,1,    621 - Ambulatory Care,,,00,000,14020,Bloomington MSA,2020,621991,Blood and Organ Banks,2,2,1.04951303625,2.79791963578,0.0,1.77908813477,32.9913375209,0.0,0.145697380705,0.0
2,1,    621 - Ambulatory Care,,,00,000,14020,Bloomington MSA,2020,621999,All Other Miscellaneous Ambulatory Health Care Services,2,2,0.0,0.0,0.0,0.0,3.34742305047,0.0,0.0,0.0
2,1,    621 - Ambulatory Care,,,00,000,14020,Bloomington MSA,2021,621111,Offices of Physicians (except Mental Health Specialists),2,2,58.8994542624,17.3147187066,0.0,39.2182472851,1409.37641367,5.33463347968,0.0894121029644,17.6219029221
2,1,    621 - Ambulatory Care,,,00,000,14020,Bloomington MSA,2021,621112,"Offices of Physicians, Mental Health Specialists",2,2,0.0,0.0,0.0,0.0,5.0,0.0,0.0,0.0
2,1,    621 - Ambulatory Care,,,00,000,14020,Bloomington MSA,2021,621210,Offices of Dentists,2,2,2.3844250231,5.98862617106,0.0,7.9122644027,425.259622985,0.602679401313,0.0470137118237,4.09135550598
2,1,    621 - Ambulatory Care,,,00,000,14020,Bloomington MSA,2021,621310,Offices of Chiropractors,2,2,1.72343130698,2.53946058345,0.0,2.01008795539,67.8902953206,0.629179715239,0.111406863521,1.60954794001
2,1,    621 - Ambulatory Care,,,00,000,14020,Bloomington MSA,2021,621320,Offices of Optometrists,2,2,2.66599442452,3.92831888882,0.0,3.10942667698,99.8369618615,0.973284868425,0.116516880646,2.48982701932
2,1,    621 - Ambulatory Care,,,00,000,14020,Bloomington MSA,2021,621330,Offices of Mental Health Practitioners (except Physicians),2,2,1.05221920036,1.55043556053,0.0,1.22723379371,45.2802610597,0.0,0.0960731678108,0.982689150137
2,1,    621 - Ambulatory Care,,,00,000,14020,Bloomington MSA,2021,621340,"Offices of Physical, Occupational and Speech Therapists, and Audiologists",2,2,5.61718936665,8.27687818402,0.0,8.24873073699,210.500149619,2.05068898995,0.122695421491,5.24600866719
2,1,    621 - Ambulatory Care,,,00,000,14020,Bloomington MSA,2021,621391,Offices of Podiatrists,2,2,0.0,0.0,0.0,0.0,8.97749447348,0.0,0.0,0.0
2,1,    621 - Ambulatory Care,,,00,000,14020,Bloomington MSA,2021,621399,Offices of All Other Miscellaneous Health Practitioners,2,2,0.650963794915,0.959189317119,0.0,0.759237968032,24.4393641804,0.0,0.108595824791,0.607948475163
2,1,    621 - Ambulatory Care,,,00,000,14020,Bloomington MSA,2021,621410,Family Planning Centers,2,2,0.0,0.0,0.0,0.0,0.346543955454,0.0,0.0,0.0
2,1,    621 - Ambulatory Care,,,00,000,14020,Bloomington MSA,2021,621420,Outpatient Mental Health and Substance Abuse Centers,2,2,3.76632468372,23.6193531851,0.733159464956,7.58954121429,324.90393582,1.108006045,0.112163363632,4.22981332902
2,1,    621 - Ambulatory Care,,,00,000,14020,Bloomington MSA,2021,621491,HMO Medical Centers,2,2,0.0,0.0,0.0,0.0,0.0,0.0,0.0,0.0
2,1,    621 - Ambulatory Care,,,00,000,14020,Bloomington MSA,2021,621492,Kidney Dialysis Centers,2,2,0.632089744477,3.5255348844,0.0,1.13943577482,50.8623338115,0.0,0.105627097653,0.709875502205
2,1,    621 - Ambulatory Care,,,00,000,14020,Bloomington MSA,2021,621493,Freestanding Ambulatory Surgical and Emergency Centers,2,2,0.998984326371,5.57192095325,0.0,1.80081782674,80.3074821004,0.0,0.105718537646,1.12192059209
2,1,    621 - Ambulatory Care,,,00,000,14020,Bloomington MSA,2021,621498,All Other Outpatient Care Centers,2,2,0.0,1.90475528018,0.0,0.615607667966,27.4487103454,0.0,0.0840987948962,0.0
2,1,    621 - Ambulatory Care,,,00,000,14020,Bloomington MSA,2021,621511,Medical Laboratories,2,2,0.816059700664,1.25782236916,0.0,0.0,22.3894511721,0.0,0.0847751223969,0.0
2,1,    621 - Ambulatory Care,,,00,000,14020,Bloomington MSA,2021,621512,Diagnostic Imaging Centers,2,2,2.10787964434,3.24895122991,0.0,0.0,57.87766681,0.0,0.0847137412399,0.0
2,1,    621 - Ambulatory Care,,,00,000,14020,Bloomington MSA,2021,621610,Home Health Care Services,2,2,4.47585146474,34.5860259528,0.0,12.922161372,367.077380326,0.673906873467,0.142173901713,8.18051972717
2,1,    621 - Ambulatory Care,,,00,000,14020,Bloomington MSA,2021,621910,Ambulance Services,2,2,0.0,0.0,0.0,0.0,0.0,0.0,0.0,0.0
2,1,    621 - Ambulatory Care,,,00,000,14020,Bloomington MSA,2021,621991,Blood and Organ Banks,2,2,0.999457974062,2.25954403357,0.0,2.35316401281,40.3768777538,0.0,0.122032674739,0.0
2,1,    621 - Ambulatory Care,,,00,000,14020,Bloomington MSA,2021,621999,All Other Miscellaneous Ambulatory Health Care Services,2,2,0.0,0.779081702473,0.0,0.811361495088,14.0187790066,0.0,0.101891252284,0.0
2,1,    621 - Ambulatory Care,,,00,000,14020,Bloomington MSA,2022,621111,Offices of Physicians (except Mental Health Specialists),2,2,55.6112450811,24.5363145155,0.990014939471,43.3324601729,1358.62187943,1.0441086517,0.0966820464623,19.8990449382
2,1,    621 - Ambulatory Care,,,00,000,14020,Bloomington MSA,2022,621112,"Offices of Physicians, Mental Health Specialists",2,2,0.0,0.0,0.0,0.0,7.25,0.0,0.0,0.0
2,1,    621 - Ambulatory Care,,,00,000,14020,Bloomington MSA,2022,621210,Offices of Dentists,2,2,6.55105860572,2.96907021498,0.0,7.38473050957,430.365216313,0.869209123736,0.0448479822429,2.43319826409
2,1,    621 - Ambulatory Care,,,00,000,14020,Bloomington MSA,2022,621310,Offices of Chiropractors,2,2,1.5651338633,3.42706890916,0.0,2.2743978002,63.8970420829,0.0,0.125251557223,1.88254863581
2,1,    621 - Ambulatory Care,,,00,000,14020,Bloomington MSA,2022,621320,Offices of Optometrists,2,2,2.6067063988,5.70773060639,0.0,3.78797458686,102.469939016,0.0,0.129454288752,3.13535582489
2,1,    621 - Ambulatory Care,,,00,000,14020,Bloomington MSA,2022,621330,Offices of Mental Health Practitioners (except Physicians),2,2,1.18032553757,2.58447986294,0.0,1.71520779731,55.448246198,0.0,0.110664616543,1.41969979864
2,1,    621 - Ambulatory Care,,,00,000,14020,Bloomington MSA,2022,621340,"Offices of Physical, Occupational and Speech Therapists, and Audiologists",2,2,5.87889769646,12.8726289732,0.506140964227,10.253506065,231.424475901,1.05721286236,0.139890668383,7.07115927785
2,1,    621 - Ambulatory Care,,,00,000,14020,Bloomington MSA,2022,621391,Offices of Podiatrists,2,2,0.0,0.0,0.0,0.0,9.25,0.0,0.0,0.0
2,1,    621 - Ambulatory Care,,,00,000,14020,Bloomington MSA,2022,621399,Offices of All Other Miscellaneous Health Practitioners,2,2,0.512461087629,1.12210175867,0.0,0.74469053269,20.1941468515,0.0,0.129179409657,0.616390037966
2,1,    621 - Ambulatory Care,,,00,000,14020,Bloomington MSA,2022,621410,Family Planning Centers,2,2,0.0,0.0,0.0,0.0,6.6086079169,0.0,0.0,0.0
2,1,    621 - Ambulatory Care,,,00,000,14020,Bloomington MSA,2022,621420,Outpatient Mental Health and Substance Abuse Centers,2,2,3.70060064562,20.1224560834,0.542873316232,10.2947278495,325.330842597,2.81170919811,0.113934692619,4.36029382053
2,1,    621 - Ambulatory Care,,,00,000,14020,Bloomington MSA,2022,621491,HMO Medical Centers,2,2,0.0,0.0,0.0,0.0,0.0,0.0,0.0,0.0
2,1,    621 - Ambulatory Care,,,00,000,14020,Bloomington MSA,2022,621492,Kidney Dialysis Centers,2,2,0.0,2.41640268008,0.0,1.19791358509,40.6904799846,0.0,0.0934705731469,0.581203894592
2,1,    621 - Ambulatory Care,,,00,000,14020,Bloomington MSA,2022,621493,Freestanding Ambulatory Surgical and Emergency Centers,2,2,0.982079907382,4.8109534402,0.0,2.38499424404,80.897338782,0.74618241018,0.110810132459,1.15715186844
2,1,    621 - Ambulatory Care,,,00,000,14020,Bloomington MSA,2022,621498,All Other Outpatient Care Centers,2,2,0.0,2.29429840162,0.0,1.13738130082,38.5844378135,0.0,0.0935801304615,0.551834831742
2,1,    621 - Ambulatory Care,,,00,000,14020,Bloomington MSA,2022,621511,Medical Laboratories,2,2,0.0,0.0,0.0,0.0,8.08670293384,0.0,0.0,0.0
2,1,    621 - Ambulatory Care,,,00,000,14020,Bloomington MSA,2022,621512,Diagnostic Imaging Centers,2,2,4.47195762925,2.14505546565,0.0,0.0,87.7735746048,0.0,0.0701024673769,0.0
2,1,    621 - Ambulatory Care,,,00,000,14020,Bloomington MSA,2022,621610,Home Health Care Services,2,2,3.40662894587,24.740853395,0.0,9.72457327751,261.739063259,0.0,0.143378346626,5.93691651042
2,1,    621 - Ambulatory Care,,,00,000,14020,Bloomington MSA,2022,621910,Ambulance Services,2,2,0.0,0.0,0.0,0.0,0.0,0.0,0.0,0.0
2,1,    621 - Ambulatory Care,,,00,000,14020,Bloomington MSA,2022,621991,Blood and Organ Banks,2,2,0.889277837367,4.02281503476,0.0,3.17774812703,38.8370656383,0.0,0.181178213842,0.503518755238
2,1,    621 - Ambulatory Care,,,00,000,14020,Bloomington MSA,2022,621999,All Other Miscellaneous Ambulatory Health Care Services,2,2,0.0,0.0,0.0,0.0,5.12688982612,0.0,0.0,0.0
2,1,    621 - Ambulatory Care,,,00,000,14020,Bloomington MSA,2023,621111,Offices of Physicians (except Mental Health Specialists),2,2,65.4634310134,35.7906629764,1.26722998503,41.3466216686,1432.2167907,2.01781238785,0.105266408312,22.6161501138
2,1,    621 - Ambulatory Care,,,00,000,14020,Bloomington MSA,2023,621112,"Offices of Physicians, Mental Health Specialists",2,2,0.0,0.0,0.0,0.0,8.16666666667,0.0,0.0,0.0
2,1,    621 - Ambulatory Care,,,00,000,14020,Bloomington MSA,2023,621210,Offices of Dentists,2,2,4.74004932963,3.27864074976,0.0,7.79880205307,411.566799256,0.612659217438,0.0439324690166,2.48184500037
2,1,    621 - Ambulatory Care,,,00,000,14020,Bloomington MSA,2023,621310,Offices of Chiropractors,2,2,1.7588349107,3.96704905395,0.0,2.176687039,68.5474025091,0.0,0.119444221045,1.39563734732
2,1,    621 - Ambulatory Care,,,00,000,14020,Bloomington MSA,2023,621320,Offices of Optometrists,2,2,2.71177336639,6.11640006814,0.0,3.35601818193,102.002810555,0.0,0.12322618916,2.15179501189
2,1,    621 - Ambulatory Care,,,00,000,14020,Bloomington MSA,2023,621330,Offices of Mental Health Practitioners (except Physicians),2,2,3.08616061901,6.96082985931,0.0,3.81934983142,124.590149181,0.568380962064,0.119340823999,2.44887168972
2,1,    621 - Ambulatory Care,,,00,000,14020,Bloomington MSA,2023,621340,"Offices of Physical, Occupational and Speech Therapists, and Audiologists",2,2,7.26119070895,16.3776028991,0.0,10.791095369,273.664844484,1.33729998869,0.131756880857,5.76176244725
2,1,    621 - Ambulatory Care,,,00,000,14020,Bloomington MSA,2023,621391,Offices of Podiatrists,2,2,0.0,0.0,0.0,0.0,6.73531893878,0.0,0.0,0.0
2,1,    621 - Ambulatory Care,,,00,000,14020,Bloomington MSA,2023,621399,Offices of All Other Miscellaneous Health Practitioners,2,2,0.746780648418,1.68436244175,0.0,0.924195755098,28.4653400519,0.0,0.121799265984,0.592571228171
2,1,    621 - Ambulatory Care,,,00,000,14020,Bloomington MSA,2023,621410,Family Planning Centers,2,2,0.0,0.0,0.0,0.0,9.09177318087,0.0,0.0,0.0
2,1,    621 - Ambulatory Care,,,00,000,14020,Bloomington MSA,2023,621420,Outpatient Mental Health and Substance Abuse Centers,2,2,4.17004034121,20.7323010627,0.860131134735,10.6798453396,345.920555896,1.90795126557,0.115273577217,6.72072555497
2,1,    621 - Ambulatory Care,,,00,000,14020,Bloomington MSA,2023,621491,HMO Medical Centers,2,2,0.0,0.0,0.0,0.0,0.0,0.0,0.0,0.0
2,1,    621 - Ambulatory Care,,,00,000,14020,Bloomington MSA,2023,621492,Kidney Dialysis Centers,2,2,0.0,0.685261412126,0.0,0.0,12.1647603469,0.0,0.0533276460522,0.0
2,1,    621 - Ambulatory Care,,,00,000,14020,Bloomington MSA,2023,621493,Freestanding Ambulatory Surgical and Emergency Centers,2,2,1.28460163869,5.64398981306,0.0,2.98438008033,98.3167784409,0.587753863688,0.113367492659,2.07035288742
2,1,    621 - Ambulatory Care,,,00,000,14020,Bloomington MSA,2023,621498,All Other Outpatient Care Centers,2,2,0.714321440251,3.13842269122,0.0,1.65950798523,54.7238808299,0.0,0.108548396622,1.15124985975
2,1,    621 - Ambulatory Care,,,00,000,14020,Bloomington MSA,2023,621511,Medical Laboratories,2,2,0.0,0.0,0.0,0.0,10.2990740967,0.0,0.0,0.0
2,1,    621 - Ambulatory Care,,,00,000,14020,Bloomington MSA,2023,621512,Diagnostic Imaging Centers,2,2,4.11319580492,2.13603706644,0.0,3.0440953491,90.6336990469,0.0,0.108942186764,1.78769617774
2,1,    621 - Ambulatory Care,,,00,000,14020,Bloomington MSA,2023,621610,Home Health Care Services,2,2,6.25156537906,30.2223983125,0.0,12.2229511497,288.205323477,0.0,0.161315661909,6.73756796828
2,1,    621 - Ambulatory Care,,,00,000,14020,Bloomington MSA,2023,621910,Ambulance Services,2,2,0.0,0.0,0.0,0.0,0.0,0.0,0.0,0.0
2,1,    621 - Ambulatory Care,,,00,000,14020,Bloomington MSA,2023,621991,Blood and Organ Banks,2,2,1.06983986591,7.0260299415,0.0,4.4863025608,40.0386980731,0.0,0.25723968134,1.28440299244
2,1,    621 - Ambulatory Care,,,00,000,14020,Bloomington MSA,2023,621999,All Other Miscellaneous Ambulatory Health Care Services,2,2,0.0,0.0,0.0,0.0,3.24957328425,0.0,0.0,0.0
2,1,    621 - Ambulatory Care,,,00,000,14020,Bloomington MSA,2024,621111,Offices of Physicians (except Mental Health Specialists),2,2,68.2958841605,39.3178139101,1.13266632444,43.9823301762,1468.51927732,2.59498320405,0.107709408962,21.9429492611
2,1,    621 - Ambulatory Care,,,00,000,14020,Bloomington MSA,2024,621112,"Offices of Physicians, Mental Health Specialists",2,2,0.0,0.0,0.0,0.0,9.41666666667,0.0,0.0,0.0
2,1,    621 - Ambulatory Care,,,00,000,14020,Bloomington MSA,2024,621210,Offices of Dentists,2,2,5.43637883828,3.90056575137,0.0,9.67359311606,422.559436711,1.06348614586,0.0510488375203,2.65756538106
2,1,    621 - Ambulatory Care,,,00,000,14020,Bloomington MSA,2024,621310,Offices of Chiropractors,2,2,1.61470171109,3.84097219347,0.0,1.84130926176,62.5734296849,0.0,0.12389663783,1.55201558227
2,1,    621 - Ambulatory Care,,,00,000,14020,Bloomington MSA,2024,621320,Offices of Optometrists,2,2,2.61830146842,6.22828542588,0.0,3.55470499107,101.291484285,0.0,0.128371212293,2.51665347856
2,1,    621 - Ambulatory Care,,,00,000,14020,Bloomington MSA,2024,621330,Offices of Mental Health Practitioners (except Physicians),2,2,4.09698251354,9.74569841819,0.0,5.56221824143,166.049782548,0.0,0.123250997428,3.93792900423
2,1,    621 - Ambulatory Care,,,00,000,14020,Bloomington MSA,2024,621340,"Offices of Physical, Occupational and Speech Therapists, and Audiologists",2,2,7.78975517516,18.5298825264,0.0,11.1731467728,302.549394394,0.951379698219,0.131804941792,7.48734043622
2,1,    621 - Ambulatory Care,,,00,000,14020,Bloomington MSA,2024,621391,Offices of Podiatrists,2,2,0.0,0.512404268463,0.0,0.0,8.30236124605,0.0,0.0581302211181,0.0
2,1,    621 - Ambulatory Care,,,00,000,14020,Bloomington MSA,2024,621399,Offices of All Other Miscellaneous Health Practitioners,2,2,0.651602774996,1.55000030207,0.0,0.743048834559,28.326703769,0.0,0.111950465432,0.626306179832
2,1,    621 - Ambulatory Care,,,00,000,14020,Bloomington MSA,2024,621410,Family Planning Centers,2,2,0.0,0.0,0.0,0.0,5.88624872378,0.0,0.0,0.0
2,1,    621 - Ambulatory Care,,,00,000,14020,Bloomington MSA,2024,621420,Outpatient Mental Health and Substance Abuse Centers,2,2,5.26423923687,21.7979711638,0.884598488035,13.080423735,358.245082897,2.07405957994,0.121683637266,6.53067022956
2,1,    621 - Ambulatory Care,,,00,000,14020,Bloomington MSA,2024,621491,HMO Medical Centers,2,2,0.0,0.0,0.0,0.0,5.72228423585,0.0,0.0,0.0
2,1,    621 - Ambulatory Care,,,00,000,14020,Bloomington MSA,2024,621492,Kidney Dialysis Centers,2,2,0.0,1.73063759409,0.0,1.01707284106,30.2853179642,0.0,0.0991273318646,0.584728066594
2,1,    621 - Ambulatory Care,,,00,000,14020,Bloomington MSA,2024,621493,Freestanding Ambulatory Surgical and Emergency Centers,2,2,1.59122619141,5.84260126505,0.0,3.95383110557,101.461512759,0.626927800516,0.121165889495,1.97403139356
2,1,    621 - Ambulatory Care,,,00,000,14020,Bloomington MSA,2024,621498,All Other Outpatient Care Centers,2,2,0.0,1.31898988043,0.0,0.775152920289,23.1344202701,0.0,0.0830068202789,0.0
2,1,    621 - Ambulatory Care,,,00,000,14020,Bloomington MSA,2024,621511,Medical Laboratories,2,2,0.714408482849,0.0,0.0,0.665100879826,17.4674922705,0.0,0.0731951633222,0.0
2,1,    621 - Ambulatory Care,,,00,000,14020,Bloomington MSA,2024,621512,Diagnostic Imaging Centers,2,2,3.14783176663,1.80399120877,0.0,4.41904438171,77.3569966214,0.0,0.123336626851,1.51238762861
2,1,    621 - Ambulatory Care,,,00,000,14020,Bloomington MSA,2024,621610,Home Health Care Services,2,2,5.94978606785,34.3061445803,0.0,13.2296982136,312.0556958,0.0,0.160192003471,6.03848535405
2,1,    621 - Ambulatory Care,,,00,000,14020,Bloomington MSA,2024,621910,Ambulance Services,2,2,0.0,0.0,0.0,0.0,0.0,0.0,0.0,0.0
2,1,    621 - Ambulatory Care,,,00,000,14020,Bloomington MSA,2024,621991,Blood and Organ Banks,2,2,1.06021687565,7.44509017937,0.0,4.39316614374,35.1346305662,0.0,0.306466393324,2.62721064231
2,1,    621 - Ambulatory Care,,,00,000,14020,Bloomington MSA,2024,621999,All Other Miscellaneous Ambulatory Health Care Services,2,2,0.0,1.49490486883,0.0,0.882106905307,7.45112837648,0.0,0.241857740906,0.0
2,1,    621 - Ambulatory Care,,,00,000,16980,Chicago-Naperville-Elgin MSA,2020,621111,Offices of Physicians (except Mental Health Specialists),2,2,7118.82699089,6052.79578434,34.3725580043,12243.5210162,38341.5769778,79.1379752188,0.40626520842,706.710324642
2,1,    621 - Ambulatory Care,,,00,000,16980,Chicago-Naperville-Elgin MSA,2020,621112,"Offices of Physicians, Mental Health Specialists",2,2,285.019617696,229.181482864,0.860216879249,481.962253054,1460.98913248,1.71439417638,0.411987778037,24.8966537019
2,1,    621 - Ambulatory Care,,,00,000,16980,Chicago-Naperville-Elgin MSA,2020,621210,Offices of Dentists,2,2,1918.97644577,1181.04134083,16.7732166743,6468.11064729,16935.2549092,30.8898843185,0.367812086691,237.277964992
2,1,    621 - Ambulatory Care,,,00,000,16980,Chicago-Naperville-Elgin MSA,2020,621310,Offices of Chiropractors,2,2,353.56424242,279.403196219,1.33138253607,498.836786242,3132.86812903,3.92025095041,0.275550426495,54.5566163696
2,1,    621 - Ambulatory Care,,,00,000,16980,Chicago-Naperville-Elgin MSA,2020,621320,Offices of Optometrists,2,2,275.116880172,236.073343647,1.19185309544,409.477967754,2493.9267582,2.51280075229,0.279873184045,44.8775798203
2,1,    621 - Ambulatory Care,,,00,000,16980,Chicago-Naperville-Elgin MSA,2020,621330,Offices of Mental Health Practitioners (except Physicians),2,2,424.322978927,347.929569101,1.95942359397,555.852256293,3289.36891193,4.92793999311,0.297787055162,59.9286874037
2,1,    621 - Ambulatory Care,,,00,000,16980,Chicago-Naperville-Elgin MSA,2020,621340,"Offices of Physical, Occupational and Speech Therapists, and Audiologists",2,2,1542.18262731,1252.43681503,8.76937443185,1955.80228636,12228.8422206,19.2696556187,0.290189321527,221.012389051
2,1,    621 - Ambulatory Care,,,00,000,16980,Chicago-Naperville-Elgin MSA,2020,621391,Offices of Podiatrists,2,2,124.858674596,100.823317486,0.574142678116,164.744991171,1041.71919153,0.965986241003,0.282586078094,18.3613353533
2,1,    621 - Ambulatory Care,,,00,000,16980,Chicago-Naperville-Elgin MSA,2020,621399,Offices of All Other Miscellaneous Health Practitioners,2,2,250.365173352,200.926158872,1.23842550631,319.268341113,1944.23123962,2.08363190057,0.293731008913,34.7067968295
2,1,    621 - Ambulatory Care,,,00,000,16980,Chicago-Naperville-Elgin MSA,2020,621410,Family Planning Centers,2,2,70.9880260502,134.991439441,0.0,93.8401076604,241.74176933,0.624184325311,0.558618759719,5.50827453403
2,1,    621 - Ambulatory Care,,,00,000,16980,Chicago-Naperville-Elgin MSA,2020,621420,Outpatient Mental Health and Substance Abuse Centers,2,2,530.14094307,1163.27402066,3.51554462412,804.589169732,1942.20807381,6.38909510406,0.568357314328,49.4568473461
2,1,    621 - Ambulatory Care,,,00,000,16980,Chicago-Naperville-Elgin MSA,2020,621491,HMO Medical Centers,2,2,174.610969428,304.919152912,1.63547369236,218.986427106,626.059925149,2.41648749099,0.534492720376,16.2698129778
2,1,    621 - Ambulatory Care,,,00,000,16980,Chicago-Naperville-Elgin MSA,2020,621492,Kidney Dialysis Centers,2,2,574.339617377,1102.90688602,3.74627350973,785.219764674,1974.17912025,6.00388111112,0.561045648752,51.0632808262
2,1,    621 - Ambulatory Care,,,00,000,16980,Chicago-Naperville-Elgin MSA,2020,621493,Freestanding Ambulatory Surgical and Emergency Centers,2,2,239.618768955,423.402765055,1.10467344975,350.488568408,1099.45880354,1.65787921191,0.48595677372,23.1135787819
2,1,    621 - Ambulatory Care,,,00,000,16980,Chicago-Naperville-Elgin MSA,2020,621498,All Other Outpatient Care Centers,2,2,418.074873394,810.697963386,3.03162387551,642.143239764,1395.77613503,5.50741364138,0.578388184575,35.3404283728
2,1,    621 - Ambulatory Care,,,00,000,16980,Chicago-Naperville-Elgin MSA,2020,621511,Medical Laboratories,2,2,1012.07963042,912.76722621,4.85430272821,1074.92253663,3467.30063806,9.4724442183,0.472020938977,85.7209239753
2,1,    621 - Ambulatory Care,,,00,000,16980,Chicago-Naperville-Elgin MSA,2020,621512,Diagnostic Imaging Centers,2,2,240.32997239,189.223427586,0.973529995757,236.527987127,773.370954633,1.41486654027,0.47039872327,18.4483293974
2,1,    621 - Ambulatory Care,,,00,000,16980,Chicago-Naperville-Elgin MSA,2020,621610,Home Health Care Services,2,2,5370.75336791,13576.4660973,31.3714798533,4035.94014176,12564.5492918,44.6353879341,0.651127185304,390.982893066
2,1,    621 - Ambulatory Care,,,00,000,16980,Chicago-Naperville-Elgin MSA,2020,621910,Ambulance Services,2,2,164.463609695,747.932299842,2.2779207157,715.462599814,2967.66770743,5.60687094806,0.363945759613,62.3352738576
2,1,    621 - Ambulatory Care,,,00,000,16980,Chicago-Naperville-Elgin MSA,2020,621991,Blood and Organ Banks,2,2,88.1003552655,321.032436251,0.51822946796,284.478255843,983.113935333,2.01084069462,0.423860272592,27.1270359054
2,1,    621 - Ambulatory Care,,,00,000,16980,Chicago-Naperville-Elgin MSA,2020,621999,All Other Miscellaneous Ambulatory Health Care Services,2,2,67.3724525557,231.017231846,0.0,215.469966983,800.847870378,0.80568131234,0.399758129763,18.6954053009
2,1,    621 - Ambulatory Care,,,00,000,16980,Chicago-Naperville-Elgin MSA,2021,621111,Offices of Physicians (except Mental Health Specialists),2,2,7302.60758801,6087.48033839,34.8915509636,12776.93165,38685.5770923,80.0509316557,0.411394465703,756.574602544
2,1,    621 - Ambulatory Care,,,00,000,16980,Chicago-Naperville-Elgin MSA,2021,621112,"Offices of Physicians, Mental Health Specialists",2,2,324.26020879,257.82631799,0.966695595373,555.908952106,1626.37751901,2.05728093695,0.418966648032,31.7151823882
2,1,    621 - Ambulatory Care,,,00,000,16980,Chicago-Naperville-Elgin MSA,2021,621210,Offices of Dentists,2,2,2256.05597166,1348.85114098,16.5017200146,7517.99451551,18198.8390019,39.7495074533,0.38623476305,273.148197812
2,1,    621 - Ambulatory Care,,,00,000,16980,Chicago-Naperville-Elgin MSA,2021,621310,Offices of Chiropractors,2,2,362.349990372,314.18272669,1.19631096584,548.219911946,3265.71206814,4.65417310429,0.283828109921,63.6404849833
2,1,    621 - Ambulatory Care,,,00,000,16980,Chicago-Naperville-Elgin MSA,2021,621320,Offices of Optometrists,2,2,293.568789327,276.302686965,1.71482902321,465.751671709,2701.88173141,2.7059179814,0.288029075367,53.0070568308
2,1,    621 - Ambulatory Care,,,00,000,16980,Chicago-Naperville-Elgin MSA,2021,621330,Offices of Mental Health Practitioners (except Physicians),2,2,503.181134564,455.840969905,2.8681521996,704.24954255,3957.89020611,6.18303340325,0.307287357698,83.3974317832
2,1,    621 - Ambulatory Care,,,00,000,16980,Chicago-Naperville-Elgin MSA,2021,621340,"Offices of Physical, Occupational and Speech Therapists, and Audiologists",2,2,1460.78714416,1285.46520226,8.20085915731,2041.55133453,11917.8954979,20.9822722837,0.298014689268,242.532053956
2,1,    621 - Ambulatory Care,,,00,000,16980,Chicago-Naperville-Elgin MSA,2021,621391,Offices of Podiatrists,2,2,116.774817219,104.434565762,0.0,168.492722259,1023.64509282,1.12647329588,0.286352136076,19.910349906
2,1,    621 - Ambulatory Care,,,00,000,16980,Chicago-Naperville-Elgin MSA,2021,621399,Offices of All Other Miscellaneous Health Practitioners,2,2,264.724072366,230.479574249,1.12767622196,369.970317466,2154.74940262,2.72990933117,0.297425068385,43.1508519674
2,1,    621 - Ambulatory Care,,,00,000,16980,Chicago-Naperville-Elgin MSA,2021,621410,Family Planning Centers,2,2,67.3511888531,102.216353465,0.0,90.1594354126,222.866856265,0.0,0.542278409018,4.31100216641
2,1,    621 - Ambulatory Care,,,00,000,16980,Chicago-Naperville-Elgin MSA,2021,621420,Outpatient Mental Health and Substance Abuse Centers,2,2,643.33132843,1316.9635698,3.11442843183,962.03292719,2361.39407247,7.27851004899,0.558900580997,59.3133721855
2,1,    621 - Ambulatory Care,,,00,000,16980,Chicago-Naperville-Elgin MSA,2021,621491,HMO Medical Centers,2,2,165.54931653,237.811013717,0.808639390689,203.549448351,585.99501745,1.89130410035,0.51547531079,13.8176707102
2,1,    621 - Ambulatory Care,,,00,000,16980,Chicago-Naperville-Elgin MSA,2021,621492,Kidney Dialysis Centers,2,2,565.786096838,1056.16520502,2.45132563004,788.511250083,1997.42535836,5.932966646,0.552678619248,49.0304730994
2,1,    621 - Ambulatory Care,,,00,000,16980,Chicago-Naperville-Elgin MSA,2021,621493,Freestanding Ambulatory Surgical and Emergency Centers,2,2,248.788359018,428.227148591,0.0,376.452348099,1153.46268685,2.29445770008,0.483404561909,23.5912458775
2,1,    621 - Ambulatory Care,,,00,000,16980,Chicago-Naperville-Elgin MSA,2021,621498,All Other Outpatient Care Centers,2,2,428.250610382,784.952240008,2.42946527077,664.140590423,1443.73729148,4.90604607568,0.570894040125,36.1077352357
2,1,    621 - Ambulatory Care,,,00,000,16980,Chicago-Naperville-Elgin MSA,2021,621511,Medical Laboratories,2,2,1106.99426603,997.596404093,5.47570247491,1239.45606923,3664.45013118,9.61397413895,0.485337508677,96.5168078835
2,1,    621 - Ambulatory Care,,,00,000,16980,Chicago-Naperville-Elgin MSA,2021,621512,Diagnostic Imaging Centers,2,2,229.929318763,189.935131228,0.976898117423,242.330340325,738.367321163,1.15243865976,0.480677361729,19.097757047
2,1,    621 - Ambulatory Care,,,00,000,16980,Chicago-Naperville-Elgin MSA,2021,621610,Home Health Care Services,2,2,5416.94700591,14233.8884152,36.3376661969,4380.18309285,12915.9588585,48.3794580777,0.655065483003,412.974627637
2,1,    621 - Ambulatory Care,,,00,000,16980,Chicago-Naperville-Elgin MSA,2021,621910,Ambulance Services,2,2,163.59449644,688.413785944,2.62694632096,691.715397367,2872.97340969,6.56512906251,0.35927697754,58.066162178
2,1,    621 - Ambulatory Care,,,00,000,16980,Chicago-Naperville-Elgin MSA,2021,621991,Blood and Organ Banks,2,2,97.3026222507,314.836618646,0.64637618934,285.497167914,1037.54444495,1.29063376241,0.410275996305,22.2550606564
2,1,    621 - Ambulatory Care,,,00,000,16980,Chicago-Naperville-Elgin MSA,2021,621999,All Other Miscellaneous Ambulatory Health Care Services,2,2,72.6809993195,236.47141147,0.51593770698,224.595239194,814.619095308,0.534358137564,0.40342547568,16.0772300722
2,1,    621 - Ambulatory Care,,,00,000,16980,Chicago-Naperville-Elgin MSA,2022,621111,Offices of Physicians (except Mental Health Specialists),2,2,7318.89767224,6450.46915134,38.6182148083,13278.3853709,39130.684786,91.0448511455,0.41689256957,799.061934251
2,1,    621 - Ambulatory Care,,,00,000,16980,Chicago-Naperville-Elgin MSA,2022,621112,"Offices of Physicians, Mental Health Specialists",2,2,365.266043497,307.02709905,1.31024147281,660.076046416,1817.69750035,3.22788120589,0.430565263918,37.5037566841
2,1,    621 - Ambulatory Care,,,00,000,16980,Chicago-Naperville-Elgin MSA,2022,621210,Offices of Dentists,2,2,2274.31210278,1469.37023904,13.7924937558,7783.01915528,17703.9503612,40.5461231002,0.40117057184,279.271948589
2,1,    621 - Ambulatory Care,,,00,000,16980,Chicago-Naperville-Elgin MSA,2022,621310,Offices of Chiropractors,2,2,358.895269063,344.964072627,2.02991428775,571.884241257,3132.23548996,5.72966914916,0.301032539825,65.4935446156
2,1,    621 - Ambulatory Care,,,00,000,16980,Chicago-Naperville-Elgin MSA,2022,621320,Offices of Optometrists,2,2,290.813353497,307.43641327,2.08073056207,493.152005523,2625.95191808,2.69951055289,0.304736938959,54.7845691893
2,1,    621 - Ambulatory Care,,,00,000,16980,Chicago-Naperville-Elgin MSA,2022,621330,Offices of Mental Health Practitioners (except Physicians),2,2,609.56479056,605.201727813,4.88773657811,896.999293353,4639.19628444,9.22725995142,0.324576975632,103.501734301
2,1,    621 - Ambulatory Care,,,00,000,16980,Chicago-Naperville-Elgin MSA,2022,621340,"Offices of Physical, Occupational and Speech Therapists, and Audiologists",2,2,1507.38967221,1473.26808273,10.6910922385,2266.54897708,12149.0411143,24.6152342604,0.313434656892,263.835255522
2,1,    621 - Ambulatory Care,,,00,000,16980,Chicago-Naperville-Elgin MSA,2022,621391,Offices of Podiatrists,2,2,111.402409748,110.961444728,0.563282078646,173.421576674,967.307139994,1.10519146596,0.301365022167,19.8062482274
2,1,    621 - Ambulatory Care,,,00,000,16980,Chicago-Naperville-Elgin MSA,2022,621399,Offices of All Other Miscellaneous Health Practitioners,2,2,264.281178165,254.559039109,1.38938810835,396.440944085,2139.80579965,3.3533241231,0.311003659582,45.8556172647
2,1,    621 - Ambulatory Care,,,00,000,16980,Chicago-Naperville-Elgin MSA,2022,621410,Family Planning Centers,2,2,73.4211306439,120.392506296,0.0,106.155311357,262.990485337,0.504811921258,0.538205427158,6.03245450004
2,1,    621 - Ambulatory Care,,,00,000,16980,Chicago-Naperville-Elgin MSA,2022,621420,Outpatient Mental Health and Substance Abuse Centers,2,2,722.743703854,1538.208377,4.46665284982,1129.70255218,2785.32919514,10.5072553014,0.555385357968,73.6339613535
2,1,    621 - Ambulatory Care,,,00,000,16980,Chicago-Naperville-Elgin MSA,2022,621491,HMO Medical Centers,2,2,205.280282275,284.469112522,1.28371974674,247.303428495,739.524320336,2.53234657896,0.506338142555,17.644990048
2,1,    621 - Ambulatory Care,,,00,000,16980,Chicago-Naperville-Elgin MSA,2022,621492,Kidney Dialysis Centers,2,2,530.731357023,1029.97462375,2.63283534872,781.530470861,1963.23844918,6.5637511743,0.550525528411,53.181579463
2,1,    621 - Ambulatory Care,,,00,000,16980,Chicago-Naperville-Elgin MSA,2022,621493,Freestanding Ambulatory Surgical and Emergency Centers,2,2,230.27412461,454.791639963,0.53909448016,364.168789548,1077.53485207,2.73358669294,0.500097074402,25.4461022341
2,1,    621 - Ambulatory Care,,,00,000,16980,Chicago-Naperville-Elgin MSA,2022,621498,All Other Outpatient Care Centers,2,2,414.516374574,785.820427569,2.68759702488,688.411455084,1455.16629985,6.25119502236,0.571018774069,39.2911361986
2,1,    621 - Ambulatory Care,,,00,000,16980,Chicago-Naperville-Elgin MSA,2022,621511,Medical Laboratories,2,2,974.086191297,946.711501592,4.96387756771,1180.19380595,3262.69542361,7.28960833976,0.495942583121,96.9242184867
2,1,    621 - Ambulatory Care,,,00,000,16980,Chicago-Naperville-Elgin MSA,2022,621512,Diagnostic Imaging Centers,2,2,231.78146171,200.726586893,1.00721538286,263.117574181,759.308358753,0.617353312042,0.486209823111,21.2983511016
2,1,    621 - Ambulatory Care,,,00,000,16980,Chicago-Naperville-Elgin MSA,2022,621610,Home Health Care Services,2,2,5532.48005436,14995.9936025,38.943541191,4551.23809921,12996.4902783,56.6571388459,0.663441548678,444.046114355
2,1,    621 - Ambulatory Care,,,00,000,16980,Chicago-Naperville-Elgin MSA,2022,621910,Ambulance Services,2,2,153.504187276,771.86221789,2.8437730512,704.515128591,2728.3907209,5.42810125879,0.383745807546,60.8346285477
2,1,    621 - Ambulatory Care,,,00,000,16980,Chicago-Naperville-Elgin MSA,2022,621991,Blood and Organ Banks,2,2,103.351367353,388.720605967,1.61693061486,321.067248375,1155.91222921,1.31995245273,0.422094294899,28.1861218376
2,1,    621 - Ambulatory Care,,,00,000,16980,Chicago-Naperville-Elgin MSA,2022,621999,All Other Miscellaneous Ambulatory Health Care Services,2,2,96.0451686991,358.86970576,1.1440502819,288.592424915,1044.08601031,0.817474224554,0.424463918887,24.5556005402
2,1,    621 - Ambulatory Care,,,00,000,16980,Chicago-Naperville-Elgin MSA,2023,621111,Offices of Physicians (except Mental Health Specialists),2,2,7223.29118685,6428.67050793,40.8261158208,13257.5847461,38100.0399984,96.3799766304,0.422587870324,837.342612484
2,1,    621 - Ambulatory Care,,,00,000,16980,Chicago-Naperville-Elgin MSA,2023,621112,"Offices of Physicians, Mental Health Specialists",2,2,397.56005611,349.026386689,1.58891561423,753.524895965,2020.125969,4.17654583794,0.434339019369,45.2634806587
2,1,    621 - Ambulatory Care,,,00,000,16980,Chicago-Naperville-Elgin MSA,2023,621210,Offices of Dentists,2,2,2351.11564343,1562.37832296,17.5663148011,8129.73500764,17589.0216637,43.259462102,0.413789118912,311.521301208
2,1,    621 - Ambulatory Care,,,00,000,16980,Chicago-Naperville-Elgin MSA,2023,621310,Offices of Chiropractors,2,2,376.149836121,362.824492008,2.56610618585,625.487511661,3136.98898282,6.15800169138,0.314730877403,67.5725257686
2,1,    621 - Ambulatory Care,,,00,000,16980,Chicago-Naperville-Elgin MSA,2023,621320,Offices of Optometrists,2,2,293.042881723,310.975131509,2.80124262441,513.962286359,2529.282276,2.81063377426,0.317820056432,54.7723351236
2,1,    621 - Ambulatory Care,,,00,000,16980,Chicago-Naperville-Elgin MSA,2023,621330,Offices of Mental Health Practitioners (except Physicians),2,2,743.472350076,724.146489121,5.70644575922,1124.05338918,5396.35983151,10.8669559912,0.336195250056,124.832949225
2,1,    621 - Ambulatory Care,,,00,000,16980,Chicago-Naperville-Elgin MSA,2023,621340,"Offices of Physical, Occupational and Speech Therapists, and Audiologists",2,2,1622.49316765,1609.25075757,11.7440566892,2519.23982788,12378.2816376,26.1414842786,0.328956360184,279.162993572
2,1,    621 - Ambulatory Care,,,00,000,16980,Chicago-Naperville-Elgin MSA,2023,621391,Offices of Podiatrists,2,2,111.7550698,111.761764887,0.538368652872,180.5474299,929.256206573,1.15740747506,0.313716766176,19.0255838003
2,1,    621 - Ambulatory Care,,,00,000,16980,Chicago-Naperville-Elgin MSA,2023,621399,Offices of All Other Miscellaneous Health Practitioners,2,2,261.702960538,252.175937263,1.30263940051,408.990366347,2052.76218608,3.51654362669,0.321368876084,44.4064853445
2,1,    621 - Ambulatory Care,,,00,000,16980,Chicago-Naperville-Elgin MSA,2023,621410,Family Planning Centers,2,2,81.746281694,151.199037147,0.0,128.357786183,309.855461832,0.596978928871,0.544018257298,7.77925312165
2,1,    621 - Ambulatory Care,,,00,000,16980,Chicago-Naperville-Elgin MSA,2023,621420,Outpatient Mental Health and Substance Abuse Centers,2,2,770.003707745,1701.02552145,4.6953006522,1297.8826991,3146.09171194,10.0044276827,0.551687085826,87.9211799838
2,1,    621 - Ambulatory Care,,,00,000,16980,Chicago-Naperville-Elgin MSA,2023,621491,HMO Medical Centers,2,2,248.198991384,345.59246609,1.57786698875,292.716834035,940.54883205,2.5414322491,0.493725627061,26.6083720162
2,1,    621 - Ambulatory Care,,,00,000,16980,Chicago-Naperville-Elgin MSA,2023,621492,Kidney Dialysis Centers,2,2,476.946521447,990.157692764,2.39527454664,768.891349769,1933.33874768,5.32226141327,0.543013125183,53.5701991448
2,1,    621 - Ambulatory Care,,,00,000,16980,Chicago-Naperville-Elgin MSA,2023,621493,Freestanding Ambulatory Surgical and Emergency Centers,2,2,222.56279088,475.328022655,0.569408738334,379.896705095,1139.9927884,2.14351066189,0.492750069709,26.9053838518
2,1,    621 - Ambulatory Care,,,00,000,16980,Chicago-Naperville-Elgin MSA,2023,621498,All Other Outpatient Care Centers,2,2,385.927611008,760.977000757,1.97070216694,690.560000092,1485.61671787,4.05692587582,0.559267317967,41.6796822194
2,1,    621 - Ambulatory Care,,,00,000,16980,Chicago-Naperville-Elgin MSA,2023,621511,Medical Laboratories,2,2,901.925900532,847.581740984,5.45285321207,1054.98699896,2855.26990798,8.17897146776,0.504248900756,86.0863841026
2,1,    621 - Ambulatory Care,,,00,000,16980,Chicago-Naperville-Elgin MSA,2023,621512,Diagnostic Imaging Centers,2,2,248.052710625,206.708353688,1.0856538152,270.966574537,766.130272859,0.931235812634,0.494615108913,22.0594625695
2,1,    621 - Ambulatory Care,,,00,000,16980,Chicago-Naperville-Elgin MSA,2023,621610,Home Health Care Services,2,2,5987.11803155,16346.8276417,37.4857715208,4935.85178776,13510.6660655,72.0489195162,0.673455210653,484.620230695
2,1,    621 - Ambulatory Care,,,00,000,16980,Chicago-Naperville-Elgin MSA,2023,621910,Ambulance Services,2,2,138.318827749,707.09736614,1.87616193824,694.317912168,2651.45715373,6.7823838547,0.379259787636,71.5943524047
2,1,    621 - Ambulatory Care,,,00,000,16980,Chicago-Naperville-Elgin MSA,2023,621991,Blood and Organ Banks,2,2,93.8816668474,359.659675552,1.33373356071,335.823460313,1213.64593268,1.18728074313,0.402987263955,27.3326423074
2,1,    621 - Ambulatory Care,,,00,000,16980,Chicago-Naperville-Elgin MSA,2023,621999,All Other Miscellaneous Ambulatory Health Care Services,2,2,152.648258502,575.541571723,1.28613043452,475.890164957,1755.87901982,2.91338942572,0.415996191902,42.4640170352
2,1,    621 - Ambulatory Care,,,00,000,16980,Chicago-Naperville-Elgin MSA,2024,621111,Offices of Physicians (except Mental Health Specialists),2,2,7296.24396722,6560.99775069,38.1516845635,13403.9205819,37746.133626,101.484476378,0.428068372274,850.700840262
2,1,    621 - Ambulatory Care,,,00,000,16980,Chicago-Naperville-Elgin MSA,2024,621112,"Offices of Physicians, Mental Health Specialists",2,2,422.615569297,371.939876995,1.6655510756,790.682873929,2091.5854155,4.68750904926,0.439533497646,48.6883677519
2,1,    621 - Ambulatory Care,,,00,000,16980,Chicago-Naperville-Elgin MSA,2024,621210,Offices of Dentists,2,2,2432.13606508,1574.80098272,17.0345066169,8261.66143744,17415.1585255,46.2345224661,0.420792507626,320.192970246
2,1,    621 - Ambulatory Care,,,00,000,16980,Chicago-Naperville-Elgin MSA,2024,621310,Offices of Chiropractors,2,2,379.797877422,376.307117341,2.2899325658,655.867323591,3138.10303428,6.55447125382,0.321975426195,69.3830448312
2,1,    621 - Ambulatory Care,,,00,000,16980,Chicago-Naperville-Elgin MSA,2024,621320,Offices of Optometrists,2,2,295.991139368,323.204542111,2.78594102954,527.567145625,2523.95896475,3.40981295813,0.323808993456,55.6948969802
2,1,    621 - Ambulatory Care,,,00,000,16980,Chicago-Naperville-Elgin MSA,2024,621330,Offices of Mental Health Practitioners (except Physicians),2,2,884.389947337,879.929949696,7.08478630399,1384.38648622,6360.32246806,13.8376798324,0.342845320337,148.626139121
2,1,    621 - Ambulatory Care,,,00,000,16980,Chicago-Naperville-Elgin MSA,2024,621340,"Offices of Physical, Occupational and Speech Therapists, and Audiologists",2,2,1651.53202793,1691.42594345,13.9955611566,2683.73261779,12379.5599953,26.8343374457,0.339165392613,286.139382986
2,1,    621 - Ambulatory Care,,,00,000,16980,Chicago-Naperville-Elgin MSA,2024,621391,Offices of Podiatrists,2,2,105.964229349,109.383991132,0.542231161456,175.985503364,868.1480737,1.07390696152,0.321454581326,18.3272137891
2,1,    621 - Ambulatory Care,,,00,000,16980,Chicago-Naperville-Elgin MSA,2024,621399,Offices of All Other Miscellaneous Health Practitioners,2,2,269.989883832,270.405190962,1.40502871298,435.974822445,2083.61328755,2.78270638662,0.330172263615,46.4994426075
2,1,    621 - Ambulatory Care,,,00,000,16980,Chicago-Naperville-Elgin MSA,2024,621410,Family Planning Centers,2,2,93.1631244547,169.605869482,0.0,149.753434329,360.802730789,0.532541469019,0.539263964371,9.24304022196
2,1,    621 - Ambulatory Care,,,00,000,16980,Chicago-Naperville-Elgin MSA,2024,621420,Outpatient Mental Health and Substance Abuse Centers,2,2,822.303441807,1799.40626717,6.66256068066,1437.8267011,3361.00694278,8.4696869552,0.553917746705,98.8248597957
2,1,    621 - Ambulatory Care,,,00,000,16980,Chicago-Naperville-Elgin MSA,2024,621491,HMO Medical Centers,2,2,238.601686558,322.177226908,1.50110287746,280.907417736,907.569343665,1.73690138018,0.489756120629,26.2034897355
2,1,    621 - Ambulatory Care,,,00,000,16980,Chicago-Naperville-Elgin MSA,2024,621492,Kidney Dialysis Centers,2,2,474.667813881,967.113498425,2.57227833001,791.311662615,1930.57427377,3.86847924026,0.543132947494,55.5726664459
2,1,    621 - Ambulatory Care,,,00,000,16980,Chicago-Naperville-Elgin MSA,2024,621493,Freestanding Ambulatory Surgical and Emergency Centers,2,2,252.385765691,516.068980007,0.715209677644,453.301258783,1245.10715667,1.98080954953,0.50198808086,30.5961549024
2,1,    621 - Ambulatory Care,,,00,000,16980,Chicago-Naperville-Elgin MSA,2024,621498,All Other Outpatient Care Centers,2,2,379.13121088,731.818674337,2.03567514539,707.761513898,1533.35653355,3.26915055673,0.549087674398,43.1919334611
2,1,    621 - Ambulatory Care,,,00,000,16980,Chicago-Naperville-Elgin MSA,2024,621511,Medical Laboratories,2,2,852.304680028,824.72463292,5.30155471021,1003.79490704,2871.3997343,8.72306714659,0.491840044683,84.3338915553
2,1,    621 - Ambulatory Care,,,00,000,16980,Chicago-Naperville-Elgin MSA,2024,621512,Diagnostic Imaging Centers,2,2,329.853991371,278.524865572,1.61511528042,365.552894587,1070.41452536,1.95004540265,0.484698113527,29.3457071423
2,1,    621 - Ambulatory Care,,,00,000,16980,Chicago-Naperville-Elgin MSA,2024,621610,Home Health Care Services,2,2,7713.59934029,22101.6639478,53.084465634,6896.12986219,17127.9591813,96.767183185,0.686500693358,645.555390286
2,1,    621 - Ambulatory Care,,,00,000,16980,Chicago-Naperville-Elgin MSA,2024,621910,Ambulance Services,2,2,157.952650216,713.474162753,3.01592179688,749.149338447,2729.38711524,7.92363162471,0.385269006135,79.0670894914
2,1,    621 - Ambulatory Care,,,00,000,16980,Chicago-Naperville-Elgin MSA,2024,621991,Blood and Organ Banks,2,2,96.8190571369,339.911798504,0.628050523049,334.222949172,1143.90065768,1.01029137239,0.411927153699,28.6754938488
2,1,    621 - Ambulatory Care,,,00,000,16980,Chicago-Naperville-Elgin MSA,2024,621999,All Other Miscellaneous Ambulatory Health Care Services,2,2,146.660596272,495.711375457,1.87567417926,432.78030313,1579.3312441,2.74583449516,0.415379191094,42.3575615199
2,1,    621 - Ambulatory Care,,,00,000,17140,Cincinnati MSA,2020,621111,Offices of Physicians (except Mental Health Specialists),2,2,894.596382563,1426.09911171,8.03025638345,417.121597528,16463.5249614,14.40927677,0.153275078849,219.988816705
2,1,    621 - Ambulatory Care,,,00,000,17140,Cincinnati MSA,2020,621112,"Offices of Physicians, Mental Health Specialists",2,2,21.226444828,35.9512391828,0.0,7.68026907792,394.243638661,0.0,0.150000527346,4.71474148875
2,1,    621 - Ambulatory Care,,,00,000,17140,Cincinnati MSA,2020,621210,Offices of Dentists,2,2,143.833896914,185.398125903,2.04171947416,112.549098553,5181.45631878,3.79627082767,0.090875099358,70.3134160329
2,1,    621 - Ambulatory Care,,,00,000,17140,Cincinnati MSA,2020,621310,Offices of Chiropractors,2,2,14.78995613,51.6753128338,0.0,12.7024845546,834.969624458,0.648755788554,0.0982071813071,11.1134821448
2,1,    621 - Ambulatory Care,,,00,000,17140,Cincinnati MSA,2020,621320,Offices of Optometrists,2,2,17.8241312447,61.2435822499,0.0,15.0723730258,921.075221106,0.524224697409,0.10355599117,11.7370440534
2,1,    621 - Ambulatory Care,,,00,000,17140,Cincinnati MSA,2020,621330,Offices of Mental Health Practitioners (except Physicians),2,2,7.62251587338,31.4565726494,0.0,5.45816725928,412.888380785,0.0,0.105332034423,4.0733738718
2,1,    621 - Ambulatory Care,,,00,000,17140,Cincinnati MSA,2020,621340,"Offices of Physical, Occupational and Speech Therapists, and Audiologists",2,2,34.2518565891,130.20610292,0.692928132661,30.8207951107,1905.26924625,3.38178235209,0.106665063239,28.1375422152
2,1,    621 - Ambulatory Care,,,00,000,17140,Cincinnati MSA,2020,621391,Offices of Podiatrists,2,2,2.97571258296,12.6960731207,0.0,1.4810128925,190.310333372,0.0,0.0925121127124,2.24802345108
2,1,    621 - Ambulatory Care,,,00,000,17140,Cincinnati MSA,2020,621399,Offices of All Other Miscellaneous Health Practitioners,2,2,17.7200328118,59.9464844449,0.0,14.5528377695,975.370640659,0.599074982534,0.0977402928344,12.8418486039
2,1,    621 - Ambulatory Care,,,00,000,17140,Cincinnati MSA,2020,621410,Family Planning Centers,2,2,1.41363176663,21.0001366401,0.0,1.72797066457,78.5031404119,0.0,0.243461900721,1.1213954562
2,1,    621 - Ambulatory Care,,,00,000,17140,Cincinnati MSA,2020,621420,Outpatient Mental Health and Substance Abuse Centers,2,2,58.2841204271,613.213430595,0.984807303405,85.075929957,2589.02622601,4.54432278694,0.237788737577,45.6016412646
2,1,    621 - Ambulatory Care,,,00,000,17140,Cincinnati MSA,2020,621491,HMO Medical Centers,2,2,0.0,1.68919762789,0.0,0.0,4.90065880809,0.0,0.256332993639,0.0
2,1,    621 - Ambulatory Care,,,00,000,17140,Cincinnati MSA,2020,621492,Kidney Dialysis Centers,2,2,13.0026107151,154.139366191,0.0,18.2546106663,585.127335821,0.556317941371,0.250821709472,9.94524114143
2,1,    621 - Ambulatory Care,,,00,000,17140,Cincinnati MSA,2020,621493,Freestanding Ambulatory Surgical and Emergency Centers,2,2,20.1248114389,224.187527235,0.0,29.3212213789,907.412199006,0.844217934221,0.242224109109,15.5777834811
2,1,    621 - Ambulatory Care,,,00,000,17140,Cincinnati MSA,2020,621498,All Other Outpatient Care Centers,2,2,19.7790096541,187.510123819,0.0,23.7292841011,788.338142256,0.675838755168,0.237485478243,13.8339997098
2,1,    621 - Ambulatory Care,,,00,000,17140,Cincinnati MSA,2020,621511,Medical Laboratories,2,2,75.782511668,232.482995552,0.0,38.9863268491,1507.01626063,4.29988658887,0.201101582205,27.7998310177
2,1,    621 - Ambulatory Care,,,00,000,17140,Cincinnati MSA,2020,621512,Diagnostic Imaging Centers,2,2,10.3647807115,33.3962949502,0.0,5.98806861214,240.048543861,0.0,0.184925295826,4.71340714482
2,1,    621 - Ambulatory Care,,,00,000,17140,Cincinnati MSA,2020,621610,Home Health Care Services,2,2,254.689550602,2642.32745273,6.52510767272,134.725816489,5005.6747026,17.2400545196,0.388212927731,120.871055153
2,1,    621 - Ambulatory Care,,,00,000,17140,Cincinnati MSA,2020,621910,Ambulance Services,2,2,8.13860786799,60.417530658,0.0,8.81340883619,531.876473681,1.11795738741,0.14923824268,14.8127753487
2,1,    621 - Ambulatory Care,,,00,000,17140,Cincinnati MSA,2020,621991,Blood and Organ Banks,2,2,5.09579568124,44.6873804467,0.0,7.12981308518,272.166229214,0.751159908179,0.19592655677,8.65391250332
2,1,    621 - Ambulatory Care,,,00,000,17140,Cincinnati MSA,2020,621999,All Other Miscellaneous Ambulatory Health Care Services,2,2,1.96500096452,18.5189639736,0.0,2.33106790517,153.847887764,0.0,0.149395195321,4.2058999281
2,1,    621 - Ambulatory Care,,,00,000,17140,Cincinnati MSA,2021,621111,Offices of Physicians (except Mental Health Specialists),2,2,953.842867857,1432.67610384,8.2405320928,420.952498668,16704.7708457,16.0054487527,0.154908659603,230.334586217
2,1,    621 - Ambulatory Care,,,00,000,17140,Cincinnati MSA,2021,621112,"Offices of Physicians, Mental Health Specialists",2,2,23.1907650026,37.0430266855,0.0,8.35400767193,399.024291095,0.0,0.155168623688,4.70025764528
2,1,    621 - Ambulatory Care,,,00,000,17140,Cincinnati MSA,2021,621210,Offices of Dentists,2,2,172.122104458,229.425951665,3.37693072131,144.348998356,5808.35474171,3.50052232336,0.0984413643786,81.4408867692
2,1,    621 - Ambulatory Care,,,00,000,17140,Cincinnati MSA,2021,621310,Offices of Chiropractors,2,2,16.1493054334,63.0224232706,0.0,15.4153293969,906.419515281,0.0,0.105687102108,12.5307661977
2,1,    621 - Ambulatory Care,,,00,000,17140,Cincinnati MSA,2021,621320,Offices of Optometrists,2,2,19.6061329719,77.2521051911,0.0,17.7097508388,1014.88878965,0.606150589307,0.113459415709,14.7112724514
2,1,    621 - Ambulatory Care,,,00,000,17140,Cincinnati MSA,2021,621330,Offices of Mental Health Practitioners (except Physicians),2,2,8.73260241483,41.6866586618,0.0,6.88999755942,472.753667801,0.0,0.117758336233,5.79214277683
2,1,    621 - Ambulatory Care,,,00,000,17140,Cincinnati MSA,2021,621340,"Offices of Physical, Occupational and Speech Therapists, and Audiologists",2,2,31.6770235698,133.682860134,0.741360342417,29.5055191864,1687.13538102,2.10210839429,0.116286596394,24.2988859942
2,1,    621 - Ambulatory Care,,,00,000,17140,Cincinnati MSA,2021,621391,Offices of Podiatrists,2,2,2.97703095286,14.5062919451,0.0,1.76808659733,188.997816662,0.0,0.100906240786,1.96001478683
2,1,    621 - Ambulatory Care,,,00,000,17140,Cincinnati MSA,2021,621399,Offices of All Other Miscellaneous Health Practitioners,2,2,18.7846185414,79.6442752694,0.0,20.5649658353,1116.40382891,0.550530402271,0.10792422112,15.5192632222
2,1,    621 - Ambulatory Care,,,00,000,17140,Cincinnati MSA,2021,621410,Family Planning Centers,2,2,1.55162815661,20.9971876497,0.0,2.44337079099,91.1167049631,0.0,0.22411730004,1.3272943061
2,1,    621 - Ambulatory Care,,,00,000,17140,Cincinnati MSA,2021,621420,Outpatient Mental Health and Substance Abuse Centers,2,2,76.1217509962,618.543324562,1.95724705502,105.326720223,2896.26490349,3.68069745042,0.229559772642,57.3391042075
2,1,    621 - Ambulatory Care,,,00,000,17140,Cincinnati MSA,2021,621491,HMO Medical Centers,2,2,0.0,3.1783570633,0.0,0.0,13.3283164229,0.0,0.192549823315,0.0
2,1,    621 - Ambulatory Care,,,00,000,17140,Cincinnati MSA,2021,621492,Kidney Dialysis Centers,2,2,14.8915388796,133.74204717,0.0,19.4226973245,567.691093723,0.0,0.239713265108,10.9328787453
2,1,    621 - Ambulatory Care,,,00,000,17140,Cincinnati MSA,2021,621493,Freestanding Ambulatory Surgical and Emergency Centers,2,2,27.293519787,238.826886284,0.50355388583,37.3635336516,1085.84692084,0.770605125491,0.231354280648,22.0704087831
2,1,    621 - Ambulatory Care,,,00,000,17140,Cincinnati MSA,2021,621498,All Other Outpatient Care Centers,2,2,24.7754601152,197.522989272,0.0,34.2997891135,908.523799959,0.53332670557,0.232075802824,17.4351056126
2,1,    621 - Ambulatory Care,,,00,000,17140,Cincinnati MSA,2021,621511,Medical Laboratories,2,2,93.9165662401,267.57036863,0.0,49.4678191894,1782.11750875,4.74300297565,0.199885762706,29.5135651279
2,1,    621 - Ambulatory Care,,,00,000,17140,Cincinnati MSA,2021,621512,Diagnostic Imaging Centers,2,2,15.164507304,48.1567343104,0.0,12.0664296494,352.585750373,0.0,0.19321915195,9.05449148854
2,1,    621 - Ambulatory Care,,,00,000,17140,Cincinnati MSA,2021,621610,Home Health Care Services,2,2,284.555366418,2519.60671568,7.4697899204,151.608435905,5158.33237833,11.4767491617,0.375158263413,122.372819987
2,1,    621 - Ambulatory Care,,,00,000,17140,Cincinnati MSA,2021,621910,Ambulance Services,2,2,6.91480587366,56.1185450053,0.0,9.79922192136,442.294195812,1.09461693023,0.162142887092,11.6659940573
2,1,    621 - Ambulatory Care,,,00,000,17140,Cincinnati MSA,2021,621991,Blood and Organ Banks,2,2,6.93393536804,52.6844579097,0.0,7.23674486033,313.782572539,0.961445123196,0.200102278502,10.6792119283
2,1,    621 - Ambulatory Care,,,00,000,17140,Cincinnati MSA,2021,621999,All Other Miscellaneous Ambulatory Health Care Services,2,2,2.47805095889,19.1385380847,0.0,3.07558003145,168.267080055,0.0,0.151752203516,5.41094499549
2,1,    621 - Ambulatory Care,,,00,000,17140,Cincinnati MSA,2022,621111,Offices of Physicians (except Mental Health Specialists),2,2,977.660734986,1511.73667867,7.47156546258,472.95011738,17200.9266479,11.6079775689,0.158612286546,261.166397059
2,1,    621 - Ambulatory Care,,,00,000,17140,Cincinnati MSA,2022,621112,"Offices of Physicians, Mental Health Specialists",2,2,25.0362802923,37.511165718,0.0,9.184090209,411.729091069,0.0,0.15725315187,5.09544620228
2,1,    621 - Ambulatory Care,,,00,000,17140,Cincinnati MSA,2022,621210,Offices of Dentists,2,2,185.42627694,245.082167422,5.76020506024,150.54617832,5801.81218606,6.03034426358,0.104687944595,85.5549333155
2,1,    621 - Ambulatory Care,,,00,000,17140,Cincinnati MSA,2022,621310,Offices of Chiropractors,2,2,15.806183436,69.8591715733,0.0,15.5443689826,850.255127433,0.0,0.116025449493,10.3899066616
2,1,    621 - Ambulatory Care,,,00,000,17140,Cincinnati MSA,2022,621320,Offices of Optometrists,2,2,21.3642139882,95.0276489554,0.0,20.9311124811,1051.46419665,0.0,0.125713914928,13.8674447639
2,1,    621 - Ambulatory Care,,,00,000,17140,Cincinnati MSA,2022,621330,Offices of Mental Health Practitioners (except Physicians),2,2,10.7562339444,54.375406296,0.0,8.11015618175,498.319035388,0.0,0.137268929269,6.04562319511
2,1,    621 - Ambulatory Care,,,00,000,17140,Cincinnati MSA,2022,621340,"Offices of Physical, Occupational and Speech Therapists, and Audiologists",2,2,29.8293210784,136.923502047,0.621390631632,28.1696050035,1519.60738378,1.54419272254,0.124669165374,19.3423674515
2,1,    621 - Ambulatory Care,,,00,000,17140,Cincinnati MSA,2022,621391,Offices of Podiatrists,2,2,2.2975084029,16.3375369927,0.0,2.18676893077,176.978960304,0.0,0.111161239519,1.31178455675
2,1,    621 - Ambulatory Care,,,00,000,17140,Cincinnati MSA,2022,621399,Offices of All Other Miscellaneous Health Practitioners,2,2,18.9456756194,91.8264681313,0.0,21.6930502977,1076.042478,0.656643654175,0.119991009469,13.5987351057
2,1,    621 - Ambulatory Care,,,00,000,17140,Cincinnati MSA,2022,621410,Family Planning Centers,2,2,2.3078817999,25.1214662117,0.0,3.42562257546,116.188719214,0.0,0.218777812748,1.68316551625
2,1,    621 - Ambulatory Care,,,00,000,17140,Cincinnati MSA,2022,621420,Outpatient Mental Health and Substance Abuse Centers,2,2,77.8282128792,666.92181731,1.39452265198,116.210814021,3022.39348958,6.58062852054,0.236595276126,67.7676951563
2,1,    621 - Ambulatory Care,,,00,000,17140,Cincinnati MSA,2022,621491,HMO Medical Centers,2,2,0.0,0.0,0.0,0.0,6.21510112622,0.0,0.0,0.0
2,1,    621 - Ambulatory Care,,,00,000,17140,Cincinnati MSA,2022,621492,Kidney Dialysis Centers,2,2,14.529889195,133.106707049,0.0,19.6861424685,576.230620155,0.0,0.238123307539,12.7771941683
2,1,    621 - Ambulatory Care,,,00,000,17140,Cincinnati MSA,2022,621493,Freestanding Ambulatory Surgical and Emergency Centers,2,2,28.8179280718,267.946758346,0.630060900878,43.8183326706,1187.92893713,1.581313834,0.237831889209,27.8946698656
2,1,    621 - Ambulatory Care,,,00,000,17140,Cincinnati MSA,2022,621498,All Other Outpatient Care Centers,2,2,24.4959727764,196.060517039,0.0,33.9669951806,859.257206287,0.544419474259,0.242655656534,20.2409736144
2,1,    621 - Ambulatory Care,,,00,000,17140,Cincinnati MSA,2022,621511,Medical Laboratories,2,2,98.9043061653,326.998433341,0.707013760807,63.9780454145,2070.85817486,4.14980669014,0.205499482988,40.8948771293
2,1,    621 - Ambulatory Care,,,00,000,17140,Cincinnati MSA,2022,621512,Diagnostic Imaging Centers,2,2,7.86110252438,35.0675213904,0.0,1.73098472469,184.534453257,0.0,0.202313886869,2.14311474375
2,1,    621 - Ambulatory Care,,,00,000,17140,Cincinnati MSA,2022,621610,Home Health Care Services,2,2,295.496120222,2495.36368279,12.2001299692,142.733705283,5084.98277795,13.5042889095,0.37739736577,123.01975007
2,1,    621 - Ambulatory Care,,,00,000,17140,Cincinnati MSA,2022,621910,Ambulance Services,2,2,7.8193487011,58.1880966116,0.0,8.52885859686,387.766862111,0.951843573655,0.17902713094,9.07102787289
2,1,    621 - Ambulatory Care,,,00,000,17140,Cincinnati MSA,2022,621991,Blood and Organ Banks,2,2,7.65473650496,64.1448320732,0.0,10.2805191578,355.707805998,1.23634294438,0.207950741898,10.0738495322
2,1,    621 - Ambulatory Care,,,00,000,17140,Cincinnati MSA,2022,621999,All Other Miscellaneous Ambulatory Health Care Services,2,2,2.77946701301,20.1629453505,0.0,3.02812336855,176.622348067,0.0,0.143621993061,3.65055850774
2,1,    621 - Ambulatory Care,,,00,000,17140,Cincinnati MSA,2023,621111,Offices of Physicians (except Mental Health Specialists),2,2,981.463917791,1693.32280469,9.78925567728,487.96539712,17060.1400035,14.809207162,0.168677266367,274.190481219
2,1,    621 - Ambulatory Care,,,00,000,17140,Cincinnati MSA,2023,621112,"Offices of Physicians, Mental Health Specialists",2,2,24.3069149296,38.6776396144,0.0,8.07341089264,389.528431226,0.0,0.164119640039,5.42339359521
2,1,    621 - Ambulatory Care,,,00,000,17140,Cincinnati MSA,2023,621210,Offices of Dentists,2,2,183.294745835,265.158561083,4.67436902794,160.859582567,5772.99974486,7.46657887416,0.109940394507,91.6285961094
2,1,    621 - Ambulatory Care,,,00,000,17140,Cincinnati MSA,2023,621310,Offices of Chiropractors,2,2,16.7396063893,63.209309612,0.0,15.5656466161,831.739380643,0.0,0.11312919569,10.5820714111
2,1,    621 - Ambulatory Care,,,00,000,17140,Cincinnati MSA,2023,621320,Offices of Optometrists,2,2,21.7974915202,82.0821917452,0.567090246722,20.6565005588,1042.10439737,0.0,0.117554637126,13.7202830961
2,1,    621 - Ambulatory Care,,,00,000,17140,Cincinnati MSA,2023,621330,Offices of Mental Health Practitioners (except Physicians),2,2,10.106491631,47.7121131185,0.0,9.63272938933,536.153226576,0.0,0.121041832873,6.3826339302
2,1,    621 - Ambulatory Care,,,00,000,17140,Cincinnati MSA,2023,621340,"Offices of Physical, Occupational and Speech Therapists, and Audiologists",2,2,35.3470992155,127.161328748,0.846502799827,31.9870443359,1714.03683075,1.96571221974,0.113292273054,21.6902110335
2,1,    621 - Ambulatory Care,,,00,000,17140,Cincinnati MSA,2023,621391,Offices of Podiatrists,2,2,3.50411287464,14.7505107377,0.0,2.26727543266,183.819465201,0.0,0.10617271727,1.31298168036
2,1,    621 - Ambulatory Care,,,00,000,17140,Cincinnati MSA,2023,621399,Offices of All Other Miscellaneous Health Practitioners,2,2,19.9903361286,80.84780527,0.545954165577,21.076856889,1045.76162742,0.0,0.115170947876,13.6572701492
2,1,    621 - Ambulatory Care,,,00,000,17140,Cincinnati MSA,2023,621410,Family Planning Centers,2,2,2.54971876043,28.3031934109,0.0,4.18137708074,121.876969093,0.0,0.232075414772,1.79829652196
2,1,    621 - Ambulatory Care,,,00,000,17140,Cincinnati MSA,2023,621420,Outpatient Mental Health and Substance Abuse Centers,2,2,79.6743434512,723.690525031,1.63194442791,129.827120073,3095.99574034,5.36695494322,0.246229505526,71.1587282274
2,1,    621 - Ambulatory Care,,,00,000,17140,Cincinnati MSA,2023,621491,HMO Medical Centers,2,2,0.0,0.678498356181,0.0,0.0,5.71015631432,0.0,0.10620363616,0.0
2,1,    621 - Ambulatory Care,,,00,000,17140,Cincinnati MSA,2023,621492,Kidney Dialysis Centers,2,2,14.8939922355,138.690994847,0.0,21.4217496019,588.145174406,0.0,0.242702395933,13.4848711305
2,1,    621 - Ambulatory Care,,,00,000,17140,Cincinnati MSA,2023,621493,Freestanding Ambulatory Surgical and Emergency Centers,2,2,27.2860450956,257.3934882,0.635500057004,42.7675270492,1115.87952256,1.87840466964,0.241473729209,25.2747070945
2,1,    621 - Ambulatory Care,,,00,000,17140,Cincinnati MSA,2023,621498,All Other Outpatient Care Centers,2,2,24.7673745149,200.597007683,0.0,36.4098945129,867.593322798,1.70428522097,0.24684485076,20.8731343992
2,1,    621 - Ambulatory Care,,,00,000,17140,Cincinnati MSA,2023,621511,Medical Laboratories,2,2,89.2838613802,304.284345525,2.12614293772,64.8678938082,1954.14809632,1.37234776918,0.205294645469,42.876579588
2,1,    621 - Ambulatory Care,,,00,000,17140,Cincinnati MSA,2023,621512,Diagnostic Imaging Centers,2,2,10.014517771,44.1185147274,0.0,5.35292087382,231.123320212,0.0,0.21266839497,2.94342865152
2,1,    621 - Ambulatory Care,,,00,000,17140,Cincinnati MSA,2023,621610,Home Health Care Services,2,2,341.597046163,2807.11843304,14.6445846808,166.98334945,5525.5946348,14.7017802202,0.387721522874,154.003109828
2,1,    621 - Ambulatory Care,,,00,000,17140,Cincinnati MSA,2023,621910,Ambulance Services,2,2,9.04946552873,64.1300261533,0.0,12.4021001592,433.76039121,0.980457742167,0.18214373269,10.040177368
2,1,    621 - Ambulatory Care,,,00,000,17140,Cincinnati MSA,2023,621991,Blood and Organ Banks,2,2,6.31385315634,61.1929702551,0.0,9.41256715605,327.477690233,1.24508332308,0.20977271113,8.76732899996
2,1,    621 - Ambulatory Care,,,00,000,17140,Cincinnati MSA,2023,621999,All Other Miscellaneous Ambulatory Health Care Services,2,2,2.51230758165,25.274892081,0.0,6.30761754099,231.679297938,0.0,0.142781639496,4.49459189085
2,1,    621 - Ambulatory Care,,,00,000,17140,Cincinnati MSA,2024,621111,Offices of Physicians (except Mental Health Specialists),2,2,1030.91346074,1778.74348237,10.0577055483,516.607340903,17512.5002043,15.2706899824,0.172477026018,298.461818457
2,1,    621 - Ambulatory Care,,,00,000,17140,Cincinnati MSA,2024,621112,"Offices of Physicians, Mental Health Specialists",2,2,26.1153078512,43.5005580183,0.0,9.42002401861,405.663885345,0.0,0.173456590503,6.09584503824
2,1,    621 - Ambulatory Care,,,00,000,17140,Cincinnati MSA,2024,621210,Offices of Dentists,2,2,189.463861847,268.675119686,4.22843291857,169.210431466,5603.2425896,6.36752661842,0.115179903107,91.4468969492
2,1,    621 - Ambulatory Care,,,00,000,17140,Cincinnati MSA,2024,621310,Offices of Chiropractors,2,2,16.5861439387,59.3610384446,0.0,17.0068977456,817.970483586,0.0,0.113471681947,11.7425039113
2,1,    621 - Ambulatory Care,,,00,000,17140,Cincinnati MSA,2024,621320,Offices of Optometrists,2,2,25.7687752541,94.5607601273,0.683948793092,24.7109707311,1185.21540917,0.0,0.1207711165,17.0770532622
2,1,    621 - Ambulatory Care,,,00,000,17140,Cincinnati MSA,2024,621330,Offices of Mental Health Practitioners (except Physicians),2,2,13.2698843927,49.4284295232,0.0,13.453928762,623.941965306,0.0,0.119186566403,8.27596611532
2,1,    621 - Ambulatory Care,,,00,000,17140,Cincinnati MSA,2024,621340,"Offices of Physical, Occupational and Speech Therapists, and Audiologists",2,2,40.1448037379,130.945594791,0.72661432498,37.9291628794,1939.1866367,2.03928602781,0.109989809455,27.864343302
2,1,    621 - Ambulatory Care,,,00,000,17140,Cincinnati MSA,2024,621391,Offices of Podiatrists,2,2,2.865181402,13.0598248523,0.0,1.75045391009,173.129786036,0.0,0.0983457027759,1.20824119608
2,1,    621 - Ambulatory Care,,,00,000,17140,Cincinnati MSA,2024,621399,Offices of All Other Miscellaneous Health Practitioners,2,2,21.6835675455,83.4632902447,0.571718127305,22.8186246023,1075.0461372,0.0,0.117527043392,14.6365852258
2,1,    621 - Ambulatory Care,,,00,000,17140,Cincinnati MSA,2024,621410,Family Planning Centers,2,2,1.94219190718,29.0144866603,0.0,3.89356870113,130.630042007,0.0,0.219243096513,1.83176576182
2,1,    621 - Ambulatory Care,,,00,000,17140,Cincinnati MSA,2024,621420,Outpatient Mental Health and Substance Abuse Centers,2,2,85.260959031,746.191017392,1.5806052231,139.580462228,3096.42679551,6.31077809039,0.254679537724,79.1399033583
2,1,    621 - Ambulatory Care,,,00,000,17140,Cincinnati MSA,2024,621491,HMO Medical Centers,2,2,0.0,4.4214783879,0.0,0.0,17.9606589204,0.0,0.197544958598,0.0
2,1,    621 - Ambulatory Care,,,00,000,17140,Cincinnati MSA,2024,621492,Kidney Dialysis Centers,2,2,14.5111722458,136.043337436,0.0,21.9329918722,554.701488185,0.604178753043,0.252209630011,13.9942500774
2,1,    621 - Ambulatory Care,,,00,000,17140,Cincinnati MSA,2024,621493,Freestanding Ambulatory Surgical and Emergency Centers,2,2,25.6253144689,232.563270985,0.517720417322,40.243896525,1014.48078523,2.67756897348,0.242801607628,23.6734548923
2,1,    621 - Ambulatory Care,,,00,000,17140,Cincinnati MSA,2024,621498,All Other Outpatient Care Centers,2,2,29.7877723216,222.02580249,0.0,43.6685001106,982.187231175,2.23254695616,0.247859471351,25.9541589066
2,1,    621 - Ambulatory Care,,,00,000,17140,Cincinnati MSA,2024,621511,Medical Laboratories,2,2,85.6964490571,288.831871548,2.05652055852,57.3878518696,1820.92763577,1.26314908084,0.207670280856,42.030811403
2,1,    621 - Ambulatory Care,,,00,000,17140,Cincinnati MSA,2024,621512,Diagnostic Imaging Centers,2,2,9.74907450977,44.0799521698,0.0,5.53992750716,220.805824681,0.0,0.220668226726,3.15233835428
2,1,    621 - Ambulatory Care,,,00,000,17140,Cincinnati MSA,2024,621610,Home Health Care Services,2,2,311.856968514,2863.64212558,13.6837269547,171.85066618,5271.66116817,16.7401432154,0.401504287611,158.75055517
2,1,    621 - Ambulatory Care,,,00,000,17140,Cincinnati MSA,2024,621910,Ambulance Services,2,2,9.15274434505,81.3197847903,0.0,14.2524390068,492.418433516,1.17247671658,0.194310458666,12.8605217812
2,1,    621 - Ambulatory Care,,,00,000,17140,Cincinnati MSA,2024,621991,Blood and Organ Banks,2,2,5.19899979497,58.0836851053,0.0,9.08247210701,304.823269176,1.05752801888,0.210798248434,7.99656055589
2,1,    621 - Ambulatory Care,,,00,000,17140,Cincinnati MSA,2024,621999,All Other Miscellaneous Ambulatory Health Care Services,2,2,4.38670202569,28.4542982988,0.0,10.9274766654,258.485429197,0.0,0.164463396076,7.1106721965
2,1,    621 - Ambulatory Care,,,00,000,18020,Columbus MSA,2020,621111,Offices of Physicians (except Mental Health Specialists),2,2,16.7233028035,9.12371625413,0.0,10.816501926,781.128521052,0.0,0.0511438963204,5.43976099839
2,1,    621 - Ambulatory Care,,,00,000,18020,Columbus MSA,2020,621112,"Offices of Physicians, Mental Health Specialists",2,2,0.0,0.0,0.0,0.0,0.0,0.0,0.0,0.0
2,1,    621 - Ambulatory Care,,,00,000,18020,Columbus MSA,2020,621210,Offices of Dentists,2,2,3.60183340583,3.7854789691,1.74778179888,7.2816500525,221.642436868,0.0,0.073492715821,1.16445012017
2,1,    621 - Ambulatory Care,,,00,000,18020,Columbus MSA,2020,621310,Offices of Chiropractors,2,2,1.54628025783,0.551191966485,0.0,1.02419866226,37.5396662741,0.0,0.0767724601441,0.0
2,1,    621 - Ambulatory Care,,,00,000,18020,Columbus MSA,2020,621320,Offices of Optometrists,2,2,0.655834072778,0.0,0.0,0.0,15.8535179454,0.0,0.0397250038679,0.0
2,1,    621 - Ambulatory Care,,,00,000,18020,Columbus MSA,2020,621330,Offices of Mental Health Practitioners (except Physicians),2,2,0.0,0.0,0.0,0.0,4.70259978941,0.0,0.0,0.0
2,1,    621 - Ambulatory Care,,,00,000,18020,Columbus MSA,2020,621340,"Offices of Physical, Occupational and Speech Therapists, and Audiologists",2,2,5.72960588706,2.04239349243,0.0,4.59855010707,139.112858648,0.0,0.0899372834513,1.37733005231
2,1,    621 - Ambulatory Care,,,00,000,18020,Columbus MSA,2020,621391,Offices of Podiatrists,2,2,0.640128484531,0.0,0.0,0.0,15.4738657811,0.0,0.0397250038679,0.0
2,1,    621 - Ambulatory Care,,,00,000,18020,Columbus MSA,2020,621399,Offices of All Other Miscellaneous Health Practitioners,2,2,0.0,0.0,0.0,0.0,5.67405399368,0.0,0.0,0.0
2,1,    621 - Ambulatory Care,,,00,000,18020,Columbus MSA,2020,621410,Family Planning Centers,2,2,0.0,0.571797136132,0.0,0.0,9.80328825329,0.0,0.0551125233837,0.0
2,1,    621 - Ambulatory Care,,,00,000,18020,Columbus MSA,2020,621420,Outpatient Mental Health and Substance Abuse Centers,2,2,4.44380273715,19.4822217882,0.0,9.79854378593,335.14605779,1.41639734367,0.105690981682,4.46717328711
2,1,    621 - Ambulatory Care,,,00,000,18020,Columbus MSA,2020,621491,HMO Medical Centers,2,2,0.0,0.0,0.0,0.0,0.0,0.0,0.0,0.0
2,1,    621 - Ambulatory Care,,,00,000,18020,Columbus MSA,2020,621492,Kidney Dialysis Centers,2,2,0.0,0.0,0.0,0.0,0.575727331958,0.0,0.0,0.0
2,1,    621 - Ambulatory Care,,,00,000,18020,Columbus MSA,2020,621493,Freestanding Ambulatory Surgical and Emergency Centers,2,2,0.575153326976,2.52154862427,0.0,1.26820774713,43.3812894083,0.0,0.102289736886,0.578178134862
2,1,    621 - Ambulatory Care,,,00,000,18020,Columbus MSA,2020,621498,All Other Outpatient Care Centers,2,2,0.73723412001,3.23213236173,0.0,1.62559439126,55.6150098202,0.0,0.102275408245,0.741111332355
2,1,    621 - Ambulatory Care,,,00,000,18020,Columbus MSA,2020,621511,Medical Laboratories,2,2,0.0,0.0,0.0,0.0,4.45703089,0.0,0.0,0.0
2,1,    621 - Ambulatory Care,,,00,000,18020,Columbus MSA,2020,621512,Diagnostic Imaging Centers,2,2,0.0,0.0,0.0,0.0,0.0,0.0,0.0,0.0
2,1,    621 - Ambulatory Care,,,00,000,18020,Columbus MSA,2020,621610,Home Health Care Services,2,2,5.80879193759,42.17787947,1.18094819047,9.14156259529,461.327698509,0.0,0.126313180106,8.38722130355
2,1,    621 - Ambulatory Care,,,00,000,18020,Columbus MSA,2020,621910,Ambulance Services,2,2,1.97107191327,1.81839810224,0.0,3.43107310098,95.7671246668,0.0,0.0746269862684,0.502625585672
2,1,    621 - Ambulatory Care,,,00,000,18020,Columbus MSA,2020,621991,Blood and Organ Banks,2,2,0.0,0.0,0.0,0.0,0.0,0.0,0.0,0.0
2,1,    621 - Ambulatory Care,,,00,000,18020,Columbus MSA,2020,621999,All Other Miscellaneous Ambulatory Health Care Services,2,2,1.1237330912,1.03669181561,0.0,1.95609828132,54.6530713575,0.0,0.0700451180573,0.0
2,1,    621 - Ambulatory Care,,,00,000,18020,Columbus MSA,2021,621111,Offices of Physicians (except Mental Health Specialists),2,2,21.409140991,9.15611418492,0.0,14.2278069115,805.990230326,1.38677943619,0.06059922079,5.8132811169
2,1,    621 - Ambulatory Care,,,00,000,18020,Columbus MSA,2021,621112,"Offices of Physicians, Mental Health Specialists",2,2,0.0,0.0,0.0,0.0,0.860593492047,0.0,0.0,0.0
2,1,    621 - Ambulatory Care,,,00,000,18020,Columbus MSA,2021,621210,Offices of Dentists,2,2,4.07304328836,2.9691299542,1.52498465801,10.0150086707,228.433606831,0.0,0.0938376848293,5.07328725123
2,1,    621 - Ambulatory Care,,,00,000,18020,Columbus MSA,2021,621310,Offices of Chiropractors,2,2,1.0271486709,0.781050255817,0.0,1.23496250587,38.5464066997,0.0,0.0731712679224,0.0
2,1,    621 - Ambulatory Care,,,00,000,18020,Columbus MSA,2021,621320,Offices of Optometrists,2,2,0.0,0.0,0.0,0.0,12.7557192798,0.0,0.0,0.0
2,1,    621 - Ambulatory Care,,,00,000,18020,Columbus MSA,2021,621330,Offices of Mental Health Practitioners (except Physicians),2,2,0.0,0.0,0.0,0.0,6.04574661812,0.0,0.0,0.0
2,1,    621 - Ambulatory Care,,,00,000,18020,Columbus MSA,2021,621340,"Offices of Physical, Occupational and Speech Therapists, and Audiologists",2,2,5.9832870282,4.54972877479,0.0,8.10021935991,224.513070134,0.0,0.0841756482721,2.00230831054
2,1,    621 - Ambulatory Care,,,00,000,18020,Columbus MSA,2021,621391,Offices of Podiatrists,2,2,0.0,0.0,0.0,0.0,13.8605176002,0.0,0.0,0.0
2,1,    621 - Ambulatory Care,,,00,000,18020,Columbus MSA,2021,621399,Offices of All Other Miscellaneous Health Practitioners,2,2,0.0,0.0,0.0,0.0,2.75468318814,0.0,0.0,0.0
2,1,    621 - Ambulatory Care,,,00,000,18020,Columbus MSA,2021,621410,Family Planning Centers,2,2,0.0,0.0,0.0,0.0,4.63191849689,0.0,0.0,0.0
2,1,    621 - Ambulatory Care,,,00,000,18020,Columbus MSA,2021,621420,Outpatient Mental Health and Substance Abuse Centers,2,2,4.84056756685,19.9436757403,0.0,8.89275912757,339.882341719,1.63818603519,0.100679283854,2.73476428289
2,1,    621 - Ambulatory Care,,,00,000,18020,Columbus MSA,2021,621491,HMO Medical Centers,2,2,0.0,0.0,0.0,0.0,0.0,0.0,0.0,0.0
2,1,    621 - Ambulatory Care,,,00,000,18020,Columbus MSA,2021,621492,Kidney Dialysis Centers,2,2,0.0,0.0,0.0,0.0,0.344107158841,0.0,0.0,0.0
2,1,    621 - Ambulatory Care,,,00,000,18020,Columbus MSA,2021,621493,Freestanding Ambulatory Surgical and Emergency Centers,2,2,0.645566293487,2.65980479528,0.0,1.18599016945,45.3398202539,0.0,0.0901315425791,0.0
2,1,    621 - Ambulatory Care,,,00,000,18020,Columbus MSA,2021,621498,All Other Outpatient Care Centers,2,2,0.957195305279,3.94375091867,0.0,1.75849364157,67.2233626876,0.0,0.096746536682,0.54078442176
2,1,    621 - Ambulatory Care,,,00,000,18020,Columbus MSA,2021,621511,Medical Laboratories,2,2,0.0,0.0,0.0,0.0,11.3187099427,0.0,0.0,0.0
2,1,    621 - Ambulatory Care,,,00,000,18020,Columbus MSA,2021,621512,Diagnostic Imaging Centers,2,2,0.0,0.0,0.0,0.0,0.0,0.0,0.0,0.0
2,1,    621 - Ambulatory Care,,,00,000,18020,Columbus MSA,2021,621610,Home Health Care Services,2,2,7.0452564301,42.5561037848,2.35951341761,10.3714717866,484.552990197,0.0,0.127082646121,8.21073166222
2,1,    621 - Ambulatory Care,,,00,000,18020,Columbus MSA,2021,621910,Ambulance Services,2,2,0.0,3.46364118349,0.0,2.87742253143,83.7503358951,0.0,0.0703847841455,0.0
2,1,    621 - Ambulatory Care,,,00,000,18020,Columbus MSA,2021,621991,Blood and Organ Banks,2,2,0.0,0.0,0.0,0.0,0.0,0.0,0.0,0.0
2,1,    621 - Ambulatory Care,,,00,000,18020,Columbus MSA,2021,621999,All Other Miscellaneous Ambulatory Health Care Services,2,2,0.0,2.50294409411,0.0,1.66486610815,60.5989174381,0.0,0.0643511005436,0.0
2,1,    621 - Ambulatory Care,,,00,000,18020,Columbus MSA,2022,621111,Offices of Physicians (except Mental Health Specialists),2,2,26.1635563009,12.4142445554,0.0,19.6373780728,829.618583988,0.0,0.0739064969592,7.99217826919
2,1,    621 - Ambulatory Care,,,00,000,18020,Columbus MSA,2022,621112,"Offices of Physicians, Mental Health Specialists",2,2,0.0,0.0,0.0,0.0,2.11401348032,0.0,0.0,0.0
2,1,    621 - Ambulatory Care,,,00,000,18020,Columbus MSA,2022,621210,Offices of Dentists,2,2,5.85371069712,3.42582535006,1.32879242013,16.2319561813,249.218508059,0.0,0.11755813546,6.36038760734
2,1,    621 - Ambulatory Care,,,00,000,18020,Columbus MSA,2022,621310,Offices of Chiropractors,2,2,0.921083243112,0.917473723453,0.0,1.13332511075,34.5624227879,0.0,0.0791777572006,0.0
2,1,    621 - Ambulatory Care,,,00,000,18020,Columbus MSA,2022,621320,Offices of Optometrists,2,2,0.0,0.0,0.0,0.0,15.0833333333,0.0,0.0,0.0
2,1,    621 - Ambulatory Care,,,00,000,18020,Columbus MSA,2022,621330,Offices of Mental Health Practitioners (except Physicians),2,2,0.0,0.0,0.0,0.0,12.5,0.0,0.0,0.0
2,1,    621 - Ambulatory Care,,,00,000,18020,Columbus MSA,2022,621340,"Offices of Physical, Occupational and Speech Therapists, and Audiologists",2,2,6.32688129476,6.30208765902,0.0,7.78476158123,237.417627822,0.0,0.0879703380485,2.48652134216
2,1,    621 - Ambulatory Care,,,00,000,18020,Columbus MSA,2022,621391,Offices of Podiatrists,2,2,0.0,0.0,0.0,0.0,5.07456831104,0.0,0.0,0.0
2,1,    621 - Ambulatory Care,,,00,000,18020,Columbus MSA,2022,621399,Offices of All Other Miscellaneous Health Practitioners,2,2,0.0,0.0,0.0,0.0,3.25876537501,0.0,0.0,0.0
2,1,    621 - Ambulatory Care,,,00,000,18020,Columbus MSA,2022,621410,Family Planning Centers,2,2,0.0,0.0,0.0,0.0,7.1812999258,0.0,0.0,0.0
2,1,    621 - Ambulatory Care,,,00,000,18020,Columbus MSA,2022,621420,Outpatient Mental Health and Substance Abuse Centers,2,2,5.19705888531,18.7083792255,0.0,12.2383573889,338.920946108,1.53242532936,0.107651850574,3.21081084186
2,1,    621 - Ambulatory Care,,,00,000,18020,Columbus MSA,2022,621491,HMO Medical Centers,2,2,0.0,0.0,0.0,0.0,0.255288049269,0.0,0.0,0.0
2,1,    621 - Ambulatory Care,,,00,000,18020,Columbus MSA,2022,621492,Kidney Dialysis Centers,2,2,0.0,0.0,0.0,0.0,0.771988644763,0.0,0.0,0.0
2,1,    621 - Ambulatory Care,,,00,000,18020,Columbus MSA,2022,621493,Freestanding Ambulatory Surgical and Emergency Centers,2,2,0.614176598219,2.21091370417,0.0,1.21164139428,40.0543196717,0.0,0.091554444074,0.0
2,1,    621 - Ambulatory Care,,,00,000,18020,Columbus MSA,2022,621498,All Other Outpatient Care Centers,2,2,0.984342249707,3.54343649005,0.0,1.94190045558,64.2099014346,0.0,0.099285244053,0.608139495281
2,1,    621 - Ambulatory Care,,,00,000,18020,Columbus MSA,2022,621511,Medical Laboratories,2,2,0.0,0.0,0.0,0.0,17.5970418736,0.0,0.0,0.0
2,1,    621 - Ambulatory Care,,,00,000,18020,Columbus MSA,2022,621512,Diagnostic Imaging Centers,2,2,0.0,0.0,0.0,0.0,0.0,0.0,0.0,0.0
2,1,    621 - Ambulatory Care,,,00,000,18020,Columbus MSA,2022,621610,Home Health Care Services,2,2,4.57971810442,26.2520643589,0.0,11.9002450208,454.317259618,0.0,0.0988615742326,7.10994817982
2,1,    621 - Ambulatory Care,,,00,000,18020,Columbus MSA,2022,621910,Ambulance Services,2,2,0.0,7.99309569905,0.0,4.30781374945,65.7204217669,0.0,0.157660850653,0.0
2,1,    621 - Ambulatory Care,,,00,000,18020,Columbus MSA,2022,621991,Blood and Organ Banks,2,2,0.0,0.0,0.0,0.0,0.0978780430427,0.0,0.0,0.0
2,1,    621 - Ambulatory Care,,,00,000,18020,Columbus MSA,2022,621999,All Other Miscellaneous Ambulatory Health Care Services,2,2,0.0,6.80648531079,0.0,3.66829975659,56.0046094122,0.0,0.157564387422,0.0
2,1,    621 - Ambulatory Care,,,00,000,18020,Columbus MSA,2023,621111,Offices of Physicians (except Mental Health Specialists),2,2,27.9033655213,17.5466220523,0.0,23.2591562462,837.707829261,0.0,0.0837592782683,7.87095299806
2,1,    621 - Ambulatory Care,,,00,000,18020,Columbus MSA,2023,621112,"Offices of Physicians, Mental Health Specialists",2,2,0.0,0.0,0.0,0.0,5.30433612503,0.0,0.0,0.0
2,1,    621 - Ambulatory Care,,,00,000,18020,Columbus MSA,2023,621210,Offices of Dentists,2,2,5.30025594877,5.01738867509,1.55887343551,18.5063473068,300.509873493,0.0,0.1022401616,3.84029400701
2,1,    621 - Ambulatory Care,,,00,000,18020,Columbus MSA,2023,621310,Offices of Chiropractors,2,2,0.0,1.33375397557,0.0,1.33153229513,32.9460395493,0.0,0.0903808337808,0.608271097943
2,1,    621 - Ambulatory Care,,,00,000,18020,Columbus MSA,2023,621320,Offices of Optometrists,2,2,0.0,0.65321483184,0.0,0.652126749148,16.0279917523,0.0,0.0753081681339,0.0
2,1,    621 - Ambulatory Care,,,00,000,18020,Columbus MSA,2023,621330,Offices of Mental Health Practitioners (except Physicians),2,2,0.0,0.979822247759,0.0,0.978190123722,24.0419876285,0.0,0.0753081681339,0.0
2,1,    621 - Ambulatory Care,,,00,000,18020,Columbus MSA,2023,621340,"Offices of Physical, Occupational and Speech Therapists, and Audiologists",2,2,3.83870251342,10.2684717333,0.0,10.2513671823,252.866505636,0.0,0.103017887565,4.68303352026
2,1,    621 - Ambulatory Care,,,00,000,18020,Columbus MSA,2023,621391,Offices of Podiatrists,2,2,0.0,0.0,0.0,0.0,4.41198005119,0.0,0.0,0.0
2,1,    621 - Ambulatory Care,,,00,000,18020,Columbus MSA,2023,621399,Offices of All Other Miscellaneous Health Practitioners,2,2,0.0,0.0,0.0,0.0,3.08793689398,0.0,0.0,0.0
2,1,    621 - Ambulatory Care,,,00,000,18020,Columbus MSA,2023,621410,Family Planning Centers,2,2,0.0,0.660390071098,0.0,0.0,10.3056147645,0.0,0.0602215739458,0.0
2,1,    621 - Ambulatory Care,,,00,000,18020,Columbus MSA,2023,621420,Outpatient Mental Health and Substance Abuse Centers,2,2,6.64409809303,22.0306845435,0.0,14.3474778768,344.78947387,0.808080575041,0.126990839248,6.32389167244
2,1,    621 - Ambulatory Care,,,00,000,18020,Columbus MSA,2023,621491,HMO Medical Centers,2,2,0.0,0.816690701984,0.0,0.0,12.7447400026,0.0,0.0602215739458,0.0
2,1,    621 - Ambulatory Care,,,00,000,18020,Columbus MSA,2023,621492,Kidney Dialysis Centers,2,2,0.0,0.0,0.0,0.0,0.341776889679,0.0,0.0,0.0
2,1,    621 - Ambulatory Care,,,00,000,18020,Columbus MSA,2023,621493,Freestanding Ambulatory Surgical and Emergency Centers,2,2,0.0,0.0,0.0,0.0,0.655724309816,0.0,0.0,0.0
2,1,    621 - Ambulatory Care,,,00,000,18020,Columbus MSA,2023,621498,All Other Outpatient Care Centers,2,2,0.602533614811,1.99789765426,0.0,1.14819191224,31.4650198643,0.0,0.120772949543,0.573495041121
2,1,    621 - Ambulatory Care,,,00,000,18020,Columbus MSA,2023,621511,Medical Laboratories,2,2,0.0,0.0,0.0,0.572914190877,34.7372195696,0.0,0.0162252059072,0.0
2,1,    621 - Ambulatory Care,,,00,000,18020,Columbus MSA,2023,621512,Diagnostic Imaging Centers,2,2,0.0,0.0,0.0,0.0,0.0,0.0,0.0,0.0
2,1,    621 - Ambulatory Care,,,00,000,18020,Columbus MSA,2023,621610,Home Health Care Services,2,2,4.41268831117,27.5378552896,0.0,14.3472171767,461.863483583,0.0,0.108846219775,10.1146063757
2,1,    621 - Ambulatory Care,,,00,000,18020,Columbus MSA,2023,621910,Ambulance Services,2,2,1.79018286262,9.54261638916,0.0,4.68121971975,66.9498015087,0.0,0.193024126406,0.0
2,1,    621 - Ambulatory Care,,,00,000,18020,Columbus MSA,2023,621991,Blood and Organ Banks,2,2,0.0,0.611796958272,0.0,0.0,4.2736895996,0.0,0.125227436617,0.0
2,1,    621 - Ambulatory Care,,,00,000,18020,Columbus MSA,2023,621999,All Other Miscellaneous Ambulatory Health Care Services,2,2,1.02957028994,5.48815125412,0.0,2.69226392722,38.633902502,0.0,0.19250077411,0.0
2,1,    621 - Ambulatory Care,,,00,000,18020,Columbus MSA,2024,621111,Offices of Physicians (except Mental Health Specialists),2,2,30.3177209272,19.5632296729,0.0,24.2198638384,824.252678681,0.0,0.0897071558146,7.12729138405
2,1,    621 - Ambulatory Care,,,00,000,18020,Columbus MSA,2024,621112,"Offices of Physicians, Mental Health Specialists",2,2,0.0,0.0,0.0,0.0,11.8683648507,0.0,0.0,0.0
2,1,    621 - Ambulatory Care,,,00,000,18020,Columbus MSA,2024,621210,Offices of Dentists,2,2,6.36017675542,7.22739708283,2.0510108621,21.8366690429,307.065622357,0.0,0.11881226997,3.92700638674
2,1,    621 - Ambulatory Care,,,00,000,18020,Columbus MSA,2024,621310,Offices of Chiropractors,2,2,0.559362749641,1.35651540734,0.0,1.37919492887,30.0731722538,0.0,0.116857318343,0.684204936406
2,1,    621 - Ambulatory Care,,,00,000,18020,Columbus MSA,2024,621320,Offices of Optometrists,2,2,0.0,0.750446059523,0.0,0.762992734241,16.4696404305,0.0,0.0841590461171,0.0
2,1,    621 - Ambulatory Care,,,00,000,18020,Columbus MSA,2024,621330,Offices of Mental Health Practitioners (except Physicians),2,2,0.80934955874,1.96276056469,0.0,1.99557587239,43.0756619233,0.0,0.117904533993,0.989985414158
2,1,    621 - Ambulatory Care,,,00,000,18020,Columbus MSA,2024,621340,"Offices of Physical, Occupational and Speech Therapists, and Audiologists",2,2,5.95909581891,14.4514544405,0.0,16.0586487207,318.140644904,0.0,0.120912997304,7.28908526431
2,1,    621 - Ambulatory Care,,,00,000,18020,Columbus MSA,2024,621391,Offices of Podiatrists,2,2,0.0,0.0,0.0,0.0,1.13508980628,0.0,0.0,0.0
2,1,    621 - Ambulatory Care,,,00,000,18020,Columbus MSA,2024,621399,Offices of All Other Miscellaneous Health Practitioners,2,2,0.0,0.0,0.0,0.0,5.79849770124,0.0,0.0,0.0
2,1,    621 - Ambulatory Care,,,00,000,18020,Columbus MSA,2024,621410,Family Planning Centers,2,2,0.0,0.586007256375,0.0,0.0,9.34096563151,0.0,0.0590318179564,0.0
2,1,    621 - Ambulatory Care,,,00,000,18020,Columbus MSA,2024,621420,Outpatient Mental Health and Substance Abuse Centers,2,2,7.12459865968,22.7794956889,0.0,15.387421507,364.102374786,0.509810137205,0.126300776148,6.83282003515
2,1,    621 - Ambulatory Care,,,00,000,18020,Columbus MSA,2024,621491,HMO Medical Centers,2,2,0.0,0.504145226333,0.0,0.0,8.0360834806,0.0,0.0590318179564,0.0
2,1,    621 - Ambulatory Care,,,00,000,18020,Columbus MSA,2024,621492,Kidney Dialysis Centers,2,2,0.0,0.0,0.0,0.0,1.05822932389,0.0,0.0,0.0
2,1,    621 - Ambulatory Care,,,00,000,18020,Columbus MSA,2024,621493,Freestanding Ambulatory Surgical and Emergency Centers,2,2,0.0,0.0,0.0,0.0,0.715357736537,0.0,0.0,0.0
2,1,    621 - Ambulatory Care,,,00,000,18020,Columbus MSA,2024,621498,All Other Outpatient Care Centers,2,2,0.0,1.31876455387,0.0,0.826772698918,21.3762559698,0.0,0.0912148675267,0.0
2,1,    621 - Ambulatory Care,,,00,000,18020,Columbus MSA,2024,621511,Medical Laboratories,2,2,1.07548213125,2.98293803049,0.0,5.85418209166,38.3582685237,0.0,0.205353706983,0.0
2,1,    621 - Ambulatory Care,,,00,000,18020,Columbus MSA,2024,621512,Diagnostic Imaging Centers,2,2,0.0,0.0,0.0,0.0,0.0,0.0,0.0,0.0
2,1,    621 - Ambulatory Care,,,00,000,18020,Columbus MSA,2024,621610,Home Health Care Services,2,2,6.00231085566,32.1342190575,0.0,17.0998660588,551.452129778,0.740976431392,0.11052495092,12.5453136927
2,1,    621 - Ambulatory Care,,,00,000,18020,Columbus MSA,2024,621910,Ambulance Services,2,2,1.65357268393,5.33559386625,0.0,3.46531813992,72.6763278309,0.0,0.125759443136,0.0
2,1,    621 - Ambulatory Care,,,00,000,18020,Columbus MSA,2024,621991,Blood and Organ Banks,2,2,0.0,0.0,0.0,0.0,0.0,0.0,0.0,0.0
2,1,    621 - Ambulatory Care,,,00,000,18020,Columbus MSA,2024,621999,All Other Miscellaneous Ambulatory Health Care Services,2,2,0.92274788006,2.9774366599,0.0,1.93376136315,40.7144597349,0.0,0.125330735245,0.0
2,1,    621 - Ambulatory Care,,,00,000,21140,Elkhart-Goshen MSA,2020,621111,Offices of Physicians (except Mental Health Specialists),2,2,43.6469159881,95.9196054356,0.0,236.666223161,1562.60735811,4.11480296892,0.207965782186,29.9489449092
2,1,    621 - Ambulatory Care,,,00,000,21140,Elkhart-Goshen MSA,2020,621112,"Offices of Physicians, Mental Health Specialists",2,2,0.782497801678,1.71963765806,0.0,3.8858420458,28.0421929437,0.0,0.198040469269,0.536921865463
2,1,    621 - Ambulatory Care,,,00,000,21140,Elkhart-Goshen MSA,2020,621210,Offices of Dentists,2,2,8.34798316267,39.2557914874,0.0,58.610000965,370.395242885,0.0,0.228662653516,3.58974871043
2,1,    621 - Ambulatory Care,,,00,000,21140,Elkhart-Goshen MSA,2020,621310,Offices of Chiropractors,2,2,2.07604302471,1.85276566482,0.0,4.73255296333,129.972661575,0.554234045208,0.0764283675768,1.5400381965
2,1,    621 - Ambulatory Care,,,00,000,21140,Elkhart-Goshen MSA,2020,621320,Offices of Optometrists,2,2,1.17650957421,1.04997657442,0.0,2.68197421998,73.607940949,0.0,0.0728211811298,0.872751509131
2,1,    621 - Ambulatory Care,,,00,000,21140,Elkhart-Goshen MSA,2020,621330,Offices of Mental Health Practitioners (except Physicians),2,2,0.0,0.0,0.0,0.763920145454,20.9027465212,0.0,0.0352578528671,0.0
2,1,    621 - Ambulatory Care,,,00,000,21140,Elkhart-Goshen MSA,2020,621340,"Offices of Physical, Occupational and Speech Therapists, and Audiologists",2,2,1.05266646114,0.939452724482,0.0,2.39966114419,65.9039181785,0.0,0.0727759151385,0.780882929223
2,1,    621 - Ambulatory Care,,,00,000,21140,Elkhart-Goshen MSA,2020,621391,Offices of Podiatrists,2,2,0.0,0.0,0.0,0.0,10.0182989613,0.0,0.0,0.0
2,1,    621 - Ambulatory Care,,,00,000,21140,Elkhart-Goshen MSA,2020,621399,Offices of All Other Miscellaneous Health Practitioners,2,2,0.0,0.0,0.0,0.569356772904,15.6789651617,0.0,0.0350409583953,0.0
2,1,    621 - Ambulatory Care,,,00,000,21140,Elkhart-Goshen MSA,2020,621410,Family Planning Centers,2,2,0.0,1.04141274586,0.0,0.0,6.61078642923,0.0,0.136093261824,0.0
2,1,    621 - Ambulatory Care,,,00,000,21140,Elkhart-Goshen MSA,2020,621420,Outpatient Mental Health and Substance Abuse Centers,2,2,2.84956289435,23.3748085382,0.0,12.3637937574,148.945853631,0.0,0.21392938357,1.9474991467
2,1,    621 - Ambulatory Care,,,00,000,21140,Elkhart-Goshen MSA,2020,621491,HMO Medical Centers,2,2,0.0,0.0,0.0,0.0,0.0,0.0,0.0,0.0
2,1,    621 - Ambulatory Care,,,00,000,21140,Elkhart-Goshen MSA,2020,621492,Kidney Dialysis Centers,2,2,0.0,0.0,0.0,0.0,1.02677025888,0.0,0.0,0.0
2,1,    621 - Ambulatory Care,,,00,000,21140,Elkhart-Goshen MSA,2020,621493,Freestanding Ambulatory Surgical and Emergency Centers,2,2,0.970850793175,7.96383594645,0.0,3.58584067939,50.7505156318,0.0,0.206211535029,0.663516181739
2,1,    621 - Ambulatory Care,,,00,000,21140,Elkhart-Goshen MSA,2020,621498,All Other Outpatient Care Centers,2,2,1.26171499189,10.3497790569,0.0,4.66014857845,65.9667683406,0.0,0.206182900633,0.862303785242
2,1,    621 - Ambulatory Care,,,00,000,21140,Elkhart-Goshen MSA,2020,621511,Medical Laboratories,2,2,0.698752280501,2.3359773639,0.0,0.0,13.6568595045,0.0,0.243165412942,1.35311934891
2,1,    621 - Ambulatory Care,,,00,000,21140,Elkhart-Goshen MSA,2020,621512,Diagnostic Imaging Centers,2,2,1.000851298,3.34591534366,0.0,0.0,19.7047894329,0.0,0.241822659777,1.9381278523
2,1,    621 - Ambulatory Care,,,00,000,21140,Elkhart-Goshen MSA,2020,621610,Home Health Care Services,2,2,4.33236378238,24.6398436844,0.0,6.93380321324,78.7920152574,0.0,0.328278343466,2.60058203652
2,1,    621 - Ambulatory Care,,,00,000,21140,Elkhart-Goshen MSA,2020,621910,Ambulance Services,2,2,2.38175672869,4.4659250729,0.0,4.17332559679,90.4704416193,0.0,0.125478575327,1.9599234323
2,1,    621 - Ambulatory Care,,,00,000,21140,Elkhart-Goshen MSA,2020,621991,Blood and Organ Banks,2,2,1.38881574754,2.60410603395,0.0,2.43348963336,52.76130563,0.0,0.125463013544,1.14284237931
2,1,    621 - Ambulatory Care,,,00,000,21140,Elkhart-Goshen MSA,2020,621999,All Other Miscellaneous Ambulatory Health Care Services,2,2,0.0,0.0,0.0,0.0,1.30685136897,0.0,0.0,0.0
2,1,    621 - Ambulatory Care,,,00,000,21140,Elkhart-Goshen MSA,2021,621111,Offices of Physicians (except Mental Health Specialists),2,2,45.1781271598,111.176338426,0.0,262.040390844,1538.84830374,3.83218012306,0.226718606592,28.9483649945
2,1,    621 - Ambulatory Care,,,00,000,21140,Elkhart-Goshen MSA,2021,621112,"Offices of Physicians, Mental Health Specialists",2,2,0.786699338089,1.93594461191,0.0,4.17789345701,26.8272740101,0.0,0.204594876367,0.0
2,1,    621 - Ambulatory Care,,,00,000,21140,Elkhart-Goshen MSA,2021,621210,Offices of Dentists,2,2,8.39624734171,37.9235910919,0.0,69.2778468371,410.943951581,0.0,0.225862310076,4.29926771824
2,1,    621 - Ambulatory Care,,,00,000,21140,Elkhart-Goshen MSA,2021,621310,Offices of Chiropractors,2,2,1.18912364441,2.58843123018,0.543263204547,6.11613286167,124.315326042,0.0,0.0830098117486,0.816595655862
2,1,    621 - Ambulatory Care,,,00,000,21140,Elkhart-Goshen MSA,2021,621320,Offices of Optometrists,2,2,0.702500202588,1.52917105983,0.0,3.61323617993,73.3836360889,0.0,0.0737727488333,0.0
2,1,    621 - Ambulatory Care,,,00,000,21140,Elkhart-Goshen MSA,2021,621330,Offices of Mental Health Practitioners (except Physicians),2,2,0.0,0.616830926037,0.0,1.45749280601,29.6143506121,0.0,0.0654594669853,0.0
2,1,    621 - Ambulatory Care,,,00,000,21140,Elkhart-Goshen MSA,2021,621340,"Offices of Physical, Occupational and Speech Therapists, and Audiologists",2,2,0.921406833002,2.00567723421,0.0,4.73915949515,96.3119821525,0.0,0.0793319496416,0.632749017019
2,1,    621 - Ambulatory Care,,,00,000,21140,Elkhart-Goshen MSA,2021,621391,Offices of Podiatrists,2,2,0.0,0.0,0.0,0.56970899623,11.5345668743,0.0,0.0470667557748,0.0
2,1,    621 - Ambulatory Care,,,00,000,21140,Elkhart-Goshen MSA,2021,621399,Offices of All Other Miscellaneous Health Practitioners,2,2,0.0,0.0,0.0,0.924660499138,18.8425479494,0.0,0.0467774952414,0.0
2,1,    621 - Ambulatory Care,,,00,000,21140,Elkhart-Goshen MSA,2021,621410,Family Planning Centers,2,2,0.0,1.51193616825,0.0,0.60976489132,9.79639274288,0.0,0.178023524125,0.0
2,1,    621 - Ambulatory Care,,,00,000,21140,Elkhart-Goshen MSA,2021,621420,Outpatient Mental Health and Substance Abuse Centers,2,2,3.36890382539,22.911478588,0.0,11.6829640799,149.074246038,0.0,0.212221095192,2.19601746788
2,1,    621 - Ambulatory Care,,,00,000,21140,Elkhart-Goshen MSA,2021,621491,HMO Medical Centers,2,2,0.0,0.0,0.0,0.0,0.0,0.0,0.0,0.0
2,1,    621 - Ambulatory Care,,,00,000,21140,Elkhart-Goshen MSA,2021,621492,Kidney Dialysis Centers,2,2,0.0,1.2016166825,0.0,0.0,7.78571820384,0.0,0.133701113589,0.0
2,1,    621 - Ambulatory Care,,,00,000,21140,Elkhart-Goshen MSA,2021,621493,Freestanding Ambulatory Surgical and Emergency Centers,2,2,0.884713945582,6.01682495889,0.0,2.93647406893,39.1743945307,0.0,0.210020175828,0.57670013134
2,1,    621 - Ambulatory Care,,,00,000,21140,Elkhart-Goshen MSA,2021,621498,All Other Outpatient Care Centers,2,2,1.6401851075,11.1546864851,0.0,5.44397549114,72.6194732222,0.0,0.21003514776,1.0691534497
2,1,    621 - Ambulatory Care,,,00,000,21140,Elkhart-Goshen MSA,2021,621511,Medical Laboratories,2,2,0.0,0.912460146891,0.0,0.0,4.71298428611,0.0,0.257828244315,0.724816473597
2,1,    621 - Ambulatory Care,,,00,000,21140,Elkhart-Goshen MSA,2021,621512,Diagnostic Imaging Centers,2,2,1.24616039156,4.79971370323,0.0,0.0,24.9401996101,0.0,0.283301772424,3.81267233698
2,1,    621 - Ambulatory Care,,,00,000,21140,Elkhart-Goshen MSA,2021,621610,Home Health Care Services,2,2,4.40450731224,35.9984808749,0.0,7.7877290962,94.3915840047,0.0,0.348932041108,2.3973167619
2,1,    621 - Ambulatory Care,,,00,000,21140,Elkhart-Goshen MSA,2021,621910,Ambulance Services,2,2,2.26692179505,5.21476317957,0.0,4.85187226233,95.43569305,0.0,0.124707757864,1.26369717426
2,1,    621 - Ambulatory Care,,,00,000,21140,Elkhart-Goshen MSA,2021,621991,Blood and Organ Banks,2,2,1.34888126718,3.1029285532,0.0,2.8869984045,56.7969745179,0.0,0.124688359433,0.751934826104
2,1,    621 - Ambulatory Care,,,00,000,21140,Elkhart-Goshen MSA,2021,621999,All Other Miscellaneous Ambulatory Health Care Services,2,2,0.0,0.0,0.0,0.0,1.49824523354,0.0,0.0,0.0
2,1,    621 - Ambulatory Care,,,00,000,21140,Elkhart-Goshen MSA,2022,621111,Offices of Physicians (except Mental Health Specialists),2,2,45.0710781633,118.571510776,0.0,265.50404631,1476.48191446,3.01517288787,0.236693605998,25.6803261243
2,1,    621 - Ambulatory Care,,,00,000,21140,Elkhart-Goshen MSA,2022,621112,"Offices of Physicians, Mental Health Specialists",2,2,1.01295777263,2.6648560085,0.0,5.50707813003,33.2296883638,0.0,0.227068024936,0.57715694879
2,1,    621 - Ambulatory Care,,,00,000,21140,Elkhart-Goshen MSA,2022,621210,Offices of Dentists,2,2,11.1164978242,37.9933652448,0.0,81.1165161557,408.464921713,0.0,0.247555945841,4.15958539139
2,1,    621 - Ambulatory Care,,,00,000,21140,Elkhart-Goshen MSA,2022,621310,Offices of Chiropractors,2,2,1.5708107633,3.08749682013,0.0,6.63034985753,109.734880367,0.0,0.099254597148,0.8032070409
2,1,    621 - Ambulatory Care,,,00,000,21140,Elkhart-Goshen MSA,2022,621320,Offices of Optometrists,2,2,1.02844117257,2.02144581905,0.0,3.95921300979,71.823480836,0.0,0.0949486169384,0.525875688055
2,1,    621 - Ambulatory Care,,,00,000,21140,Elkhart-Goshen MSA,2022,621330,Offices of Mental Health Practitioners (except Physicians),2,2,0.0,0.833453263187,0.0,1.63240536628,29.6200777286,0.0,0.0768516960812,0.0
2,1,    621 - Ambulatory Care,,,00,000,21140,Elkhart-Goshen MSA,2022,621340,"Offices of Physical, Occupational and Speech Therapists, and Audiologists",2,2,1.83320715989,3.60324834095,0.0,7.73791796911,128.067953506,0.537341651248,0.102644318207,0.937378920909
2,1,    621 - Ambulatory Care,,,00,000,21140,Elkhart-Goshen MSA,2022,621391,Offices of Podiatrists,2,2,0.0,0.0,0.0,0.615115608087,11.1289215924,0.0,0.0523768443154,0.0
2,1,    621 - Ambulatory Care,,,00,000,21140,Elkhart-Goshen MSA,2022,621399,Offices of All Other Miscellaneous Health Practitioners,2,2,0.0,0.649120212494,0.0,1.27136981165,23.1199211657,0.0,0.0766956265049,0.0
2,1,    621 - Ambulatory Care,,,00,000,21140,Elkhart-Goshen MSA,2022,621410,Family Planning Centers,2,2,0.0,1.22143975457,0.0,0.641157202862,7.79703597166,0.0,0.192822747107,0.0
2,1,    621 - Ambulatory Care,,,00,000,21140,Elkhart-Goshen MSA,2022,621420,Outpatient Mental Health and Substance Abuse Centers,2,2,3.70115891487,21.7781686154,0.0,13.1799618,139.486148351,0.0,0.222769656479,1.32021174152
2,1,    621 - Ambulatory Care,,,00,000,21140,Elkhart-Goshen MSA,2022,621491,HMO Medical Centers,2,2,0.0,0.0,0.0,0.0,0.0,0.0,0.0,0.0
2,1,    621 - Ambulatory Care,,,00,000,21140,Elkhart-Goshen MSA,2022,621492,Kidney Dialysis Centers,2,2,0.557639824619,3.28123552826,0.0,1.7223835931,21.049165707,0.0,0.20898798191,0.0
2,1,    621 - Ambulatory Care,,,00,000,21140,Elkhart-Goshen MSA,2022,621493,Freestanding Ambulatory Surgical and Emergency Centers,2,2,0.776633904809,4.56982921307,0.0,2.39879118461,29.2652920202,0.0,0.209271547493,0.0
2,1,    621 - Ambulatory Care,,,00,000,21140,Elkhart-Goshen MSA,2022,621498,All Other Outpatient Care Centers,2,2,1.3973794073,8.22238792008,0.0,4.9761190027,52.6697377317,0.0,0.216988789351,0.0
2,1,    621 - Ambulatory Care,,,00,000,21140,Elkhart-Goshen MSA,2022,621511,Medical Laboratories,2,2,0.0,1.6061774236,0.0,0.0,10.1837745871,0.0,0.230632974211,1.44661031357
2,1,    621 - Ambulatory Care,,,00,000,21140,Elkhart-Goshen MSA,2022,621512,Diagnostic Imaging Centers,2,2,0.690239134275,2.37509014033,0.0,0.0,15.1544761234,0.0,0.255635311276,2.13913471961
2,1,    621 - Ambulatory Care,,,00,000,21140,Elkhart-Goshen MSA,2022,621610,Home Health Care Services,2,2,3.10410709359,41.3125834643,0.0,8.0604217793,87.9380344692,0.0,0.384859955546,2.54097393737
2,1,    621 - Ambulatory Care,,,00,000,21140,Elkhart-Goshen MSA,2022,621910,Ambulance Services,2,2,2.57333526249,4.33091659275,0.0,5.6300560779,105.742887358,0.0,0.125093670538,2.58475735134
2,1,    621 - Ambulatory Care,,,00,000,21140,Elkhart-Goshen MSA,2022,621991,Blood and Organ Banks,2,2,1.11723849437,1.88030949712,0.0,2.44434352079,45.9102873106,0.0,0.125091320312,1.12219750517
2,1,    621 - Ambulatory Care,,,00,000,21140,Elkhart-Goshen MSA,2022,621999,All Other Miscellaneous Ambulatory Health Care Services,2,2,0.0,0.0,0.0,0.0,3.30595741694,0.0,0.0,0.0
2,1,    621 - Ambulatory Care,,,00,000,21140,Elkhart-Goshen MSA,2023,621111,Offices of Physicians (except Mental Health Specialists),2,2,46.5099371168,121.586892563,0.0,286.025707895,1436.71483165,2.92972453247,0.250994980214,24.3973960622
2,1,    621 - Ambulatory Care,,,00,000,21140,Elkhart-Goshen MSA,2023,621112,"Offices of Physicians, Mental Health Specialists",2,2,1.22188407021,3.18103500571,0.0,6.98969422087,37.8961300055,0.0,0.241010238711,0.640955276464
2,1,    621 - Ambulatory Care,,,00,000,21140,Elkhart-Goshen MSA,2023,621210,Offices of Dentists,2,2,10.8143734363,38.5120105428,0.0,82.9525275518,370.673414779,0.0,0.274234103585,7.78180519162
2,1,    621 - Ambulatory Care,,,00,000,21140,Elkhart-Goshen MSA,2023,621310,Offices of Chiropractors,2,2,1.85915950291,3.94567764517,0.0,7.59697021582,104.750008904,0.0,0.12001243088,0.88396625879
2,1,    621 - Ambulatory Care,,,00,000,21140,Elkhart-Goshen MSA,2023,621320,Offices of Optometrists,2,2,1.23979086932,2.6311971136,0.0,4.68255430592,69.8748097386,0.0,0.115708317087,0.589477823029
2,1,    621 - Ambulatory Care,,,00,000,21140,Elkhart-Goshen MSA,2023,621330,Offices of Mental Health Practitioners (except Physicians),2,2,0.510231233354,1.08285919963,0.0,1.92708747731,28.8433581431,0.0,0.108769879301,0.0
2,1,    621 - Ambulatory Care,,,00,000,21140,Elkhart-Goshen MSA,2023,621340,"Offices of Physical, Occupational and Speech Therapists, and Audiologists",2,2,2.46651475722,5.23466228897,0.54297808096,10.0787689911,138.896709197,0.524007664248,0.125976152112,1.17274274681
2,1,    621 - Ambulatory Care,,,00,000,21140,Elkhart-Goshen MSA,2023,621391,Offices of Podiatrists,2,2,0.0,0.0,0.0,0.62855491449,9.34357755044,0.0,0.0630311437098,0.0
2,1,    621 - Ambulatory Care,,,00,000,21140,Elkhart-Goshen MSA,2023,621399,Offices of All Other Miscellaneous Health Practitioners,2,2,0.564867499421,1.19881326022,0.0,2.13344266935,31.9297470302,0.0,0.108776551762,0.0
2,1,    621 - Ambulatory Care,,,00,000,21140,Elkhart-Goshen MSA,2023,621410,Family Planning Centers,2,2,0.0,1.28333133628,0.0,0.580683510327,7.04706290652,0.0,0.209179506481,0.0
2,1,    621 - Ambulatory Care,,,00,000,21140,Elkhart-Goshen MSA,2023,621420,Outpatient Mental Health and Substance Abuse Centers,2,2,4.55448188901,24.2477137311,0.0,13.9416573107,133.627025668,0.0,0.24565878257,0.77312809236
2,1,    621 - Ambulatory Care,,,00,000,21140,Elkhart-Goshen MSA,2023,621491,HMO Medical Centers,2,2,0.0,0.0,0.0,0.0,0.0,0.0,0.0,0.0
2,1,    621 - Ambulatory Care,,,00,000,21140,Elkhart-Goshen MSA,2023,621492,Kidney Dialysis Centers,2,2,0.0,0.0,0.0,0.0,0.686529104747,0.0,0.0,0.0
2,1,    621 - Ambulatory Care,,,00,000,21140,Elkhart-Goshen MSA,2023,621493,Freestanding Ambulatory Surgical and Emergency Centers,2,2,1.93008716386,10.2756366511,0.0,5.63753469014,56.6339686197,0.0,0.239580059489,0.0
2,1,    621 - Ambulatory Care,,,00,000,21140,Elkhart-Goshen MSA,2023,621498,All Other Outpatient Care Centers,2,2,1.36907628267,7.28885756653,0.0,3.99889454815,40.2961056432,0.0,0.239020341869,0.0
2,1,    621 - Ambulatory Care,,,00,000,21140,Elkhart-Goshen MSA,2023,621511,Medical Laboratories,2,2,0.864257595983,0.0,0.0,0.711464430886,13.2014264194,0.0,0.204771484562,1.82364763075
2,1,    621 - Ambulatory Care,,,00,000,21140,Elkhart-Goshen MSA,2023,621512,Diagnostic Imaging Centers,2,2,0.624561828858,0.0,0.0,0.0,9.74640970231,0.0,0.166178428446,1.31787178354
2,1,    621 - Ambulatory Care,,,00,000,21140,Elkhart-Goshen MSA,2023,621610,Home Health Care Services,2,2,3.90079286844,41.64293252,0.0,13.3167288635,95.684552998,0.0,0.384014560885,0.790731100553
2,1,    621 - Ambulatory Care,,,00,000,21140,Elkhart-Goshen MSA,2023,621910,Ambulance Services,2,2,2.61957483607,6.12646539711,0.0,7.36558588877,107.039652236,0.0,0.139836887618,1.28983135164
2,1,    621 - Ambulatory Care,,,00,000,21140,Elkhart-Goshen MSA,2023,621991,Blood and Organ Banks,2,2,0.869466803718,2.03344382973,0.0,1.99858069691,35.6425185882,0.0,0.120893107026,0.0
2,1,    621 - Ambulatory Care,,,00,000,21140,Elkhart-Goshen MSA,2023,621999,All Other Miscellaneous Ambulatory Health Care Services,2,2,0.0,0.0,0.0,0.0,2.03970448016,0.0,0.0,0.0
2,1,    621 - Ambulatory Care,,,00,000,21140,Elkhart-Goshen MSA,2024,621111,Offices of Physicians (except Mental Health Specialists),2,2,49.3505732274,117.707247397,0.0,303.755239874,1445.11917044,2.72173677866,0.256296566469,24.4850649722
2,1,    621 - Ambulatory Care,,,00,000,21140,Elkhart-Goshen MSA,2024,621112,"Offices of Physicians, Mental Health Specialists",2,2,1.3182966582,3.14430128652,0.0,7.56838167967,38.8322399093,0.0,0.246228934919,0.654066958451
2,1,    621 - Ambulatory Care,,,00,000,21140,Elkhart-Goshen MSA,2024,621210,Offices of Dentists,2,2,11.021025211,38.9295355911,0.0,85.5510933717,372.764130214,0.0,0.275658740704,6.35922893324
2,1,    621 - Ambulatory Care,,,00,000,21140,Elkhart-Goshen MSA,2024,621310,Offices of Chiropractors,2,2,1.98294001285,4.23373055855,0.558409959479,8.16462763203,112.325868184,0.541310754515,0.128600389751,1.09593413328
2,1,    621 - Ambulatory Care,,,00,000,21140,Elkhart-Goshen MSA,2024,621320,Offices of Optometrists,2,2,1.19526165398,2.55197623585,0.0,4.54469813231,67.7925881881,0.0,0.116652818878,0.660598926998
2,1,    621 - Ambulatory Care,,,00,000,21140,Elkhart-Goshen MSA,2024,621330,Offices of Mental Health Practitioners (except Physicians),2,2,0.652147739957,1.39238595089,0.0,2.47963666023,37.0962771854,0.0,0.108700665631,0.0
2,1,    621 - Ambulatory Care,,,00,000,21140,Elkhart-Goshen MSA,2024,621340,"Offices of Physical, Occupational and Speech Therapists, and Audiologists",2,2,2.67735480334,5.71635993703,0.753962085367,11.0238357522,151.561133834,0.730874831972,0.128674796408,1.47972429668
2,1,    621 - Ambulatory Care,,,00,000,21140,Elkhart-Goshen MSA,2024,621391,Offices of Podiatrists,2,2,0.0,0.0,0.0,0.559562138033,8.30646451873,0.0,0.0631130674084,0.0
2,1,    621 - Ambulatory Care,,,00,000,21140,Elkhart-Goshen MSA,2024,621399,Offices of All Other Miscellaneous Health Practitioners,2,2,0.733150380085,1.56533286336,0.0,2.7876299319,41.6758105309,0.0,0.108766123637,0.0
2,1,    621 - Ambulatory Care,,,00,000,21140,Elkhart-Goshen MSA,2024,621410,Family Planning Centers,2,2,0.0,1.26249780223,0.0,0.696645794802,6.89026962492,0.0,0.221386836381,0.0
2,1,    621 - Ambulatory Care,,,00,000,21140,Elkhart-Goshen MSA,2024,621420,Outpatient Mental Health and Substance Abuse Centers,2,2,4.61221792702,23.5013666107,0.0,15.5298860139,128.749524011,0.0,0.260360533973,1.67765732223
2,1,    621 - Ambulatory Care,,,00,000,21140,Elkhart-Goshen MSA,2024,621491,HMO Medical Centers,2,2,0.0,0.0,0.0,0.0,0.0,0.0,0.0,0.0
2,1,    621 - Ambulatory Care,,,00,000,21140,Elkhart-Goshen MSA,2024,621492,Kidney Dialysis Centers,2,2,0.0,0.0,0.0,0.0,1.73582484684,0.0,0.0,0.0
2,1,    621 - Ambulatory Care,,,00,000,21140,Elkhart-Goshen MSA,2024,621493,Freestanding Ambulatory Surgical and Emergency Centers,2,2,0.956898151899,4.87583514758,0.0,2.69048393249,26.9126791334,0.0,0.24052495086,0.0
2,1,    621 - Ambulatory Care,,,00,000,21140,Elkhart-Goshen MSA,2024,621498,All Other Outpatient Care Centers,2,2,2.20739186609,11.2476743986,0.0,7.11045565207,61.7303772396,0.0,0.257144962547,0.802921107755
2,1,    621 - Ambulatory Care,,,00,000,21140,Elkhart-Goshen MSA,2024,621511,Medical Laboratories,2,2,0.87760173561,0.873158738932,0.0,0.0,14.0903320485,0.0,0.200984061698,1.7935144642
2,1,    621 - Ambulatory Care,,,00,000,21140,Elkhart-Goshen MSA,2024,621512,Diagnostic Imaging Centers,2,2,0.512172489661,0.0,0.0,0.0,8.52008786208,0.0,0.15466629052,1.04670345454
2,1,    621 - Ambulatory Care,,,00,000,21140,Elkhart-Goshen MSA,2024,621610,Home Health Care Services,2,2,3.25212872725,31.842361415,0.0,12.2078732825,101.044466657,0.0,0.327680609213,1.94552804695
2,1,    621 - Ambulatory Care,,,00,000,21140,Elkhart-Goshen MSA,2024,621910,Ambulance Services,2,2,2.84063897424,5.62588858183,0.0,7.76362099422,110.557512024,0.0,0.134920461026,1.01274047902
2,1,    621 - Ambulatory Care,,,00,000,21140,Elkhart-Goshen MSA,2024,621991,Blood and Organ Banks,2,2,0.69790120597,1.38219409841,0.0,1.70299349139,27.3767806981,0.0,0.121409006431,0.0
2,1,    621 - Ambulatory Care,,,00,000,21140,Elkhart-Goshen MSA,2024,621999,All Other Miscellaneous Ambulatory Health Care Services,2,2,0.0,0.0,0.0,0.0,7.50420869984,0.0,0.0,0.0
2,1,    621 - Ambulatory Care,,,00,000,21780,Evansville MSA,2020,621111,Offices of Physicians (except Mental Health Specialists),2,2,101.068161351,102.047999499,1.25656639098,41.5112044535,2903.80560509,3.89860513643,0.0875774972889,28.9348630048
2,1,    621 - Ambulatory Care,,,00,000,21780,Evansville MSA,2020,621112,"Offices of Physicians, Mental Health Specialists",2,2,1.64345009403,0.974214843759,0.0,0.0,45.2552778587,0.0,0.0546794240101,0.0
2,1,    621 - Ambulatory Care,,,00,000,21780,Evansville MSA,2020,621210,Offices of Dentists,2,2,9.36875412958,10.8678705256,0.0,7.49146327581,703.654956657,0.0,0.0437811158238,4.48922095841
2,1,    621 - Ambulatory Care,,,00,000,21780,Evansville MSA,2020,621310,Offices of Chiropractors,2,2,1.31291568763,6.37431656182,0.0,1.33182017486,123.944698415,0.0,0.0775313245331,1.39820822912
2,1,    621 - Ambulatory Care,,,00,000,21780,Evansville MSA,2020,621320,Offices of Optometrists,2,2,2.65504715395,8.58937810376,0.0,1.97851603883,163.436437134,0.0,0.0856013182931,2.07714033708
2,1,    621 - Ambulatory Care,,,00,000,21780,Evansville MSA,2020,621330,Offices of Mental Health Practitioners (except Physicians),2,2,5.82728286227,25.6623838708,0.0,8.17667308594,409.762623733,0.0,0.100677530384,6.20584773889
2,1,    621 - Ambulatory Care,,,00,000,21780,Evansville MSA,2020,621340,"Offices of Physical, Occupational and Speech Therapists, and Audiologists",2,2,9.82987313201,32.9671606059,0.0,10.5529764571,678.925829685,0.0,0.0848802693413,9.62252263944
2,1,    621 - Ambulatory Care,,,00,000,21780,Evansville MSA,2020,621391,Offices of Podiatrists,2,2,0.0,1.05261564346,0.0,0.0,16.6140510232,0.0,0.0595820175544,0.0
2,1,    621 - Ambulatory Care,,,00,000,21780,Evansville MSA,2020,621399,Offices of All Other Miscellaneous Health Practitioners,2,2,0.0,1.42003808505,0.0,0.0,22.9340167102,0.0,0.0583080762929,0.0
2,1,    621 - Ambulatory Care,,,00,000,21780,Evansville MSA,2020,621410,Family Planning Centers,2,2,0.0,0.0,0.0,0.0,2.55876952228,0.0,0.0,0.0
2,1,    621 - Ambulatory Care,,,00,000,21780,Evansville MSA,2020,621420,Outpatient Mental Health and Substance Abuse Centers,2,2,2.59441078638,21.2380800501,0.0,5.21404747448,367.290989754,1.1523056713,0.0877014825097,5.10973505885
2,1,    621 - Ambulatory Care,,,00,000,21780,Evansville MSA,2020,621491,HMO Medical Centers,2,2,0.0,0.0,0.0,0.0,0.0,0.0,0.0,0.0
2,1,    621 - Ambulatory Care,,,00,000,21780,Evansville MSA,2020,621492,Kidney Dialysis Centers,2,2,0.522615933157,4.87249006813,0.0,0.521523299618,78.2614465466,0.0,0.0815179427408,1.02930074527
2,1,    621 - Ambulatory Care,,,00,000,21780,Evansville MSA,2020,621493,Freestanding Ambulatory Surgical and Emergency Centers,2,2,2.61026101124,12.2454284798,0.0,3.52704687168,195.133857461,0.513916461491,0.101413420672,3.12592399741
2,1,    621 - Ambulatory Care,,,00,000,21780,Evansville MSA,2020,621498,All Other Outpatient Care Centers,2,2,0.928848769366,3.3782859887,0.0,1.0291323963,62.1099371904,0.0,0.0864521822863,0.541410519049
2,1,    621 - Ambulatory Care,,,00,000,21780,Evansville MSA,2020,621511,Medical Laboratories,2,2,2.63771587817,10.4919248615,0.0,4.70138563531,123.115359629,0.0,0.137135966226,1.73583832109
2,1,    621 - Ambulatory Care,,,00,000,21780,Evansville MSA,2020,621512,Diagnostic Imaging Centers,2,2,0.788008434357,7.44083208655,0.0,1.11972217348,65.1780394932,0.0,0.13148264329,0.51857565442
2,1,    621 - Ambulatory Care,,,00,000,21780,Evansville MSA,2020,621610,Home Health Care Services,2,2,17.6340834586,112.112153113,0.895810277313,18.4242463945,687.103152001,2.40150814362,0.192137617919,11.9490946319
2,1,    621 - Ambulatory Care,,,00,000,21780,Evansville MSA,2020,621910,Ambulance Services,2,2,0.801123899767,19.0696626072,0.0,4.2788609795,187.54813784,0.524296491481,0.12714548677,2.64549920202
2,1,    621 - Ambulatory Care,,,00,000,21780,Evansville MSA,2020,621991,Blood and Organ Banks,2,2,0.0,5.72229136795,0.0,1.57766186332,60.7782694315,0.0,0.119839827874,0.975423885112
2,1,    621 - Ambulatory Care,,,00,000,21780,Evansville MSA,2020,621999,All Other Miscellaneous Ambulatory Health Care Services,2,2,0.0,0.0,0.0,0.0,1.14323344226,0.0,0.0,0.0
2,1,    621 - Ambulatory Care,,,00,000,21780,Evansville MSA,2021,621111,Offices of Physicians (except Mental Health Specialists),2,2,98.4067126876,114.445631935,1.87296666277,53.5382219652,3043.33820907,5.35290720544,0.0905819921218,29.5132922855
2,1,    621 - Ambulatory Care,,,00,000,21780,Evansville MSA,2021,621112,"Offices of Physicians, Mental Health Specialists",2,2,1.51561508373,1.62844727167,0.0,0.0,44.3098941552,0.0,0.0662550098367,0.0
2,1,    621 - Ambulatory Care,,,00,000,21780,Evansville MSA,2021,621210,Offices of Dentists,2,2,14.3048069024,14.0178222333,0.0,11.1092788393,721.549609595,0.0,0.061161753772,7.57431459174
2,1,    621 - Ambulatory Care,,,00,000,21780,Evansville MSA,2021,621310,Offices of Chiropractors,2,2,1.83789915177,7.07697346656,0.0,2.14053390003,135.055368884,0.0,0.0897292835358,2.25757968286
2,1,    621 - Ambulatory Care,,,00,000,21780,Evansville MSA,2021,621320,Offices of Optometrists,2,2,2.1594570665,8.21308336215,0.0,2.1698867498,161.430845748,0.0,0.083763605162,2.21580519517
2,1,    621 - Ambulatory Care,,,00,000,21780,Evansville MSA,2021,621330,Offices of Mental Health Practitioners (except Physicians),2,2,4.75131424915,25.4243931344,0.0,8.49326384312,426.539987592,1.03936734982,0.0984291545517,6.85923908319
2,1,    621 - Ambulatory Care,,,00,000,21780,Evansville MSA,2021,621340,"Offices of Physical, Occupational and Speech Therapists, and Audiologists",2,2,10.9103760508,31.2579723194,0.0,12.1236044202,637.584060925,1.55733566001,0.0953575014686,11.3578382596
2,1,    621 - Ambulatory Care,,,00,000,21780,Evansville MSA,2021,621391,Offices of Podiatrists,2,2,0.0,1.09351575708,0.0,0.0,18.0615983113,0.0,0.057087405127,0.0
2,1,    621 - Ambulatory Care,,,00,000,21780,Evansville MSA,2021,621399,Offices of All Other Miscellaneous Health Practitioners,2,2,0.0,1.20812002856,0.0,0.0,21.9845808546,0.0,0.0520905277331,0.0
2,1,    621 - Ambulatory Care,,,00,000,21780,Evansville MSA,2021,621410,Family Planning Centers,2,2,0.0,0.0,0.0,0.0,1.27709788666,0.0,0.0,0.0
2,1,    621 - Ambulatory Care,,,00,000,21780,Evansville MSA,2021,621420,Outpatient Mental Health and Substance Abuse Centers,2,2,3.38824715294,24.444220533,0.0,6.56072327814,381.378225601,1.17107086705,0.0964863899231,5.16319127318
2,1,    621 - Ambulatory Care,,,00,000,21780,Evansville MSA,2021,621491,HMO Medical Centers,2,2,0.0,0.0,0.0,0.0,0.0,0.0,0.0,0.0
2,1,    621 - Ambulatory Care,,,00,000,21780,Evansville MSA,2021,621492,Kidney Dialysis Centers,2,2,1.37278212045,5.72970695567,0.0,1.73020011187,87.2374672052,0.0,0.101303021625,1.00090237781
2,1,    621 - Ambulatory Care,,,00,000,21780,Evansville MSA,2021,621493,Freestanding Ambulatory Surgical and Emergency Centers,2,2,2.3372904863,11.8459542568,0.0,3.58589050073,177.257865682,0.510453204554,0.103798757897,2.25056194742
2,1,    621 - Ambulatory Care,,,00,000,21780,Evansville MSA,2021,621498,All Other Outpatient Care Centers,2,2,1.52111993091,4.38422152861,0.0,1.79692453219,77.9468548018,0.0,0.0981569588096,0.781500990647
2,1,    621 - Ambulatory Care,,,00,000,21780,Evansville MSA,2021,621511,Medical Laboratories,2,2,2.97986230262,13.8439560547,0.0,2.57076247673,111.535524197,0.0,0.164740655547,2.60389843472
2,1,    621 - Ambulatory Care,,,00,000,21780,Evansville MSA,2021,621512,Diagnostic Imaging Centers,2,2,0.948231230197,7.7147728597,0.0,1.51481999109,63.8473330146,0.0,0.158263451673,1.82676253596
2,1,    621 - Ambulatory Care,,,00,000,21780,Evansville MSA,2021,621610,Home Health Care Services,2,2,11.3744166042,105.78043553,0.0,16.3271404521,689.897164035,2.52366284554,0.178042255071,13.4312804804
2,1,    621 - Ambulatory Care,,,00,000,21780,Evansville MSA,2021,621910,Ambulance Services,2,2,4.32537343772,12.3861846916,0.0,4.1883666903,154.52241867,0.0,0.125001596228,1.17502857865
2,1,    621 - Ambulatory Care,,,00,000,21780,Evansville MSA,2021,621991,Blood and Organ Banks,2,2,1.70007998748,4.09660552213,0.0,1.574302845,60.4380420595,0.0,0.115541891542,0.5243835504
2,1,    621 - Ambulatory Care,,,00,000,21780,Evansville MSA,2021,621999,All Other Miscellaneous Ambulatory Health Care Services,2,2,0.0,0.849697326176,0.0,0.0,13.5395400549,0.0,0.0590508936417,0.0
2,1,    621 - Ambulatory Care,,,00,000,21780,Evansville MSA,2022,621111,Offices of Physicians (except Mental Health Specialists),2,2,106.390503619,121.190487285,0.995728062182,63.2700502693,2999.73821693,5.57488536696,0.097806802836,27.7800929448
2,1,    621 - Ambulatory Care,,,00,000,21780,Evansville MSA,2022,621112,"Offices of Physicians, Mental Health Specialists",2,2,1.61619289356,1.6307622375,0.0,0.0,41.179708369,0.0,0.0730857299482,0.0
2,1,    621 - Ambulatory Care,,,00,000,21780,Evansville MSA,2022,621210,Offices of Dentists,2,2,14.0490157916,15.1302540277,0.0,15.0658952868,710.089853258,0.0,0.0705025345718,9.61526624575
2,1,    621 - Ambulatory Care,,,00,000,21780,Evansville MSA,2022,621310,Offices of Chiropractors,2,2,2.34804400079,8.32615047008,0.0,2.54534791053,133.972202732,0.0,0.106322396149,2.71936618076
2,1,    621 - Ambulatory Care,,,00,000,21780,Evansville MSA,2022,621320,Offices of Optometrists,2,2,1.92291439302,9.57644460069,0.0,2.4109044426,153.689805004,0.0,0.0969239547504,2.58471922227
2,1,    621 - Ambulatory Care,,,00,000,21780,Evansville MSA,2022,621330,Offices of Mental Health Practitioners (except Physicians),2,2,6.29542944007,31.3523220218,0.0,8.786961569,433.336328696,1.10183949954,0.114438300035,8.46211227357
2,1,    621 - Ambulatory Care,,,00,000,21780,Evansville MSA,2022,621340,"Offices of Physical, Occupational and Speech Therapists, and Audiologists",2,2,13.292233597,35.2103606553,0.0,14.1097531693,636.11146975,0.928994416307,0.107655099769,13.201007138
2,1,    621 - Ambulatory Care,,,00,000,21780,Evansville MSA,2022,621391,Offices of Podiatrists,2,2,0.0,1.33934073777,0.0,0.0,18.0773259289,0.0,0.068978922117,0.0
2,1,    621 - Ambulatory Care,,,00,000,21780,Evansville MSA,2022,621399,Offices of All Other Miscellaneous Health Practitioners,2,2,0.0,1.5922634522,0.0,0.0,24.8365290616,0.0,0.0602473023075,0.0
2,1,    621 - Ambulatory Care,,,00,000,21780,Evansville MSA,2022,621410,Family Planning Centers,2,2,0.0,0.0,0.0,0.0,1.72629757864,0.0,0.0,0.0
2,1,    621 - Ambulatory Care,,,00,000,21780,Evansville MSA,2022,621420,Outpatient Mental Health and Substance Abuse Centers,2,2,4.30964544796,25.8564933828,0.0,8.34203960827,400.722262814,0.542252269048,0.100448787313,5.69639946814
2,1,    621 - Ambulatory Care,,,00,000,21780,Evansville MSA,2022,621491,HMO Medical Centers,2,2,0.0,0.0,0.0,0.0,0.0,0.0,0.0,0.0
2,1,    621 - Ambulatory Care,,,00,000,21780,Evansville MSA,2022,621492,Kidney Dialysis Centers,2,2,0.775088569619,4.65028335009,0.0,1.04360689694,74.6421280986,0.0,0.0912329667628,1.02449590553
2,1,    621 - Ambulatory Care,,,00,000,21780,Evansville MSA,2022,621493,Freestanding Ambulatory Surgical and Emergency Centers,2,2,3.62838154607,12.225528523,0.0,4.63388706221,194.330419719,0.0,0.108550058248,3.17542543654
2,1,    621 - Ambulatory Care,,,00,000,21780,Evansville MSA,2022,621498,All Other Outpatient Care Centers,2,2,1.76259540937,3.77925265292,0.0,1.38643322314,75.6309269934,0.0,0.0927743849053,0.805861815136
2,1,    621 - Ambulatory Care,,,00,000,21780,Evansville MSA,2022,621511,Medical Laboratories,2,2,2.05743146925,8.98351826367,0.0,3.57976949424,81.3049244245,0.0,0.173869283933,2.49089363866
2,1,    621 - Ambulatory Care,,,00,000,21780,Evansville MSA,2022,621512,Diagnostic Imaging Centers,2,2,1.60074999759,8.0866332196,0.0,3.07289398154,65.5690341546,0.0,0.182014321698,1.82983555336
2,1,    621 - Ambulatory Care,,,00,000,21780,Evansville MSA,2022,621610,Home Health Care Services,2,2,17.2529632556,81.642974775,0.0,12.9546666259,677.58505159,2.56936308151,0.16231792817,16.875908623
2,1,    621 - Ambulatory Care,,,00,000,21780,Evansville MSA,2022,621910,Ambulance Services,2,2,3.3598791484,10.3426396723,0.0,4.05221349112,128.141670689,0.0,0.126551008723,0.811271939214
2,1,    621 - Ambulatory Care,,,00,000,21780,Evansville MSA,2022,621991,Blood and Organ Banks,2,2,2.62970356806,7.1806090895,0.0,3.17157844241,93.4388121087,0.0,0.12719416058,0.634964717179
2,1,    621 - Ambulatory Care,,,00,000,21780,Evansville MSA,2022,621999,All Other Miscellaneous Ambulatory Health Care Services,2,2,0.0,0.0,0.0,0.0,3.45713899377,0.0,0.0,0.0
2,1,    621 - Ambulatory Care,,,00,000,21780,Evansville MSA,2023,621111,Offices of Physicians (except Mental Health Specialists),2,2,112.01043146,120.66328967,0.0,70.430782445,2948.67218368,4.41789621948,0.104283611379,35.7762023003
2,1,    621 - Ambulatory Care,,,00,000,21780,Evansville MSA,2023,621112,"Offices of Physicians, Mental Health Specialists",2,2,1.84360026692,1.60937680807,0.0,0.0,41.5968580659,0.0,0.0766479403131,0.0
2,1,    621 - Ambulatory Care,,,00,000,21780,Evansville MSA,2023,621210,Offices of Dentists,2,2,11.655853537,13.1307512917,0.99856338195,17.7274781191,744.307981167,0.0,0.0671057337536,10.0275404011
2,1,    621 - Ambulatory Care,,,00,000,21780,Evansville MSA,2023,621310,Offices of Chiropractors,2,2,3.96162606332,8.49556595082,0.0,2.90395662208,145.245797133,0.0,0.116589872297,3.80796478956
2,1,    621 - Ambulatory Care,,,00,000,21780,Evansville MSA,2023,621320,Offices of Optometrists,2,2,3.58512931698,8.49453971052,0.0,2.64394794554,151.517941824,0.0,0.10406738995,2.87600665877
2,1,    621 - Ambulatory Care,,,00,000,21780,Evansville MSA,2023,621330,Offices of Mental Health Practitioners (except Physicians),2,2,10.4553967537,30.8630700105,0.0,11.0100233706,477.823866328,0.705276404881,0.118825126294,11.4000739576
2,1,    621 - Ambulatory Care,,,00,000,21780,Evansville MSA,2023,621340,"Offices of Physical, Occupational and Speech Therapists, and Audiologists",2,2,20.7407541957,36.9377582402,0.0,16.469726355,672.961594877,0.642739580803,0.120885334623,17.7466515744
2,1,    621 - Ambulatory Care,,,00,000,21780,Evansville MSA,2023,621391,Offices of Podiatrists,2,2,0.0,1.20207648289,0.0,0.0,17.9645901838,0.0,0.06271703389,0.0
2,1,    621 - Ambulatory Care,,,00,000,21780,Evansville MSA,2023,621399,Offices of All Other Miscellaneous Health Practitioners,2,2,0.518575101739,1.36409548711,0.0,0.0,31.7389616007,0.0,0.0559958118104,0.0
2,1,    621 - Ambulatory Care,,,00,000,21780,Evansville MSA,2023,621410,Family Planning Centers,2,2,0.0,1.21674385211,0.0,0.0,16.576105928,0.0,0.0683838658309,0.0
2,1,    621 - Ambulatory Care,,,00,000,21780,Evansville MSA,2023,621420,Outpatient Mental Health and Substance Abuse Centers,2,2,5.44701760576,27.43496737,0.808514477874,8.83137110512,395.744648521,1.75973458962,0.114478276972,6.87938199103
2,1,    621 - Ambulatory Care,,,00,000,21780,Evansville MSA,2023,621491,HMO Medical Centers,2,2,0.0,0.0,0.0,0.0,0.0,0.0,0.0,0.0
2,1,    621 - Ambulatory Care,,,00,000,21780,Evansville MSA,2023,621492,Kidney Dialysis Centers,2,2,1.02791072077,5.17727298215,0.0,1.54822566955,76.4885154096,0.0,0.105817255414,1.29821326323
2,1,    621 - Ambulatory Care,,,00,000,21780,Evansville MSA,2023,621493,Freestanding Ambulatory Surgical and Emergency Centers,2,2,3.99781936811,15.7495667332,0.0,5.09822245161,228.823380908,0.832812178749,0.115602295968,4.23177474197
2,1,    621 - Ambulatory Care,,,00,000,21780,Evansville MSA,2023,621498,All Other Outpatient Care Centers,2,2,0.0,2.0622302662,0.0,0.616694898196,40.0062444809,0.0,0.0739783711774,0.51710904421
2,1,    621 - Ambulatory Care,,,00,000,21780,Evansville MSA,2023,621511,Medical Laboratories,2,2,0.992788431034,5.30112937812,0.0,3.09986325543,64.1445844533,0.0,0.143213438466,1.32810337081
2,1,    621 - Ambulatory Care,,,00,000,21780,Evansville MSA,2023,621512,Diagnostic Imaging Centers,2,2,2.10969883214,4.46472963209,0.0,2.77379760245,83.0150271279,0.0,0.122169567741,2.20515555182
2,1,    621 - Ambulatory Care,,,00,000,21780,Evansville MSA,2023,621610,Home Health Care Services,2,2,15.8537653276,80.2393495783,0.0,16.3297811223,708.494144349,2.40504195269,0.153983769094,14.1253784478
2,1,    621 - Ambulatory Care,,,00,000,21780,Evansville MSA,2023,621910,Ambulance Services,2,2,2.96659337577,13.9598464627,0.0,3.70911616654,131.372165701,0.0,0.146787517456,1.96584102156
2,1,    621 - Ambulatory Care,,,00,000,21780,Evansville MSA,2023,621991,Blood and Organ Banks,2,2,2.41722086114,9.80937687568,0.0,3.02223858767,94.6418910413,0.0,0.151136867737,1.60179415414
2,1,    621 - Ambulatory Care,,,00,000,21780,Evansville MSA,2023,621999,All Other Miscellaneous Ambulatory Health Care Services,2,2,0.0,0.0,0.0,0.0,3.23456440046,0.0,0.0,0.0
2,1,    621 - Ambulatory Care,,,00,000,21780,Evansville MSA,2024,621111,Offices of Physicians (except Mental Health Specialists),2,2,116.938454906,118.93423502,1.41066144086,74.0711944898,3010.72929818,4.04483071844,0.106645671023,44.0114818694
2,1,    621 - Ambulatory Care,,,00,000,21780,Evansville MSA,2024,621112,"Offices of Physicians, Mental Health Specialists",2,2,1.98894622634,1.64147494412,0.0,0.542422947386,44.2298737263,0.0,0.0862109464863,0.0
2,1,    621 - Ambulatory Care,,,00,000,21780,Evansville MSA,2024,621210,Offices of Dentists,2,2,11.3933105148,20.1218811715,0.0,17.1931792243,743.477413355,0.0,0.0719380641306,8.92175459556
2,1,    621 - Ambulatory Care,,,00,000,21780,Evansville MSA,2024,621310,Offices of Chiropractors,2,2,4.36263721773,8.43559431483,0.0,3.2788647187,147.911271401,0.0,0.119642007241,4.02427336151
2,1,    621 - Ambulatory Care,,,00,000,21780,Evansville MSA,2024,621320,Offices of Optometrists,2,2,4.19168545767,8.90396618693,0.0,3.19887991963,159.653567169,0.0,0.10910751379,3.25822485829
2,1,    621 - Ambulatory Care,,,00,000,21780,Evansville MSA,2024,621330,Offices of Mental Health Practitioners (except Physicians),2,2,12.5688847946,30.8178434382,0.0,13.1451669132,505.692206693,0.679744651856,0.121893576013,12.9855820332
2,1,    621 - Ambulatory Care,,,00,000,21780,Evansville MSA,2024,621340,"Offices of Physical, Occupational and Speech Therapists, and Audiologists",2,2,23.8912485751,41.4569257407,0.0,19.9213638698,742.213760348,0.712763792176,0.124713659008,19.7707407512
2,1,    621 - Ambulatory Care,,,00,000,21780,Evansville MSA,2024,621391,Offices of Podiatrists,2,2,0.0,0.939045785074,0.0,0.0,14.9776208816,0.0,0.058997640947,0.0
2,1,    621 - Ambulatory Care,,,00,000,21780,Evansville MSA,2024,621399,Offices of All Other Miscellaneous Health Practitioners,2,2,0.0,1.29293352954,0.0,0.0,30.5146668831,0.0,0.0555443284733,0.501662799022
2,1,    621 - Ambulatory Care,,,00,000,21780,Evansville MSA,2024,621410,Family Planning Centers,2,2,0.0,1.08807685696,0.0,0.0,13.0411374253,0.0,0.077009013752,0.0
2,1,    621 - Ambulatory Care,,,00,000,21780,Evansville MSA,2024,621420,Outpatient Mental Health and Substance Abuse Centers,2,2,6.30413618565,32.0736874922,0.0,7.72460926746,410.855805606,0.630355799425,0.11679402921,7.59825808707
2,1,    621 - Ambulatory Care,,,00,000,21780,Evansville MSA,2024,621491,HMO Medical Centers,2,2,0.0,0.0,0.0,0.0,0.0,0.0,0.0,0.0
2,1,    621 - Ambulatory Care,,,00,000,21780,Evansville MSA,2024,621492,Kidney Dialysis Centers,2,2,1.61329317508,6.734032398,0.0,1.24438100375,87.4422022269,0.0,0.110874507204,1.31239094292
2,1,    621 - Ambulatory Care,,,00,000,21780,Evansville MSA,2024,621493,Freestanding Ambulatory Surgical and Emergency Centers,2,2,3.89825969986,16.6070237541,0.0,4.24785309695,213.690276498,0.0,0.119495121708,4.2472088504
2,1,    621 - Ambulatory Care,,,00,000,21780,Evansville MSA,2024,621498,All Other Outpatient Care Centers,2,2,0.564781457342,2.87345060937,0.0,0.645444690161,41.5618334643,0.0,0.102844484851,0.680720585549
2,1,    621 - Ambulatory Care,,,00,000,21780,Evansville MSA,2024,621511,Medical Laboratories,2,2,1.66088628792,6.71669431072,0.0,3.54458533261,73.1589587785,0.0,0.16278564732,2.30266003339
2,1,    621 - Ambulatory Care,,,00,000,21780,Evansville MSA,2024,621512,Diagnostic Imaging Centers,2,2,1.95035006157,4.87933425065,0.0,3.0246732264,74.3303374211,0.0,0.135063103356,1.75260024587
2,1,    621 - Ambulatory Care,,,00,000,21780,Evansville MSA,2024,621610,Home Health Care Services,2,2,17.1796170771,124.78859584,0.0,18.9340159907,833.121435595,2.63713006042,0.182515771397,22.4676564148
2,1,    621 - Ambulatory Care,,,00,000,21780,Evansville MSA,2024,621910,Ambulance Services,2,2,3.01032104162,12.7396621019,0.0,4.21337933762,127.244593542,0.0,0.147613723866,2.0724783346
2,1,    621 - Ambulatory Care,,,00,000,21780,Evansville MSA,2024,621991,Blood and Organ Banks,2,2,2.54155181233,10.0686034062,0.0,3.55726905653,95.0285128253,0.0,0.158635316187,1.74975060617
2,1,    621 - Ambulatory Care,,,00,000,21780,Evansville MSA,2024,621999,All Other Miscellaneous Ambulatory Health Care Services,2,2,0.0,0.0,0.0,0.0,0.813055737897,0.0,0.0,0.0
2,1,    621 - Ambulatory Care,,,00,000,23060,Fort Wayne MSA,2020,621111,Offices of Physicians (except Mental Health Specialists),2,2,185.419152371,179.391616199,2.07687553801,148.394866135,3016.42258349,3.96935359922,0.157882437042,46.2750525619
2,1,    621 - Ambulatory Care,,,00,000,23060,Fort Wayne MSA,2020,621112,"Offices of Physicians, Mental Health Specialists",2,2,2.69327656963,2.66692620606,0.0,1.86942387213,42.9372175919,0.0,0.155802835365,0.694754674141
2,1,    621 - Ambulatory Care,,,00,000,23060,Fort Wayne MSA,2020,621210,Offices of Dentists,2,2,28.3808601194,36.0691208713,1.04052551727,57.3182585813,1287.97992624,4.21214355002,0.101162645015,17.9390836684
2,1,    621 - Ambulatory Care,,,00,000,23060,Fort Wayne MSA,2020,621310,Offices of Chiropractors,2,2,4.5875401215,7.5066445831,0.0,7.11669630013,199.731136664,0.0,0.0994987750778,2.85794343767
2,1,    621 - Ambulatory Care,,,00,000,23060,Fort Wayne MSA,2020,621320,Offices of Optometrists,2,2,5.29406827162,8.66274470874,0.0,8.88570173251,235.97944576,0.0,0.099727625024,3.29809598929
2,1,    621 - Ambulatory Care,,,00,000,23060,Fort Wayne MSA,2020,621330,Offices of Mental Health Practitioners (except Physicians),2,2,10.636307462,17.4043120451,0.0,18.1784161845,403.237301417,0.937384891683,0.117681132253,6.62620147334
2,1,    621 - Ambulatory Care,,,00,000,23060,Fort Wayne MSA,2020,621340,"Offices of Physical, Occupational and Speech Therapists, and Audiologists",2,2,15.979757936,26.1478614186,0.0,27.3108587097,620.364664512,1.4083067564,0.11523916948,9.95506156221
2,1,    621 - Ambulatory Care,,,00,000,23060,Fort Wayne MSA,2020,621391,Offices of Podiatrists,2,2,0.672922006495,1.10111000691,0.0,0.944774739871,25.5267489354,0.0,0.0962560900996,0.0
2,1,    621 - Ambulatory Care,,,00,000,23060,Fort Wayne MSA,2020,621399,Offices of All Other Miscellaneous Health Practitioners,2,2,2.08254142761,3.40768645343,0.0,2.92386415743,81.945114248,0.0,0.105954988925,1.29738061119
2,1,    621 - Ambulatory Care,,,00,000,23060,Fort Wayne MSA,2020,621410,Family Planning Centers,2,2,1.05707040502,4.63151113744,0.0,1.83075551763,29.3420506714,0.0,0.221550728193,0.831563799305
2,1,    621 - Ambulatory Care,,,00,000,23060,Fort Wayne MSA,2020,621420,Outpatient Mental Health and Substance Abuse Centers,2,2,17.6696759854,78.7997261442,0.0,36.4834800389,518.681970447,0.904858008599,0.225312902334,16.9976703517
2,1,    621 - Ambulatory Care,,,00,000,23060,Fort Wayne MSA,2020,621491,HMO Medical Centers,2,2,0.0,0.0,0.0,0.0,0.0,0.0,0.0,0.0
2,1,    621 - Ambulatory Care,,,00,000,23060,Fort Wayne MSA,2020,621492,Kidney Dialysis Centers,2,2,4.09608861855,18.7446569174,0.0,7.59892666092,117.378786391,0.0,0.225648445991,3.76487043545
2,1,    621 - Ambulatory Care,,,00,000,23060,Fort Wayne MSA,2020,621493,Freestanding Ambulatory Surgical and Emergency Centers,2,2,9.44405255814,42.1370389344,0.0,18.2680178727,260.710238925,0.508288047554,0.229800383775,7.42933695694
2,1,    621 - Ambulatory Care,,,00,000,23060,Fort Wayne MSA,2020,621498,All Other Outpatient Care Centers,2,2,6.80256404787,29.8051586738,0.0,13.1584784013,182.950454714,0.0,0.23152023249,5.3513616291
2,1,    621 - Ambulatory Care,,,00,000,23060,Fort Wayne MSA,2020,621511,Medical Laboratories,2,2,2.4971256971,5.99267868467,0.0,4.34674514506,70.3628910572,0.0,0.170306989785,1.60649388919
2,1,    621 - Ambulatory Care,,,00,000,23060,Fort Wayne MSA,2020,621512,Diagnostic Imaging Centers,2,2,0.604353242672,1.45034541095,0.0,0.0,12.6441812522,0.0,0.139786069877,0.0
2,1,    621 - Ambulatory Care,,,00,000,23060,Fort Wayne MSA,2020,621610,Home Health Care Services,2,2,25.2386249034,441.251735922,1.80732146952,59.4825202946,1317.72735801,1.96040735823,0.302442613099,41.5914596314
2,1,    621 - Ambulatory Care,,,00,000,23060,Fort Wayne MSA,2020,621910,Ambulance Services,2,2,1.87015253478,15.8088537299,0.0,5.51330067312,137.764755926,1.08912087013,0.162431937222,2.43567994785
2,1,    621 - Ambulatory Care,,,00,000,23060,Fort Wayne MSA,2020,621991,Blood and Organ Banks,2,2,1.80002273983,33.1131943098,0.0,12.9326779833,226.428789229,2.28127045868,0.196085287338,5.10177048683
2,1,    621 - Ambulatory Care,,,00,000,23060,Fort Wayne MSA,2020,621999,All Other Miscellaneous Ambulatory Health Care Services,2,2,0.0,5.19938543131,0.0,1.49475513037,37.5886107126,0.0,0.166250607854,0.801072554189
2,1,    621 - Ambulatory Care,,,00,000,23060,Fort Wayne MSA,2021,621111,Offices of Physicians (except Mental Health Specialists),2,2,187.080847575,175.978488516,1.70658367876,154.453162262,2966.4692141,4.97516558017,0.160680614206,43.7112522645
2,1,    621 - Ambulatory Care,,,00,000,23060,Fort Wayne MSA,2021,621112,"Offices of Physicians, Mental Health Specialists",2,2,3.60493703237,3.46434845182,0.0,2.59214379406,55.8561342744,0.0,0.1583820968,0.85000546177
2,1,    621 - Ambulatory Care,,,00,000,23060,Fort Wayne MSA,2021,621210,Offices of Dentists,2,2,35.1091043054,43.7777751785,2.31331885946,68.4673779176,1362.46666036,4.95448359769,0.114633115532,21.7836774969
2,1,    621 - Ambulatory Care,,,00,000,23060,Fort Wayne MSA,2021,621310,Offices of Chiropractors,2,2,5.10297812243,9.51558455187,0.0,8.6851749691,212.470269237,0.0,0.114313324214,4.11925904065
2,1,    621 - Ambulatory Care,,,00,000,23060,Fort Wayne MSA,2021,621320,Offices of Optometrists,2,2,5.45857869147,10.1786772009,0.0,9.81250932739,248.737700686,0.0,0.107167055112,4.40630923442
2,1,    621 - Ambulatory Care,,,00,000,23060,Fort Wayne MSA,2021,621330,Offices of Mental Health Practitioners (except Physicians),2,2,11.3927550119,21.2442070088,0.0,21.2299489186,436.808499163,0.781758550512,0.127523680911,9.19653346629
2,1,    621 - Ambulatory Care,,,00,000,23060,Fort Wayne MSA,2021,621340,"Offices of Physical, Occupational and Speech Therapists, and Audiologists",2,2,17.4050660602,32.4554355816,0.0,32.4336530538,680.691347794,1.1943168444,0.125333571816,14.0498301191
2,1,    621 - Ambulatory Care,,,00,000,23060,Fort Wayne MSA,2021,621391,Offices of Podiatrists,2,2,0.609537013082,1.13661098408,0.0,0.974886826997,23.2084964302,0.0,0.104939607179,0.0
2,1,    621 - Ambulatory Care,,,00,000,23060,Fort Wayne MSA,2021,621399,Offices of All Other Miscellaneous Health Practitioners,2,2,2.64727160371,4.93639913253,0.0,4.2340172271,106.311314888,0.0,0.116031475418,2.13694772445
2,1,    621 - Ambulatory Care,,,00,000,23060,Fort Wayne MSA,2021,621410,Family Planning Centers,2,2,0.828022563035,2.93813111778,0.0,1.29557898155,20.6680586396,0.0,0.196726533961,0.0
2,1,    621 - Ambulatory Care,,,00,000,23060,Fort Wayne MSA,2021,621420,Outpatient Mental Health and Substance Abuse Centers,2,2,17.4917315443,64.9825196975,0.0,33.7960891695,475.068428742,0.772366949695,0.215411367443,13.388878846
2,1,    621 - Ambulatory Care,,,00,000,23060,Fort Wayne MSA,2021,621491,HMO Medical Centers,2,2,0.0,0.0,0.0,0.0,0.0,0.0,0.0,0.0
2,1,    621 - Ambulatory Care,,,00,000,23060,Fort Wayne MSA,2021,621492,Kidney Dialysis Centers,2,2,4.58593641087,17.0000878779,0.0,7.17546005373,118.835125208,0.0,0.211801809832,3.17146717238
2,1,    621 - Ambulatory Care,,,00,000,23060,Fort Wayne MSA,2021,621493,Freestanding Ambulatory Surgical and Emergency Centers,2,2,10.6735619535,37.8737559979,0.0,18.6916248661,260.808951988,0.0,0.219652301034,6.17357125834
2,1,    621 - Ambulatory Care,,,00,000,23060,Fort Wayne MSA,2021,621498,All Other Outpatient Care Centers,2,2,8.68244660253,30.8085403468,0.0,14.719739426,208.306606266,0.0,0.221397946576,5.02191330607
2,1,    621 - Ambulatory Care,,,00,000,23060,Fort Wayne MSA,2021,621511,Medical Laboratories,2,2,2.73324042485,16.0866550035,0.0,10.9939220406,91.7390008027,0.0,0.255276689132,1.63253052008
2,1,    621 - Ambulatory Care,,,00,000,23060,Fort Wayne MSA,2021,621512,Diagnostic Imaging Centers,2,2,0.511966720931,3.01321169482,0.0,1.77494879263,14.283206125,0.0,0.270644793619,0.0
2,1,    621 - Ambulatory Care,,,00,000,23060,Fort Wayne MSA,2021,621610,Home Health Care Services,2,2,29.2703845145,434.990454733,1.83880053033,65.2766724938,1299.17374354,1.49037232583,0.304436823958,35.7607843036
2,1,    621 - Ambulatory Care,,,00,000,23060,Fort Wayne MSA,2021,621910,Ambulance Services,2,2,1.06528802988,17.6878354211,0.0,6.47163440765,153.868471881,1.22518564102,0.163451353519,3.6140702293
2,1,    621 - Ambulatory Care,,,00,000,23060,Fort Wayne MSA,2021,621991,Blood and Organ Banks,2,2,1.98503512637,32.9591374686,0.0,12.5809670046,230.387955269,2.28298494449,0.197059963769,6.73438183207
2,1,    621 - Ambulatory Care,,,00,000,23060,Fort Wayne MSA,2021,621999,All Other Miscellaneous Ambulatory Health Care Services,2,2,0.0,3.4929352121,0.0,1.02141567898,25.2185813576,0.0,0.171711813667,0.71369463037
2,1,    621 - Ambulatory Care,,,00,000,23060,Fort Wayne MSA,2022,621111,Offices of Physicians (except Mental Health Specialists),2,2,186.977145994,186.161136495,1.41850728081,163.405049097,2921.97118911,5.20977030954,0.167550945271,44.9473057407
2,1,    621 - Ambulatory Care,,,00,000,23060,Fort Wayne MSA,2022,621112,"Offices of Physicians, Mental Health Specialists",2,2,3.58316889312,3.64986764711,0.0,2.7577161895,54.4751994217,0.0,0.166085948416,0.858764848132
2,1,    621 - Ambulatory Care,,,00,000,23060,Fort Wayne MSA,2022,621210,Offices of Dentists,2,2,37.7870378743,47.9223846989,1.78924466331,77.8716184567,1372.38159728,3.15797532443,0.120436727504,19.3890311556
2,1,    621 - Ambulatory Care,,,00,000,23060,Fort Wayne MSA,2022,621310,Offices of Chiropractors,2,2,4.29524129206,10.7655835517,0.0,8.75540770277,209.097843529,0.0,0.120114257309,4.72796468498
2,1,    621 - Ambulatory Care,,,00,000,23060,Fort Wayne MSA,2022,621320,Offices of Optometrists,2,2,4.54467334877,11.3907595231,0.0,10.5906707377,241.30249721,0.0,0.117233692204,5.51950397216
2,1,    621 - Ambulatory Care,,,00,000,23060,Fort Wayne MSA,2022,621330,Offices of Mental Health Practitioners (except Physicians),2,2,9.27382567344,23.2438967552,0.0,20.5945591023,412.275127868,0.0,0.133139178002,10.2081157489
2,1,    621 - Ambulatory Care,,,00,000,23060,Fort Wayne MSA,2022,621340,"Offices of Physical, Occupational and Speech Therapists, and Audiologists",2,2,16.2591449881,40.7518860866,0.0,36.1069890896,739.467245949,0.851202060828,0.131401353302,17.8971699341
2,1,    621 - Ambulatory Care,,,00,000,23060,Fort Wayne MSA,2022,621391,Offices of Podiatrists,2,2,0.504368492657,1.26414810702,0.0,0.958820512543,22.3083813133,0.0,0.128268962766,0.555181015304
2,1,    621 - Ambulatory Care,,,00,000,23060,Fort Wayne MSA,2022,621399,Offices of All Other Miscellaneous Health Practitioners,2,2,2.38668489336,5.98198189203,0.0,4.53716373256,108.738011493,0.0,0.124992676976,2.62713107895
2,1,    621 - Ambulatory Care,,,00,000,23060,Fort Wayne MSA,2022,621410,Family Planning Centers,2,2,0.818909661466,2.32023612878,0.0,1.17678662404,18.229374147,0.0,0.191433742653,0.0
2,1,    621 - Ambulatory Care,,,00,000,23060,Fort Wayne MSA,2022,621420,Outpatient Mental Health and Substance Abuse Centers,2,2,12.8550434416,39.8308816081,0.0,23.7822996541,323.562172819,0.943011049685,0.205643100658,6.35253407016
2,1,    621 - Ambulatory Care,,,00,000,23060,Fort Wayne MSA,2022,621491,HMO Medical Centers,2,2,0.0,0.0,0.0,0.0,0.0,0.0,0.0,0.0
2,1,    621 - Ambulatory Care,,,00,000,23060,Fort Wayne MSA,2022,621492,Kidney Dialysis Centers,2,2,2.22539902038,6.30527572332,0.0,3.19793491706,48.7807259606,0.0,0.20478096193,0.833167041764
2,1,    621 - Ambulatory Care,,,00,000,23060,Fort Wayne MSA,2022,621493,Freestanding Ambulatory Surgical and Emergency Centers,2,2,12.0946114656,34.2679489651,0.0,19.2978843126,257.539233722,0.887227826618,0.216288885283,4.52810105686
2,1,    621 - Ambulatory Care,,,00,000,23060,Fort Wayne MSA,2022,621498,All Other Outpatient Care Centers,2,2,13.4881351263,38.2162525399,0.0,21.5213586645,278.952488727,0.989452935075,0.221276233861,5.04982231915
2,1,    621 - Ambulatory Care,,,00,000,23060,Fort Wayne MSA,2022,621511,Medical Laboratories,2,2,2.35868821453,10.6260001668,0.0,4.95659895292,60.6816792327,0.0,0.235038330426,0.703464607738
2,1,    621 - Ambulatory Care,,,00,000,23060,Fort Wayne MSA,2022,621512,Diagnostic Imaging Centers,2,2,0.822060776484,3.70342205222,0.0,1.45062420853,20.8655940359,0.0,0.222642634346,0.0
2,1,    621 - Ambulatory Care,,,00,000,23060,Fort Wayne MSA,2022,621610,Home Health Care Services,2,2,37.3304349833,468.391615411,2.31747217844,85.1740656957,1424.9548718,1.7731011225,0.306582719754,35.0330008728
2,1,    621 - Ambulatory Care,,,00,000,23060,Fort Wayne MSA,2022,621910,Ambulance Services,2,2,1.67335213687,19.0897190963,0.0,7.88018625209,152.062837585,1.06449626242,0.18407915137,4.59900302223
2,1,    621 - Ambulatory Care,,,00,000,23060,Fort Wayne MSA,2022,621991,Blood and Organ Banks,2,2,2.0157437717,34.7044276947,0.0,13.6934379789,218.402838657,1.9352161959,0.213034073924,6.77348821495
2,1,    621 - Ambulatory Care,,,00,000,23060,Fort Wayne MSA,2022,621999,All Other Miscellaneous Ambulatory Health Care Services,2,2,0.0,1.89870318997,0.0,0.575833275494,12.6097094155,0.0,0.164047741266,0.0
2,1,    621 - Ambulatory Care,,,00,000,23060,Fort Wayne MSA,2023,621111,Offices of Physicians (except Mental Health Specialists),2,2,184.544375241,194.619553725,0.863972873312,174.040002162,2885.15753036,6.66034800538,0.174113063643,47.5191903385
2,1,    621 - Ambulatory Care,,,00,000,23060,Fort Wayne MSA,2023,621112,"Offices of Physicians, Mental Health Specialists",2,2,4.35421041804,4.73084287326,0.0,3.46961621885,67.2155380478,0.0,0.168966812509,1.1116862816
2,1,    621 - Ambulatory Care,,,00,000,23060,Fort Wayne MSA,2023,621210,Offices of Dentists,2,2,45.4333207262,58.6102187216,1.3029270854,103.942872163,1457.49391139,3.59346429129,0.140027590168,24.4380200574
2,1,    621 - Ambulatory Care,,,00,000,23060,Fort Wayne MSA,2023,621310,Offices of Chiropractors,2,2,3.65773976296,10.7579289085,0.0,10.5951878694,211.221417905,0.0,0.126217885705,5.50009160921
2,1,    621 - Ambulatory Care,,,00,000,23060,Fort Wayne MSA,2023,621320,Offices of Optometrists,2,2,3.81993942174,11.2349809984,0.0,11.0650233329,243.606217678,0.0,0.115671090513,5.74398894476
2,1,    621 - Ambulatory Care,,,00,000,23060,Fort Wayne MSA,2023,621330,Offices of Mental Health Practitioners (except Physicians),2,2,7.70907779568,22.6734858821,0.0,23.860730443,406.91645581,0.60791709951,0.140365229275,11.5920313764
2,1,    621 - Ambulatory Care,,,00,000,23060,Fort Wayne MSA,2023,621340,"Offices of Physical, Occupational and Speech Therapists, and Audiologists",2,2,15.0540185077,44.2759932058,0.0,47.9378287312,809.908851688,1.18711932993,0.139310764361,22.6365149642
2,1,    621 - Ambulatory Care,,,00,000,23060,Fort Wayne MSA,2023,621391,Offices of Podiatrists,2,2,0.0,1.34377816106,0.0,1.24810588198,24.084294265,0.0,0.119828948457,0.687019132694
2,1,    621 - Ambulatory Care,,,00,000,23060,Fort Wayne MSA,2023,621399,Offices of All Other Miscellaneous Health Practitioners,2,2,2.16258812248,6.36047690313,0.0,5.90763331706,116.752970233,0.0,0.131531840076,3.25185320921
2,1,    621 - Ambulatory Care,,,00,000,23060,Fort Wayne MSA,2023,621410,Family Planning Centers,2,2,1.37852057818,4.25507749136,0.0,1.7583391792,27.7578096966,0.0,0.210298448527,0.0
2,1,    621 - Ambulatory Care,,,00,000,23060,Fort Wayne MSA,2023,621420,Outpatient Mental Health and Substance Abuse Centers,2,2,15.8798499673,51.7967940974,0.0,24.7637223909,336.642680406,1.07806066866,0.227219248942,5.46397752169
2,1,    621 - Ambulatory Care,,,00,000,23060,Fort Wayne MSA,2023,621491,HMO Medical Centers,2,2,0.0,0.0,0.0,0.0,0.0,0.0,0.0,0.0
2,1,    621 - Ambulatory Care,,,00,000,23060,Fort Wayne MSA,2023,621492,Kidney Dialysis Centers,2,2,3.95723037599,12.2147773254,0.0,5.04755120914,73.485946249,0.0,0.232981971307,1.10182074412
2,1,    621 - Ambulatory Care,,,00,000,23060,Fort Wayne MSA,2023,621493,Freestanding Ambulatory Surgical and Emergency Centers,2,2,13.6898548176,42.8961612882,0.0,19.9111251335,256.255129835,0.964826309923,0.240790316121,3.81169772514
2,1,    621 - Ambulatory Care,,,00,000,23060,Fort Wayne MSA,2023,621498,All Other Outpatient Care Centers,2,2,14.5050404582,44.7726875769,0.0,21.0967668743,265.563862643,1.02227853013,0.243406306714,4.03867173571
2,1,    621 - Ambulatory Care,,,00,000,23060,Fort Wayne MSA,2023,621511,Medical Laboratories,2,2,2.09447198949,10.9192256523,0.0,3.68472112773,67.6012659498,0.0,0.204385665264,0.667695829794
2,1,    621 - Ambulatory Care,,,00,000,23060,Fort Wayne MSA,2023,621512,Diagnostic Imaging Centers,2,2,0.896057571875,4.67146606582,0.0,1.23442294795,28.5683076187,0.0,0.192306974848,0.0
2,1,    621 - Ambulatory Care,,,00,000,23060,Fort Wayne MSA,2023,621610,Home Health Care Services,2,2,78.380037582,528.278886998,2.38088968859,98.0446181082,1460.92900092,2.67364020542,0.34124420026,47.0224350859
2,1,    621 - Ambulatory Care,,,00,000,23060,Fort Wayne MSA,2023,621910,Ambulance Services,2,2,1.29944994144,8.48627150342,0.0,3.27558422237,81.1449216272,0.0,0.156489487961,1.99283658096
2,1,    621 - Ambulatory Care,,,00,000,23060,Fort Wayne MSA,2023,621991,Blood and Organ Banks,2,2,2.46104276799,38.5235302309,0.0,16.0917724947,215.107473363,1.70808923534,0.232276109804,6.29668068311
2,1,    621 - Ambulatory Care,,,00,000,23060,Fort Wayne MSA,2023,621999,All Other Miscellaneous Ambulatory Health Care Services,2,2,0.0,4.87531032915,0.0,1.56634747108,28.6208955865,0.0,0.201858470456,0.796870696682
2,1,    621 - Ambulatory Care,,,00,000,23060,Fort Wayne MSA,2024,621111,Offices of Physicians (except Mental Health Specialists),2,2,183.602447291,208.47049301,1.34647371866,189.505226765,2885.82843918,5.50351853249,0.179234180482,41.7626734494
2,1,    621 - Ambulatory Care,,,00,000,23060,Fort Wayne MSA,2024,621112,"Offices of Physicians, Mental Health Specialists",2,2,4.1689749745,4.77691350801,0.0,3.60608795183,66.7350422558,0.0,0.168385280827,0.960529504035
2,1,    621 - Ambulatory Care,,,00,000,23060,Fort Wayne MSA,2024,621210,Offices of Dentists,2,2,51.2083035925,64.5066043403,0.704929196118,115.05744803,1525.79839098,3.8996143279,0.149143472427,32.0746189312
2,1,    621 - Ambulatory Care,,,00,000,23060,Fort Wayne MSA,2024,621310,Offices of Chiropractors,2,2,3.82812444031,13.1623813889,0.0,12.3770643246,230.212719642,0.0,0.134999906284,6.5615537883
2,1,    621 - Ambulatory Care,,,00,000,23060,Fort Wayne MSA,2024,621320,Offices of Optometrists,2,2,3.73704058211,12.8492044014,0.0,12.0825726513,244.449692429,0.0,0.125478518342,6.40543252209
2,1,    621 - Ambulatory Care,,,00,000,23060,Fort Wayne MSA,2024,621330,Offices of Mental Health Practitioners (except Physicians),2,2,8.82464540617,30.3421036252,0.0,30.6458042707,487.435503326,0.724384722699,0.14947301998,15.1257845449
2,1,    621 - Ambulatory Care,,,00,000,23060,Fort Wayne MSA,2024,621340,"Offices of Physical, Occupational and Speech Therapists, and Audiologists",2,2,14.3724298071,49.4172552529,0.0,51.1610058132,809.347851993,1.17978322087,0.148156421903,24.6349022134
2,1,    621 - Ambulatory Care,,,00,000,23060,Fort Wayne MSA,2024,621391,Offices of Podiatrists,2,2,0.0,1.35371231877,0.0,1.20198357343,21.8011810591,0.0,0.129057583364,0.674836561183
2,1,    621 - Ambulatory Care,,,00,000,23060,Fort Wayne MSA,2024,621399,Offices of All Other Miscellaneous Health Practitioners,2,2,2.0590852491,7.07982872126,0.0,6.28629710143,118.640209678,0.0,0.137756418253,3.52935199139
2,1,    621 - Ambulatory Care,,,00,000,23060,Fort Wayne MSA,2024,621410,Family Planning Centers,2,2,1.41725526513,4.10375124427,0.0,1.81374236573,24.783228256,0.0,0.22836895503,0.0
2,1,    621 - Ambulatory Care,,,00,000,23060,Fort Wayne MSA,2024,621420,Outpatient Mental Health and Substance Abuse Centers,2,2,17.3695965813,52.8319179279,0.0,27.6567795202,353.88592657,0.982719923878,0.229175457117,6.37355107035
2,1,    621 - Ambulatory Care,,,00,000,23060,Fort Wayne MSA,2024,621491,HMO Medical Centers,2,2,0.0,0.0,0.0,0.0,0.0,0.0,0.0,0.0
2,1,    621 - Ambulatory Care,,,00,000,23060,Fort Wayne MSA,2024,621492,Kidney Dialysis Centers,2,2,6.91272957722,20.016240759,0.0,9.4519968727,121.593449383,0.0,0.240966406081,2.22066615174
2,1,    621 - Ambulatory Care,,,00,000,23060,Fort Wayne MSA,2024,621493,Freestanding Ambulatory Surgical and Emergency Centers,2,2,14.3488868205,41.5480990561,0.0,21.055033982,248.884625899,0.852438521133,0.248760324094,4.60947978963
2,1,    621 - Ambulatory Care,,,00,000,23060,Fort Wayne MSA,2024,621498,All Other Outpatient Care Centers,2,2,13.8811435318,40.1937191147,0.0,20.3686845138,236.625893465,0.824650832635,0.252020179638,4.45922052124
2,1,    621 - Ambulatory Care,,,00,000,23060,Fort Wayne MSA,2024,621511,Medical Laboratories,2,2,1.61639981886,9.36498868019,0.0,2.37328274548,59.5954119596,0.0,0.191158710669,0.729899192506
2,1,    621 - Ambulatory Care,,,00,000,23060,Fort Wayne MSA,2024,621512,Diagnostic Imaging Centers,2,2,0.738045561811,4.27603879385,0.0,1.08363709077,25.8640242696,0.0,0.190781864689,0.0
2,1,    621 - Ambulatory Care,,,00,000,23060,Fort Wayne MSA,2024,621610,Home Health Care Services,2,2,165.440044482,692.033780484,3.21438393084,118.718545234,1691.83822415,3.94609382924,0.382889486462,66.3571385181
2,1,    621 - Ambulatory Care,,,00,000,23060,Fort Wayne MSA,2024,621910,Ambulance Services,2,2,2.45939011763,8.77338348372,0.0,4.10961798519,84.6612969711,0.0,0.174739676818,2.58369459032
2,1,    621 - Ambulatory Care,,,00,000,23060,Fort Wayne MSA,2024,621991,Blood and Organ Banks,2,2,2.88428456386,35.0476024103,0.0,14.8916781814,212.226370293,1.47213066234,0.226248705254,7.76034444423
2,1,    621 - Ambulatory Care,,,00,000,23060,Fort Wayne MSA,2024,621999,All Other Miscellaneous Ambulatory Health Care Services,2,2,0.0,2.20916128958,0.0,0.746073353407,13.7316887124,0.0,0.177098832424,0.0
2,1,    621 - Ambulatory Care,,,00,000,26900,Indianapolis-Carmel-Greenwood MSA,2020,621111,Offices of Physicians (except Mental Health Specialists),2,2,966.318799406,2628.95934454,4.65026537616,778.069013051,18642.7468372,35.575504541,0.201481574256,290.351065458
2,1,    621 - Ambulatory Care,,,00,000,26900,Indianapolis-Carmel-Greenwood MSA,2020,621112,"Offices of Physicians, Mental Health Specialists",2,2,10.1869262938,24.7957564524,0.0,6.70330653898,243.31723196,0.0,0.154198807923,2.67340328464
2,1,    621 - Ambulatory Care,,,00,000,26900,Indianapolis-Carmel-Greenwood MSA,2020,621210,Offices of Dentists,2,2,178.138296983,317.844652077,4.59321807102,353.225457257,5290.95087608,10.4514306818,0.152889164827,90.6740064149
2,1,    621 - Ambulatory Care,,,00,000,26900,Indianapolis-Carmel-Greenwood MSA,2020,621310,Offices of Chiropractors,2,2,25.6428871871,59.4861580342,0.0,20.2958902688,638.566220837,0.753911282552,0.154457813854,10.4700254985
2,1,    621 - Ambulatory Care,,,00,000,26900,Indianapolis-Carmel-Greenwood MSA,2020,621320,Offices of Optometrists,2,2,30.3418319313,64.8674625496,0.0,25.1517898471,761.010861691,0.799189777404,0.149962823349,13.0966037739
2,1,    621 - Ambulatory Care,,,00,000,26900,Indianapolis-Carmel-Greenwood MSA,2020,621330,Offices of Mental Health Practitioners (except Physicians),2,2,63.4176733383,164.40078388,0.711648026197,60.9749878376,1449.50017596,3.95711006274,0.180291259205,25.3488561221
2,1,    621 - Ambulatory Care,,,00,000,26900,Indianapolis-Carmel-Greenwood MSA,2020,621340,"Offices of Physical, Occupational and Speech Therapists, and Audiologists",2,2,150.302447732,312.698444246,2.72347347731,131.196103118,3277.3701173,8.51778709964,0.16962348626,64.039909786
2,1,    621 - Ambulatory Care,,,00,000,26900,Indianapolis-Carmel-Greenwood MSA,2020,621391,Offices of Podiatrists,2,2,10.6036367791,26.7706425995,0.0,8.20967227301,258.039240095,0.522650152935,0.163759522413,4.42477505931
2,1,    621 - Ambulatory Care,,,00,000,26900,Indianapolis-Carmel-Greenwood MSA,2020,621399,Offices of All Other Miscellaneous Health Practitioners,2,2,10.7953558693,29.7204031537,0.0,8.42175402854,278.154522071,0.559651933674,0.161775357387,4.18599455109
2,1,    621 - Ambulatory Care,,,00,000,26900,Indianapolis-Carmel-Greenwood MSA,2020,621410,Family Planning Centers,2,2,3.5950488223,20.083014277,0.0,4.13239228016,118.21399187,0.0,0.198880047775,1.5364661214
2,1,    621 - Ambulatory Care,,,00,000,26900,Indianapolis-Carmel-Greenwood MSA,2020,621420,Outpatient Mental Health and Substance Abuse Centers,2,2,64.3511660714,288.129316294,0.867701158787,78.0476963731,1542.88482888,4.12786394453,0.229604944374,24.3104447664
2,1,    621 - Ambulatory Care,,,00,000,26900,Indianapolis-Carmel-Greenwood MSA,2020,621491,HMO Medical Centers,2,2,15.6460124173,83.4234690302,0.0,20.6508643202,376.475297625,0.909663813787,0.252998072539,6.87638786734
2,1,    621 - Ambulatory Care,,,00,000,26900,Indianapolis-Carmel-Greenwood MSA,2020,621492,Kidney Dialysis Centers,2,2,22.6016256152,113.892260692,0.0,28.0152278857,574.135555912,0.97538369608,0.232855154695,8.78562137971
2,1,    621 - Ambulatory Care,,,00,000,26900,Indianapolis-Carmel-Greenwood MSA,2020,621493,Freestanding Ambulatory Surgical and Emergency Centers,2,2,23.1390204118,121.804905063,0.0,30.7513709425,643.854950446,1.68699005778,0.224571431009,9.08418299193
2,1,    621 - Ambulatory Care,,,00,000,26900,Indianapolis-Carmel-Greenwood MSA,2020,621498,All Other Outpatient Care Centers,2,2,27.4036310513,112.065173987,0.0,30.2799481279,655.061982842,0.730906717277,0.215673384058,9.64865877281
2,1,    621 - Ambulatory Care,,,00,000,26900,Indianapolis-Carmel-Greenwood MSA,2020,621511,Medical Laboratories,2,2,172.766043772,424.416053955,3.06385185805,150.45707386,2283.61536226,2.89967838129,0.259414786106,46.3100963716
2,1,    621 - Ambulatory Care,,,00,000,26900,Indianapolis-Carmel-Greenwood MSA,2020,621512,Diagnostic Imaging Centers,2,2,8.02913650987,27.2183653076,0.0,9.43268340789,166.667355873,0.0,0.223344093138,3.24859394708
2,1,    621 - Ambulatory Care,,,00,000,26900,Indianapolis-Carmel-Greenwood MSA,2020,621610,Home Health Care Services,2,2,218.064993573,2508.98376756,5.4393359516,216.46804482,5431.17102524,17.3585824385,0.362871959189,126.971937642
2,1,    621 - Ambulatory Care,,,00,000,26900,Indianapolis-Carmel-Greenwood MSA,2020,621910,Ambulance Services,2,2,7.70498648368,75.2833643894,0.0,19.3989013574,433.863957107,0.796369899258,0.207650668946,10.5189297547
2,1,    621 - Ambulatory Care,,,00,000,26900,Indianapolis-Carmel-Greenwood MSA,2020,621991,Blood and Organ Banks,2,2,26.5705346111,249.093541674,2.01426544111,53.8176058677,1013.80136915,3.22632687573,0.262599862107,26.308441505
2,1,    621 - Ambulatory Care,,,00,000,26900,Indianapolis-Carmel-Greenwood MSA,2020,621999,All Other Miscellaneous Ambulatory Health Care Services,2,2,4.09785841124,49.7015497125,0.0,9.56335042065,260.273422866,0.573707227371,0.20946687264,5.02795587237
2,1,    621 - Ambulatory Care,,,00,000,26900,Indianapolis-Carmel-Greenwood MSA,2021,621111,Offices of Physicians (except Mental Health Specialists),2,2,1065.39643538,2729.93875782,4.15136383764,865.432852676,18901.2148863,35.4502264539,0.209434428629,306.88755217
2,1,    621 - Ambulatory Care,,,00,000,26900,Indianapolis-Carmel-Greenwood MSA,2021,621112,"Offices of Physicians, Mental Health Specialists",2,2,12.5259114926,27.6848234549,0.0,8.07755009621,270.285055519,0.0,0.160150519385,3.25225051943
2,1,    621 - Ambulatory Care,,,00,000,26900,Indianapolis-Carmel-Greenwood MSA,2021,621210,Offices of Dentists,2,2,210.897430544,387.60299117,6.26045485755,414.673512404,5777.57634828,12.7734083952,0.164919208489,108.799549497
2,1,    621 - Ambulatory Care,,,00,000,26900,Indianapolis-Carmel-Greenwood MSA,2021,621310,Offices of Chiropractors,2,2,26.492078834,70.3412345548,0.0,26.3320919443,675.151593373,0.569140566202,0.167092361906,11.7098530011
2,1,    621 - Ambulatory Care,,,00,000,26900,Indianapolis-Carmel-Greenwood MSA,2021,621320,Offices of Optometrists,2,2,30.7304418792,73.5948529764,0.0,29.8612138476,786.557723558,0.576214820058,0.15880684647,13.7296306061
2,1,    621 - Ambulatory Care,,,00,000,26900,Indianapolis-Carmel-Greenwood MSA,2021,621330,Offices of Mental Health Practitioners (except Physicians),2,2,71.9310522716,207.447968326,0.534151421596,79.9049275527,1694.05004985,2.63069578465,0.189000130978,32.3424907269
2,1,    621 - Ambulatory Care,,,00,000,26900,Indianapolis-Carmel-Greenwood MSA,2021,621340,"Offices of Physical, Occupational and Speech Therapists, and Audiologists",2,2,160.319070751,376.939602958,2.20657539119,163.083398086,3638.1186564,6.46999584728,0.176131196888,68.7583415427
2,1,    621 - Ambulatory Care,,,00,000,26900,Indianapolis-Carmel-Greenwood MSA,2021,621391,Offices of Podiatrists,2,2,10.2076584412,23.8328722898,0.0,8.06178792566,236.08407008,0.0,0.163036054719,3.88558271575
2,1,    621 - Ambulatory Care,,,00,000,26900,Indianapolis-Carmel-Greenwood MSA,2021,621399,Offices of All Other Miscellaneous Health Practitioners,2,2,11.8488808314,36.7161499909,0.0,11.3764117308,300.733073939,0.0,0.176322013215,4.43548858742
2,1,    621 - Ambulatory Care,,,00,000,26900,Indianapolis-Carmel-Greenwood MSA,2021,621410,Family Planning Centers,2,2,3.81021987594,19.103835261,0.0,4.55275906842,109.398240933,0.0,0.207588990599,1.19239186214
2,1,    621 - Ambulatory Care,,,00,000,26900,Indianapolis-Carmel-Greenwood MSA,2021,621420,Outpatient Mental Health and Substance Abuse Centers,2,2,69.7597799853,296.817161282,0.834760327957,85.07984194,1600.59170556,4.25114518577,0.2307681675,23.4319468088
2,1,    621 - Ambulatory Care,,,00,000,26900,Indianapolis-Carmel-Greenwood MSA,2021,621491,HMO Medical Centers,2,2,18.778670705,93.8075856929,0.0,24.8079100342,421.502066809,0.984475133152,0.257703440194,7.95442603485
2,1,    621 - Ambulatory Care,,,00,000,26900,Indianapolis-Carmel-Greenwood MSA,2021,621492,Kidney Dialysis Centers,2,2,27.0075313733,136.743971273,0.556739390726,36.0436662841,666.883821452,1.2348740243,0.241392069358,10.6183096122
2,1,    621 - Ambulatory Care,,,00,000,26900,Indianapolis-Carmel-Greenwood MSA,2021,621493,Freestanding Ambulatory Surgical and Emergency Centers,2,2,30.2551596793,132.906872533,0.0,38.2174565817,725.898833343,1.78636625754,0.227543113546,10.6626233463
2,1,    621 - Ambulatory Care,,,00,000,26900,Indianapolis-Carmel-Greenwood MSA,2021,621498,All Other Outpatient Care Centers,2,2,25.6575565727,104.271685083,0.0,31.0300609414,630.732090891,1.68061857174,0.213331731308,8.40443678536
2,1,    621 - Ambulatory Care,,,00,000,26900,Indianapolis-Carmel-Greenwood MSA,2021,621511,Medical Laboratories,2,2,205.482201633,512.683950976,3.00610625331,175.277702693,2502.70180039,6.53778506996,0.27691249855,55.4431587389
2,1,    621 - Ambulatory Care,,,00,000,26900,Indianapolis-Carmel-Greenwood MSA,2021,621512,Diagnostic Imaging Centers,2,2,9.97206763627,29.7163090278,0.0,10.7246676798,181.408851516,0.0,0.231982159009,4.38205909239
2,1,    621 - Ambulatory Care,,,00,000,26900,Indianapolis-Carmel-Greenwood MSA,2021,621610,Home Health Care Services,2,2,242.131222082,2851.88037113,7.23650994975,253.380383562,5632.06070437,17.0681647475,0.384730791905,150.057966409
2,1,    621 - Ambulatory Care,,,00,000,26900,Indianapolis-Carmel-Greenwood MSA,2021,621910,Ambulance Services,2,2,10.1603453888,93.4868284778,0.55897502318,21.7253461648,432.894318945,1.01566113776,0.243947595532,12.7303682784
2,1,    621 - Ambulatory Care,,,00,000,26900,Indianapolis-Carmel-Greenwood MSA,2021,621991,Blood and Organ Banks,2,2,27.7287874041,242.64317352,1.70244594939,58.6998550668,1077.86336431,3.0933550127,0.252124307082,29.5023340008
2,1,    621 - Ambulatory Care,,,00,000,26900,Indianapolis-Carmel-Greenwood MSA,2021,621999,All Other Miscellaneous Ambulatory Health Care Services,2,2,5.58226721813,52.8577999049,0.0,12.5708262888,241.545539786,0.535024320304,0.241760983891,5.46975425603
2,1,    621 - Ambulatory Care,,,00,000,26900,Indianapolis-Carmel-Greenwood MSA,2022,621111,Offices of Physicians (except Mental Health Specialists),2,2,1124.88596401,2910.36807503,5.36905752785,915.674023441,19144.1273914,39.9390623126,0.217725483454,332.026855058
2,1,    621 - Ambulatory Care,,,00,000,26900,Indianapolis-Carmel-Greenwood MSA,2022,621112,"Offices of Physicians, Mental Health Specialists",2,2,14.4345736585,31.5215796824,0.0,8.70327387083,306.246647854,0.0,0.1597841059,3.57958868366
2,1,    621 - Ambulatory Care,,,00,000,26900,Indianapolis-Carmel-Greenwood MSA,2022,621210,Offices of Dentists,2,2,240.219614259,429.719159885,6.05890763626,452.613285251,5861.2060804,12.5733200844,0.17746379569,123.382394447
2,1,    621 - Ambulatory Care,,,00,000,26900,Indianapolis-Carmel-Greenwood MSA,2022,621310,Offices of Chiropractors,2,2,28.8875721903,76.0513750426,0.0,28.5259376557,673.910247197,0.666455505262,0.17908626812,12.8854124411
2,1,    621 - Ambulatory Care,,,00,000,26900,Indianapolis-Carmel-Greenwood MSA,2022,621320,Offices of Optometrists,2,2,31.8356642587,77.623216772,0.0,30.6430793648,787.814296929,0.64294903287,0.164412865806,14.2680161911
2,1,    621 - Ambulatory Care,,,00,000,26900,Indianapolis-Carmel-Greenwood MSA,2022,621330,Offices of Mental Health Practitioners (except Physicians),2,2,89.1077605105,261.76177478,1.37540961994,102.363320464,1974.85148273,3.89452704729,0.20188922992,41.0534847285
2,1,    621 - Ambulatory Care,,,00,000,26900,Indianapolis-Carmel-Greenwood MSA,2022,621340,"Offices of Physical, Occupational and Speech Therapists, and Audiologists",2,2,186.264793142,442.094982532,3.30303707247,193.381353248,4006.69643591,8.42935187817,0.185852072018,81.1671868021
2,1,    621 - Ambulatory Care,,,00,000,26900,Indianapolis-Carmel-Greenwood MSA,2022,621391,Offices of Podiatrists,2,2,11.1182262725,26.1701126599,0.0,8.94402211835,237.4435124,0.0,0.173229379949,3.51806721611
2,1,    621 - Ambulatory Care,,,00,000,26900,Indianapolis-Carmel-Greenwood MSA,2022,621399,Offices of All Other Miscellaneous Health Practitioners,2,2,14.107790717,39.4446767138,0.0,14.2115448847,321.112056101,0.0,0.186014529091,5.61752830866
2,1,    621 - Ambulatory Care,,,00,000,26900,Indianapolis-Carmel-Greenwood MSA,2022,621410,Family Planning Centers,2,2,4.47448099922,22.206761501,0.0,6.36554515324,132.992231411,0.0,0.206425066186,1.54721097417
2,1,    621 - Ambulatory Care,,,00,000,26900,Indianapolis-Carmel-Greenwood MSA,2022,621420,Outpatient Mental Health and Substance Abuse Centers,2,2,70.2640464126,288.699798093,0.609622490881,91.8519073714,1569.63707095,2.38958492599,0.234908436259,28.1155798808
2,1,    621 - Ambulatory Care,,,00,000,26900,Indianapolis-Carmel-Greenwood MSA,2022,621491,HMO Medical Centers,2,2,23.6434777061,111.41367264,0.0,31.7199307046,505.11755782,1.16741770699,0.261446737356,10.8663523381
2,1,    621 - Ambulatory Care,,,00,000,26900,Indianapolis-Carmel-Greenwood MSA,2022,621492,Kidney Dialysis Centers,2,2,26.757237911,132.815565527,0.0,37.7516475528,640.028221899,1.20658214294,0.247697638165,12.2000332109
2,1,    621 - Ambulatory Care,,,00,000,26900,Indianapolis-Carmel-Greenwood MSA,2022,621493,Freestanding Ambulatory Surgical and Emergency Centers,2,2,26.1975069972,115.752925988,0.0,35.5544161012,657.589334873,1.59593734608,0.222795034632,9.40500697374
2,1,    621 - Ambulatory Care,,,00,000,26900,Indianapolis-Carmel-Greenwood MSA,2022,621498,All Other Outpatient Care Centers,2,2,26.5780498572,103.08691461,0.0,33.9045190658,623.23207267,0.614646145484,0.216963811838,8.50112828325
2,1,    621 - Ambulatory Care,,,00,000,26900,Indianapolis-Carmel-Greenwood MSA,2022,621511,Medical Laboratories,2,2,183.870506107,496.385360353,3.66206937562,188.877668509,2401.03191901,7.29825491845,0.278515862872,46.780956543
2,1,    621 - Ambulatory Care,,,00,000,26900,Indianapolis-Carmel-Greenwood MSA,2022,621512,Diagnostic Imaging Centers,2,2,11.6939038829,33.1102756134,0.0,11.5590469015,207.540635261,0.0,0.224709405781,3.79013180452
2,1,    621 - Ambulatory Care,,,00,000,26900,Indianapolis-Carmel-Greenwood MSA,2022,621610,Home Health Care Services,2,2,284.107099717,3029.77498075,9.47865936224,285.170127413,5854.48736857,19.1409365115,0.392514861249,155.092827955
2,1,    621 - Ambulatory Care,,,00,000,26900,Indianapolis-Carmel-Greenwood MSA,2022,621910,Ambulance Services,2,2,6.2952578833,82.6313729768,0.593054785512,18.9222488493,361.496769787,0.803599114389,0.247311128934,9.5315304325
2,1,    621 - Ambulatory Care,,,00,000,26900,Indianapolis-Carmel-Greenwood MSA,2022,621991,Blood and Organ Banks,2,2,17.6738898497,226.419198851,1.65084103403,53.331867776,936.819454043,2.23691710336,0.258143196879,24.6714480263
2,1,    621 - Ambulatory Care,,,00,000,26900,Indianapolis-Carmel-Greenwood MSA,2022,621999,All Other Miscellaneous Ambulatory Health Care Services,2,2,6.06539516132,85.1208919441,0.611852912105,19.8282666693,374.85733401,0.829070889091,0.245734164785,9.67023670946
2,1,    621 - Ambulatory Care,,,00,000,26900,Indianapolis-Carmel-Greenwood MSA,2023,621111,Offices of Physicians (except Mental Health Specialists),2,2,1196.35901677,3099.97629011,7.52602221741,1003.8168402,19330.2371139,41.4284696884,0.228104912474,363.226702958
2,1,    621 - Ambulatory Care,,,00,000,26900,Indianapolis-Carmel-Greenwood MSA,2023,621112,"Offices of Physicians, Mental Health Specialists",2,2,17.6227323662,36.8750833412,0.0,12.0643285399,353.939975691,0.0,0.167246584318,4.52162541733
2,1,    621 - Ambulatory Care,,,00,000,26900,Indianapolis-Carmel-Greenwood MSA,2023,621210,Offices of Dentists,2,2,260.598663796,469.875303373,4.65661903813,510.302539525,5929.62985591,13.6333652414,0.19023096243,133.922302137
2,1,    621 - Ambulatory Care,,,00,000,26900,Indianapolis-Carmel-Greenwood MSA,2023,621310,Offices of Chiropractors,2,2,29.0735404973,80.7882618155,0.0,34.1515212257,671.762327912,0.574933885499,0.189831984419,12.8136312128
2,1,    621 - Ambulatory Care,,,00,000,26900,Indianapolis-Carmel-Greenwood MSA,2023,621320,Offices of Optometrists,2,2,33.7656024461,80.0135671662,0.0,35.1620846033,777.926272318,0.502103683314,0.173719560622,14.1100844712
2,1,    621 - Ambulatory Care,,,00,000,26900,Indianapolis-Carmel-Greenwood MSA,2023,621330,Offices of Mental Health Practitioners (except Physicians),2,2,97.6708921598,323.222441445,1.54003619116,137.381432403,2223.18893817,4.37418536946,0.216313141278,49.4553239546
2,1,    621 - Ambulatory Care,,,00,000,26900,Indianapolis-Carmel-Greenwood MSA,2023,621340,"Offices of Physical, Occupational and Speech Therapists, and Audiologists",2,2,204.944497176,524.450452698,4.44502129,250.949523679,4416.58794583,8.32792481524,0.197040573811,90.6820784871
2,1,    621 - Ambulatory Care,,,00,000,26900,Indianapolis-Carmel-Greenwood MSA,2023,621391,Offices of Podiatrists,2,2,10.1165680235,25.9504910789,0.0,10.1740553893,217.778045006,0.0,0.186283111518,3.61452008892
2,1,    621 - Ambulatory Care,,,00,000,26900,Indianapolis-Carmel-Greenwood MSA,2023,621399,Offices of All Other Miscellaneous Health Practitioners,2,2,16.7039238493,50.4665496364,0.0,20.0978403025,375.126364147,0.0,0.201131008058,7.17713913486
2,1,    621 - Ambulatory Care,,,00,000,26900,Indianapolis-Carmel-Greenwood MSA,2023,621410,Family Planning Centers,2,2,5.36384170692,25.8636213213,0.0,6.36721482091,135.416163884,0.0,0.226161281681,1.98190634011
2,1,    621 - Ambulatory Care,,,00,000,26900,Indianapolis-Carmel-Greenwood MSA,2023,621420,Outpatient Mental Health and Substance Abuse Centers,2,2,76.2768156042,308.704952804,1.01873892005,94.2931510504,1610.48428719,2.30852711931,0.241966833632,31.4700225209
2,1,    621 - Ambulatory Care,,,00,000,26900,Indianapolis-Carmel-Greenwood MSA,2023,621491,HMO Medical Centers,2,2,23.1998463865,107.020053746,0.573781115024,29.5777443605,466.814751063,0.906492517304,0.268965202292,10.474403851
2,1,    621 - Ambulatory Care,,,00,000,26900,Indianapolis-Carmel-Greenwood MSA,2023,621492,Kidney Dialysis Centers,2,2,30.310202292,141.370581912,0.694491542438,39.2669880658,638.929891682,1.0971978165,0.261244935889,13.2044360159
2,1,    621 - Ambulatory Care,,,00,000,26900,Indianapolis-Carmel-Greenwood MSA,2023,621493,Freestanding Ambulatory Surgical and Emergency Centers,2,2,29.0619411003,122.890058147,0.0,37.5072173593,689.275170781,1.74202610194,0.227354786012,11.6214838405
2,1,    621 - Ambulatory Care,,,00,000,26900,Indianapolis-Carmel-Greenwood MSA,2023,621498,All Other Outpatient Care Centers,2,2,32.4403844012,125.712511792,0.0,37.4635533845,701.587688446,1.42963702114,0.229179732461,11.5494647985
2,1,    621 - Ambulatory Care,,,00,000,26900,Indianapolis-Carmel-Greenwood MSA,2023,621511,Medical Laboratories,2,2,173.450742576,508.783631487,3.68592518563,195.786425397,2484.23602299,9.15605000399,0.274077221935,47.0779104831
2,1,    621 - Ambulatory Care,,,00,000,26900,Indianapolis-Carmel-Greenwood MSA,2023,621512,Diagnostic Imaging Centers,2,2,10.7516181641,36.3409320649,0.0,11.963734561,232.277129564,0.532644703898,0.212863225488,3.22513358526
2,1,    621 - Ambulatory Care,,,00,000,26900,Indianapolis-Carmel-Greenwood MSA,2023,621610,Home Health Care Services,2,2,416.740937937,4389.84412704,14.1709830224,414.059953492,7385.76845772,27.7019160692,0.42703024791,242.042356335
2,1,    621 - Ambulatory Care,,,00,000,26900,Indianapolis-Carmel-Greenwood MSA,2023,621910,Ambulance Services,2,2,5.14323102188,68.6061066867,0.0,16.8565330327,266.561661575,0.565544353074,0.268829388095,6.83527062844
2,1,    621 - Ambulatory Care,,,00,000,26900,Indianapolis-Carmel-Greenwood MSA,2023,621991,Blood and Organ Banks,2,2,17.9177457059,225.972011698,1.3408881133,58.4536565213,889.239590947,1.72735263775,0.270460879303,24.2547262694
2,1,    621 - Ambulatory Care,,,00,000,26900,Indianapolis-Carmel-Greenwood MSA,2023,621999,All Other Miscellaneous Ambulatory Health Care Services,2,2,7.05041363031,87.4551309418,0.547845640782,21.0702611484,349.448119005,0.705743158807,0.264065109782,8.55813246757
2,1,    621 - Ambulatory Care,,,00,000,26900,Indianapolis-Carmel-Greenwood MSA,2024,621111,Offices of Physicians (except Mental Health Specialists),2,2,1238.32144175,3211.40137956,12.1848188316,1079.05317179,19385.6786566,43.1457442479,0.23558135964,390.243484942
2,1,    621 - Ambulatory Care,,,00,000,26900,Indianapolis-Carmel-Greenwood MSA,2024,621112,"Offices of Physicians, Mental Health Specialists",2,2,22.5521502146,44.6747756997,0.0,16.0285142662,445.742472051,0.0,0.16912305155,7.47439318319
2,1,    621 - Ambulatory Care,,,00,000,26900,Indianapolis-Carmel-Greenwood MSA,2024,621210,Offices of Dentists,2,2,288.306160556,509.518794987,3.66609368498,549.082468912,5954.04595324,15.0299529818,0.202096242844,142.461011691
2,1,    621 - Ambulatory Care,,,00,000,26900,Indianapolis-Carmel-Greenwood MSA,2024,621310,Offices of Chiropractors,2,2,28.8939551718,82.780970759,0.0,38.3271486737,651.184459181,0.605651020001,0.201074674507,13.2833152476
2,1,    621 - Ambulatory Care,,,00,000,26900,Indianapolis-Carmel-Greenwood MSA,2024,621320,Offices of Optometrists,2,2,33.8130222052,83.9298868349,0.570004734079,40.061630779,790.613645746,0.539255680476,0.181356985205,16.2337361934
2,1,    621 - Ambulatory Care,,,00,000,26900,Indianapolis-Carmel-Greenwood MSA,2024,621330,Offices of Mental Health Practitioners (except Physicians),2,2,102.405927512,353.397136296,1.38041792677,159.890752539,2360.16525081,4.84669353235,0.222986393277,55.3963447117
2,1,    621 - Ambulatory Care,,,00,000,26900,Indianapolis-Carmel-Greenwood MSA,2024,621340,"Offices of Physical, Occupational and Speech Therapists, and Audiologists",2,2,217.293600537,595.860440954,5.44823782674,294.872278954,4668.29516093,9.38521965176,0.207966809673,102.910130572
2,1,    621 - Ambulatory Care,,,00,000,26900,Indianapolis-Carmel-Greenwood MSA,2024,621391,Offices of Podiatrists,2,2,8.97207923374,25.9277311814,0.0,10.6872349902,205.621489098,0.0,0.192614391963,3.46715831444
2,1,    621 - Ambulatory Care,,,00,000,26900,Indianapolis-Carmel-Greenwood MSA,2024,621399,Offices of All Other Miscellaneous Health Practitioners,2,2,16.7827277334,56.3948872869,0.0,24.1901688504,386.944073321,0.509526423972,0.215436633773,8.37532933033
2,1,    621 - Ambulatory Care,,,00,000,26900,Indianapolis-Carmel-Greenwood MSA,2024,621410,Family Planning Centers,2,2,7.49326331183,35.9263073218,0.0,10.4443092905,179.256993408,0.0,0.241516145676,3.21506498232
2,1,    621 - Ambulatory Care,,,00,000,26900,Indianapolis-Carmel-Greenwood MSA,2024,621420,Outpatient Mental Health and Substance Abuse Centers,2,2,74.773632403,322.234632405,1.25991115765,99.1189983687,1604.99216406,3.46180623106,0.249069069865,31.4954593817
2,1,    621 - Ambulatory Care,,,00,000,26900,Indianapolis-Carmel-Greenwood MSA,2024,621491,HMO Medical Centers,2,2,30.1165858942,138.600523579,0.874255617493,40.1921776772,598.830946943,1.38146563466,0.271878655357,12.4369417925
2,1,    621 - Ambulatory Care,,,00,000,26900,Indianapolis-Carmel-Greenwood MSA,2024,621492,Kidney Dialysis Centers,2,2,22.1318879393,102.580663569,0.552756518378,28.5595671883,483.965609751,0.873444927543,0.25217440178,8.49980841997
2,1,    621 - Ambulatory Care,,,00,000,26900,Indianapolis-Carmel-Greenwood MSA,2024,621493,Freestanding Ambulatory Surgical and Emergency Centers,2,2,31.0840223175,130.937005855,0.584349047627,41.6911111235,708.347674381,1.93221743108,0.236649794469,13.369494815
2,1,    621 - Ambulatory Care,,,00,000,26900,Indianapolis-Carmel-Greenwood MSA,2024,621498,All Other Outpatient Care Centers,2,2,36.7019389578,140.410404964,0.0,41.5484798886,692.475103241,2.12113774118,0.252782436151,13.4811929038
2,1,    621 - Ambulatory Care,,,00,000,26900,Indianapolis-Carmel-Greenwood MSA,2024,621511,Medical Laboratories,2,2,165.797460693,506.023607663,4.13167515255,195.569320708,2407.98271015,8.14319748605,0.27805485624,47.7615547054
2,1,    621 - Ambulatory Care,,,00,000,26900,Indianapolis-Carmel-Greenwood MSA,2024,621512,Diagnostic Imaging Centers,2,2,9.34212143995,38.0543028353,0.0,12.4959423372,238.865327989,0.0,0.2074186851,2.61873643303
2,1,    621 - Ambulatory Care,,,00,000,26900,Indianapolis-Carmel-Greenwood MSA,2024,621610,Home Health Care Services,2,2,514.394936025,5406.99065438,16.3659917249,505.593922587,8504.83604825,30.7055648087,0.443298852007,298.315163749
2,1,    621 - Ambulatory Care,,,00,000,26900,Indianapolis-Carmel-Greenwood MSA,2024,621910,Ambulance Services,2,2,5.91760588666,70.6186685039,0.0,17.5000655376,269.125662619,0.632158206658,0.275474533902,7.65677535783
2,1,    621 - Ambulatory Care,,,00,000,26900,Indianapolis-Carmel-Greenwood MSA,2024,621991,Blood and Organ Banks,2,2,21.0750700461,239.111993833,0.983800968384,62.7541716307,915.591955767,1.91525717139,0.278111314128,26.896197456
2,1,    621 - Ambulatory Care,,,00,000,26900,Indianapolis-Carmel-Greenwood MSA,2024,621999,All Other Miscellaneous Ambulatory Health Care Services,2,2,8.30736252688,102.047018066,0.0,27.3753742683,421.994008922,0.726385269577,0.262825477535,11.9977531227
2,1,    621 - Ambulatory Care,,,00,000,29020,Kokomo MSA,2020,621111,Offices of Physicians (except Mental Health Specialists),2,2,7.18398645854,18.5922545996,0.0,17.2581845553,265.766208993,0.0,0.151142090297,4.2861682084
2,1,    621 - Ambulatory Care,,,00,000,29020,Kokomo MSA,2020,621112,"Offices of Physicians, Mental Health Specialists",2,2,0.0,0.0,0.0,0.0,5.1206205841,0.0,0.0,0.0
2,1,    621 - Ambulatory Care,,,00,000,29020,Kokomo MSA,2020,621210,Offices of Dentists,2,2,6.39531968945,13.1024143847,0.0,15.0960218226,330.425197785,1.18878635876,0.107846474927,4.16035076329
2,1,    621 - Ambulatory Care,,,00,000,29020,Kokomo MSA,2020,621310,Offices of Chiropractors,2,2,0.505663239159,1.53770100996,0.0,0.775997801903,22.8531517891,0.0,0.109820256348,0.0
2,1,    621 - Ambulatory Care,,,00,000,29020,Kokomo MSA,2020,621320,Offices of Optometrists,2,2,1.59462993297,4.84920371612,0.0,2.44714115444,72.0210048413,0.0,0.117936037822,0.738567174344
2,1,    621 - Ambulatory Care,,,00,000,29020,Kokomo MSA,2020,621330,Offices of Mental Health Practitioners (except Physicians),2,2,0.944943839227,2.8735351582,0.0,1.45012388755,42.7012431763,0.0,0.109831557063,0.0
2,1,    621 - Ambulatory Care,,,00,000,29020,Kokomo MSA,2020,621340,"Offices of Physical, Occupational and Speech Therapists, and Audiologists",2,2,2.30299164322,7.00330239862,0.0,3.5342028341,104.088925577,0.0,0.117861109273,1.06665126203
2,1,    621 - Ambulatory Care,,,00,000,29020,Kokomo MSA,2020,621391,Offices of Podiatrists,2,2,0.0,0.0,0.0,0.0,1.14523850628,0.0,0.0,0.0
2,1,    621 - Ambulatory Care,,,00,000,29020,Kokomo MSA,2020,621399,Offices of All Other Miscellaneous Health Practitioners,2,2,0.0,0.572430413937,0.0,0.0,8.47420234467,0.0,0.0632755224194,0.0
2,1,    621 - Ambulatory Care,,,00,000,29020,Kokomo MSA,2020,621410,Family Planning Centers,2,2,0.0,0.0,0.0,0.0,0.0,0.0,0.0,0.0
2,1,    621 - Ambulatory Care,,,00,000,29020,Kokomo MSA,2020,621420,Outpatient Mental Health and Substance Abuse Centers,2,2,0.896462370867,2.19426989121,0.0,0.676209273598,20.4728941378,0.0,0.176858367259,0.631818636643
2,1,    621 - Ambulatory Care,,,00,000,29020,Kokomo MSA,2020,621491,HMO Medical Centers,2,2,0.0,0.0,0.0,0.0,0.0,0.0,0.0,0.0
2,1,    621 - Ambulatory Care,,,00,000,29020,Kokomo MSA,2020,621492,Kidney Dialysis Centers,2,2,0.0,0.0,0.0,0.0,3.59845212403,0.0,0.0,0.0
2,1,    621 - Ambulatory Care,,,00,000,29020,Kokomo MSA,2020,621493,Freestanding Ambulatory Surgical and Emergency Centers,2,2,1.74670239336,4.27540139466,0.0,1.31755263243,40.0740593718,0.0,0.176189866775,1.23106017682
2,1,    621 - Ambulatory Care,,,00,000,29020,Kokomo MSA,2020,621498,All Other Outpatient Care Centers,2,2,1.81667787989,4.44668031076,0.0,1.37033574352,41.6881109787,0.0,0.176159834321,1.28037827196
2,1,    621 - Ambulatory Care,,,00,000,29020,Kokomo MSA,2020,621511,Medical Laboratories,2,2,2.18426733364,2.85107105858,0.0,2.1357582681,33.4764299733,0.0,0.17642147639,0.0
2,1,    621 - Ambulatory Care,,,00,000,29020,Kokomo MSA,2020,621512,Diagnostic Imaging Centers,2,2,1.44512308791,1.88628404068,0.0,1.41302922764,22.1604087079,0.0,0.176341337217,0.0
2,1,    621 - Ambulatory Care,,,00,000,29020,Kokomo MSA,2020,621610,Home Health Care Services,2,2,8.98560403093,32.5836691905,0.0,5.2792087164,334.30527648,2.49268004193,0.155694477843,12.3065284544
2,1,    621 - Ambulatory Care,,,00,000,29020,Kokomo MSA,2020,621910,Ambulance Services,2,2,1.02915293046,2.88708944008,0.0,1.46859418988,32.6120952537,0.0,0.15919099488,0.78963571203
2,1,    621 - Ambulatory Care,,,00,000,29020,Kokomo MSA,2020,621991,Blood and Organ Banks,2,2,0.0,0.641515358004,0.0,0.0,7.21386054965,0.0,0.0816657745658,0.0
2,1,    621 - Ambulatory Care,,,00,000,29020,Kokomo MSA,2020,621999,All Other Miscellaneous Ambulatory Health Care Services,2,2,0.0,0.0,0.0,0.0,1.0880726104,0.0,0.0,0.0
2,1,    621 - Ambulatory Care,,,00,000,29020,Kokomo MSA,2021,621111,Offices of Physicians (except Mental Health Specialists),2,2,6.89214556909,20.0506841048,0.0,19.9305465085,269.129467642,0.0,0.162007625264,5.15696115202
2,1,    621 - Ambulatory Care,,,00,000,29020,Kokomo MSA,2021,621112,"Offices of Physicians, Mental Health Specialists",2,2,0.0,0.0,0.0,0.0,4.83051537703,0.0,0.0,0.0
2,1,    621 - Ambulatory Care,,,00,000,29020,Kokomo MSA,2021,621210,Offices of Dentists,2,2,6.32081684091,14.2942557028,0.0,14.03474414,359.042698125,2.49123133846,0.101808616009,3.55589122253
2,1,    621 - Ambulatory Care,,,00,000,29020,Kokomo MSA,2021,621310,Offices of Chiropractors,2,2,0.569242722488,2.06190784578,0.0,0.896079361254,26.5895155213,0.0,0.117118562339,0.0
2,1,    621 - Ambulatory Care,,,00,000,29020,Kokomo MSA,2021,621320,Offices of Optometrists,2,2,1.61939758676,5.86577299573,0.0,2.54919158004,75.5800982997,0.0,0.124753784104,0.738495913991
2,1,    621 - Ambulatory Care,,,00,000,29020,Kokomo MSA,2021,621330,Offices of Mental Health Practitioners (except Physicians),2,2,1.01934676173,3.69227221105,0.0,1.60461532324,47.5989578323,0.0,0.11715128977,0.0
2,1,    621 - Ambulatory Care,,,00,000,29020,Kokomo MSA,2021,621340,"Offices of Physical, Occupational and Speech Therapists, and Audiologists",2,2,2.53139254686,9.16919610374,0.0,4.50532977767,118.229426497,0.0,0.1280355923,1.15439412028
2,1,    621 - Ambulatory Care,,,00,000,29020,Kokomo MSA,2021,621391,Offices of Podiatrists,2,2,0.0,0.0,0.0,0.0,3.6434822013,0.0,0.0,0.0
2,1,    621 - Ambulatory Care,,,00,000,29020,Kokomo MSA,2021,621399,Offices of All Other Miscellaneous Health Practitioners,2,2,0.0,0.0,0.0,0.0,5.21864981987,0.0,0.0,0.0
2,1,    621 - Ambulatory Care,,,00,000,29020,Kokomo MSA,2021,621410,Family Planning Centers,2,2,0.0,0.0,0.0,0.0,0.0,0.0,0.0,0.0
2,1,    621 - Ambulatory Care,,,00,000,29020,Kokomo MSA,2021,621420,Outpatient Mental Health and Substance Abuse Centers,2,2,1.41145019068,2.30719598193,0.0,0.792332420011,23.5671330164,0.0,0.181801784213,0.72558480791
2,1,    621 - Ambulatory Care,,,00,000,29020,Kokomo MSA,2021,621491,HMO Medical Centers,2,2,0.0,0.0,0.0,0.0,0.0,0.0,0.0,0.0
2,1,    621 - Ambulatory Care,,,00,000,29020,Kokomo MSA,2021,621492,Kidney Dialysis Centers,2,2,0.0,0.0,0.0,0.0,0.343844813943,0.0,0.0,0.0
2,1,    621 - Ambulatory Care,,,00,000,29020,Kokomo MSA,2021,621493,Freestanding Ambulatory Surgical and Emergency Centers,2,2,2.21479365729,3.62036369449,0.0,1.24329773016,36.9919570136,0.0,0.1817562896,1.13855993006
2,1,    621 - Ambulatory Care,,,00,000,29020,Kokomo MSA,2021,621498,All Other Outpatient Care Centers,2,2,2.88225651277,4.7114171574,0.0,2.2011913889,48.1382972904,0.0,0.18979344084,1.48168284789
2,1,    621 - Ambulatory Care,,,00,000,29020,Kokomo MSA,2021,621511,Medical Laboratories,2,2,1.35304623402,1.76140918975,0.0,2.5034562301,33.0547005182,0.0,0.160748069559,0.713297254258
2,1,    621 - Ambulatory Care,,,00,000,29020,Kokomo MSA,2021,621512,Diagnostic Imaging Centers,2,2,1.09175860198,1.42126232361,0.0,2.02001218079,26.6956660034,0.0,0.160625856458,0.575551960846
2,1,    621 - Ambulatory Care,,,00,000,29020,Kokomo MSA,2021,621610,Home Health Care Services,2,2,2.81581761856,24.7631642511,0.0,5.32494113932,227.803136842,1.58286678398,0.154114267896,7.01729560125
2,1,    621 - Ambulatory Care,,,00,000,29020,Kokomo MSA,2021,621910,Ambulance Services,2,2,0.718270351571,2.59000248137,0.0,2.49168602057,31.996377821,0.0,0.170042231993,0.75547771218
2,1,    621 - Ambulatory Care,,,00,000,29020,Kokomo MSA,2021,621991,Blood and Organ Banks,2,2,0.0,0.0,0.0,0.0,6.58820266183,0.0,0.0,0.0
2,1,    621 - Ambulatory Care,,,00,000,29020,Kokomo MSA,2021,621999,All Other Miscellaneous Ambulatory Health Care Services,2,2,0.0,0.541331040146,0.0,0.0,6.64936254414,0.0,0.0752821732425,0.0
2,1,    621 - Ambulatory Care,,,00,000,29020,Kokomo MSA,2022,621111,Offices of Physicians (except Mental Health Specialists),2,2,6.81508732186,19.4702727672,0.0,21.4723982819,251.613264446,0.0,0.178820663981,7.03374580024
2,1,    621 - Ambulatory Care,,,00,000,29020,Kokomo MSA,2022,621112,"Offices of Physicians, Mental Health Specialists",2,2,0.0,0.0,0.0,0.0,3.06823639365,0.0,0.0,0.0
2,1,    621 - Ambulatory Care,,,00,000,29020,Kokomo MSA,2022,621210,Offices of Dentists,2,2,6.89799017757,15.7306962983,0.0,13.5677503238,391.059890485,2.16945501366,0.0994211163676,4.80590755395
2,1,    621 - Ambulatory Care,,,00,000,29020,Kokomo MSA,2022,621310,Offices of Chiropractors,2,2,0.660753091299,2.07492910159,0.0,1.26534082969,25.9124383534,0.0,0.133753261526,0.0
2,1,    621 - Ambulatory Care,,,00,000,29020,Kokomo MSA,2022,621320,Offices of Optometrists,2,2,2.10912056097,6.62316330918,0.0,4.0389615965,82.6883664731,0.0,0.145359138044,1.29256801551
2,1,    621 - Ambulatory Care,,,00,000,29020,Kokomo MSA,2022,621330,Offices of Mental Health Practitioners (except Physicians),2,2,1.90148693062,5.97114205077,0.0,3.6413436155,74.5727335048,0.0,0.145318034368,1.16532038704
2,1,    621 - Ambulatory Care,,,00,000,29020,Kokomo MSA,2022,621340,"Offices of Physical, Occupational and Speech Therapists, and Audiologists",2,2,3.44598972483,10.8212650958,0.0,6.59906333384,135.146986246,0.0,0.145316413035,2.1118641497
2,1,    621 - Ambulatory Care,,,00,000,29020,Kokomo MSA,2022,621391,Offices of Podiatrists,2,2,0.0,0.603421888201,0.0,0.0,7.51058021712,0.0,0.0743679728411,0.0
2,1,    621 - Ambulatory Care,,,00,000,29020,Kokomo MSA,2022,621399,Offices of All Other Miscellaneous Health Practitioners,2,2,0.0,0.667506614322,0.0,0.0,8.30822028559,0.0,0.0743679728411,0.0
2,1,    621 - Ambulatory Care,,,00,000,29020,Kokomo MSA,2022,621410,Family Planning Centers,2,2,0.0,0.0,0.0,0.0,0.0,0.0,0.0,0.0
2,1,    621 - Ambulatory Care,,,00,000,29020,Kokomo MSA,2022,621420,Outpatient Mental Health and Substance Abuse Centers,2,2,3.15174085522,8.33104305082,0.0,4.12570907277,87.9469608764,0.0,0.173674238701,2.87588956328
2,1,    621 - Ambulatory Care,,,00,000,29020,Kokomo MSA,2022,621491,HMO Medical Centers,2,2,0.0,0.0,0.0,0.0,0.0,0.0,0.0,0.0
2,1,    621 - Ambulatory Care,,,00,000,29020,Kokomo MSA,2022,621492,Kidney Dialysis Centers,2,2,0.0,0.0,0.0,0.0,2.42786246342,0.0,0.0,0.0
2,1,    621 - Ambulatory Care,,,00,000,29020,Kokomo MSA,2022,621493,Freestanding Ambulatory Surgical and Emergency Centers,2,2,0.814042493837,2.15177052076,0.0,0.906086212185,22.7846891267,0.0,0.168423277771,0.742794671147
2,1,    621 - Ambulatory Care,,,00,000,29020,Kokomo MSA,2022,621498,All Other Outpatient Care Centers,2,2,0.636550684388,1.68260380509,0.0,0.708525418326,17.7080423746,0.0,0.169282355826,0.580837560518
2,1,    621 - Ambulatory Care,,,00,000,29020,Kokomo MSA,2022,621511,Medical Laboratories,2,2,2.19602516833,2.2400911016,0.0,2.16606393011,40.1147039601,0.0,0.162071894706,1.15679820793
2,1,    621 - Ambulatory Care,,,00,000,29020,Kokomo MSA,2022,621512,Diagnostic Imaging Centers,2,2,1.2493279801,1.27439727539,0.0,1.23228290532,22.8420722314,0.0,0.161949116918,0.658107379342
2,1,    621 - Ambulatory Care,,,00,000,29020,Kokomo MSA,2022,621610,Home Health Care Services,2,2,9.30166333887,21.7858680011,0.0,6.98026131755,258.583756714,2.16472932945,0.156011582525,7.5667845733
2,1,    621 - Ambulatory Care,,,00,000,29020,Kokomo MSA,2022,621910,Ambulance Services,2,2,0.628988427109,1.98212486581,0.0,2.67765419203,31.3354583967,0.0,0.159421520728,0.654218867305
2,1,    621 - Ambulatory Care,,,00,000,29020,Kokomo MSA,2022,621991,Blood and Organ Banks,2,2,0.0,0.517204483252,0.0,0.698691982833,8.14114451969,0.0,0.129944548488,0.0
2,1,    621 - Ambulatory Care,,,00,000,29020,Kokomo MSA,2022,621999,All Other Miscellaneous Ambulatory Health Care Services,2,2,0.0,0.0,0.0,0.0,3.0,0.0,0.0,0.0
2,1,    621 - Ambulatory Care,,,00,000,29020,Kokomo MSA,2023,621111,Offices of Physicians (except Mental Health Specialists),2,2,7.27830357846,20.2805207429,0.0,18.7537805978,234.446684312,0.0,0.185500383063,7.08207918294
2,1,    621 - Ambulatory Care,,,00,000,29020,Kokomo MSA,2023,621112,"Offices of Physicians, Mental Health Specialists",2,2,0.0,0.0,0.0,0.0,5.9682939577,0.0,0.0,0.0
2,1,    621 - Ambulatory Care,,,00,000,29020,Kokomo MSA,2023,621210,Offices of Dentists,2,2,7.5231589183,13.1165610553,0.0,16.0616571024,363.698065911,1.75056513349,0.106331148094,4.82184183865
2,1,    621 - Ambulatory Care,,,00,000,29020,Kokomo MSA,2023,621310,Offices of Chiropractors,2,2,0.8949222064,2.00955931862,0.0,1.1541612854,25.8887069532,0.0,0.135525942778,0.0
2,1,    621 - Ambulatory Care,,,00,000,29020,Kokomo MSA,2023,621320,Offices of Optometrists,2,2,2.96592396644,6.66002039334,0.0,3.82508623991,85.4565258441,0.0,0.148791434213,1.48678787896
2,1,    621 - Ambulatory Care,,,00,000,29020,Kokomo MSA,2023,621330,Offices of Mental Health Practitioners (except Physicians),2,2,2.48930171371,5.58975899791,0.0,3.2103971106,71.7783101801,0.0,0.148695084946,1.24786193338
2,1,    621 - Ambulatory Care,,,00,000,29020,Kokomo MSA,2023,621340,"Offices of Physical, Occupational and Speech Therapists, and Audiologists",2,2,5.9858795035,13.4413693731,0.0,8.47511166598,172.312164831,0.588147707209,0.15451744004,3.0006612413
2,1,    621 - Ambulatory Care,,,00,000,29020,Kokomo MSA,2023,621391,Offices of Podiatrists,2,2,0.0,0.675194179503,0.0,0.0,8.63206906965,0.0,0.0725448675328,0.0
2,1,    621 - Ambulatory Care,,,00,000,29020,Kokomo MSA,2023,621399,Offices of All Other Miscellaneous Health Practitioners,2,2,0.0,0.7696517406,0.0,0.0,9.83966862589,0.0,0.0725448675328,0.0
2,1,    621 - Ambulatory Care,,,00,000,29020,Kokomo MSA,2023,621410,Family Planning Centers,2,2,0.0,0.0,0.0,0.0,0.0,0.0,0.0,0.0
2,1,    621 - Ambulatory Care,,,00,000,29020,Kokomo MSA,2023,621420,Outpatient Mental Health and Substance Abuse Centers,2,2,2.4142718326,12.8957333745,0.0,5.96379048991,126.484643262,0.0,0.16052249368,2.91223691945
2,1,    621 - Ambulatory Care,,,00,000,29020,Kokomo MSA,2023,621491,HMO Medical Centers,2,2,0.0,0.0,0.0,0.0,0.0,0.0,0.0,0.0
2,1,    621 - Ambulatory Care,,,00,000,29020,Kokomo MSA,2023,621492,Kidney Dialysis Centers,2,2,0.0,0.0,0.0,0.0,1.30320085118,0.0,0.0,0.0
2,1,    621 - Ambulatory Care,,,00,000,29020,Kokomo MSA,2023,621493,Freestanding Ambulatory Surgical and Emergency Centers,2,2,0.0,0.602795516467,0.0,0.0,6.1370213115,0.0,0.0894379672108,0.0
2,1,    621 - Ambulatory Care,,,00,000,29020,Kokomo MSA,2023,621498,All Other Outpatient Care Centers,2,2,0.0,1.4108217008,0.0,0.652451845729,13.8007931911,0.0,0.13005956043,0.0
2,1,    621 - Ambulatory Care,,,00,000,29020,Kokomo MSA,2023,621511,Medical Laboratories,2,2,2.01313296974,2.75811613379,0.0,2.31640958556,45.0701553407,0.0,0.153001376058,1.05378994066
2,1,    621 - Ambulatory Care,,,00,000,29020,Kokomo MSA,2023,621512,Diagnostic Imaging Centers,2,2,0.901830048432,1.23556269948,0.0,1.03768990928,20.2917976267,0.0,0.135300586136,0.0
2,1,    621 - Ambulatory Care,,,00,000,29020,Kokomo MSA,2023,621610,Home Health Care Services,2,2,12.1840400933,13.9805224914,0.0,6.97607314584,250.311266056,1.98564525449,0.144159941019,7.03680424608
2,1,    621 - Ambulatory Care,,,00,000,29020,Kokomo MSA,2023,621910,Ambulance Services,2,2,0.632735457967,2.74593804906,0.0,1.97278166442,26.5404914315,0.0,0.205644429819,1.51940270684
2,1,    621 - Ambulatory Care,,,00,000,29020,Kokomo MSA,2023,621991,Blood and Organ Banks,2,2,0.0,1.58096787315,0.0,1.13582476241,15.1478490401,0.0,0.191659222665,0.874792811405
2,1,    621 - Ambulatory Care,,,00,000,29020,Kokomo MSA,2023,621999,All Other Miscellaneous Ambulatory Health Care Services,2,2,0.0,0.0,0.0,0.0,3.16317241938,0.0,0.0,0.0
2,1,    621 - Ambulatory Care,,,00,000,29020,Kokomo MSA,2024,621111,Offices of Physicians (except Mental Health Specialists),2,2,7.72518817111,23.1807201132,0.0,18.4171398614,251.068221187,0.0,0.185528703302,7.86787031404
2,1,    621 - Ambulatory Care,,,00,000,29020,Kokomo MSA,2024,621112,"Offices of Physicians, Mental Health Specialists",2,2,0.0,0.0,0.0,0.0,0.0,0.0,0.0,0.0
2,1,    621 - Ambulatory Care,,,00,000,29020,Kokomo MSA,2024,621210,Offices of Dentists,2,2,7.21040992739,13.6580725191,0.0,17.1622682429,347.318793691,2.2753171925,0.116721081248,5.59044824283
2,1,    621 - Ambulatory Care,,,00,000,29020,Kokomo MSA,2024,621310,Offices of Chiropractors,2,2,1.10577875392,1.97269058144,0.0,1.00402974026,30.4517805444,0.0,0.132942933144,0.586569639417
2,1,    621 - Ambulatory Care,,,00,000,29020,Kokomo MSA,2024,621320,Offices of Optometrists,2,2,3.26780148415,5.82970253943,0.0,3.69418293351,89.4989905801,0.0,0.139632241909,1.73343277888
2,1,    621 - Ambulatory Care,,,00,000,29020,Kokomo MSA,2024,621330,Offices of Mental Health Practitioners (except Physicians),2,2,3.25466723381,5.80627125913,0.0,3.67933493137,89.1500982505,0.0,0.139617647183,1.72646560533
2,1,    621 - Ambulatory Care,,,00,000,29020,Kokomo MSA,2024,621340,"Offices of Physical, Occupational and Speech Therapists, and Audiologists",2,2,7.30728569419,13.036074001,0.0,8.26073745078,199.813062216,0.602722651729,0.142050605048,3.87621114943
2,1,    621 - Ambulatory Care,,,00,000,29020,Kokomo MSA,2024,621391,Offices of Podiatrists,2,2,0.0,0.556042405854,0.0,0.0,8.50240297539,0.0,0.0613838669277,0.0
2,1,    621 - Ambulatory Care,,,00,000,29020,Kokomo MSA,2024,621399,Offices of All Other Miscellaneous Health Practitioners,2,2,0.505328424476,0.901497356466,0.0,0.0,13.7847288718,0.0,0.09260578085,0.0
2,1,    621 - Ambulatory Care,,,00,000,29020,Kokomo MSA,2024,621410,Family Planning Centers,2,2,0.0,0.0,0.0,0.0,0.0,0.0,0.0,0.0
2,1,    621 - Ambulatory Care,,,00,000,29020,Kokomo MSA,2024,621420,Outpatient Mental Health and Substance Abuse Centers,2,2,2.72326563208,10.3099111838,0.0,6.95021526252,120.746371968,0.0,0.157938096505,2.66393594964
2,1,    621 - Ambulatory Care,,,00,000,29020,Kokomo MSA,2024,621491,HMO Medical Centers,2,2,0.0,0.0,0.0,0.0,0.0,0.0,0.0,0.0
2,1,    621 - Ambulatory Care,,,00,000,29020,Kokomo MSA,2024,621492,Kidney Dialysis Centers,2,2,0.0,0.77761885162,0.0,0.0,9.07752791458,0.0,0.0789048473927,0.0
2,1,    621 - Ambulatory Care,,,00,000,29020,Kokomo MSA,2024,621493,Freestanding Ambulatory Surgical and Emergency Centers,2,2,0.0,0.0,0.0,0.0,0.323763542834,0.0,0.0,0.0
2,1,    621 - Ambulatory Care,,,00,000,29020,Kokomo MSA,2024,621498,All Other Outpatient Care Centers,2,2,0.891995884859,3.3769744093,0.0,2.08223427504,39.4210857972,0.0,0.154867402527,0.872562660291
2,1,    621 - Ambulatory Care,,,00,000,29020,Kokomo MSA,2024,621511,Medical Laboratories,2,2,2.09896566141,3.16465224785,0.0,2.316634753,49.8762187348,0.0,0.149723242231,1.20233384382
2,1,    621 - Ambulatory Care,,,00,000,29020,Kokomo MSA,2024,621512,Diagnostic Imaging Centers,2,2,0.779933907422,1.1759218546,0.0,0.860815414086,18.7123196403,0.0,0.130831547104,0.0
2,1,    621 - Ambulatory Care,,,00,000,29020,Kokomo MSA,2024,621610,Home Health Care Services,2,2,12.1139165691,14.7177163389,0.0,5.85001940095,223.793664398,1.63837454166,0.152288024083,5.88359881691
2,1,    621 - Ambulatory Care,,,00,000,29020,Kokomo MSA,2024,621910,Ambulance Services,2,2,0.780991254877,2.8502466499,0.0,1.79403880184,26.2045839578,0.0,0.207364247136,1.4301973296
2,1,    621 - Ambulatory Care,,,00,000,29020,Kokomo MSA,2024,621991,Blood and Organ Banks,2,2,0.0,1.13243800425,0.0,0.712793652566,10.2892124432,0.0,0.189996662174,0.568234966498
2,1,    621 - Ambulatory Care,,,00,000,29020,Kokomo MSA,2024,621999,All Other Miscellaneous Ambulatory Health Care Services,2,2,0.0,0.606189210706,0.0,0.0,5.50777132731,0.0,0.0991483682201,0.0
2,1,    621 - Ambulatory Care,,,00,000,29200,Lafayette-West Lafayette MSA,2020,621111,Offices of Physicians (except Mental Health Specialists),2,2,32.3957932831,39.6284412653,0.0,84.2859173219,958.20768685,0.712030811736,0.151391800337,13.9221787635
2,1,    621 - Ambulatory Care,,,00,000,29200,Lafayette-West Lafayette MSA,2020,621112,"Offices of Physicians, Mental Health Specialists",2,2,0.0,0.0,0.0,0.0,0.215631116643,0.0,0.0,0.0
2,1,    621 - Ambulatory Care,,,00,000,29200,Lafayette-West Lafayette MSA,2020,621210,Offices of Dentists,2,2,11.0041741104,6.96103650476,0.0,22.8101564414,452.906385757,2.11311327131,0.0923491217811,3.19257129397
2,1,    621 - Ambulatory Care,,,00,000,29200,Lafayette-West Lafayette MSA,2020,621310,Offices of Chiropractors,2,2,1.26288711846,4.26166445219,0.0,2.96566746867,70.5680517463,0.0,0.115853039305,0.756573220402
2,1,    621 - Ambulatory Care,,,00,000,29200,Lafayette-West Lafayette MSA,2020,621320,Offices of Optometrists,2,2,2.01973932883,7.44165822711,0.0,4.74300128265,118.46251001,0.0,0.115138525794,1.20998992392
2,1,    621 - Ambulatory Care,,,00,000,29200,Lafayette-West Lafayette MSA,2020,621330,Offices of Mental Health Practitioners (except Physicians),2,2,0.761953146385,2.57124218841,0.0,1.78931246179,37.8449392108,0.0,0.119218342102,0.0
2,1,    621 - Ambulatory Care,,,00,000,29200,Lafayette-West Lafayette MSA,2020,621340,"Offices of Physical, Occupational and Speech Therapists, and Audiologists",2,2,3.02392533782,11.3853849126,0.0,8.2990675524,184.82848691,0.0,0.117125100958,1.81157990896
2,1,    621 - Ambulatory Care,,,00,000,29200,Lafayette-West Lafayette MSA,2020,621391,Offices of Podiatrists,2,2,0.0,1.18225657846,0.0,0.822725466469,17.3394290786,0.0,0.103646579476,0.0
2,1,    621 - Ambulatory Care,,,00,000,29200,Lafayette-West Lafayette MSA,2020,621399,Offices of All Other Miscellaneous Health Practitioners,2,2,1.16441868997,3.92937869585,0.0,2.73443174635,57.9401178769,0.0,0.128273413553,0.69758253552
2,1,    621 - Ambulatory Care,,,00,000,29200,Lafayette-West Lafayette MSA,2020,621410,Family Planning Centers,2,2,0.0,0.0,0.0,0.0,5.11536529261,0.0,0.0,0.0
2,1,    621 - Ambulatory Care,,,00,000,29200,Lafayette-West Lafayette MSA,2020,621420,Outpatient Mental Health and Substance Abuse Centers,2,2,8.22332378783,20.9147701325,0.0,12.8347814197,305.593804724,0.957261185605,0.135636370314,5.02379517596
2,1,    621 - Ambulatory Care,,,00,000,29200,Lafayette-West Lafayette MSA,2020,621491,HMO Medical Centers,2,2,0.0,0.0,0.0,0.0,0.0,0.0,0.0,0.0
2,1,    621 - Ambulatory Care,,,00,000,29200,Lafayette-West Lafayette MSA,2020,621492,Kidney Dialysis Centers,2,2,1.79102180594,4.05225165229,0.0,2.14568578605,62.0256761322,0.0,0.127735665424,1.09417152247
2,1,    621 - Ambulatory Care,,,00,000,29200,Lafayette-West Lafayette MSA,2020,621493,Freestanding Ambulatory Surgical and Emergency Centers,2,2,2.88084384369,6.51801345293,0.0,4.01648387619,99.6690469688,0.0,0.132138033206,1.75996589433
2,1,    621 - Ambulatory Care,,,00,000,29200,Lafayette-West Lafayette MSA,2020,621498,All Other Outpatient Care Centers,2,2,2.50321635936,5.66361760343,0.0,2.99891142803,86.6161563927,0.0,0.127830649203,1.52926561023
2,1,    621 - Ambulatory Care,,,00,000,29200,Lafayette-West Lafayette MSA,2020,621511,Medical Laboratories,2,2,0.955786545086,1.94397527338,0.0,2.07678085725,40.4037136681,0.0,0.109663168009,0.0
2,1,    621 - Ambulatory Care,,,00,000,29200,Lafayette-West Lafayette MSA,2020,621512,Diagnostic Imaging Centers,2,2,2.19073665562,4.45574162024,0.0,4.76014228601,69.1419313892,0.0,0.151501697314,0.938860776042
2,1,    621 - Ambulatory Care,,,00,000,29200,Lafayette-West Lafayette MSA,2020,621610,Home Health Care Services,2,2,2.71261087212,16.1622974015,0.0,5.3822608121,209.464604548,1.03764975025,0.125325273281,4.7177195462
2,1,    621 - Ambulatory Care,,,00,000,29200,Lafayette-West Lafayette MSA,2020,621910,Ambulance Services,2,2,0.0,4.77672849215,0.0,3.04523669931,80.2275759087,0.0,0.105745822277,1.66496950235
2,1,    621 - Ambulatory Care,,,00,000,29200,Lafayette-West Lafayette MSA,2020,621991,Blood and Organ Banks,2,2,0.0,2.53579727657,0.0,1.61660913768,42.5779810105,0.0,0.105772516013,0.883873792818
2,1,    621 - Ambulatory Care,,,00,000,29200,Lafayette-West Lafayette MSA,2020,621999,All Other Miscellaneous Ambulatory Health Care Services,2,2,0.0,1.01193509318,0.0,0.645123935376,18.157136447,0.0,0.0836298920441,0.0
2,1,    621 - Ambulatory Care,,,00,000,29200,Lafayette-West Lafayette MSA,2021,621111,Offices of Physicians (except Mental Health Specialists),2,2,33.2372814732,49.4400060797,0.0,77.3322507288,1038.13749444,0.0,0.144480468131,15.3115217213
2,1,    621 - Ambulatory Care,,,00,000,29200,Lafayette-West Lafayette MSA,2021,621112,"Offices of Physicians, Mental Health Specialists",2,2,0.0,0.0,0.0,0.0,0.0,0.0,0.0,0.0
2,1,    621 - Ambulatory Care,,,00,000,29200,Lafayette-West Lafayette MSA,2021,621210,Offices of Dentists,2,2,12.1886379093,8.21210390222,0.0,28.8682017743,501.029625852,2.30746175325,0.100284186748,4.26939377373
2,1,    621 - Ambulatory Care,,,00,000,29200,Lafayette-West Lafayette MSA,2021,621310,Offices of Chiropractors,2,2,1.59316553576,3.87963972009,0.0,3.53155013795,71.1652237358,0.0,0.123419907644,1.01549951454
2,1,    621 - Ambulatory Care,,,00,000,29200,Lafayette-West Lafayette MSA,2021,621320,Offices of Optometrists,2,2,2.90032522982,7.06280465542,0.0,6.95077640644,133.216788516,0.0,0.123454912224,1.84869606879
2,1,    621 - Ambulatory Care,,,00,000,29200,Lafayette-West Lafayette MSA,2021,621330,Offices of Mental Health Practitioners (except Physicians),2,2,1.01846198633,2.48013498088,0.0,2.25761196033,40.4205018323,0.0,0.136791567662,0.64917777185
2,1,    621 - Ambulatory Care,,,00,000,29200,Lafayette-West Lafayette MSA,2021,621340,"Offices of Physical, Occupational and Speech Therapists, and Audiologists",2,2,6.40954012566,15.5041551218,0.0,13.1264034434,213.885021178,0.543252164387,0.154904269668,3.62132360863
2,1,    621 - Ambulatory Care,,,00,000,29200,Lafayette-West Lafayette MSA,2021,621391,Offices of Podiatrists,2,2,0.654177633375,1.59303818309,0.0,1.45010738655,25.9714900674,0.0,0.124619854839,0.0
2,1,    621 - Ambulatory Care,,,00,000,29200,Lafayette-West Lafayette MSA,2021,621399,Offices of All Other Miscellaneous Health Practitioners,2,2,1.18451681237,2.88450783754,0.0,2.62570361852,47.0432582839,0.0,0.136710215251,0.755022765008
2,1,    621 - Ambulatory Care,,,00,000,29200,Lafayette-West Lafayette MSA,2021,621410,Family Planning Centers,2,2,0.0,0.0,0.0,0.0,1.53464305982,0.0,0.0,0.0
2,1,    621 - Ambulatory Care,,,00,000,29200,Lafayette-West Lafayette MSA,2021,621420,Outpatient Mental Health and Substance Abuse Centers,2,2,8.1818506626,19.4710400789,0.0,13.0317517523,316.601788606,1.39681517856,0.130280829354,5.34436089824
2,1,    621 - Ambulatory Care,,,00,000,29200,Lafayette-West Lafayette MSA,2021,621491,HMO Medical Centers,2,2,0.0,0.0,0.0,0.0,0.0,0.0,0.0,0.0
2,1,    621 - Ambulatory Care,,,00,000,29200,Lafayette-West Lafayette MSA,2021,621492,Kidney Dialysis Centers,2,2,1.88786592164,4.3702176766,0.0,2.47647574549,68.5459961172,0.0,0.126955007019,1.23314849278
2,1,    621 - Ambulatory Care,,,00,000,29200,Lafayette-West Lafayette MSA,2021,621493,Freestanding Ambulatory Surgical and Emergency Centers,2,2,2.67024081445,6.18133601242,0.0,3.50278403555,96.8569472243,0.0,0.127064941758,1.74419348215
2,1,    621 - Ambulatory Care,,,00,000,29200,Lafayette-West Lafayette MSA,2021,621498,All Other Outpatient Care Centers,2,2,2.44487007502,5.65962566322,0.0,3.2071458954,88.6757656471,0.0,0.127072906607,1.59698197499
2,1,    621 - Ambulatory Care,,,00,000,29200,Lafayette-West Lafayette MSA,2021,621511,Medical Laboratories,2,2,1.1438864587,5.5715153163,0.0,3.32649858172,55.2792504084,0.0,0.160862631239,0.555131791572
2,1,    621 - Ambulatory Care,,,00,000,29200,Lafayette-West Lafayette MSA,2021,621512,Diagnostic Imaging Centers,2,2,1.67536354049,6.99407372379,0.0,4.87206960003,69.3318302746,0.0,0.171528071519,0.813059335299
2,1,    621 - Ambulatory Care,,,00,000,29200,Lafayette-West Lafayette MSA,2021,621610,Home Health Care Services,2,2,5.78638583898,30.7675138588,0.0,6.63145913653,255.258182248,0.769004124818,0.163110773509,5.79578106587
2,1,    621 - Ambulatory Care,,,00,000,29200,Lafayette-West Lafayette MSA,2021,621910,Ambulance Services,2,2,0.818126529416,4.66623057765,0.0,4.75006329335,102.879521581,0.0,0.108296971096,2.26025575732
2,1,    621 - Ambulatory Care,,,00,000,29200,Lafayette-West Lafayette MSA,2021,621991,Blood and Organ Banks,2,2,0.0,0.0,0.0,0.0,9.51640009965,0.0,0.0,0.0
2,1,    621 - Ambulatory Care,,,00,000,29200,Lafayette-West Lafayette MSA,2021,621999,All Other Miscellaneous Ambulatory Health Care Services,2,2,0.0,1.02354665588,0.0,1.04193552338,24.6125319262,0.0,0.0774226361485,0.0
2,1,    621 - Ambulatory Care,,,00,000,29200,Lafayette-West Lafayette MSA,2022,621111,Offices of Physicians (except Mental Health Specialists),2,2,29.7348096941,48.8027556111,0.0,75.90525494,959.739630348,0.981799697968,0.150914639296,15.1574756091
2,1,    621 - Ambulatory Care,,,00,000,29200,Lafayette-West Lafayette MSA,2022,621112,"Offices of Physicians, Mental Health Specialists",2,2,0.0,0.0,0.0,0.0,0.254757024002,0.0,0.0,0.0
2,1,    621 - Ambulatory Care,,,00,000,29200,Lafayette-West Lafayette MSA,2022,621210,Offices of Dentists,2,2,10.6456967662,8.07267543981,0.0,32.7133965799,488.827887903,2.44810559715,0.111080519972,7.20468635065
2,1,    621 - Ambulatory Care,,,00,000,29200,Lafayette-West Lafayette MSA,2022,621310,Offices of Chiropractors,2,2,2.17567842392,4.21001787816,0.0,3.49554661489,70.105828109,0.0,0.134824370224,1.04367660053
2,1,    621 - Ambulatory Care,,,00,000,29200,Lafayette-West Lafayette MSA,2022,621320,Offices of Optometrists,2,2,4.59437659232,8.89028791203,0.0,7.99617512718,134.363837395,0.0,0.149857504165,2.20393018136
2,1,    621 - Ambulatory Care,,,00,000,29200,Lafayette-West Lafayette MSA,2022,621330,Offices of Mental Health Practitioners (except Physicians),2,2,1.96159564994,3.79575982607,0.0,3.15159122716,55.9944803333,0.0,0.149593986344,0.940980733656
2,1,    621 - Ambulatory Care,,,00,000,29200,Lafayette-West Lafayette MSA,2022,621340,"Offices of Physical, Occupational and Speech Therapists, and Audiologists",2,2,8.56772900128,16.5788711576,0.0,16.7407889998,257.208102214,0.621889683742,0.153439889956,4.10995401709
2,1,    621 - Ambulatory Care,,,00,000,29200,Lafayette-West Lafayette MSA,2022,621391,Offices of Podiatrists,2,2,0.87712085965,1.69726116683,0.0,1.40922335676,25.0588478542,0.0,0.137164906513,0.0
2,1,    621 - Ambulatory Care,,,00,000,29200,Lafayette-West Lafayette MSA,2022,621399,Offices of All Other Miscellaneous Health Practitioners,2,2,1.72435594885,3.33669226717,0.0,2.77043083831,49.2459490731,0.0,0.149533108246,0.827176449886
2,1,    621 - Ambulatory Care,,,00,000,29200,Lafayette-West Lafayette MSA,2022,621410,Family Planning Centers,2,2,0.0,0.0,0.0,0.0,5.02493677801,0.0,0.0,0.0
2,1,    621 - Ambulatory Care,,,00,000,29200,Lafayette-West Lafayette MSA,2022,621420,Outpatient Mental Health and Substance Abuse Centers,2,2,7.52587953785,23.1095564681,0.0,14.1422252858,322.54594945,1.27639181995,0.136817430144,5.07059820567
2,1,    621 - Ambulatory Care,,,00,000,29200,Lafayette-West Lafayette MSA,2022,621491,HMO Medical Centers,2,2,0.0,0.0,0.0,0.0,0.0,0.0,0.0,0.0
2,1,    621 - Ambulatory Care,,,00,000,29200,Lafayette-West Lafayette MSA,2022,621492,Kidney Dialysis Centers,2,2,1.42866687717,4.01220671823,0.0,2.09486504603,55.9124619658,0.0,0.131939265684,0.962571307104
2,1,    621 - Ambulatory Care,,,00,000,29200,Lafayette-West Lafayette MSA,2022,621493,Freestanding Ambulatory Surgical and Emergency Centers,2,2,2.77036446756,7.78017262551,0.0,4.805249428,108.257342904,0.0,0.137251973336,1.86654663121
2,1,    621 - Ambulatory Care,,,00,000,29200,Lafayette-West Lafayette MSA,2022,621498,All Other Outpatient Care Centers,2,2,2.20594119023,6.19507052688,0.0,3.82624660642,86.2184356018,0.0,0.137228593684,1.48626368317
2,1,    621 - Ambulatory Care,,,00,000,29200,Lafayette-West Lafayette MSA,2022,621511,Medical Laboratories,2,2,2.09694835505,9.73884693577,0.0,5.15760738865,79.6804576544,0.0,0.181651813324,0.693567066491
2,1,    621 - Ambulatory Care,,,00,000,29200,Lafayette-West Lafayette MSA,2022,621512,Diagnostic Imaging Centers,2,2,1.11489230343,5.1778888435,0.0,2.74216423494,38.4669319846,0.0,0.190201859016,0.0
2,1,    621 - Ambulatory Care,,,00,000,29200,Lafayette-West Lafayette MSA,2022,621610,Home Health Care Services,2,2,5.7956634878,31.9374281531,0.0,9.68311946614,284.656147613,1.26486422817,0.160226956523,5.63072776658
2,1,    621 - Ambulatory Care,,,00,000,29200,Lafayette-West Lafayette MSA,2022,621910,Ambulance Services,2,2,0.547281518686,4.42914358802,0.0,4.88316921794,68.0708421366,0.0,0.142540165958,1.45618835093
2,1,    621 - Ambulatory Care,,,00,000,29200,Lafayette-West Lafayette MSA,2022,621991,Blood and Organ Banks,2,2,0.0,3.40286552991,0.0,3.34027772482,52.3123543481,0.0,0.130652478665,1.11877455449
2,1,    621 - Ambulatory Care,,,00,000,29200,Lafayette-West Lafayette MSA,2022,621999,All Other Miscellaneous Ambulatory Health Care Services,2,2,0.0,0.511194449541,0.0,0.0,10.0686911272,0.0,0.0483175782793,0.0
2,1,    621 - Ambulatory Care,,,00,000,29200,Lafayette-West Lafayette MSA,2023,621111,Offices of Physicians (except Mental Health Specialists),2,2,44.9206275569,62.9858925629,0.0,109.398497059,1221.80587295,1.50720760028,0.161608871325,16.70394584
2,1,    621 - Ambulatory Care,,,00,000,29200,Lafayette-West Lafayette MSA,2023,621112,"Offices of Physicians, Mental Health Specialists",2,2,0.0,0.0,0.0,0.0,1.260074576,0.0,0.0,0.0
2,1,    621 - Ambulatory Care,,,00,000,29200,Lafayette-West Lafayette MSA,2023,621210,Offices of Dentists,2,2,10.5071022101,6.87714554472,0.0,29.3201249489,478.065351627,1.83258038752,0.10624771995,8.29462623017
2,1,    621 - Ambulatory Care,,,00,000,29200,Lafayette-West Lafayette MSA,2023,621310,Offices of Chiropractors,2,2,2.10033575913,3.61466630891,0.0,3.22541041541,63.8044098633,0.0,0.133209710809,0.865150744741
2,1,    621 - Ambulatory Care,,,00,000,29200,Lafayette-West Lafayette MSA,2023,621320,Offices of Optometrists,2,2,4.53945475017,7.81237669975,0.0,7.93284024747,123.1008403,0.0,0.152521196654,1.86984992317
2,1,    621 - Ambulatory Care,,,00,000,29200,Lafayette-West Lafayette MSA,2023,621330,Offices of Mental Health Practitioners (except Physicians),2,2,5.11420400342,8.80151700875,0.0,8.93723268208,135.469630844,0.0,0.155579857759,2.10659528272
2,1,    621 - Ambulatory Care,,,00,000,29200,Lafayette-West Lafayette MSA,2023,621340,"Offices of Physical, Occupational and Speech Therapists, and Audiologists",2,2,9.89452097067,17.0284162616,0.0,18.924798148,278.351442958,0.91086413592,0.154424260309,4.07565892711
2,1,    621 - Ambulatory Care,,,00,000,29200,Lafayette-West Lafayette MSA,2023,621391,Offices of Podiatrists,2,2,0.844205718771,1.45287340663,0.0,1.29641649257,22.5222003108,0.0,0.137599075582,0.0
2,1,    621 - Ambulatory Care,,,00,000,29200,Lafayette-West Lafayette MSA,2023,621399,Offices of All Other Miscellaneous Health Practitioners,2,2,2.07636433668,3.57341162249,0.0,3.18859836033,55.4318934875,0.0,0.14884560365,0.855276659658
2,1,    621 - Ambulatory Care,,,00,000,29200,Lafayette-West Lafayette MSA,2023,621410,Family Planning Centers,2,2,0.0,1.31305626269,0.0,0.827863038775,16.1613728146,0.0,0.116975474322,0.0
2,1,    621 - Ambulatory Care,,,00,000,29200,Lafayette-West Lafayette MSA,2023,621420,Outpatient Mental Health and Substance Abuse Centers,2,2,7.69864700829,27.0663113009,0.0,19.2464257665,327.24232147,1.45740793515,0.158527722692,6.18146241818
2,1,    621 - Ambulatory Care,,,00,000,29200,Lafayette-West Lafayette MSA,2023,621491,HMO Medical Centers,2,2,0.0,0.0,0.0,0.0,0.0,0.0,0.0,0.0
2,1,    621 - Ambulatory Care,,,00,000,29200,Lafayette-West Lafayette MSA,2023,621492,Kidney Dialysis Centers,2,2,1.43815229857,4.45303556225,0.0,2.80757470726,55.1253156111,0.0,0.151641676402,1.15473334154
2,1,    621 - Ambulatory Care,,,00,000,29200,Lafayette-West Lafayette MSA,2023,621493,Freestanding Ambulatory Surgical and Emergency Centers,2,2,2.20442589426,6.82569357311,0.0,4.81524090108,84.3760094683,0.0,0.156167048947,1.76999618301
2,1,    621 - Ambulatory Care,,,00,000,29200,Lafayette-West Lafayette MSA,2023,621498,All Other Outpatient Care Centers,2,2,2.74511901626,8.49987349336,0.0,5.99630470675,104.948918552,0.519670304784,0.159830750415,2.20413405293
2,1,    621 - Ambulatory Care,,,00,000,29200,Lafayette-West Lafayette MSA,2023,621511,Medical Laboratories,2,2,2.90545864547,10.4469061538,0.0,8.87589120057,92.5509540889,0.0,0.209374384566,2.28119408001
2,1,    621 - Ambulatory Care,,,00,000,29200,Lafayette-West Lafayette MSA,2023,621512,Diagnostic Imaging Centers,2,2,1.24190487766,4.46540986883,0.0,3.57139371329,36.0807910223,0.0,0.221298669798,0.975070169825
2,1,    621 - Ambulatory Care,,,00,000,29200,Lafayette-West Lafayette MSA,2023,621610,Home Health Care Services,2,2,6.52134291672,33.6400989849,0.0,11.8637615073,293.045348279,2.34908919738,0.167995800198,4.79654786572
2,1,    621 - Ambulatory Care,,,00,000,29200,Lafayette-West Lafayette MSA,2023,621910,Ambulance Services,2,2,0.577032022383,6.00354387829,0.0,4.35074949357,53.2527271938,0.0,0.192622926553,1.77363799444
2,1,    621 - Ambulatory Care,,,00,000,29200,Lafayette-West Lafayette MSA,2023,621991,Blood and Organ Banks,2,2,0.0,3.99048549101,0.0,2.54856346102,35.4683586892,0.0,0.178713182259,1.17891645778
2,1,    621 - Ambulatory Care,,,00,000,29200,Lafayette-West Lafayette MSA,2023,621999,All Other Miscellaneous Ambulatory Health Care Services,2,2,0.0,0.0,0.0,0.0,4.74567567884,0.0,0.0,0.0
2,1,    621 - Ambulatory Care,,,00,000,29200,Lafayette-West Lafayette MSA,2024,621111,Offices of Physicians (except Mental Health Specialists),2,2,44.2021629037,66.2100754097,0.0,117.304501017,1185.18047161,1.81593769731,0.169797570002,12.8669556661
2,1,    621 - Ambulatory Care,,,00,000,29200,Lafayette-West Lafayette MSA,2024,621112,"Offices of Physicians, Mental Health Specialists",2,2,0.0,0.0,0.0,0.0,1.68192004931,0.0,0.0,0.0
2,1,    621 - Ambulatory Care,,,00,000,29200,Lafayette-West Lafayette MSA,2024,621210,Offices of Dentists,2,2,12.6810475001,7.18935851372,0.0,31.5254080182,479.691872171,1.40949936064,0.108542492673,5.60122992844
2,1,    621 - Ambulatory Care,,,00,000,29200,Lafayette-West Lafayette MSA,2024,621310,Offices of Chiropractors,2,2,2.07144537889,3.37080959495,0.0,3.56850044434,66.724033644,0.0,0.129770620199,0.93928698342
2,1,    621 - Ambulatory Care,,,00,000,29200,Lafayette-West Lafayette MSA,2024,621320,Offices of Optometrists,2,2,4.46427940387,7.26460663769,0.0,8.59578719982,128.110904449,0.0,0.148537794832,2.02430610874
2,1,    621 - Ambulatory Care,,,00,000,29200,Lafayette-West Lafayette MSA,2024,621330,Offices of Mental Health Practitioners (except Physicians),2,2,6.32798311417,10.2973635778,0.0,12.1842723836,176.902167675,0.0,0.151878576226,2.86939362776
2,1,    621 - Ambulatory Care,,,00,000,29200,Lafayette-West Lafayette MSA,2024,621340,"Offices of Physical, Occupational and Speech Therapists, and Audiologists",2,2,8.51960471571,13.8637328377,0.0,18.2933895279,254.458957299,0.583292210143,0.150620433008,3.86317394361
2,1,    621 - Ambulatory Care,,,00,000,29200,Lafayette-West Lafayette MSA,2024,621391,Offices of Podiatrists,2,2,0.587076180362,0.955333914134,0.0,1.01136222651,16.6676658899,0.0,0.1328606264,0.0
2,1,    621 - Ambulatory Care,,,00,000,29200,Lafayette-West Lafayette MSA,2024,621399,Offices of All Other Miscellaneous Health Practitioners,2,2,2.08107409061,3.38647814898,0.0,3.58508792591,58.877655503,0.0,0.145138959276,0.94365307662
2,1,    621 - Ambulatory Care,,,00,000,29200,Lafayette-West Lafayette MSA,2024,621410,Family Planning Centers,2,2,0.0,1.01035603738,0.0,0.707667973822,11.1941362333,0.0,0.133054731251,0.0
2,1,    621 - Ambulatory Care,,,00,000,29200,Lafayette-West Lafayette MSA,2024,621420,Outpatient Mental Health and Substance Abuse Centers,2,2,8.82232475209,31.7501434284,0.0,23.7139032378,341.780019827,1.62564644478,0.177795018889,7.99508131194
2,1,    621 - Ambulatory Care,,,00,000,29200,Lafayette-West Lafayette MSA,2024,621491,HMO Medical Centers,2,2,0.0,0.0,0.0,0.0,0.0,0.0,0.0,0.0
2,1,    621 - Ambulatory Care,,,00,000,29200,Lafayette-West Lafayette MSA,2024,621492,Kidney Dialysis Centers,2,2,1.3833365322,4.35023251749,0.0,3.04696574021,48.5727367346,0.0,0.16976834691,1.15176927203
2,1,    621 - Ambulatory Care,,,00,000,29200,Lafayette-West Lafayette MSA,2024,621493,Freestanding Ambulatory Surgical and Emergency Centers,2,2,2.01183574205,6.32669857349,0.0,4.43131113672,70.5026896127,0.0,0.170044893903,1.67505920225
2,1,    621 - Ambulatory Care,,,00,000,29200,Lafayette-West Lafayette MSA,2024,621498,All Other Outpatient Care Centers,2,2,1.93947056139,6.0991289585,0.0,4.27191808874,67.9590350896,0.0,0.17006086765,1.6148077815
2,1,    621 - Ambulatory Care,,,00,000,29200,Lafayette-West Lafayette MSA,2024,621511,Medical Laboratories,2,2,4.01607959106,9.55751414306,0.0,8.18903550212,81.9342596949,0.0,0.225025770613,2.02825209677
2,1,    621 - Ambulatory Care,,,00,000,29200,Lafayette-West Lafayette MSA,2024,621512,Diagnostic Imaging Centers,2,2,1.73500120337,4.12897657116,0.0,3.53777511836,32.9634345487,0.0,0.237688435687,0.876232591719
2,1,    621 - Ambulatory Care,,,00,000,29200,Lafayette-West Lafayette MSA,2024,621610,Home Health Care Services,2,2,7.19668830679,48.2378113131,0.0,14.601425367,372.472161881,2.63092310035,0.170818371519,4.06554195045
2,1,    621 - Ambulatory Care,,,00,000,29200,Lafayette-West Lafayette MSA,2024,621910,Ambulance Services,2,2,0.684769243191,7.07527225578,0.0,5.99763643305,64.2545061319,0.0,0.20769395564,3.08590497543
2,1,    621 - Ambulatory Care,,,00,000,29200,Lafayette-West Lafayette MSA,2024,621991,Blood and Organ Banks,2,2,0.0,3.48108330386,0.0,2.65156674226,31.7740185109,0.0,0.194063297111,1.51828677384
2,1,    621 - Ambulatory Care,,,00,000,29200,Lafayette-West Lafayette MSA,2024,621999,All Other Miscellaneous Ambulatory Health Care Services,2,2,0.0,1.59632697985,0.0,1.21593399527,14.4186024371,0.0,0.195709470119,0.696243648504
2,1,    621 - Ambulatory Care,,,00,000,31140,Louisville/Jefferson County MSA,2020,621111,Offices of Physicians (except Mental Health Specialists),2,2,416.795298831,1262.16781904,0.848638253087,361.423739403,10784.9641632,17.0887898518,0.169962896043,150.063429048
2,1,    621 - Ambulatory Care,,,00,000,31140,Louisville/Jefferson County MSA,2020,621112,"Offices of Physicians, Mental Health Specialists",2,2,6.85070877432,20.676237153,0.0,5.15368391153,195.75504284,0.0,0.150652245864,2.04123373166
2,1,    621 - Ambulatory Care,,,00,000,31140,Louisville/Jefferson County MSA,2020,621210,Offices of Dentists,2,2,63.8788711474,140.391261013,3.15663510095,120.834529994,2900.57914099,4.77041411163,0.118443220438,56.6810587685
2,1,    621 - Ambulatory Care,,,00,000,31140,Louisville/Jefferson County MSA,2020,621310,Offices of Chiropractors,2,2,8.29760462339,33.9440855306,0.0,13.6285469085,546.01807715,0.0,0.099945152745,4.76146809272
2,1,    621 - Ambulatory Care,,,00,000,31140,Louisville/Jefferson County MSA,2020,621320,Offices of Optometrists,2,2,11.7670365374,42.8959147457,0.0,19.511062238,685.850155329,0.0,0.105364225045,6.60083601673
2,1,    621 - Ambulatory Care,,,00,000,31140,Louisville/Jefferson County MSA,2020,621330,Offices of Mental Health Practitioners (except Physicians),2,2,6.19449287278,21.7680493671,0.0,9.26037214699,290.509416706,0.0,0.121527722999,2.9661147336
2,1,    621 - Ambulatory Care,,,00,000,31140,Louisville/Jefferson County MSA,2020,621340,"Offices of Physical, Occupational and Speech Therapists, and Audiologists",2,2,36.3889885269,133.920600901,1.9259380947,56.8106225612,1964.81884866,2.25405148963,0.115026174081,24.08090497
2,1,    621 - Ambulatory Care,,,00,000,31140,Louisville/Jefferson County MSA,2020,621391,Offices of Podiatrists,2,2,1.72921733997,8.6972583093,0.0,2.55684413998,152.837251313,0.0,0.0837706489131,0.990556626543
2,1,    621 - Ambulatory Care,,,00,000,31140,Louisville/Jefferson County MSA,2020,621399,Offices of All Other Miscellaneous Health Practitioners,2,2,6.94012898293,27.6691078056,0.0,9.70285154989,399.496579455,0.0,0.110650344578,5.39213530944
2,1,    621 - Ambulatory Care,,,00,000,31140,Louisville/Jefferson County MSA,2020,621410,Family Planning Centers,2,2,0.528980731686,3.73189478386,0.0,0.52610875567,21.2358724505,0.0,0.183953065661,0.0
2,1,    621 - Ambulatory Care,,,00,000,31140,Louisville/Jefferson County MSA,2020,621420,Outpatient Mental Health and Substance Abuse Centers,2,2,15.0073935525,125.515015557,0.0,26.2291825213,722.727110278,0.836594941313,0.197235150923,9.9821079367
2,1,    621 - Ambulatory Care,,,00,000,31140,Louisville/Jefferson County MSA,2020,621491,HMO Medical Centers,2,2,0.0,0.750979385045,0.0,0.0,12.8005503604,0.0,0.0554165765158,0.0
2,1,    621 - Ambulatory Care,,,00,000,31140,Louisville/Jefferson County MSA,2020,621492,Kidney Dialysis Centers,2,2,13.8104378469,101.277477318,0.0,17.8398586115,537.096560539,0.848833888363,0.208016578526,7.29325040595
2,1,    621 - Ambulatory Care,,,00,000,31140,Louisville/Jefferson County MSA,2020,621493,Freestanding Ambulatory Surgical and Emergency Centers,2,2,32.2896663168,215.153292564,0.86721622921,42.8650646103,1163.56511386,1.75961668335,0.209902678776,16.1858402093
2,1,    621 - Ambulatory Care,,,00,000,31140,Louisville/Jefferson County MSA,2020,621498,All Other Outpatient Care Centers,2,2,15.9695438397,123.261435309,0.0,24.3489679645,653.86504941,0.850778393969,0.209036884564,8.37368241831
2,1,    621 - Ambulatory Care,,,00,000,31140,Louisville/Jefferson County MSA,2020,621511,Medical Laboratories,2,2,18.6380700735,134.64080824,0.0,38.6746452934,803.179609235,1.31182098631,0.204014877516,12.5935150426
2,1,    621 - Ambulatory Care,,,00,000,31140,Louisville/Jefferson County MSA,2020,621512,Diagnostic Imaging Centers,2,2,5.69558628609,42.6729448595,0.0,13.9394692099,246.000394334,0.0,0.212023924252,3.88432524855
2,1,    621 - Ambulatory Care,,,00,000,31140,Louisville/Jefferson County MSA,2020,621610,Home Health Care Services,2,2,41.8654448269,433.551265947,0.992584757657,56.8671816548,2340.65766164,1.94247622376,0.197098063715,39.3706347805
2,1,    621 - Ambulatory Care,,,00,000,31140,Louisville/Jefferson County MSA,2020,621910,Ambulance Services,2,2,12.9865577951,40.1371981308,0.0,17.5307672864,283.296645421,0.0,0.214002976314,6.47849825353
2,1,    621 - Ambulatory Care,,,00,000,31140,Louisville/Jefferson County MSA,2020,621991,Blood and Organ Banks,2,2,14.9222755302,44.4777465462,0.0,15.605117069,245.730685243,0.0,0.251231941507,7.44415398495
2,1,    621 - Ambulatory Care,,,00,000,31140,Louisville/Jefferson County MSA,2020,621999,All Other Miscellaneous Ambulatory Health Care Services,2,2,10.1653929376,34.9442947807,0.0,12.0338784605,218.50887243,0.0,0.22317723694,5.63292379396
2,1,    621 - Ambulatory Care,,,00,000,31140,Louisville/Jefferson County MSA,2021,621111,Offices of Physicians (except Mental Health Specialists),2,2,467.413807524,1368.68137837,1.84554329466,400.68689385,11311.0350487,15.9383995571,0.176454222711,168.954263247
2,1,    621 - Ambulatory Care,,,00,000,31140,Louisville/Jefferson County MSA,2021,621112,"Offices of Physicians, Mental Health Specialists",2,2,7.40675030983,21.9729273147,0.0,6.03331317474,201.485128794,0.0,0.157861432739,2.35600867863
2,1,    621 - Ambulatory Care,,,00,000,31140,Louisville/Jefferson County MSA,2021,621210,Offices of Dentists,2,2,75.1630917175,164.335287417,3.37248020748,144.429926466,3114.17629646,6.57902529299,0.127731504975,62.1476934744
2,1,    621 - Ambulatory Care,,,00,000,31140,Louisville/Jefferson County MSA,2021,621310,Offices of Chiropractors,2,2,8.90573191742,40.2462584105,0.0,15.1990350847,549.982410879,0.0,0.111364032389,4.5728773451
2,1,    621 - Ambulatory Care,,,00,000,31140,Louisville/Jefferson County MSA,2021,621320,Offices of Optometrists,2,2,14.4951701215,57.9108446602,0.0,24.2310235507,803.497518936,0.554192608966,0.116834600783,9.10404731387
2,1,    621 - Ambulatory Care,,,00,000,31140,Louisville/Jefferson County MSA,2021,621330,Offices of Mental Health Practitioners (except Physicians),2,2,8.21164912725,42.0090236648,0.0,14.4035717541,487.447694124,0.0,0.126862518615,6.19947278118
2,1,    621 - Ambulatory Care,,,00,000,31140,Louisville/Jefferson County MSA,2021,621340,"Offices of Physical, Occupational and Speech Therapists, and Audiologists",2,2,41.2110954959,176.401913596,1.40987889458,69.9494067123,2165.00522379,1.69496565077,0.127004792788,24.3012956751
2,1,    621 - Ambulatory Care,,,00,000,31140,Louisville/Jefferson County MSA,2021,621391,Offices of Podiatrists,2,2,1.65417089464,10.382746471,0.0,2.86964589999,148.630751823,0.0,0.0987864128184,1.38557770502
2,1,    621 - Ambulatory Care,,,00,000,31140,Louisville/Jefferson County MSA,2021,621399,Offices of All Other Miscellaneous Health Practitioners,2,2,7.42025655929,36.9033751855,0.0,11.8418860178,432.369187615,0.0,0.123317474757,4.65316499214
2,1,    621 - Ambulatory Care,,,00,000,31140,Louisville/Jefferson County MSA,2021,621410,Family Planning Centers,2,2,0.667941368007,4.51630211088,0.0,0.675149635707,26.8959389423,0.0,0.178883642651,0.0
2,1,    621 - Ambulatory Care,,,00,000,31140,Louisville/Jefferson County MSA,2021,621420,Outpatient Mental Health and Substance Abuse Centers,2,2,17.1842960061,137.458151114,0.749354497482,30.406621436,799.343475193,0.888584514892,0.200079868764,13.2486252147
2,1,    621 - Ambulatory Care,,,00,000,31140,Louisville/Jefferson County MSA,2021,621491,HMO Medical Centers,2,2,0.0,0.565530321698,0.0,0.0,7.75772745726,0.0,0.0679457895835,0.0
2,1,    621 - Ambulatory Care,,,00,000,31140,Louisville/Jefferson County MSA,2021,621492,Kidney Dialysis Centers,2,2,14.7825959135,104.396753769,0.721122660725,18.5729840158,559.895184141,0.855107204682,0.209104124834,8.70153262809
2,1,    621 - Ambulatory Care,,,00,000,31140,Louisville/Jefferson County MSA,2021,621493,Freestanding Ambulatory Surgical and Emergency Centers,2,2,32.783753289,211.502448109,1.40277409067,43.4984545386,1179.96822031,1.66340942645,0.208224373707,19.4620010898
2,1,    621 - Ambulatory Care,,,00,000,31140,Louisville/Jefferson County MSA,2021,621498,All Other Outpatient Care Centers,2,2,15.9605048095,118.180999807,0.696450729611,24.1084299482,645.162458313,0.825851230355,0.20873425873,10.4202796837
2,1,    621 - Ambulatory Care,,,00,000,31140,Louisville/Jefferson County MSA,2021,621511,Medical Laboratories,2,2,17.3587807011,150.733149818,0.0,47.0244634861,893.676803388,2.79195081912,0.20752528723,16.1187254717
2,1,    621 - Ambulatory Care,,,00,000,31140,Louisville/Jefferson County MSA,2021,621512,Diagnostic Imaging Centers,2,2,4.88533953462,47.8763014058,0.0,16.0185523103,270.576634251,0.967362498077,0.216355720336,4.95573007697
2,1,    621 - Ambulatory Care,,,00,000,31140,Louisville/Jefferson County MSA,2021,621610,Home Health Care Services,2,2,47.5289370901,414.546488052,1.296762627,55.2156745881,2417.36301819,3.28386323905,0.189579737837,43.6164151155
2,1,    621 - Ambulatory Care,,,00,000,31140,Louisville/Jefferson County MSA,2021,621910,Ambulance Services,2,2,15.6156209736,36.6968370867,0.0,13.5238117966,232.034764368,0.0,0.235513206204,5.64600001421
2,1,    621 - Ambulatory Care,,,00,000,31140,Louisville/Jefferson County MSA,2021,621991,Blood and Organ Banks,2,2,27.266883829,49.7314097689,0.519099096948,15.2509685733,230.724021344,0.779586213957,0.302941679738,6.72475646566
2,1,    621 - Ambulatory Care,,,00,000,31140,Louisville/Jefferson County MSA,2021,621999,All Other Miscellaneous Ambulatory Health Care Services,2,2,35.606744307,67.5544047303,0.677870963581,20.498333934,327.51936544,1.01803077901,0.290555907889,8.78159328736
2,1,    621 - Ambulatory Care,,,00,000,31140,Louisville/Jefferson County MSA,2022,621111,Offices of Physicians (except Mental Health Specialists),2,2,499.225548363,1535.93815981,2.97582848497,439.65796157,11618.9939371,21.4831119511,0.188590824722,201.250411395
2,1,    621 - Ambulatory Care,,,00,000,31140,Louisville/Jefferson County MSA,2022,621112,"Offices of Physicians, Mental Health Specialists",2,2,7.54945357934,24.7566526266,0.0,5.54710373751,201.01611451,0.0,0.168060373022,2.75411550731
2,1,    621 - Ambulatory Care,,,00,000,31140,Louisville/Jefferson County MSA,2022,621210,Offices of Dentists,2,2,76.1005847535,180.226505598,3.08226612735,145.283258626,3068.50428188,4.61258561372,0.132585803377,59.7211386721
2,1,    621 - Ambulatory Care,,,00,000,31140,Louisville/Jefferson County MSA,2022,621310,Offices of Chiropractors,2,2,8.79860446501,42.328030441,0.0,17.015423097,534.217763352,0.0,0.121063282187,5.44020852806
2,1,    621 - Ambulatory Care,,,00,000,31140,Louisville/Jefferson County MSA,2022,621320,Offices of Optometrists,2,2,14.6640096693,59.5889723946,0.0,26.5237739691,782.818321484,0.678435129479,0.124096987678,9.45365859485
2,1,    621 - Ambulatory Care,,,00,000,31140,Louisville/Jefferson County MSA,2022,621330,Offices of Mental Health Practitioners (except Physicians),2,2,10.9949062111,57.7888108461,0.0,22.1754388625,664.889554834,0.0,0.132745567324,10.8116022784
2,1,    621 - Ambulatory Care,,,00,000,31140,Louisville/Jefferson County MSA,2022,621340,"Offices of Physical, Occupational and Speech Therapists, and Audiologists",2,2,41.4547748133,187.424935313,0.924941809342,77.0878223956,2115.72557545,2.60737245865,0.137154489652,26.8074736567
2,1,    621 - Ambulatory Care,,,00,000,31140,Louisville/Jefferson County MSA,2022,621391,Offices of Podiatrists,2,2,1.83398991672,9.6331642039,0.0,3.32677241233,140.22693257,0.0,0.106598703727,1.93764672755
2,1,    621 - Ambulatory Care,,,00,000,31140,Louisville/Jefferson County MSA,2022,621399,Offices of All Other Miscellaneous Health Practitioners,2,2,8.83896058027,43.3664306507,0.0,14.4619736729,466.234998408,0.0,0.13277063933,4.71204361739
2,1,    621 - Ambulatory Care,,,00,000,31140,Louisville/Jefferson County MSA,2022,621410,Family Planning Centers,2,2,0.815599602042,5.52011628163,0.0,0.841887729138,29.4158706768,0.0,0.20703442172,0.502550408724
2,1,    621 - Ambulatory Care,,,00,000,31140,Louisville/Jefferson County MSA,2022,621420,Outpatient Mental Health and Substance Abuse Centers,2,2,19.8389603974,153.954691283,0.906359030991,34.5507603056,858.029993071,0.64221088072,0.208325722966,15.8939658642
2,1,    621 - Ambulatory Care,,,00,000,31140,Louisville/Jefferson County MSA,2022,621491,HMO Medical Centers,2,2,0.0,0.0,0.0,0.0,0.0,0.0,0.0,0.0
2,1,    621 - Ambulatory Care,,,00,000,31140,Louisville/Jefferson County MSA,2022,621492,Kidney Dialysis Centers,2,2,16.3871761193,115.491137632,0.864165181279,22.6735914632,575.975542567,0.612313954162,0.223858558853,10.0973345695
2,1,    621 - Ambulatory Care,,,00,000,31140,Louisville/Jefferson County MSA,2022,621493,Freestanding Ambulatory Surgical and Emergency Centers,2,2,34.7814400141,228.18743568,1.64499182595,47.6333287485,1164.45485754,1.16557745132,0.223573941604,21.8950891541
2,1,    621 - Ambulatory Care,,,00,000,31140,Louisville/Jefferson County MSA,2022,621498,All Other Outpatient Care Centers,2,2,17.8617716487,127.242683916,0.857958942978,25.8638367745,637.370639203,0.607916454243,0.223970817811,11.5182229562
2,1,    621 - Ambulatory Care,,,00,000,31140,Louisville/Jefferson County MSA,2022,621511,Medical Laboratories,2,2,13.8534236634,147.072419052,1.34461440776,42.8650789363,839.150437617,2.03858374326,0.212434156539,19.1742127259
2,1,    621 - Ambulatory Care,,,00,000,31140,Louisville/Jefferson County MSA,2022,621512,Diagnostic Imaging Centers,2,2,5.26755852739,49.0841400663,0.0,14.5397528758,278.701616915,0.755238298704,0.213991280002,6.22996938972
2,1,    621 - Ambulatory Care,,,00,000,31140,Louisville/Jefferson County MSA,2022,621610,Home Health Care Services,2,2,51.1548762983,415.912374769,1.18086080049,58.7177814845,2363.56118521,4.17274475773,0.193483370833,35.8797825236
2,1,    621 - Ambulatory Care,,,00,000,31140,Louisville/Jefferson County MSA,2022,621910,Ambulance Services,2,2,1.26302126872,33.0561086332,0.0,10.1846729774,239.712951363,0.0,0.171315430424,5.05248059513
2,1,    621 - Ambulatory Care,,,00,000,31140,Louisville/Jefferson County MSA,2022,621991,Blood and Organ Banks,2,2,2.57453473735,54.542370308,0.0,13.3144965698,273.83857055,0.0,0.223728058034,8.49116184757
2,1,    621 - Ambulatory Care,,,00,000,31140,Louisville/Jefferson County MSA,2022,621999,All Other Miscellaneous Ambulatory Health Care Services,2,2,2.0652525155,48.0450653226,0.0,11.7396984625,263.058484756,0.0,0.206986315813,6.81148057969
2,1,    621 - Ambulatory Care,,,00,000,31140,Louisville/Jefferson County MSA,2023,621111,Offices of Physicians (except Mental Health Specialists),2,2,467.463288778,1480.66672246,4.00521627933,467.741692532,11167.7425032,22.0754385432,0.191535832065,203.833240182
2,1,    621 - Ambulatory Care,,,00,000,31140,Louisville/Jefferson County MSA,2023,621112,"Offices of Physicians, Mental Health Specialists",2,2,8.75032312155,28.3233519358,0.0,7.53632605918,221.981444802,0.0,0.176457169487,2.95305933044
2,1,    621 - Ambulatory Care,,,00,000,31140,Louisville/Jefferson County MSA,2023,621210,Offices of Dentists,2,2,81.3568395333,191.229478921,3.81903734725,165.400435717,3113.44342033,5.32318310132,0.141571865671,66.3397434354
2,1,    621 - Ambulatory Care,,,00,000,31140,Louisville/Jefferson County MSA,2023,621310,Offices of Chiropractors,2,2,11.0235129349,46.6922165459,0.0,17.6722623451,535.661523231,0.0,0.133015581956,6.79494913688
2,1,    621 - Ambulatory Care,,,00,000,31140,Louisville/Jefferson County MSA,2023,621320,Offices of Optometrists,2,2,17.7468619883,65.245753026,0.0,27.8387615502,782.628969561,0.566013580144,0.134174861287,9.88475879627
2,1,    621 - Ambulatory Care,,,00,000,31140,Louisville/Jefferson County MSA,2023,621330,Offices of Mental Health Practitioners (except Physicians),2,2,19.580564212,90.5385645387,0.0,36.9492841094,957.884954573,0.709960219398,0.147472251592,17.9188154061
2,1,    621 - Ambulatory Care,,,00,000,31140,Louisville/Jefferson County MSA,2023,621340,"Offices of Physical, Occupational and Speech Therapists, and Audiologists",2,2,49.3199790077,199.610152966,0.625715029552,82.2783322981,2114.72110882,1.92721455858,0.147775066298,32.9294170989
2,1,    621 - Ambulatory Care,,,00,000,31140,Louisville/Jefferson County MSA,2023,621391,Offices of Podiatrists,2,2,2.24440239399,8.15506727424,0.0,2.54707818811,115.910395573,0.0,0.106167322058,0.821013567987
2,1,    621 - Ambulatory Care,,,00,000,31140,Louisville/Jefferson County MSA,2023,621399,Offices of All Other Miscellaneous Health Practitioners,2,2,12.6198722516,59.4676551162,0.0,21.9782906761,564.850323438,0.675887790754,0.154101873272,8.16015694282
2,1,    621 - Ambulatory Care,,,00,000,31140,Louisville/Jefferson County MSA,2023,621410,Family Planning Centers,2,2,1.04003648461,5.58040051528,0.0,0.846841316338,34.3965345817,0.0,0.178370716839,0.0
2,1,    621 - Ambulatory Care,,,00,000,31140,Louisville/Jefferson County MSA,2023,621420,Outpatient Mental Health and Substance Abuse Centers,2,2,30.3153386273,185.222128711,1.24197342683,38.8103168311,1000.11367644,1.08081373352,0.215527358221,18.1023743718
2,1,    621 - Ambulatory Care,,,00,000,31140,Louisville/Jefferson County MSA,2023,621491,HMO Medical Centers,2,2,0.0,0.638756126558,0.0,0.0,4.96418077788,0.0,0.11400380505,0.0
2,1,    621 - Ambulatory Care,,,00,000,31140,Louisville/Jefferson County MSA,2023,621492,Kidney Dialysis Centers,2,2,21.1234886941,119.009005249,0.956344260655,23.1917508408,572.569357426,0.832248088856,0.234411182917,10.1988411221
2,1,    621 - Ambulatory Care,,,00,000,31140,Louisville/Jefferson County MSA,2023,621493,Freestanding Ambulatory Surgical and Emergency Centers,2,2,52.2625186556,285.034220448,2.11071181123,57.1143503126,1360.71710222,1.83682377078,0.238058041828,26.7782838733
2,1,    621 - Ambulatory Care,,,00,000,31140,Louisville/Jefferson County MSA,2023,621498,All Other Outpatient Care Centers,2,2,30.5316247765,172.346697296,1.28015076769,34.0021784429,797.197012819,1.11403714508,0.241916034425,15.1229096672
2,1,    621 - Ambulatory Care,,,00,000,31140,Louisville/Jefferson County MSA,2023,621511,Medical Laboratories,2,2,12.2693450159,110.620633779,1.33552442802,28.082302977,690.224710826,1.8143456262,0.1958297865,13.9598729605
2,1,    621 - Ambulatory Care,,,00,000,31140,Louisville/Jefferson County MSA,2023,621512,Diagnostic Imaging Centers,2,2,5.59598417527,44.7687568378,0.590481546294,11.4869410443,283.6183839,0.802184960747,0.19662785793,6.172142717
2,1,    621 - Ambulatory Care,,,00,000,31140,Louisville/Jefferson County MSA,2023,621610,Home Health Care Services,2,2,54.9246593377,404.447181163,2.60151076269,59.7066563113,2558.85939762,3.59753265985,0.180646500272,38.8855408086
2,1,    621 - Ambulatory Care,,,00,000,31140,Louisville/Jefferson County MSA,2023,621910,Ambulance Services,2,2,3.1854648901,33.8457044983,0.0,10.1114447844,234.544386191,0.0,0.185970351762,6.44057176913
2,1,    621 - Ambulatory Care,,,00,000,31140,Louisville/Jefferson County MSA,2023,621991,Blood and Organ Banks,2,2,6.16088791352,66.993140098,0.0,17.7760969746,365.257795173,0.0,0.215570121372,9.446810394
2,1,    621 - Ambulatory Care,,,00,000,31140,Louisville/Jefferson County MSA,2023,621999,All Other Miscellaneous Ambulatory Health Care Services,2,2,5.64995849503,72.0999053858,0.0,20.6321393341,398.173993363,0.0,0.214739030768,10.503451127
2,1,    621 - Ambulatory Care,,,00,000,31140,Louisville/Jefferson County MSA,2024,621111,Offices of Physicians (except Mental Health Specialists),2,2,470.649480759,1383.81612267,3.50421886793,483.135460152,10942.7237444,18.674081423,0.190476304804,214.981073275
2,1,    621 - Ambulatory Care,,,00,000,31140,Louisville/Jefferson County MSA,2024,621112,"Offices of Physicians, Mental Health Specialists",2,2,9.43428300817,27.189091836,0.0,7.74150608185,232.6159171,0.0,0.169650221793,3.16128571407
2,1,    621 - Ambulatory Care,,,00,000,31140,Louisville/Jefferson County MSA,2024,621210,Offices of Dentists,2,2,87.5868553238,211.700098812,5.28971228665,187.86168641,3220.53161992,6.05751314134,0.149183863007,66.1988161174
2,1,    621 - Ambulatory Care,,,00,000,31140,Louisville/Jefferson County MSA,2024,621310,Offices of Chiropractors,2,2,10.4717092136,48.6553785111,0.0,19.6771584581,519.817049063,0.0,0.144217920355,8.79624880806
2,1,    621 - Ambulatory Care,,,00,000,31140,Louisville/Jefferson County MSA,2024,621320,Offices of Optometrists,2,2,18.3784958932,71.0097575394,0.0,29.7974336192,802.909679739,0.0,0.141498065504,13.1496774857
2,1,    621 - Ambulatory Care,,,00,000,31140,Louisville/Jefferson County MSA,2024,621330,Offices of Mental Health Practitioners (except Physicians),2,2,25.5211376171,129.318298585,0.543347024051,52.4089497202,1099.33224796,1.11927751401,0.173460023356,21.7979725244
2,1,    621 - Ambulatory Care,,,00,000,31140,Louisville/Jefferson County MSA,2024,621340,"Offices of Physical, Occupational and Speech Therapists, and Audiologists",2,2,46.0714036341,207.323491117,0.793287509904,87.5889413663,2080.90873256,1.63414693129,0.155029384845,38.3795218563
2,1,    621 - Ambulatory Care,,,00,000,31140,Louisville/Jefferson County MSA,2024,621391,Offices of Podiatrists,2,2,1.95797910991,8.54462705478,0.0,3.02974132688,117.253134779,0.0,0.113506535977,1.48073235774
2,1,    621 - Ambulatory Care,,,00,000,31140,Louisville/Jefferson County MSA,2024,621399,Offices of All Other Miscellaneous Health Practitioners,2,2,12.7822997535,71.3103352152,0.0,26.8329269623,633.331347179,0.664210144646,0.162583921979,11.371199225
2,1,    621 - Ambulatory Care,,,00,000,31140,Louisville/Jefferson County MSA,2024,621410,Family Planning Centers,2,2,1.39687991414,7.29420699545,0.0,1.25872953766,38.4693825938,0.0,0.216868084663,0.703281910649
2,1,    621 - Ambulatory Care,,,00,000,31140,Louisville/Jefferson County MSA,2024,621420,Outpatient Mental Health and Substance Abuse Centers,2,2,32.124450748,195.421983302,0.680234222135,45.622859173,1083.26515383,1.68386886413,0.213907550839,19.2393065866
2,1,    621 - Ambulatory Care,,,00,000,31140,Louisville/Jefferson County MSA,2024,621491,HMO Medical Centers,2,2,0.0,2.43116424935,0.0,0.0,12.8875641802,0.0,0.15870535603,0.0
2,1,    621 - Ambulatory Care,,,00,000,31140,Louisville/Jefferson County MSA,2024,621492,Kidney Dialysis Centers,2,2,21.8398912633,119.839830969,0.508206426482,25.4941999715,574.789083529,1.25802694169,0.238412442714,10.9956484452
2,1,    621 - Ambulatory Care,,,00,000,31140,Louisville/Jefferson County MSA,2024,621493,Freestanding Ambulatory Surgical and Emergency Centers,2,2,56.0647102172,299.051824323,1.17210769435,65.6937381055,1387.21692618,2.90146480095,0.246637411089,29.2661170795
2,1,    621 - Ambulatory Care,,,00,000,31140,Louisville/Jefferson County MSA,2024,621498,All Other Outpatient Care Centers,2,2,36.5356655839,199.342695088,0.77665241999,42.3670604059,899.801968627,1.92254489075,0.249753571853,18.5953023543
2,1,    621 - Ambulatory Care,,,00,000,31140,Louisville/Jefferson County MSA,2024,621511,Medical Laboratories,2,2,12.94059693,99.8009601388,0.892329992044,24.054418774,649.314127986,1.81726626441,0.191134193157,13.9267165554
2,1,    621 - Ambulatory Care,,,00,000,31140,Louisville/Jefferson County MSA,2024,621512,Diagnostic Imaging Centers,2,2,6.80270114137,47.6631418165,0.0,12.1889349272,303.97357714,0.883515316293,0.196339082541,6.72423712205
2,1,    621 - Ambulatory Care,,,00,000,31140,Louisville/Jefferson County MSA,2024,621610,Home Health Care Services,2,2,61.1958633383,427.628581955,3.0322551237,82.4372066938,2574.51475294,6.22369802327,0.194925209093,42.8255080742
2,1,    621 - Ambulatory Care,,,00,000,31140,Louisville/Jefferson County MSA,2024,621910,Ambulance Services,2,2,5.40337075873,42.186138611,0.0,14.2182900795,269.003849989,0.0,0.204126777306,7.18671803834
2,1,    621 - Ambulatory Care,,,00,000,31140,Louisville/Jefferson County MSA,2024,621991,Blood and Organ Banks,2,2,7.42298401907,68.0441942135,0.0,20.6183240084,375.030313466,0.0,0.221155733913,10.4057538746
2,1,    621 - Ambulatory Care,,,00,000,31140,Louisville/Jefferson County MSA,2024,621999,All Other Miscellaneous Ambulatory Health Care Services,2,2,9.04744334773,83.0338454478,0.0,25.2462321018,473.144544152,0.0,0.215608630668,12.7275144605
2,1,    621 - Ambulatory Care,,,00,000,33140,Michigan City-La Porte MSA,2020,621111,Offices of Physicians (except Mental Health Specialists),2,2,53.8194026698,80.0470230647,0.0,69.5291700627,686.150446691,1.56079613929,0.236627917666,7.73458165779
2,1,    621 - Ambulatory Care,,,00,000,33140,Michigan City-La Porte MSA,2020,621112,"Offices of Physicians, Mental Health Specialists",2,2,0.868963868953,1.29243297788,0.0,1.04535512807,11.0341465765,0.0,0.22517904775,0.0
2,1,    621 - Ambulatory Care,,,00,000,33140,Michigan City-La Porte MSA,2020,621210,Offices of Dentists,2,2,0.0,3.58151115559,0.0,11.4364213096,196.353132707,0.0,0.0859455177004,3.44450272814
2,1,    621 - Ambulatory Care,,,00,000,33140,Michigan City-La Porte MSA,2020,621310,Offices of Chiropractors,2,2,1.22973486692,1.53485923888,0.0,2.09607355682,37.7510046163,0.0,0.12677408995,0.619986541362
2,1,    621 - Ambulatory Care,,,00,000,33140,Michigan City-La Porte MSA,2020,621320,Offices of Optometrists,2,2,1.27492821793,1.59126605811,0.0,2.17310527361,39.1113193038,0.0,0.126850655216,0.642771346558
2,1,    621 - Ambulatory Care,,,00,000,33140,Michigan City-La Porte MSA,2020,621330,Offices of Mental Health Practitioners (except Physicians),2,2,1.46283741423,1.82579967488,0.0,2.49339504341,44.9016749442,0.0,0.126786974396,0.737508168158
2,1,    621 - Ambulatory Care,,,00,000,33140,Michigan City-La Porte MSA,2020,621340,"Offices of Physical, Occupational and Speech Therapists, and Audiologists",2,2,1.83865580683,2.29486690843,0.0,3.13397458302,56.4455052441,0.0,0.126771056515,0.92698181136
2,1,    621 - Ambulatory Care,,,00,000,33140,Michigan City-La Porte MSA,2020,621391,Offices of Podiatrists,2,2,0.0,0.0,0.0,0.0,5.9114812386,0.0,0.0,0.0
2,1,    621 - Ambulatory Care,,,00,000,33140,Michigan City-La Porte MSA,2020,621399,Offices of All Other Miscellaneous Health Practitioners,2,2,0.0,0.0,0.0,0.0,4.67185208569,0.0,0.0,0.0
2,1,    621 - Ambulatory Care,,,00,000,33140,Michigan City-La Porte MSA,2020,621410,Family Planning Centers,2,2,0.0,3.0368779261,0.0,1.01753826092,10.6257075934,0.0,0.276184060003,0.0
2,1,    621 - Ambulatory Care,,,00,000,33140,Michigan City-La Porte MSA,2020,621420,Outpatient Mental Health and Substance Abuse Centers,2,2,2.18834693131,28.0494794987,0.0,11.0800332642,98.5683795144,0.0,0.300087089261,0.943252578075
2,1,    621 - Ambulatory Care,,,00,000,33140,Michigan City-La Porte MSA,2020,621491,HMO Medical Centers,2,2,0.0,0.0,0.0,0.0,0.0,0.0,0.0,0.0
2,1,    621 - Ambulatory Care,,,00,000,33140,Michigan City-La Porte MSA,2020,621492,Kidney Dialysis Centers,2,2,0.919265006076,11.7828231771,0.0,4.65442051268,41.4614359173,0.0,0.295088664013,0.0
2,1,    621 - Ambulatory Care,,,00,000,33140,Michigan City-La Porte MSA,2020,621493,Freestanding Ambulatory Surgical and Emergency Centers,2,2,0.970381474866,12.4380165209,0.0,4.91323330257,43.7107926631,0.0,0.295355720901,0.0
2,1,    621 - Ambulatory Care,,,00,000,33140,Michigan City-La Porte MSA,2020,621498,All Other Outpatient Care Centers,2,2,0.955759852198,12.2506015826,0.0,4.83920113554,43.0606701823,0.0,0.295314598158,0.0
2,1,    621 - Ambulatory Care,,,00,000,33140,Michigan City-La Porte MSA,2020,621511,Medical Laboratories,2,2,1.77420391308,2.98958692122,0.0,2.0448139148,31.1155575303,0.0,0.179532106706,0.0
2,1,    621 - Ambulatory Care,,,00,000,33140,Michigan City-La Porte MSA,2020,621512,Diagnostic Imaging Centers,2,2,0.0,0.0,0.0,0.0,0.0,0.0,0.0,0.0
2,1,    621 - Ambulatory Care,,,00,000,33140,Michigan City-La Porte MSA,2020,621610,Home Health Care Services,2,2,4.43534849657,30.2781065312,0.0,21.2284298117,177.037399961,0.671919519501,0.256158757674,4.35307654955
2,1,    621 - Ambulatory Care,,,00,000,33140,Michigan City-La Porte MSA,2020,621910,Ambulance Services,2,2,0.0,0.0,0.0,0.0,0.0,0.0,0.0,0.0
2,1,    621 - Ambulatory Care,,,00,000,33140,Michigan City-La Porte MSA,2020,621991,Blood and Organ Banks,2,2,0.0,0.0,0.0,0.0,0.0,0.0,0.0,0.0
2,1,    621 - Ambulatory Care,,,00,000,33140,Michigan City-La Porte MSA,2020,621999,All Other Miscellaneous Ambulatory Health Care Services,2,2,0.0,0.0,0.0,0.0,0.0,0.0,0.0,0.0
2,1,    621 - Ambulatory Care,,,00,000,33140,Michigan City-La Porte MSA,2021,621111,Offices of Physicians (except Mental Health Specialists),2,2,54.1063624076,67.4106931587,0.0,70.5083348976,699.475627907,2.42009328927,0.221223275546,4.25111915165
2,1,    621 - Ambulatory Care,,,00,000,33140,Michigan City-La Porte MSA,2021,621112,"Offices of Physicians, Mental Health Specialists",2,2,0.831777561436,1.03630514925,0.0,1.00841051234,10.7068401103,0.0,0.211766372247,0.0
2,1,    621 - Ambulatory Care,,,00,000,33140,Michigan City-La Porte MSA,2021,621210,Offices of Dentists,2,2,2.3537823492,3.18054052063,0.0,13.5501081615,198.392428747,0.0,0.0974427673689,2.33460654675
2,1,    621 - Ambulatory Care,,,00,000,33140,Michigan City-La Porte MSA,2021,621310,Offices of Chiropractors,2,2,1.20039374536,1.61405608457,0.0,1.78736254497,34.0512824131,0.0,0.119054176649,0.0
2,1,    621 - Ambulatory Care,,,00,000,33140,Michigan City-La Porte MSA,2021,621320,Offices of Optometrists,2,2,1.64245727509,2.20845715729,0.0,2.44558639743,46.5521456177,0.0,0.12857032047,0.571780594669
2,1,    621 - Ambulatory Care,,,00,000,33140,Michigan City-La Porte MSA,2021,621330,Offices of Mental Health Practitioners (except Physicians),2,2,1.77868612576,2.3916312251,0.0,2.64842846169,50.4415007783,0.0,0.128507628335,0.61920527623
2,1,    621 - Ambulatory Care,,,00,000,33140,Michigan City-La Porte MSA,2021,621340,"Offices of Physical, Occupational and Speech Therapists, and Audiologists",2,2,2.0511438271,2.75797936074,0.0,3.05411259022,58.1774509271,0.0,0.128489606051,0.714054639352
2,1,    621 - Ambulatory Care,,,00,000,33140,Michigan City-La Porte MSA,2021,621391,Offices of Podiatrists,2,2,0.0,0.0,0.0,0.0,9.60398101792,0.0,0.0,0.0
2,1,    621 - Ambulatory Care,,,00,000,33140,Michigan City-La Porte MSA,2021,621399,Offices of All Other Miscellaneous Health Practitioners,2,2,0.0,0.0,0.0,0.0,5.81268563776,0.0,0.0,0.0
2,1,    621 - Ambulatory Care,,,00,000,33140,Michigan City-La Porte MSA,2021,621410,Family Planning Centers,2,2,0.0,1.26667852578,0.0,0.0,4.02840908454,0.0,0.239217670981,0.0
2,1,    621 - Ambulatory Care,,,00,000,33140,Michigan City-La Porte MSA,2021,621420,Outpatient Mental Health and Substance Abuse Centers,2,2,1.84374008385,28.3552401043,0.702833295763,10.4991546598,90.6130049883,0.0,0.331877477711,3.60936235727
2,1,    621 - Ambulatory Care,,,00,000,33140,Michigan City-La Porte MSA,2021,621491,HMO Medical Centers,2,2,0.0,0.0,0.0,0.0,0.0,0.0,0.0,0.0
2,1,    621 - Ambulatory Care,,,00,000,33140,Michigan City-La Porte MSA,2021,621492,Kidney Dialysis Centers,2,2,0.8031532077,12.3518505913,0.0,4.5735458143,39.5321127187,0.0,0.328061577985,1.57227744864
2,1,    621 - Ambulatory Care,,,00,000,33140,Michigan City-La Porte MSA,2021,621493,Freestanding Ambulatory Surgical and Emergency Centers,2,2,0.771566354947,11.8660701921,0.0,4.39367487958,37.9281693379,0.0,0.328347420265,1.51044205313
2,1,    621 - Ambulatory Care,,,00,000,33140,Michigan City-La Porte MSA,2021,621498,All Other Outpatient Care Centers,2,2,0.762992388495,11.7342094816,0.0,4.34485053573,37.5031738539,0.0,0.328368129859,1.49365739241
2,1,    621 - Ambulatory Care,,,00,000,33140,Michigan City-La Porte MSA,2021,621511,Medical Laboratories,2,2,2.2651482963,5.47429276109,0.0,4.28614661168,47.1398175194,0.0,0.203253702578,0.0
2,1,    621 - Ambulatory Care,,,00,000,33140,Michigan City-La Porte MSA,2021,621512,Diagnostic Imaging Centers,2,2,0.0,0.0,0.0,0.0,0.0,0.0,0.0,0.0
2,1,    621 - Ambulatory Care,,,00,000,33140,Michigan City-La Porte MSA,2021,621610,Home Health Care Services,2,2,5.00623439729,38.3873452906,0.0,22.3756841072,173.218155271,0.860497583097,0.286307384763,2.8590296927
2,1,    621 - Ambulatory Care,,,00,000,33140,Michigan City-La Porte MSA,2021,621910,Ambulance Services,2,2,0.0,0.0,0.0,0.0,0.0,0.0,0.0,0.0
2,1,    621 - Ambulatory Care,,,00,000,33140,Michigan City-La Porte MSA,2021,621991,Blood and Organ Banks,2,2,0.0,0.0,0.0,0.0,0.0,0.0,0.0,0.0
2,1,    621 - Ambulatory Care,,,00,000,33140,Michigan City-La Porte MSA,2021,621999,All Other Miscellaneous Ambulatory Health Care Services,2,2,0.0,0.0,0.0,0.0,0.390721479877,0.0,0.0,0.0
2,1,    621 - Ambulatory Care,,,00,000,33140,Michigan City-La Porte MSA,2022,621111,Offices of Physicians (except Mental Health Specialists),2,2,49.6599404797,74.5267100864,0.0,68.8707342425,674.608120333,1.11012131191,0.229391371574,6.64685838306
2,1,    621 - Ambulatory Care,,,00,000,33140,Michigan City-La Porte MSA,2022,621112,"Offices of Physicians, Mental Health Specialists",2,2,0.728321288786,1.09302163907,0.0,0.902377263391,9.85961314209,0.0,0.216454584735,0.0
2,1,    621 - Ambulatory Care,,,00,000,33140,Michigan City-La Porte MSA,2022,621210,Offices of Dentists,2,2,0.0,4.15085963898,0.0,15.3569997507,201.172824254,0.0,0.101969224525,3.33482868392
2,1,    621 - Ambulatory Care,,,00,000,33140,Michigan City-La Porte MSA,2022,621310,Offices of Chiropractors,2,2,1.49198736385,1.57680533128,0.0,2.46745428353,36.858527626,0.0,0.145323555008,0.730934360361
2,1,    621 - Ambulatory Care,,,00,000,33140,Michigan City-La Porte MSA,2022,621320,Offices of Optometrists,2,2,1.75800061477,1.85794116553,0.0,2.907387993,43.4155162643,0.0,0.145365569536,0.861255990503
2,1,    621 - Ambulatory Care,,,00,000,33140,Michigan City-La Porte MSA,2022,621330,Offices of Mental Health Practitioners (except Physicians),2,2,2.06738559138,2.18491436407,0.0,3.41905002466,51.0731046975,0.0,0.145324145208,1.01282571252
2,1,    621 - Ambulatory Care,,,00,000,33140,Michigan City-La Porte MSA,2022,621340,"Offices of Physical, Occupational and Speech Therapists, and Audiologists",2,2,1.87365854995,1.98017413695,0.0,3.09866351886,46.287842286,0.0,0.145322511231,0.917917568826
2,1,    621 - Ambulatory Care,,,00,000,33140,Michigan City-La Porte MSA,2022,621391,Offices of Podiatrists,2,2,0.0,0.0,0.0,0.539033919455,8.02456010942,0.0,0.0629448240584,0.0
2,1,    621 - Ambulatory Care,,,00,000,33140,Michigan City-La Porte MSA,2022,621399,Offices of All Other Miscellaneous Health Practitioners,2,2,0.0,0.0,0.0,0.0,3.93640578383,0.0,0.0,0.0
2,1,    621 - Ambulatory Care,,,00,000,33140,Michigan City-La Porte MSA,2022,621410,Family Planning Centers,2,2,0.0,0.0,0.0,0.0,2.24505760507,0.0,0.0,0.0
2,1,    621 - Ambulatory Care,,,00,000,33140,Michigan City-La Porte MSA,2022,621420,Outpatient Mental Health and Substance Abuse Centers,2,2,1.98220080072,20.5377910651,0.827063400512,10.6695837038,83.7010701332,0.0,0.296472967875,1.25578631508
2,1,    621 - Ambulatory Care,,,00,000,33140,Michigan City-La Porte MSA,2022,621491,HMO Medical Centers,2,2,0.0,0.0,0.0,0.0,0.0,0.0,0.0,0.0
2,1,    621 - Ambulatory Care,,,00,000,33140,Michigan City-La Porte MSA,2022,621492,Kidney Dialysis Centers,2,2,1.01063625939,10.4713086235,0.0,5.02291787258,42.7437933704,0.0,0.286282183976,0.640269736344
2,1,    621 - Ambulatory Care,,,00,000,33140,Michigan City-La Porte MSA,2022,621493,Freestanding Ambulatory Surgical and Emergency Centers,2,2,0.831541573755,8.61568974117,0.0,4.13280742089,35.1054418402,0.0,0.28665292528,0.526807641466
2,1,    621 - Ambulatory Care,,,00,000,33140,Michigan City-La Porte MSA,2022,621498,All Other Outpatient Care Centers,2,2,0.962479035583,9.97234656053,0.0,4.7835738179,40.6427234884,0.0,0.286605350468,0.609760626167
2,1,    621 - Ambulatory Care,,,00,000,33140,Michigan City-La Porte MSA,2022,621511,Medical Laboratories,2,2,2.61492896487,9.44820561942,0.0,6.55581769662,51.0552174083,0.0,0.278056465871,1.04495860097
2,1,    621 - Ambulatory Care,,,00,000,33140,Michigan City-La Porte MSA,2022,621512,Diagnostic Imaging Centers,2,2,0.0,0.0,0.0,0.0,0.0,0.0,0.0,0.0
2,1,    621 - Ambulatory Care,,,00,000,33140,Michigan City-La Porte MSA,2022,621610,Home Health Care Services,2,2,6.86985538642,53.7952302833,0.0,31.9022147936,189.345436816,0.0,0.336218470518,3.33990746338
2,1,    621 - Ambulatory Care,,,00,000,33140,Michigan City-La Porte MSA,2022,621910,Ambulance Services,2,2,0.0,0.0,0.0,0.0,0.0,0.0,0.0,0.0
2,1,    621 - Ambulatory Care,,,00,000,33140,Michigan City-La Porte MSA,2022,621991,Blood and Organ Banks,2,2,0.0,0.0,0.0,0.0,0.0,0.0,0.0,0.0
2,1,    621 - Ambulatory Care,,,00,000,33140,Michigan City-La Porte MSA,2022,621999,All Other Miscellaneous Ambulatory Health Care Services,2,2,0.0,1.32348556107,0.0,0.687161408763,13.7222626054,0.0,0.127798800356,0.0
2,1,    621 - Ambulatory Care,,,00,000,33140,Michigan City-La Porte MSA,2023,621111,Offices of Physicians (except Mental Health Specialists),2,2,44.9514625728,75.508333259,0.0,72.9302173714,660.540131636,0.0,0.231994534928,6.14203130626
2,1,    621 - Ambulatory Care,,,00,000,33140,Michigan City-La Porte MSA,2023,621112,"Offices of Physicians, Mental Health Specialists",2,2,0.637814689853,1.07138503182,0.0,0.866853573831,9.34061337116,0.0,0.216172304518,0.0
2,1,    621 - Ambulatory Care,,,00,000,33140,Michigan City-La Porte MSA,2023,621210,Offices of Dentists,2,2,2.18322758,2.97604726554,0.0,16.7852622368,190.497508924,0.0,0.117351908887,3.38293661367
2,1,    621 - Ambulatory Care,,,00,000,33140,Michigan City-La Porte MSA,2023,621310,Offices of Chiropractors,2,2,1.63817512585,1.55430572917,0.0,2.25330757437,34.6444627402,0.0,0.154505143221,0.885116643055
2,1,    621 - Ambulatory Care,,,00,000,33140,Michigan City-La Porte MSA,2023,621320,Offices of Optometrists,2,2,1.91957944194,1.82130303234,0.0,2.64037881414,40.5576817316,0.0,0.154627446846,1.03716121978
2,1,    621 - Ambulatory Care,,,00,000,33140,Michigan City-La Porte MSA,2023,621330,Offices of Mental Health Practitioners (except Physicians),2,2,2.62644028356,2.49197482959,0.0,3.61266490451,55.4429708713,0.0,0.154744287639,1.41908271606
2,1,    621 - Ambulatory Care,,,00,000,33140,Michigan City-La Porte MSA,2023,621340,"Offices of Physical, Occupational and Speech Therapists, and Audiologists",2,2,3.51420389982,3.3342877503,0.0,4.83378250616,74.0909595447,0.0,0.154907202715,1.89874715453
2,1,    621 - Ambulatory Care,,,00,000,33140,Michigan City-La Porte MSA,2023,621391,Offices of Podiatrists,2,2,0.0,0.0,0.0,0.664408116126,10.148781409,0.0,0.0614442311013,0.0
2,1,    621 - Ambulatory Care,,,00,000,33140,Michigan City-La Porte MSA,2023,621399,Offices of All Other Miscellaneous Health Practitioners,2,2,0.0,0.0,0.0,0.707841275457,10.8122194816,0.0,0.0614442311013,0.0
2,1,    621 - Ambulatory Care,,,00,000,33140,Michigan City-La Porte MSA,2023,621410,Family Planning Centers,2,2,0.0,2.68017521941,0.0,1.32583213204,10.5666747027,0.0,0.274898425463,0.0
2,1,    621 - Ambulatory Care,,,00,000,33140,Michigan City-La Porte MSA,2023,621420,Outpatient Mental Health and Substance Abuse Centers,2,2,2.41289259685,17.52158034,0.620493679746,9.33447454505,69.4396365746,0.0,0.307594817193,0.958497081043
2,1,    621 - Ambulatory Care,,,00,000,33140,Michigan City-La Porte MSA,2023,621491,HMO Medical Centers,2,2,0.0,0.0,0.0,0.0,0.0,0.0,0.0,0.0
2,1,    621 - Ambulatory Care,,,00,000,33140,Michigan City-La Porte MSA,2023,621492,Kidney Dialysis Centers,2,2,1.50031254517,10.8947438562,0.0,5.38942430716,43.2527862143,0.0,0.298223189256,0.595983922815
2,1,    621 - Ambulatory Care,,,00,000,33140,Michigan City-La Porte MSA,2023,621493,Freestanding Ambulatory Surgical and Emergency Centers,2,2,0.846353927091,6.14592557867,0.0,3.04027346955,24.4566887386,0.0,0.290889346264,0.0
2,1,    621 - Ambulatory Care,,,00,000,33140,Michigan City-La Porte MSA,2023,621498,All Other Outpatient Care Centers,2,2,1.78130174571,12.9351889462,0.0,6.39879400969,51.2437473903,0.0,0.298671047271,0.707604029267
2,1,    621 - Ambulatory Care,,,00,000,33140,Michigan City-La Porte MSA,2023,621511,Medical Laboratories,2,2,1.28064078388,11.0489258645,0.0,9.73997152076,46.5979228794,0.0,0.339006665214,1.82935098742
2,1,    621 - Ambulatory Care,,,00,000,33140,Michigan City-La Porte MSA,2023,621512,Diagnostic Imaging Centers,2,2,0.0,0.0,0.0,0.0,0.0,0.0,0.0,0.0
2,1,    621 - Ambulatory Care,,,00,000,33140,Michigan City-La Porte MSA,2023,621610,Home Health Care Services,2,2,4.46349375574,46.4656190375,0.0,26.4670643471,162.951545804,0.0,0.327907785312,2.10642582087
2,1,    621 - Ambulatory Care,,,00,000,33140,Michigan City-La Porte MSA,2023,621910,Ambulance Services,2,2,0.0,0.0,0.0,0.0,0.59246833064,0.0,0.0,0.0
2,1,    621 - Ambulatory Care,,,00,000,33140,Michigan City-La Porte MSA,2023,621991,Blood and Organ Banks,2,2,0.0,0.0,0.0,0.0,0.0,0.0,0.0,0.0
2,1,    621 - Ambulatory Care,,,00,000,33140,Michigan City-La Porte MSA,2023,621999,All Other Miscellaneous Ambulatory Health Care Services,2,2,0.0,2.9287591994,0.0,0.0,22.5143860404,0.0,0.115109950904,0.0
2,1,    621 - Ambulatory Care,,,00,000,33140,Michigan City-La Porte MSA,2024,621111,Offices of Physicians (except Mental Health Specialists),2,2,40.6553837663,74.3380052934,0.0,84.8435878173,671.958879803,0.0,0.235731259975,7.42220447059
2,1,    621 - Ambulatory Care,,,00,000,33140,Michigan City-La Porte MSA,2024,621112,"Offices of Physicians, Mental Health Specialists",2,2,0.0,0.830769513222,0.0,0.792612331959,7.48538188113,0.0,0.178221973251,0.0
2,1,    621 - Ambulatory Care,,,00,000,33140,Michigan City-La Porte MSA,2024,621210,Offices of Dentists,2,2,2.26087857864,4.62613051408,0.0,16.6256486419,188.836733623,0.0,0.123616550357,3.12333773137
2,1,    621 - Ambulatory Care,,,00,000,33140,Michigan City-La Porte MSA,2024,621310,Offices of Chiropractors,2,2,1.76962146584,1.5759084014,0.0,2.64152247719,34.7133543932,0.0,0.162988884124,0.772584163912
2,1,    621 - Ambulatory Care,,,00,000,33140,Michigan City-La Porte MSA,2024,621320,Offices of Optometrists,2,2,1.99171970649,1.77369447607,0.0,2.97304958971,39.0257677699,0.0,0.163143798075,0.86954816829
2,1,    621 - Ambulatory Care,,,00,000,33140,Michigan City-La Porte MSA,2024,621330,Offices of Mental Health Practitioners (except Physicians),2,2,2.4036761206,2.1405557436,0.0,3.58797891132,47.0644143743,0.0,0.163240182476,1.04940075705
2,1,    621 - Ambulatory Care,,,00,000,33140,Michigan City-La Porte MSA,2024,621340,"Offices of Physical, Occupational and Speech Therapists, and Audiologists",2,2,4.35240907084,3.87596904392,0.0,6.49686196312,84.9598870609,0.0,0.163659705983,1.90018169869
2,1,    621 - Ambulatory Care,,,00,000,33140,Michigan City-La Porte MSA,2024,621391,Offices of Podiatrists,2,2,0.586454565377,0.522257835619,0.0,0.87540355166,11.4025289063,0.0,0.14821607457,0.0
2,1,    621 - Ambulatory Care,,,00,000,33140,Michigan City-La Porte MSA,2024,621399,Offices of All Other Miscellaneous Health Practitioners,2,2,0.89209676763,0.794442663646,0.0,1.33163713766,17.3451786049,0.0,0.14821607457,0.0
2,1,    621 - Ambulatory Care,,,00,000,33140,Michigan City-La Porte MSA,2024,621410,Family Planning Centers,2,2,0.0,1.89512842831,0.0,1.19158193618,8.51683807155,0.0,0.266014347379,0.0
2,1,    621 - Ambulatory Care,,,00,000,33140,Michigan City-La Porte MSA,2024,621420,Outpatient Mental Health and Substance Abuse Centers,2,2,2.33208689701,13.5481538164,0.503753784042,9.03405951663,61.2950611318,0.0,0.300592127006,0.925390937082
2,1,    621 - Ambulatory Care,,,00,000,33140,Michigan City-La Porte MSA,2024,621491,HMO Medical Centers,2,2,0.0,0.0,0.0,0.0,0.0,0.0,0.0,0.0
2,1,    621 - Ambulatory Care,,,00,000,33140,Michigan City-La Porte MSA,2024,621492,Kidney Dialysis Centers,2,2,1.60277604861,9.31125528283,0.0,5.85454971412,42.2091297486,0.0,0.291955942958,0.635994495514
2,1,    621 - Ambulatory Care,,,00,000,33140,Michigan City-La Porte MSA,2024,621493,Freestanding Ambulatory Surgical and Emergency Centers,2,2,0.511315873727,2.97046654431,0.0,1.86771208925,13.6636908831,0.0,0.281357089696,0.0
2,1,    621 - Ambulatory Care,,,00,000,33140,Michigan City-La Porte MSA,2024,621498,All Other Outpatient Care Centers,2,2,2.65703921093,15.4359496518,0.573946690653,10.2928627575,69.6979766044,0.0,0.301007902517,1.05433464268
2,1,    621 - Ambulatory Care,,,00,000,33140,Michigan City-La Porte MSA,2024,621511,Medical Laboratories,2,2,1.81912379379,9.77013961862,0.0,9.42434065498,35.2858531064,0.0,0.389960949913,1.54250081464
2,1,    621 - Ambulatory Care,,,00,000,33140,Michigan City-La Porte MSA,2024,621512,Diagnostic Imaging Centers,2,2,0.0,0.0,0.0,0.0,0.0,0.0,0.0,0.0
2,1,    621 - Ambulatory Care,,,00,000,33140,Michigan City-La Porte MSA,2024,621610,Home Health Care Services,2,2,3.42044064046,68.8207680194,0.0,33.9232022316,207.53853308,0.0,0.348529369345,4.86634114173
2,1,    621 - Ambulatory Care,,,00,000,33140,Michigan City-La Porte MSA,2024,621910,Ambulance Services,2,2,0.0,0.506857484323,0.0,0.0,2.64854329174,0.0,0.160631729626,0.0
2,1,    621 - Ambulatory Care,,,00,000,33140,Michigan City-La Porte MSA,2024,621991,Blood and Organ Banks,2,2,0.0,0.0,0.0,0.0,0.0,0.0,0.0,0.0
2,1,    621 - Ambulatory Care,,,00,000,33140,Michigan City-La Porte MSA,2024,621999,All Other Miscellaneous Ambulatory Health Care Services,2,2,0.0,2.86738567732,0.0,0.0,14.9832947829,0.0,0.160631729626,0.0
2,1,    621 - Ambulatory Care,,,00,000,34620,Muncie MSA,2020,621111,Offices of Physicians (except Mental Health Specialists),2,2,62.1388443573,52.0007296341,0.0,23.2827009608,1181.6692337,0.785386710434,0.110879393055,9.15453689847
2,1,    621 - Ambulatory Care,,,00,000,34620,Muncie MSA,2020,621112,"Offices of Physicians, Mental Health Specialists",2,2,0.0,0.0,0.0,0.0,1.72064113246,0.0,0.0,0.0
2,1,    621 - Ambulatory Care,,,00,000,34620,Muncie MSA,2020,621210,Offices of Dentists,2,2,2.42176989855,10.6268664763,0.0,4.60160963741,301.730167038,0.0,0.055264021496,0.0
2,1,    621 - Ambulatory Care,,,00,000,34620,Muncie MSA,2020,621310,Offices of Chiropractors,2,2,0.0,0.734625566015,0.0,0.0,15.4320411007,0.0,0.0454407566607,0.0
2,1,    621 - Ambulatory Care,,,00,000,34620,Muncie MSA,2020,621320,Offices of Optometrists,2,2,6.05556655943,8.87749838345,0.0,4.07398736375,187.137373236,0.0,0.102389657299,2.33955055864
2,1,    621 - Ambulatory Care,,,00,000,34620,Muncie MSA,2020,621330,Offices of Mental Health Practitioners (except Physicians),2,2,1.92544678494,2.82271700805,0.0,1.29537769826,59.5395105424,0.0,0.102332958205,0.743890775061
2,1,    621 - Ambulatory Care,,,00,000,34620,Muncie MSA,2020,621340,"Offices of Physical, Occupational and Speech Therapists, and Audiologists",2,2,3.11033711413,4.55977362839,0.0,2.09253320488,96.1940493815,0.0,0.102318786417,1.20166971356
2,1,    621 - Ambulatory Care,,,00,000,34620,Muncie MSA,2020,621391,Offices of Podiatrists,2,2,0.0,0.602263490127,0.0,0.0,12.6515538841,0.0,0.0454407566607,0.0
2,1,    621 - Ambulatory Care,,,00,000,34620,Muncie MSA,2020,621399,Offices of All Other Miscellaneous Health Practitioners,2,2,0.0,0.0,0.0,0.0,8.57951596783,0.0,0.0,0.0
2,1,    621 - Ambulatory Care,,,00,000,34620,Muncie MSA,2020,621410,Family Planning Centers,2,2,0.905541966628,5.52344958059,0.0,0.790893388385,53.8982676873,0.0,0.13602172752,1.26567044782
2,1,    621 - Ambulatory Care,,,00,000,34620,Muncie MSA,2020,621420,Outpatient Mental Health and Substance Abuse Centers,2,2,5.6232990499,34.2999109079,0.0,6.88592867208,334.371805267,0.0,0.140522068829,7.85965056174
2,1,    621 - Ambulatory Care,,,00,000,34620,Muncie MSA,2020,621491,HMO Medical Centers,2,2,0.0,0.0,0.0,0.0,0.0,0.0,0.0,0.0
2,1,    621 - Ambulatory Care,,,00,000,34620,Muncie MSA,2020,621492,Kidney Dialysis Centers,2,2,1.37320073441,8.37598399637,0.0,1.19934295901,81.7361029756,0.0,0.136018026942,1.91931423668
2,1,    621 - Ambulatory Care,,,00,000,34620,Muncie MSA,2020,621493,Freestanding Ambulatory Surgical and Emergency Centers,2,2,1.1181726444,6.82041302487,0.0,0.976603386837,66.4909050545,0.0,0.136133481403,1.56286304085
2,1,    621 - Ambulatory Care,,,00,000,34620,Muncie MSA,2020,621498,All Other Outpatient Care Centers,2,2,2.85694602239,17.4262462599,0.0,2.49523468083,169.910833744,0.0,0.136115703997,3.99313591727
2,1,    621 - Ambulatory Care,,,00,000,34620,Muncie MSA,2020,621511,Medical Laboratories,2,2,2.07975404463,4.96561284025,0.0,2.07377108526,30.7928442203,0.0,0.228481209643,0.0
2,1,    621 - Ambulatory Care,,,00,000,34620,Muncie MSA,2020,621512,Diagnostic Imaging Centers,2,2,1.90687773159,4.55285401332,0.0,1.9013920964,28.2497159593,0.0,0.228378367906,0.0
2,1,    621 - Ambulatory Care,,,00,000,34620,Muncie MSA,2020,621610,Home Health Care Services,2,2,2.66331077679,39.4581686244,0.0,3.58677796239,232.535564728,0.857762112756,0.185133944411,6.26502682716
2,1,    621 - Ambulatory Care,,,00,000,34620,Muncie MSA,2020,621910,Ambulance Services,2,2,1.15507585343,10.3995244622,1.54269287409,3.99965292337,137.480035367,0.0,0.12805030998,3.09270627885
2,1,    621 - Ambulatory Care,,,00,000,34620,Muncie MSA,2020,621991,Blood and Organ Banks,2,2,0.0,3.40846977269,0.505621391534,1.310896103,45.070442649,0.0,0.121589206869,1.01364210504
2,1,    621 - Ambulatory Care,,,00,000,34620,Muncie MSA,2020,621999,All Other Miscellaneous Ambulatory Health Care Services,2,2,0.0,0.0,0.0,0.0,2.56176238347,0.0,0.0,0.0
2,1,    621 - Ambulatory Care,,,00,000,34620,Muncie MSA,2021,621111,Offices of Physicians (except Mental Health Specialists),2,2,77.3843707715,61.4733430266,0.0,32.2498867356,1207.92474819,0.0,0.133332703452,14.7259631462
2,1,    621 - Ambulatory Care,,,00,000,34620,Muncie MSA,2021,621112,"Offices of Physicians, Mental Health Specialists",2,2,0.0,0.0,0.0,0.0,1.58799206258,0.0,0.0,0.0
2,1,    621 - Ambulatory Care,,,00,000,34620,Muncie MSA,2021,621210,Offices of Dentists,2,2,3.29600739425,11.6306890278,0.0,4.86001487737,342.664319685,0.0,0.0593626026133,1.83846105261
2,1,    621 - Ambulatory Care,,,00,000,34620,Muncie MSA,2021,621310,Offices of Chiropractors,2,2,0.0,0.923031409508,0.0,0.573994441668,18.3363074822,0.0,0.0754802950172,0.0
2,1,    621 - Ambulatory Care,,,00,000,34620,Muncie MSA,2021,621320,Offices of Optometrists,2,2,4.57356031183,9.31087992425,0.0,5.79004491993,185.637248427,0.796056043438,0.11110460071,2.73258526494
2,1,    621 - Ambulatory Care,,,00,000,34620,Muncie MSA,2021,621330,Offices of Mental Health Practitioners (except Physicians),2,2,1.93900271695,3.94743268689,0.0,2.45474249066,78.745026336,0.0,0.10765158094,1.1585045111
2,1,    621 - Ambulatory Care,,,00,000,34620,Muncie MSA,2021,621340,"Offices of Physical, Occupational and Speech Therapists, and Audiologists",2,2,2.18528363077,4.44881276275,0.0,2.76652968852,88.7608696251,0.0,0.107636314965,1.30565105563
2,1,    621 - Ambulatory Care,,,00,000,34620,Muncie MSA,2021,621391,Offices of Podiatrists,2,2,0.0,0.818317762211,0.0,0.508877425176,16.3810232311,0.0,0.0749479792952,0.0
2,1,    621 - Ambulatory Care,,,00,000,34620,Muncie MSA,2021,621399,Offices of All Other Miscellaneous Health Practitioners,2,2,0.0,0.567129453782,0.0,0.0,11.2662038796,0.0,0.047926432714,0.0
2,1,    621 - Ambulatory Care,,,00,000,34620,Muncie MSA,2021,621410,Family Planning Centers,2,2,0.712973476778,4.45586834342,0.0,0.695160173593,43.2822278188,0.0,0.137571493786,1.04022333333
2,1,    621 - Ambulatory Care,,,00,000,34620,Muncie MSA,2021,621420,Outpatient Mental Health and Substance Abuse Centers,2,2,5.43635780505,33.9755901671,0.0,7.54332527167,329.586004336,0.0,0.142758783333,7.93160814722
2,1,    621 - Ambulatory Care,,,00,000,34620,Muncie MSA,2021,621491,HMO Medical Centers,2,2,0.0,0.0,0.0,0.0,0.0,0.0,0.0,0.0
2,1,    621 - Ambulatory Care,,,00,000,34620,Muncie MSA,2021,621492,Kidney Dialysis Centers,2,2,1.23412589587,7.7129131592,0.0,1.20329184738,74.9097249353,0.0,0.137587201832,1.80058108046
2,1,    621 - Ambulatory Care,,,00,000,34620,Muncie MSA,2021,621493,Freestanding Ambulatory Surgical and Emergency Centers,2,2,0.844135441041,5.27559090457,0.0,0.823045118567,51.1872317484,0.0,0.137704516676,1.23158772502
2,1,    621 - Ambulatory Care,,,00,000,34620,Muncie MSA,2021,621498,All Other Outpatient Care Centers,2,2,2.97000317103,18.56162051,0.0,2.89579905451,180.084086056,0.0,0.137713016098,4.33321392619
2,1,    621 - Ambulatory Care,,,00,000,34620,Muncie MSA,2021,621511,Medical Laboratories,2,2,1.64667433963,4.94861205077,0.0,1.89935411642,26.350402705,0.0,0.258280586935,0.681063076961
2,1,    621 - Ambulatory Care,,,00,000,34620,Muncie MSA,2021,621512,Diagnostic Imaging Centers,2,2,1.62989736036,4.89819360443,0.0,1.88000273413,26.1084498736,0.0,0.258085976312,0.674124132901
2,1,    621 - Ambulatory Care,,,00,000,34620,Muncie MSA,2021,621610,Home Health Care Services,2,2,3.3075203009,49.6150707701,0.0,5.66246045103,261.180812528,0.95026900728,0.208763641043,9.37589263305
2,1,    621 - Ambulatory Care,,,00,000,34620,Muncie MSA,2021,621910,Ambulance Services,2,2,1.25453836522,12.340328761,2.03145451544,7.75913703046,152.086948647,0.521468334587,0.145147167273,1.916219306
2,1,    621 - Ambulatory Care,,,00,000,34620,Muncie MSA,2021,621991,Blood and Organ Banks,2,2,0.0,3.87544960349,0.637973245997,2.43673771667,47.7748872706,0.0,0.136496962536,0.601783914629
2,1,    621 - Ambulatory Care,,,00,000,34620,Muncie MSA,2021,621999,All Other Miscellaneous Ambulatory Health Care Services,2,2,0.0,0.0,0.0,0.0,2.50429815514,0.0,0.0,0.0
2,1,    621 - Ambulatory Care,,,00,000,34620,Muncie MSA,2022,621111,Offices of Physicians (except Mental Health Specialists),2,2,81.1179681352,76.3921934241,0.0,40.852142371,1281.86263415,1.16723247797,0.144788128573,17.4909448161
2,1,    621 - Ambulatory Care,,,00,000,34620,Muncie MSA,2022,621112,"Offices of Physicians, Mental Health Specialists",2,2,0.0,0.0,0.0,0.0,0.856612219908,0.0,0.0,0.0
2,1,    621 - Ambulatory Care,,,00,000,34620,Muncie MSA,2022,621210,Offices of Dentists,2,2,4.3438342602,13.7548204863,0.0,7.43046052929,334.29911461,0.0,0.0768389057301,2.2961237996
2,1,    621 - Ambulatory Care,,,00,000,34620,Muncie MSA,2022,621310,Offices of Chiropractors,2,2,0.501178945313,1.20742107865,0.0,0.548511506765,19.2428884693,0.0,0.104981931662,0.0
2,1,    621 - Ambulatory Care,,,00,000,34620,Muncie MSA,2022,621320,Offices of Optometrists,2,2,4.2700301216,10.2871926754,0.0,4.67330217646,164.423231506,0.0,0.116673962839,2.48728837692
2,1,    621 - Ambulatory Care,,,00,000,34620,Muncie MSA,2022,621330,Offices of Mental Health Practitioners (except Physicians),2,2,4.58817419709,11.053653171,0.0,5.02149255406,176.729110701,0.0,0.116641704072,2.67260699028
2,1,    621 - Ambulatory Care,,,00,000,34620,Muncie MSA,2022,621340,"Offices of Physical, Occupational and Speech Therapists, and Audiologists",2,2,2.30366975142,5.54991274501,0.0,2.52123393901,88.7347596023,0.0,0.116640431618,1.34188538109
2,1,    621 - Ambulatory Care,,,00,000,34620,Muncie MSA,2022,621391,Offices of Podiatrists,2,2,0.0,1.02213371493,0.0,0.0,16.3884742018,0.0,0.0587075258843,0.0
2,1,    621 - Ambulatory Care,,,00,000,34620,Muncie MSA,2022,621399,Offices of All Other Miscellaneous Health Practitioners,2,2,0.0,0.719596491002,0.0,0.0,11.4683396406,0.0,0.0590417018297,0.0
2,1,    621 - Ambulatory Care,,,00,000,34620,Muncie MSA,2022,621410,Family Planning Centers,2,2,0.774101282845,5.04566631629,0.0,0.732038384233,49.4626885938,0.0,0.132277320548,0.988381762322
2,1,    621 - Ambulatory Care,,,00,000,34620,Muncie MSA,2022,621420,Outpatient Mental Health and Substance Abuse Centers,2,2,4.93827377902,32.1881415515,0.0,7.21847602643,315.112695549,0.0,0.138478089093,6.30524693435
2,1,    621 - Ambulatory Care,,,00,000,34620,Muncie MSA,2022,621491,HMO Medical Centers,2,2,0.0,0.0,0.0,0.0,0.0,0.0,0.0,0.0
2,1,    621 - Ambulatory Care,,,00,000,34620,Muncie MSA,2022,621492,Kidney Dialysis Centers,2,2,1.06991647224,6.97381805828,0.0,1.01177965076,68.3643631404,0.0,0.132277329397,1.3660821288
2,1,    621 - Ambulatory Care,,,00,000,34620,Muncie MSA,2022,621493,Freestanding Ambulatory Surgical and Emergency Centers,2,2,0.971872569936,6.33475851097,0.0,0.919063230541,62.0091358101,0.0,0.132444859214,1.24089850348
2,1,    621 - Ambulatory Care,,,00,000,34620,Muncie MSA,2022,621498,All Other Outpatient Care Centers,2,2,2.80382599672,18.275606438,0.0,3.21095658575,178.929568519,0.0,0.134769626933,3.57995851616
2,1,    621 - Ambulatory Care,,,00,000,34620,Muncie MSA,2022,621511,Medical Laboratories,2,2,1.52358512499,4.24095380021,0.0,1.73886913364,22.3585725564,0.0,0.272831588659,0.88546689168
2,1,    621 - Ambulatory Care,,,00,000,34620,Muncie MSA,2022,621512,Diagnostic Imaging Centers,2,2,1.40725444209,3.91714317512,0.0,1.60610081603,20.67232761,0.0,0.272630907374,0.817858612694
2,1,    621 - Ambulatory Care,,,00,000,34620,Muncie MSA,2022,621610,Home Health Care Services,2,2,4.23300927693,40.9752917516,0.0,7.3240786707,248.831406935,0.0,0.194432618629,7.52583909948
2,1,    621 - Ambulatory Care,,,00,000,34620,Muncie MSA,2022,621910,Ambulance Services,2,2,1.5287037046,16.4681475536,1.43602124368,11.3977169551,140.429972039,0.0,0.190912657405,2.30533756823
2,1,    621 - Ambulatory Care,,,00,000,34620,Muncie MSA,2022,621991,Blood and Organ Banks,2,2,0.0,3.41815280919,0.0,2.36572681302,29.1566984463,0.0,0.165534743326,0.0
2,1,    621 - Ambulatory Care,,,00,000,34620,Muncie MSA,2022,621999,All Other Miscellaneous Ambulatory Health Care Services,2,2,0.0,0.586582214665,0.0,0.0,4.98520696339,0.0,0.10527717326,0.0
2,1,    621 - Ambulatory Care,,,00,000,34620,Muncie MSA,2023,621111,Offices of Physicians (except Mental Health Specialists),2,2,80.234949189,88.5350906602,0.0,48.4625504761,1397.61424389,0.603635371067,0.147119848256,23.2489901589
2,1,    621 - Ambulatory Care,,,00,000,34620,Muncie MSA,2023,621112,"Offices of Physicians, Mental Health Specialists",2,2,0.0,0.0,0.0,0.0,2.35745691008,0.0,0.0,0.0
2,1,    621 - Ambulatory Care,,,00,000,34620,Muncie MSA,2023,621210,Offices of Dentists,2,2,4.57036753009,12.8891617947,0.0,5.45054286713,323.406156647,0.0,0.0724881688499,2.36520657303
2,1,    621 - Ambulatory Care,,,00,000,34620,Muncie MSA,2023,621310,Offices of Chiropractors,2,2,0.543192398895,1.46050188305,0.0,0.658895715801,20.2540766689,0.0,0.116185745356,0.0
2,1,    621 - Ambulatory Care,,,00,000,34620,Muncie MSA,2023,621320,Offices of Optometrists,2,2,3.1931928332,8.58565796453,0.0,3.87336251723,119.534834723,0.0,0.130992127638,2.36617619013
2,1,    621 - Ambulatory Care,,,00,000,34620,Muncie MSA,2023,621330,Offices of Mental Health Practitioners (except Physicians),2,2,6.00452790252,16.144600562,0.0,7.28352922174,224.518199519,0.559768451551,0.133000528883,4.44939334956
2,1,    621 - Ambulatory Care,,,00,000,34620,Muncie MSA,2023,621340,"Offices of Physical, Occupational and Speech Therapists, and Audiologists",2,2,3.38536674839,9.10236321589,0.0,4.10647065657,126.576348434,0.0,0.131129141511,2.50857828303
2,1,    621 - Ambulatory Care,,,00,000,34620,Muncie MSA,2023,621391,Offices of Podiatrists,2,2,0.0,1.36252502699,0.0,0.614694108492,19.0973415194,0.0,0.0938201829143,0.0
2,1,    621 - Ambulatory Care,,,00,000,34620,Muncie MSA,2023,621399,Offices of All Other Miscellaneous Health Practitioners,2,2,0.0,0.899748043466,0.0,0.0,12.4776051757,0.0,0.0672590480887,0.0
2,1,    621 - Ambulatory Care,,,00,000,34620,Muncie MSA,2023,621410,Family Planning Centers,2,2,0.0,0.0,0.0,0.0,0.288935082455,0.0,0.0,0.0
2,1,    621 - Ambulatory Care,,,00,000,34620,Muncie MSA,2023,621420,Outpatient Mental Health and Substance Abuse Centers,2,2,7.20977386558,43.9632915469,0.0,10.4061756891,361.680334252,0.767998456988,0.158692934454,5.87531071733
2,1,    621 - Ambulatory Care,,,00,000,34620,Muncie MSA,2023,621491,HMO Medical Centers,2,2,0.0,0.0,0.0,0.0,0.0,0.0,0.0,0.0
2,1,    621 - Ambulatory Care,,,00,000,34620,Muncie MSA,2023,621492,Kidney Dialysis Centers,2,2,1.30325499495,7.94690379633,0.0,1.13096415309,65.5689748339,0.0,0.148589021518,1.06203442466
2,1,    621 - Ambulatory Care,,,00,000,34620,Muncie MSA,2023,621493,Freestanding Ambulatory Surgical and Emergency Centers,2,2,1.75854290496,10.72312889,0.0,1.52606281571,88.2711311174,0.0,0.148881512879,1.43305270998
2,1,    621 - Ambulatory Care,,,00,000,34620,Muncie MSA,2023,621498,All Other Outpatient Care Centers,2,2,4.3024649254,26.2352916211,0.0,5.3850001708,215.869466505,0.0,0.154442346045,3.50611805008
2,1,    621 - Ambulatory Care,,,00,000,34620,Muncie MSA,2023,621511,Medical Laboratories,2,2,1.56341698626,4.87144277596,0.0,1.69127061585,23.2188383062,0.0,0.27538186933,0.697892684281
2,1,    621 - Ambulatory Care,,,00,000,34620,Muncie MSA,2023,621512,Diagnostic Imaging Centers,2,2,0.751953145978,2.34300685807,0.0,0.813446618184,11.278321732,0.0,0.257356721676,0.0
2,1,    621 - Ambulatory Care,,,00,000,34620,Muncie MSA,2023,621610,Home Health Care Services,2,2,3.79693058993,30.7445622727,0.0,7.03767212225,227.295924489,0.0,0.174157198513,6.35395421318
2,1,    621 - Ambulatory Care,,,00,000,34620,Muncie MSA,2023,621910,Ambulance Services,2,2,1.42839903346,19.936710614,0.0,10.3746891826,126.337576213,0.0,0.218763745653,3.63756779279
2,1,    621 - Ambulatory Care,,,00,000,34620,Muncie MSA,2023,621991,Blood and Organ Banks,2,2,0.0,5.06997862178,0.0,2.49047719468,32.2189895461,0.0,0.208465999427,0.925046829529
2,1,    621 - Ambulatory Care,,,00,000,34620,Muncie MSA,2023,621999,All Other Miscellaneous Ambulatory Health Care Services,2,2,0.0,0.0,0.0,0.0,2.51211862996,0.0,0.0,0.0
2,1,    621 - Ambulatory Care,,,00,000,34620,Muncie MSA,2024,621111,Offices of Physicians (except Mental Health Specialists),2,2,81.0614438911,87.5349315619,0.0,52.7929415579,1439.79817916,0.0,0.146573520784,25.891841328
2,1,    621 - Ambulatory Care,,,00,000,34620,Muncie MSA,2024,621112,"Offices of Physicians, Mental Health Specialists",2,2,0.0,0.0,0.0,0.0,0.0,0.0,0.0,0.0
2,1,    621 - Ambulatory Care,,,00,000,34620,Muncie MSA,2024,621210,Offices of Dentists,2,2,4.16584134004,11.3844601329,0.0,5.32869173677,336.663051332,0.0,0.0676158053424,3.53555979892
2,1,    621 - Ambulatory Care,,,00,000,34620,Muncie MSA,2024,621310,Offices of Chiropractors,2,2,0.0,1.46338990952,0.0,0.622154402755,17.9144556877,0.0,0.104277215614,0.0
2,1,    621 - Ambulatory Care,,,00,000,34620,Muncie MSA,2024,621320,Offices of Optometrists,2,2,2.30197038179,8.08545042521,0.0,3.43749710694,99.4441737991,0.0,0.13874377365,2.19500684051
2,1,    621 - Ambulatory Care,,,00,000,34620,Muncie MSA,2024,621330,Offices of Mental Health Practitioners (except Physicians),2,2,4.36496907307,15.3315356823,0.0,6.5181414493,188.359680997,0.5216904143,0.140922838028,4.16214606834
2,1,    621 - Ambulatory Care,,,00,000,34620,Muncie MSA,2024,621340,"Offices of Physical, Occupational and Speech Therapists, and Audiologists",2,2,4.25014525834,14.9282280337,0.0,6.34667680576,183.143705884,0.507966953153,0.141095352959,4.05265766624
2,1,    621 - Ambulatory Care,,,00,000,34620,Muncie MSA,2024,621391,Offices of Podiatrists,2,2,0.0,1.52957840761,0.0,0.650294179606,19.0101017362,0.0,0.102872828156,0.0
2,1,    621 - Ambulatory Care,,,00,000,34620,Muncie MSA,2024,621399,Offices of All Other Miscellaneous Health Practitioners,2,2,0.0,1.43988361863,0.0,0.612160796628,17.6266975149,0.0,0.104277215614,0.0
2,1,    621 - Ambulatory Care,,,00,000,34620,Muncie MSA,2024,621410,Family Planning Centers,2,2,0.0,0.0,0.0,0.0,0.356332865809,0.0,0.0,0.0
2,1,    621 - Ambulatory Care,,,00,000,34620,Muncie MSA,2024,621420,Outpatient Mental Health and Substance Abuse Centers,2,2,7.1739533518,37.6840591497,0.0,9.03744870668,287.617461181,0.681238469342,0.171547404843,4.98015287109
2,1,    621 - Ambulatory Care,,,00,000,34620,Muncie MSA,2024,621491,HMO Medical Centers,2,2,0.0,0.0,0.0,0.0,0.0,0.0,0.0,0.0
2,1,    621 - Ambulatory Care,,,00,000,34620,Muncie MSA,2024,621492,Kidney Dialysis Centers,2,2,1.49715651896,7.86441339244,0.0,1.08091696997,60.2458028947,0.0,0.160075193238,1.0393248981
2,1,    621 - Ambulatory Care,,,00,000,34620,Muncie MSA,2024,621493,Freestanding Ambulatory Surgical and Emergency Centers,2,2,6.2118906923,32.6304402608,0.0,7.82548209476,248.669742021,0.589881018097,0.171762692777,4.31228971657
2,1,    621 - Ambulatory Care,,,00,000,34620,Muncie MSA,2024,621498,All Other Outpatient Care Centers,2,2,0.0,2.36147871408,0.0,0.0,18.5356822867,0.0,0.113004762416,0.0
2,1,    621 - Ambulatory Care,,,00,000,34620,Muncie MSA,2024,621511,Medical Laboratories,2,2,1.4901652532,5.3329509815,0.0,1.33948470554,24.2999149225,0.0,0.269557619336,0.804878754196
2,1,    621 - Ambulatory Care,,,00,000,34620,Muncie MSA,2024,621512,Diagnostic Imaging Centers,2,2,0.556743261443,1.99245319683,0.0,0.0,9.26623754356,0.0,0.215751402605,0.0
2,1,    621 - Ambulatory Care,,,00,000,34620,Muncie MSA,2024,621610,Home Health Care Services,2,2,5.43380535447,81.8613219007,0.0,16.9086644241,483.577311859,1.88587678148,0.197826443676,13.1667930534
2,1,    621 - Ambulatory Care,,,00,000,34620,Muncie MSA,2024,621910,Ambulance Services,2,2,1.50269294671,19.7324462166,0.0,7.63684516382,125.237900458,0.691439478102,0.210008662685,3.729402015
2,1,    621 - Ambulatory Care,,,00,000,34620,Muncie MSA,2024,621991,Blood and Organ Banks,2,2,0.0,2.99199854226,0.0,1.03416120186,19.2134251943,0.0,0.19288509735,0.565483127126
2,1,    621 - Ambulatory Care,,,00,000,34620,Muncie MSA,2024,621999,All Other Miscellaneous Ambulatory Health Care Services,2,2,0.0,1.52281116659,0.0,0.526347925644,9.62879615743,0.0,0.175472422049,0.0
2,1,    621 - Ambulatory Care,,,00,000,43780,South Bend-Mishawaka MSA,2020,621111,Offices of Physicians (except Mental Health Specialists),2,2,120.394046077,230.406177966,2.79053652254,189.671112061,2378.20817275,3.14338913837,0.198456292384,42.4214884138
2,1,    621 - Ambulatory Care,,,00,000,43780,South Bend-Mishawaka MSA,2020,621112,"Offices of Physicians, Mental Health Specialists",2,2,2.35676599387,4.51594707104,0.0,3.3361945693,46.7407079567,0.0,0.190218514865,0.770533380975
2,1,    621 - Ambulatory Care,,,00,000,43780,South Bend-Mishawaka MSA,2020,621210,Offices of Dentists,2,2,20.9719096838,38.540465111,0.0,75.4960262123,895.584296532,2.76698381007,0.144687779293,13.7249678002
2,1,    621 - Ambulatory Care,,,00,000,43780,South Bend-Mishawaka MSA,2020,621310,Offices of Chiropractors,2,2,3.49786159414,12.616187518,0.0,5.33574098028,109.63131373,0.0,0.168620596165,0.78566269144
2,1,    621 - Ambulatory Care,,,00,000,43780,South Bend-Mishawaka MSA,2020,621320,Offices of Optometrists,2,2,4.23340578201,15.2691693906,0.0,6.45776172364,104.857801648,0.0,0.204230199007,0.950874953492
2,1,    621 - Ambulatory Care,,,00,000,43780,South Bend-Mishawaka MSA,2020,621330,Offices of Mental Health Practitioners (except Physicians),2,2,3.26939445114,11.7921456741,0.0,4.49615144909,82.0101057486,0.0,0.198353984058,0.734346164001
2,1,    621 - Ambulatory Care,,,00,000,43780,South Bend-Mishawaka MSA,2020,621340,"Offices of Physical, Occupational and Speech Therapists, and Audiologists",2,2,10.1018095495,36.4354964078,0.0,17.0257353524,250.408688139,1.12898618385,0.210987428018,2.26899054336
2,1,    621 - Ambulatory Care,,,00,000,43780,South Bend-Mishawaka MSA,2020,621391,Offices of Podiatrists,2,2,0.0,1.83372910508,0.0,0.69917078714,12.5504334411,0.0,0.167927064678,0.0
2,1,    621 - Ambulatory Care,,,00,000,43780,South Bend-Mishawaka MSA,2020,621399,Offices of All Other Miscellaneous Health Practitioners,2,2,1.52982685294,5.51782336933,0.0,2.10385541558,38.2453606385,0.0,0.193082504326,0.0
2,1,    621 - Ambulatory Care,,,00,000,43780,South Bend-Mishawaka MSA,2020,621410,Family Planning Centers,2,2,0.0,2.211831643,0.0,0.711282863883,10.5174111266,0.0,0.21748513314,0.0
2,1,    621 - Ambulatory Care,,,00,000,43780,South Bend-Mishawaka MSA,2020,621420,Outpatient Mental Health and Substance Abuse Centers,2,2,7.59597230301,68.1710102049,0.0,25.4070171665,325.431350877,0.777994753777,0.24527190379,3.80684426262
2,1,    621 - Ambulatory Care,,,00,000,43780,South Bend-Mishawaka MSA,2020,621491,HMO Medical Centers,2,2,0.0,0.0,0.0,0.0,0.0,0.0,0.0,0.0
2,1,    621 - Ambulatory Care,,,00,000,43780,South Bend-Mishawaka MSA,2020,621492,Kidney Dialysis Centers,2,2,1.77803048525,15.9571585466,0.0,5.6391473038,76.2727233074,0.0,0.241355400336,0.891088708797
2,1,    621 - Ambulatory Care,,,00,000,43780,South Bend-Mishawaka MSA,2020,621493,Freestanding Ambulatory Surgical and Emergency Centers,2,2,3.96048856474,35.5439034784,0.0,13.2470468478,169.696778543,0.0,0.243886960271,1.98486284157
2,1,    621 - Ambulatory Care,,,00,000,43780,South Bend-Mishawaka MSA,2020,621498,All Other Outpatient Care Centers,2,2,0.0,4.40209691671,0.0,1.4156303948,21.0176203614,0.0,0.216793439102,0.0
2,1,    621 - Ambulatory Care,,,00,000,43780,South Bend-Mishawaka MSA,2020,621511,Medical Laboratories,2,2,22.3904689105,53.1298363663,0.0,18.1620843984,392.717565216,1.7325987406,0.20704306834,7.12456505412
2,1,    621 - Ambulatory Care,,,00,000,43780,South Bend-Mishawaka MSA,2020,621512,Diagnostic Imaging Centers,2,2,3.68213642764,8.73725810126,0.0,2.4650343994,64.6178932616,0.0,0.199024199823,1.17164230109
2,1,    621 - Ambulatory Care,,,00,000,43780,South Bend-Mishawaka MSA,2020,621610,Home Health Care Services,2,2,28.6557210763,229.922821137,0.868134233506,39.5764506986,674.802522878,2.88381709196,0.316132681402,10.0353363379
2,1,    621 - Ambulatory Care,,,00,000,43780,South Bend-Mishawaka MSA,2020,621910,Ambulance Services,2,2,0.0,3.61960824901,0.0,1.3396288648,10.332089291,0.0,0.324317000534,0.0
2,1,    621 - Ambulatory Care,,,00,000,43780,South Bend-Mishawaka MSA,2020,621991,Blood and Organ Banks,2,2,2.91459054171,28.1443389855,0.0,12.7872683081,80.7919800391,0.0,0.368177240722,3.23309433405
2,1,    621 - Ambulatory Care,,,00,000,43780,South Bend-Mishawaka MSA,2020,621999,All Other Miscellaneous Ambulatory Health Care Services,2,2,0.0,1.0918922252,0.0,0.0,3.11678148319,0.0,0.259438554959,0.0
2,1,    621 - Ambulatory Care,,,00,000,43780,South Bend-Mishawaka MSA,2021,621111,Offices of Physicians (except Mental Health Specialists),2,2,119.085332565,256.333358931,2.32324582166,205.700461523,2458.64566697,2.92647012646,0.20453089962,45.7977480287
2,1,    621 - Ambulatory Care,,,00,000,43780,South Bend-Mishawaka MSA,2021,621112,"Offices of Physicians, Mental Health Specialists",2,2,2.27858363827,4.79925622457,0.0,3.36483023906,46.0013413659,0.0,0.196406273401,0.800513773282
2,1,    621 - Ambulatory Care,,,00,000,43780,South Bend-Mishawaka MSA,2021,621210,Offices of Dentists,2,2,23.4924073615,51.4666205748,0.0,94.7607927705,949.333147421,1.76004741226,0.166837296747,18.6200672357
2,1,    621 - Ambulatory Care,,,00,000,43780,South Bend-Mishawaka MSA,2021,621310,Offices of Chiropractors,2,2,3.37208997859,11.9109968146,0.0,5.58098355669,116.318755408,0.0,0.157729988216,0.918678249848
2,1,    621 - Ambulatory Care,,,00,000,43780,South Bend-Mishawaka MSA,2021,621320,Offices of Optometrists,2,2,3.89858729866,13.7707063545,0.0,6.45236388896,104.783783084,0.0,0.193769686772,1.06211500261
2,1,    621 - Ambulatory Care,,,00,000,43780,South Bend-Mishawaka MSA,2021,621330,Offices of Mental Health Practitioners (except Physicians),2,2,3.43226110088,12.1235350478,0.0,5.68056988038,95.2172189122,0.0,0.188872058111,0.935071021592
2,1,    621 - Ambulatory Care,,,00,000,43780,South Bend-Mishawaka MSA,2021,621340,"Offices of Physical, Occupational and Speech Therapists, and Audiologists",2,2,12.339644874,43.5864617258,0.0,22.8431323675,331.90768565,0.677891586735,0.199675867243,3.36176182384
2,1,    621 - Ambulatory Care,,,00,000,43780,South Bend-Mishawaka MSA,2021,621391,Offices of Podiatrists,2,2,0.0,1.57369374487,0.0,0.662362279843,11.930610642,0.0,0.157839248803,0.0
2,1,    621 - Ambulatory Care,,,00,000,43780,South Bend-Mishawaka MSA,2021,621399,Offices of All Other Miscellaneous Health Practitioners,2,2,1.49908650591,5.29511807519,0.0,2.22869696964,43.0616196822,0.0,0.17323575867,0.0
2,1,    621 - Ambulatory Care,,,00,000,43780,South Bend-Mishawaka MSA,2021,621410,Family Planning Centers,2,2,0.0,2.33114643318,0.0,0.82531815628,11.337694934,0.0,0.217774930954,0.0
2,1,    621 - Ambulatory Care,,,00,000,43780,South Bend-Mishawaka MSA,2021,621420,Outpatient Mental Health and Substance Abuse Centers,2,2,7.07303511202,68.3800236458,0.0,27.4618518901,333.996847389,0.650181849235,0.244793755223,4.69717767116
2,1,    621 - Ambulatory Care,,,00,000,43780,South Bend-Mishawaka MSA,2021,621491,HMO Medical Centers,2,2,0.0,0.0,0.0,0.0,0.536676691658,0.0,0.0,0.0
2,1,    621 - Ambulatory Care,,,00,000,43780,South Bend-Mishawaka MSA,2021,621492,Kidney Dialysis Centers,2,2,1.63238538552,15.7814219063,0.0,5.58724833662,77.2123796297,0.0,0.237766162103,1.08406137707
2,1,    621 - Ambulatory Care,,,00,000,43780,South Bend-Mishawaka MSA,2021,621493,Freestanding Ambulatory Surgical and Emergency Centers,2,2,3.64496387555,35.2384389518,0.0,13.8113587214,172.202855862,0.0,0.242459086538,2.4206076539
2,1,    621 - Ambulatory Care,,,00,000,43780,South Bend-Mishawaka MSA,2021,621498,All Other Outpatient Care Centers,2,2,0.0,3.68576775176,0.0,1.30490774928,18.05280607,0.0,0.216576452896,0.0
2,1,    621 - Ambulatory Care,,,00,000,43780,South Bend-Mishawaka MSA,2021,621511,Medical Laboratories,2,2,15.3326801229,42.8240360806,0.0,12.6669206463,339.735540559,1.82210043764,0.189890590934,6.98866991239
2,1,    621 - Ambulatory Care,,,00,000,43780,South Bend-Mishawaka MSA,2021,621512,Diagnostic Imaging Centers,2,2,2.8950507639,8.08585044326,0.0,2.05612790152,64.2081087848,0.0,0.182735989196,1.3195706169
2,1,    621 - Ambulatory Care,,,00,000,43780,South Bend-Mishawaka MSA,2021,621610,Home Health Care Services,2,2,35.0617504592,234.740431462,1.12173528524,38.0709271056,727.200213863,3.09286321828,0.306683993912,9.58475351499
2,1,    621 - Ambulatory Care,,,00,000,43780,South Bend-Mishawaka MSA,2021,621910,Ambulance Services,2,2,0.0,3.68150989982,0.0,1.46719911379,10.9177526313,0.0,0.320463156568,0.0
2,1,    621 - Ambulatory Care,,,00,000,43780,South Bend-Mishawaka MSA,2021,621991,Blood and Organ Banks,2,2,1.26529325295,25.0794669093,0.0,11.7335816963,74.8192608042,0.0,0.347664793109,1.79689797705
2,1,    621 - Ambulatory Care,,,00,000,43780,South Bend-Mishawaka MSA,2021,621999,All Other Miscellaneous Ambulatory Health Care Services,2,2,0.0,0.57163925412,0.0,0.0,1.69523270089,0.0,0.252170949866,0.0
2,1,    621 - Ambulatory Care,,,00,000,43780,South Bend-Mishawaka MSA,2022,621111,Offices of Physicians (except Mental Health Specialists),2,2,122.668521899,282.377475189,1.69654096136,224.620370571,2487.71936284,2.87987395439,0.214919425982,46.7818601936
2,1,    621 - Ambulatory Care,,,00,000,43780,South Bend-Mishawaka MSA,2022,621112,"Offices of Physicians, Mental Health Specialists",2,2,2.21339528508,5.00993479145,0.0,3.47774336409,43.8966075125,0.0,0.207227012802,0.773286803561
2,1,    621 - Ambulatory Care,,,00,000,43780,South Bend-Mishawaka MSA,2022,621210,Offices of Dentists,2,2,25.1814765752,58.304663927,0.0,105.151538372,939.145696713,1.26156161067,0.182207182635,19.345800372
2,1,    621 - Ambulatory Care,,,00,000,43780,South Bend-Mishawaka MSA,2022,621310,Offices of Chiropractors,2,2,3.67879003169,12.7855770506,0.0,6.50956464093,114.802801882,0.0,0.17518415608,1.40924679044
2,1,    621 - Ambulatory Care,,,00,000,43780,South Bend-Mishawaka MSA,2022,621320,Offices of Optometrists,2,2,3.70998825104,12.8940059726,0.0,6.56476942941,94.6185244305,0.0,0.206276939343,1.42119799997
2,1,    621 - Ambulatory Care,,,00,000,43780,South Bend-Mishawaka MSA,2022,621330,Offices of Mental Health Practitioners (except Physicians),2,2,3.44700277355,11.9800040707,0.0,5.6122566475,94.2537362082,0.0,0.191742185736,1.32045524573
2,1,    621 - Ambulatory Care,,,00,000,43780,South Bend-Mishawaka MSA,2022,621340,"Offices of Physical, Occupational and Speech Therapists, and Audiologists",2,2,13.7717329678,47.8634419099,0.0,27.6489426266,351.363822718,0.793044656926,0.213452452403,5.27558526487
2,1,    621 - Ambulatory Care,,,00,000,43780,South Bend-Mishawaka MSA,2022,621391,Offices of Podiatrists,2,2,0.0,1.56534331369,0.0,0.733314309915,11.4513423764,0.0,0.167175099899,0.0
2,1,    621 - Ambulatory Care,,,00,000,43780,South Bend-Mishawaka MSA,2022,621399,Offices of All Other Miscellaneous Health Practitioners,2,2,1.66866270629,5.7994110615,0.0,2.71684242254,49.7476273966,0.0,0.178699378418,0.639220380318
2,1,    621 - Ambulatory Care,,,00,000,43780,South Bend-Mishawaka MSA,2022,621410,Family Planning Centers,2,2,0.0,2.01345793772,0.0,0.771015129439,9.90211606569,0.0,0.21948161464,0.0
2,1,    621 - Ambulatory Care,,,00,000,43780,South Bend-Mishawaka MSA,2022,621420,Outpatient Mental Health and Substance Abuse Centers,2,2,7.28677351,64.3197113542,0.0,28.2835963018,317.405956999,1.57758098785,0.252430460415,5.71023584921
2,1,    621 - Ambulatory Care,,,00,000,43780,South Bend-Mishawaka MSA,2022,621491,HMO Medical Centers,2,2,0.0,0.0,0.0,0.0,0.388458367022,0.0,0.0,0.0
2,1,    621 - Ambulatory Care,,,00,000,43780,South Bend-Mishawaka MSA,2022,621492,Kidney Dialysis Centers,2,2,1.64779673828,14.5449574398,0.0,6.17811963117,71.9239485949,0.0,0.247548102346,1.29128591608
2,1,    621 - Ambulatory Care,,,00,000,43780,South Bend-Mishawaka MSA,2022,621493,Freestanding Ambulatory Surgical and Emergency Centers,2,2,3.7451035979,33.0577013376,0.0,14.0415971955,163.159771745,0.81081211396,0.250700751603,2.93482771138
2,1,    621 - Ambulatory Care,,,00,000,43780,South Bend-Mishawaka MSA,2022,621498,All Other Outpatient Care Centers,2,2,0.0,3.66926398341,0.0,1.40507432121,18.4989760873,0.0,0.215257736789,0.0
2,1,    621 - Ambulatory Care,,,00,000,43780,South Bend-Mishawaka MSA,2022,621511,Medical Laboratories,2,2,7.1362295452,33.7025896461,0.0,9.24889270082,252.805200184,0.905347210692,0.180004878865,4.50259966726
2,1,    621 - Ambulatory Care,,,00,000,43780,South Bend-Mishawaka MSA,2022,621512,Diagnostic Imaging Centers,2,2,1.15288362724,5.44477494069,0.0,1.25552575043,40.8802542823,0.0,0.173482573977,0.727411219542
2,1,    621 - Ambulatory Care,,,00,000,43780,South Bend-Mishawaka MSA,2022,621610,Home Health Care Services,2,2,36.7619652669,258.084964502,1.10844577769,44.307790912,732.766449302,2.63011064623,0.325255902112,10.33191338
2,1,    621 - Ambulatory Care,,,00,000,43780,South Bend-Mishawaka MSA,2022,621910,Ambulance Services,2,2,0.0,4.52251145473,0.0,1.17484272377,12.6264527429,0.0,0.310926337684,0.0
2,1,    621 - Ambulatory Care,,,00,000,43780,South Bend-Mishawaka MSA,2022,621991,Blood and Organ Banks,2,2,1.02558792739,32.1636223639,0.0,10.1595806523,90.2283790472,0.0,0.340662600234,3.26988142659
2,1,    621 - Ambulatory Care,,,00,000,43780,South Bend-Mishawaka MSA,2022,621999,All Other Miscellaneous Ambulatory Health Care Services,2,2,0.0,1.12331924223,0.0,0.0,3.13620815982,0.0,0.263719219576,0.0
2,1,    621 - Ambulatory Care,,,00,000,43780,South Bend-Mishawaka MSA,2023,621111,Offices of Physicians (except Mental Health Specialists),2,2,116.237487804,280.000019527,1.20126496163,245.715868967,2432.6910942,4.88809496861,0.222871100868,49.6234332345
2,1,    621 - Ambulatory Care,,,00,000,43780,South Bend-Mishawaka MSA,2023,621112,"Offices of Physicians, Mental Health Specialists",2,2,2.04725893966,4.86008962661,0.0,3.73982555839,42.1648740538,0.0,0.213769978271,0.817135251936
2,1,    621 - Ambulatory Care,,,00,000,43780,South Bend-Mishawaka MSA,2023,621210,Offices of Dentists,2,2,26.4096898928,55.6328312913,0.0,109.8208567,932.723323178,1.80827473974,0.187654989046,21.7912143028
2,1,    621 - Ambulatory Care,,,00,000,43780,South Bend-Mishawaka MSA,2023,621310,Offices of Chiropractors,2,2,3.07706473589,12.3688945311,0.0,7.13215067582,106.614331639,0.0,0.18821663938,2.1410358099
2,1,    621 - Ambulatory Care,,,00,000,43780,South Bend-Mishawaka MSA,2023,621320,Offices of Optometrists,2,2,3.24370103094,13.0387233892,0.0,7.51838732221,92.6982274747,0.0,0.219422927462,2.25698211117
2,1,    621 - Ambulatory Care,,,00,000,43780,South Bend-Mishawaka MSA,2023,621330,Offices of Mental Health Practitioners (except Physicians),2,2,3.56099479822,14.314150941,0.0,8.25382422424,111.381319263,0.0,0.204351209954,2.47775657525
2,1,    621 - Ambulatory Care,,,00,000,43780,South Bend-Mishawaka MSA,2023,621340,"Offices of Physical, Occupational and Speech Therapists, and Audiologists",2,2,13.0354207844,52.3985546909,0.0,31.7511377739,372.429149325,0.0,0.221973446526,9.07010579626
2,1,    621 - Ambulatory Care,,,00,000,43780,South Bend-Mishawaka MSA,2023,621391,Offices of Podiatrists,2,2,0.0,1.50862354237,0.0,0.805148541537,10.6862279161,0.0,0.177982467993,0.0
2,1,    621 - Ambulatory Care,,,00,000,43780,South Bend-Mishawaka MSA,2023,621399,Offices of All Other Miscellaneous Health Practitioners,2,2,1.73849461237,6.98823663099,0.0,3.72960408832,54.1503730399,0.0,0.201514615355,1.20965255523
2,1,    621 - Ambulatory Care,,,00,000,43780,South Bend-Mishawaka MSA,2023,621410,Family Planning Centers,2,2,0.558389078023,4.12786294871,0.0,1.75611960621,20.5938280939,0.0,0.238286878261,0.0
2,1,    621 - Ambulatory Care,,,00,000,43780,South Bend-Mishawaka MSA,2023,621420,Outpatient Mental Health and Substance Abuse Centers,2,2,8.20111866007,60.6263538943,0.0,31.3145956559,303.555640402,1.97941458424,0.261344019492,5.27959875858
2,1,    621 - Ambulatory Care,,,00,000,43780,South Bend-Mishawaka MSA,2023,621491,HMO Medical Centers,2,2,0.0,0.0,0.0,0.0,0.975089980362,0.0,0.0,0.0
2,1,    621 - Ambulatory Care,,,00,000,43780,South Bend-Mishawaka MSA,2023,621492,Kidney Dialysis Centers,2,2,1.54254228472,11.4031656322,0.0,5.40042860156,57.3116649557,0.0,0.252302166516,0.993035788045
2,1,    621 - Ambulatory Care,,,00,000,43780,South Bend-Mishawaka MSA,2023,621493,Freestanding Ambulatory Surgical and Emergency Centers,2,2,4.68118276485,34.6054062511,0.0,17.507613657,173.257336118,1.12984603934,0.260200437373,3.01358482159
2,1,    621 - Ambulatory Care,,,00,000,43780,South Bend-Mishawaka MSA,2023,621498,All Other Outpatient Care Centers,2,2,0.75804133245,5.60378211711,0.0,2.38402092489,28.7145339533,0.0,0.23346919505,0.0
2,1,    621 - Ambulatory Care,,,00,000,43780,South Bend-Mishawaka MSA,2023,621511,Medical Laboratories,2,2,3.39012745055,18.2831232949,0.0,7.52166226209,176.964949279,0.0,0.155163422085,3.30662378304
2,1,    621 - Ambulatory Care,,,00,000,43780,South Bend-Mishawaka MSA,2023,621512,Diagnostic Imaging Centers,2,2,0.944072204059,5.09142761088,0.0,1.65546393198,49.3378431774,0.0,0.148608072366,0.920818361073
2,1,    621 - Ambulatory Care,,,00,000,43780,South Bend-Mishawaka MSA,2023,621610,Home Health Care Services,2,2,40.602610638,283.083969179,1.27716055942,50.5879881231,769.938214794,2.64836946941,0.336414454126,12.1314061627
2,1,    621 - Ambulatory Care,,,00,000,43780,South Bend-Mishawaka MSA,2023,621910,Ambulance Services,2,2,0.0,4.7796055937,0.0,1.29842937726,12.6072783885,0.0,0.325284080284,0.0
2,1,    621 - Ambulatory Care,,,00,000,43780,South Bend-Mishawaka MSA,2023,621991,Blood and Organ Banks,2,2,1.69158318419,27.2428647946,0.0,9.89911678155,72.3009345835,0.0,0.359838939354,1.8072883221
2,1,    621 - Ambulatory Care,,,00,000,43780,South Bend-Mishawaka MSA,2023,621999,All Other Miscellaneous Ambulatory Health Care Services,2,2,0.0,2.25475050586,0.0,0.612526334611,5.94740858147,0.0,0.325284080284,0.0
2,1,    621 - Ambulatory Care,,,00,000,43780,South Bend-Mishawaka MSA,2024,621111,Offices of Physicians (except Mental Health Specialists),2,2,112.86668794,287.340182204,1.33348647075,270.583983903,2481.96823111,7.34747291233,0.227601079151,51.8842676954
2,1,    621 - Ambulatory Care,,,00,000,43780,South Bend-Mishawaka MSA,2024,621112,"Offices of Physicians, Mental Health Specialists",2,2,1.8236864693,4.57288394164,0.0,3.75105980861,39.4502817864,0.0,0.216831327125,0.774738423968
2,1,    621 - Ambulatory Care,,,00,000,43780,South Bend-Mishawaka MSA,2024,621210,Offices of Dentists,2,2,27.8745025787,54.873937862,0.0,114.535327115,894.878856871,2.15694542611,0.198540994805,22.2426636128
2,1,    621 - Ambulatory Care,,,00,000,43780,South Bend-Mishawaka MSA,2024,621310,Offices of Chiropractors,2,2,3.10571557588,12.6385704388,0.0,6.74188333208,101.174569781,0.0,0.195665654718,2.12596931552
2,1,    621 - Ambulatory Care,,,00,000,43780,South Bend-Mishawaka MSA,2024,621320,Offices of Optometrists,2,2,3.47686196814,14.1489340594,0.0,8.05513768377,95.3155050269,0.0,0.22744179174,2.38003180844
2,1,    621 - Ambulatory Care,,,00,000,43780,South Bend-Mishawaka MSA,2024,621330,Offices of Mental Health Practitioners (except Physicians),2,2,5.57805497327,22.6996448866,0.0,12.9231477203,162.299347735,0.0,0.217149960253,3.81837081463
2,1,    621 - Ambulatory Care,,,00,000,43780,South Bend-Mishawaka MSA,2024,621340,"Offices of Physical, Occupational and Speech Therapists, and Audiologists",2,2,13.4903181095,54.898245349,0.0,31.2541512335,369.675674869,0.840019483869,0.22886717682,9.23458753926
2,1,    621 - Ambulatory Care,,,00,000,43780,South Bend-Mishawaka MSA,2024,621391,Offices of Podiatrists,2,2,0.0,1.5241288857,0.0,0.749000014022,10.2268711003,0.0,0.181850311977,0.0
2,1,    621 - Ambulatory Care,,,00,000,43780,South Bend-Mishawaka MSA,2024,621399,Offices of All Other Miscellaneous Health Practitioners,2,2,2.06551915661,8.40553769838,0.0,4.13071880799,59.3152542399,0.0,0.212604446354,1.41391902777
2,1,    621 - Ambulatory Care,,,00,000,43780,South Bend-Mishawaka MSA,2024,621410,Family Planning Centers,2,2,0.0,3.46808733215,0.0,1.51512985793,16.1594766986,0.0,0.235694524848,0.0
2,1,    621 - Ambulatory Care,,,00,000,43780,South Bend-Mishawaka MSA,2024,621420,Outpatient Mental Health and Substance Abuse Centers,2,2,9.83794228555,68.7947504433,0.0,35.6883608124,321.646976012,2.36549680604,0.275731934326,5.76582201195
2,1,    621 - Ambulatory Care,,,00,000,43780,South Bend-Mishawaka MSA,2024,621491,HMO Medical Centers,2,2,0.0,0.0,0.0,0.0,0.0,0.0,0.0,0.0
2,1,    621 - Ambulatory Care,,,00,000,43780,South Bend-Mishawaka MSA,2024,621492,Kidney Dialysis Centers,2,2,1.86989893165,13.0758268979,0.0,6.22247489628,61.371781446,0.0,0.266202829041,1.09591051739
2,1,    621 - Ambulatory Care,,,00,000,43780,South Bend-Mishawaka MSA,2024,621493,Freestanding Ambulatory Surgical and Emergency Centers,2,2,4.87154668546,34.0657455362,0.0,17.224320011,159.363295325,1.17134536781,0.274141191835,2.85511647619
2,1,    621 - Ambulatory Care,,,00,000,43780,South Bend-Mishawaka MSA,2024,621498,All Other Outpatient Care Centers,2,2,0.731520428943,5.11537513564,0.0,2.23479308917,24.1945137535,0.0,0.250391559446,0.0
2,1,    621 - Ambulatory Care,,,00,000,43780,South Bend-Mishawaka MSA,2024,621511,Medical Laboratories,2,2,3.56430974439,16.6679744753,0.0,9.57481238744,164.81350811,0.0,0.162705415806,2.21992336147
2,1,    621 - Ambulatory Care,,,00,000,43780,South Bend-Mishawaka MSA,2024,621512,Diagnostic Imaging Centers,2,2,0.842395816386,3.93934112705,0.0,2.04159887562,39.1325527178,0.0,0.158087562516,0.524660954437
2,1,    621 - Ambulatory Care,,,00,000,43780,South Bend-Mishawaka MSA,2024,621610,Home Health Care Services,2,2,48.7363784494,379.361997656,2.14145183105,70.3132868677,909.840494417,1.62886613144,0.365102063726,21.0275354202
2,1,    621 - Ambulatory Care,,,00,000,43780,South Bend-Mishawaka MSA,2024,621910,Ambulance Services,2,2,0.0,0.0,0.0,0.0,0.511601967309,0.0,0.0,0.0
2,1,    621 - Ambulatory Care,,,00,000,43780,South Bend-Mishawaka MSA,2024,621991,Blood and Organ Banks,2,2,0.837272518283,27.4764984155,0.0,9.08866986838,63.8367996338,0.0,0.381424539121,1.96045575495
2,1,    621 - Ambulatory Care,,,00,000,43780,South Bend-Mishawaka MSA,2024,621999,All Other Miscellaneous Ambulatory Health Care Services,2,2,0.0,4.72760919647,0.0,1.22929886769,10.9063916604,0.0,0.353246882963,0.0
2,1,    621 - Ambulatory Care,,,00,000,45460,Terre Haute MSA,2020,621111,Offices of Physicians (except Mental Health Specialists),2,2,65.3398969709,27.7914995642,0.0,19.2947043985,864.433014908,0.89779153114,0.131198316086,17.2147080289
2,1,    621 - Ambulatory Care,,,00,000,45460,Terre Haute MSA,2020,621112,"Offices of Physicians, Mental Health Specialists",2,2,1.96967619454,0.781976012772,0.0,0.0,20.9218858404,0.0,0.116233247509,0.0
2,1,    621 - Ambulatory Care,,,00,000,45460,Terre Haute MSA,2020,621210,Offices of Dentists,2,2,3.96785440481,3.54029895558,0.0,6.62452290661,275.000890377,0.0,0.0599112713292,3.3929598317
2,1,    621 - Ambulatory Care,,,00,000,45460,Terre Haute MSA,2020,621310,Offices of Chiropractors,2,2,2.62442414682,1.76680610994,0.0,0.786628370464,54.2377748964,0.0,0.0871464010423,0.0
2,1,    621 - Ambulatory Care,,,00,000,45460,Terre Haute MSA,2020,621320,Offices of Optometrists,2,2,2.26752343999,1.37329020364,0.0,0.611424778861,49.1197677445,0.0,0.0796716992272,0.0
2,1,    621 - Ambulatory Care,,,00,000,45460,Terre Haute MSA,2020,621330,Offices of Mental Health Practitioners (except Physicians),2,2,0.913566329371,0.81659708428,0.0,0.0,15.2131371522,0.0,0.102114898271,0.0
2,1,    621 - Ambulatory Care,,,00,000,45460,Terre Haute MSA,2020,621340,"Offices of Physical, Occupational and Speech Therapists, and Audiologists",2,2,12.7627383233,10.7700762074,0.0,4.79512010354,211.820234781,0.0,0.12459857976,1.82109163865
2,1,    621 - Ambulatory Care,,,00,000,45460,Terre Haute MSA,2020,621391,Offices of Podiatrists,2,2,0.0,0.0,0.0,0.0,7.17113075481,0.0,0.0,0.0
2,1,    621 - Ambulatory Care,,,00,000,45460,Terre Haute MSA,2020,621399,Offices of All Other Miscellaneous Health Practitioners,2,2,1.57331563132,1.40631820141,0.0,0.626129708803,26.1556449721,0.0,0.121155675138,0.0
2,1,    621 - Ambulatory Care,,,00,000,45460,Terre Haute MSA,2020,621410,Family Planning Centers,2,2,0.0,0.0,0.0,0.0,8.42071848186,0.0,0.0,0.0
2,1,    621 - Ambulatory Care,,,00,000,45460,Terre Haute MSA,2020,621420,Outpatient Mental Health and Substance Abuse Centers,2,2,2.40623400028,7.17609859938,0.0,0.934000623465,156.373888381,0.0,0.0630134774947,0.0
2,1,    621 - Ambulatory Care,,,00,000,45460,Terre Haute MSA,2020,621491,HMO Medical Centers,2,2,0.756940001493,1.36607247675,0.0,0.506913017948,34.1949115234,0.0,0.0714171659414,0.0
2,1,    621 - Ambulatory Care,,,00,000,45460,Terre Haute MSA,2020,621492,Kidney Dialysis Centers,2,2,5.54611983588,10.0092499348,0.0,4.49667781935,251.91096256,0.0,0.0782115284944,1.32198998515
2,1,    621 - Ambulatory Care,,,00,000,45460,Terre Haute MSA,2020,621493,Freestanding Ambulatory Surgical and Emergency Centers,2,2,1.59992612118,2.88743498119,0.0,1.07145001847,78.4819150381,0.0,0.066144253803,0.0
2,1,    621 - Ambulatory Care,,,00,000,45460,Terre Haute MSA,2020,621498,All Other Outpatient Care Centers,2,2,12.091187052,21.4593791274,0.0,9.33314210542,528.123680824,0.0,0.079525023892,2.74387467572
2,1,    621 - Ambulatory Care,,,00,000,45460,Terre Haute MSA,2020,621511,Medical Laboratories,2,2,3.41138527743,12.023731906,0.0,1.77604021978,180.276068735,0.0,0.0928457830417,1.23980986621
2,1,    621 - Ambulatory Care,,,00,000,45460,Terre Haute MSA,2020,621512,Diagnostic Imaging Centers,2,2,0.878161229273,1.77131716762,0.0,0.0,18.6382844977,0.0,0.124460160986,0.0
2,1,    621 - Ambulatory Care,,,00,000,45460,Terre Haute MSA,2020,621610,Home Health Care Services,2,2,10.5489899558,35.2729241191,0.0,10.4808247606,440.473814142,0.704104064223,0.135945133061,12.2946257509
2,1,    621 - Ambulatory Care,,,00,000,45460,Terre Haute MSA,2020,621910,Ambulance Services,2,2,2.58419697635,17.0316347961,0.0,11.8034988548,203.761666987,0.0,0.149359904781,4.35822482813
2,1,    621 - Ambulatory Care,,,00,000,45460,Terre Haute MSA,2020,621991,Blood and Organ Banks,2,2,0.788069627559,5.19392066987,0.0,3.59956266163,60.8374816919,0.0,0.152068475701,1.32907229927
2,1,    621 - Ambulatory Care,,,00,000,45460,Terre Haute MSA,2020,621999,All Other Miscellaneous Ambulatory Health Care Services,2,2,0.0,0.0,0.0,0.0,3.82299576296,0.0,0.0,0.0
2,1,    621 - Ambulatory Care,,,00,000,45460,Terre Haute MSA,2021,621111,Offices of Physicians (except Mental Health Specialists),2,2,64.264303447,21.3484600937,0.0,23.4185520359,813.062319064,0.0,0.132763961408,15.4392663025
2,1,    621 - Ambulatory Care,,,00,000,45460,Terre Haute MSA,2021,621112,"Offices of Physicians, Mental Health Specialists",2,2,2.07959857259,0.661007519593,0.0,0.58896094823,20.0199637043,0.0,0.142596743241,0.0
2,1,    621 - Ambulatory Care,,,00,000,45460,Terre Haute MSA,2021,621210,Offices of Dentists,2,2,2.97187857065,3.56456195973,0.0,7.13148161636,284.999380667,0.0,0.0572563165138,3.64114608841
2,1,    621 - Ambulatory Care,,,00,000,45460,Terre Haute MSA,2021,621310,Offices of Chiropractors,2,2,2.28174857388,1.80404963023,0.0,0.886306043598,63.13501321,0.0,0.0730041797878,0.0
2,1,    621 - Ambulatory Care,,,00,000,45460,Terre Haute MSA,2021,621320,Offices of Optometrists,2,2,2.04343261172,1.61562666885,0.0,0.793736301266,56.1141159393,0.0,0.073518617179,0.0
2,1,    621 - Ambulatory Care,,,00,000,45460,Terre Haute MSA,2021,621330,Offices of Mental Health Practitioners (except Physicians),2,2,1.12175172434,0.886905685693,0.0,0.0,16.893999807,0.0,0.106263229924,0.0
2,1,    621 - Ambulatory Care,,,00,000,45460,Terre Haute MSA,2021,621340,"Offices of Physical, Occupational and Speech Therapists, and Audiologists",2,2,18.5820016496,14.6917384276,0.0,7.21785938762,283.765096256,0.0,0.131860756986,2.60918269604
2,1,    621 - Ambulatory Care,,,00,000,45460,Terre Haute MSA,2021,621391,Offices of Podiatrists,2,2,0.0,0.0,0.0,0.0,4.0605251517,0.0,0.0,0.0
2,1,    621 - Ambulatory Care,,,00,000,45460,Terre Haute MSA,2021,621399,Offices of All Other Miscellaneous Health Practitioners,2,2,0.67861091981,0.536539298399,0.0,0.0,10.7208370744,0.0,0.101805589133,0.0
2,1,    621 - Ambulatory Care,,,00,000,45460,Terre Haute MSA,2021,621410,Family Planning Centers,2,2,0.0,0.0,0.0,0.0,3.17954414435,0.0,0.0,0.0
2,1,    621 - Ambulatory Care,,,00,000,45460,Terre Haute MSA,2021,621420,Outpatient Mental Health and Substance Abuse Centers,2,2,2.77676895199,8.81369901744,0.0,0.873617216465,193.387120451,0.0,0.0605490026027,0.0
2,1,    621 - Ambulatory Care,,,00,000,45460,Terre Haute MSA,2021,621491,HMO Medical Centers,2,2,2.45041045959,3.92140065681,0.0,1.10975555978,97.4005911411,0.0,0.0763517168685,0.569877248365
2,1,    621 - Ambulatory Care,,,00,000,45460,Terre Haute MSA,2021,621492,Kidney Dialysis Centers,2,2,4.37154097938,6.99579272558,0.0,2.65433993534,176.818353317,0.0,0.078383175898,1.01666303892
2,1,    621 - Ambulatory Care,,,00,000,45460,Terre Haute MSA,2021,621493,Freestanding Ambulatory Surgical and Emergency Centers,2,2,0.977296330003,1.56397082594,0.0,0.0,40.6763420124,0.0,0.0588016598986,0.0
2,1,    621 - Ambulatory Care,,,00,000,45460,Terre Haute MSA,2021,621498,All Other Outpatient Care Centers,2,2,14.654392289,23.7093374742,0.0,8.47404390895,566.056034797,0.68210984702,0.0823019190783,3.24572113681
2,1,    621 - Ambulatory Care,,,00,000,45460,Terre Haute MSA,2021,621511,Medical Laboratories,2,2,3.80685648502,11.8452558203,0.0,2.53240319097,161.07752872,0.0,0.108694335133,1.45881852398
2,1,    621 - Ambulatory Care,,,00,000,45460,Terre Haute MSA,2021,621512,Diagnostic Imaging Centers,2,2,0.897559803369,1.75330852861,0.0,0.0,18.3147426007,0.0,0.126438878433,0.0
2,1,    621 - Ambulatory Care,,,00,000,45460,Terre Haute MSA,2021,621610,Home Health Care Services,2,2,9.81503184966,39.2521518597,0.0,8.95115676444,468.721977567,0.590445952867,0.132374431083,12.9045568164
2,1,    621 - Ambulatory Care,,,00,000,45460,Terre Haute MSA,2021,621910,Ambulance Services,2,2,1.54481044268,12.6934688951,0.0,10.6427443299,203.019216966,0.0,0.13001286103,5.45863086228
2,1,    621 - Ambulatory Care,,,00,000,45460,Terre Haute MSA,2021,621991,Blood and Organ Banks,2,2,0.0,3.8698155599,0.0,3.08460992826,60.097098241,0.0,0.125423779512,1.66415459959
2,1,    621 - Ambulatory Care,,,00,000,45460,Terre Haute MSA,2021,621999,All Other Miscellaneous Ambulatory Health Care Services,2,2,0.0,0.0,0.0,0.0,0.0,0.0,0.0,0.0
2,1,    621 - Ambulatory Care,,,00,000,45460,Terre Haute MSA,2022,621111,Offices of Physicians (except Mental Health Specialists),2,2,49.7781515672,25.0378746612,0.0,24.0650387958,794.101698888,0.0,0.124935243288,14.4948745104
2,1,    621 - Ambulatory Care,,,00,000,45460,Terre Haute MSA,2022,621112,"Offices of Physicians, Mental Health Specialists",2,2,1.83362303813,0.910398275021,0.0,0.611687283634,22.2183576509,0.0,0.148378243928,0.515400692869
2,1,    621 - Ambulatory Care,,,00,000,45460,Terre Haute MSA,2022,621210,Offices of Dentists,2,2,4.98925893502,3.11883443419,0.0,5.60196503935,276.610737283,0.0,0.0529849479263,1.76615337783
2,1,    621 - Ambulatory Care,,,00,000,45460,Terre Haute MSA,2022,621310,Offices of Chiropractors,2,2,2.48392253068,1.56322742885,0.0,1.08954856736,55.4576615222,0.0,0.0847718916862,0.0
2,1,    621 - Ambulatory Care,,,00,000,45460,Terre Haute MSA,2022,621320,Offices of Optometrists,2,2,2.46296000253,1.52891268041,0.0,1.06563164758,67.8825421122,0.0,0.0693378271221,0.0
2,1,    621 - Ambulatory Care,,,00,000,45460,Terre Haute MSA,2022,621330,Offices of Mental Health Practitioners (except Physicians),2,2,1.28013407526,1.01419145384,0.0,0.706877851016,22.9798933443,0.0,0.115514884223,0.0
2,1,    621 - Ambulatory Care,,,00,000,45460,Terre Haute MSA,2022,621340,"Offices of Physical, Occupational and Speech Therapists, and Audiologists",2,2,17.1932743068,13.1597253239,0.0,9.17215218261,272.325251913,0.0,0.135863973821,3.29124488314
2,1,    621 - Ambulatory Care,,,00,000,45460,Terre Haute MSA,2022,621391,Offices of Podiatrists,2,2,0.0,0.0,0.0,0.0,5.01185693522,0.0,0.0,0.0
2,1,    621 - Ambulatory Care,,,00,000,45460,Terre Haute MSA,2022,621399,Offices of All Other Miscellaneous Health Practitioners,2,2,1.03583150658,0.820641745184,0.0,0.57197629806,18.3623527466,0.0,0.11680403262899999,0.0
2,1,    621 - Ambulatory Care,,,00,000,45460,Terre Haute MSA,2022,621410,Family Planning Centers,2,2,0.0,0.0,0.0,0.0,9.60702398012,0.0,0.0,0.0
2,1,    621 - Ambulatory Care,,,00,000,45460,Terre Haute MSA,2022,621420,Outpatient Mental Health and Substance Abuse Centers,2,2,5.28380469132,10.9844948676,0.0,1.52158033306,179.066948727,0.0,0.0958086172344,1.18415268228
2,1,    621 - Ambulatory Care,,,00,000,45460,Terre Haute MSA,2022,621491,HMO Medical Centers,2,2,2.01774166579,2.31542935976,0.0,0.693009705979,30.6820744769,0.0,0.1535414878,0.539326964437
2,1,    621 - Ambulatory Care,,,00,000,45460,Terre Haute MSA,2022,621492,Kidney Dialysis Centers,2,2,1.07979470485,1.23910231151,0.0,0.0,19.7344133833,0.0,0.105149611298,0.0
2,1,    621 - Ambulatory Care,,,00,000,45460,Terre Haute MSA,2022,621493,Freestanding Ambulatory Surgical and Emergency Centers,2,2,0.83485622679,0.958026813573,0.0,0.0,13.6084078968,0.0,0.116411218233,0.0
2,1,    621 - Ambulatory Care,,,00,000,45460,Terre Haute MSA,2022,621498,All Other Outpatient Care Centers,2,2,10.7560380429,12.6423247097,0.0,3.9539313358,162.348203517,0.0,0.15602800862,2.66157741027
2,1,    621 - Ambulatory Care,,,00,000,45460,Terre Haute MSA,2022,621511,Medical Laboratories,2,2,3.36639037254,11.3411626616,0.0,3.03316263802,113.615742244,0.0,0.146126069825,1.70269546582
2,1,    621 - Ambulatory Care,,,00,000,45460,Terre Haute MSA,2022,621512,Diagnostic Imaging Centers,2,2,0.705751748785,1.96366608452,0.0,0.526920079184,11.8502493348,0.0,0.212429427349,0.0
2,1,    621 - Ambulatory Care,,,00,000,45460,Terre Haute MSA,2022,621610,Home Health Care Services,2,2,9.79177093555,26.1146017298,0.0,9.28535991367,522.487287749,0.811972044839,0.098544272381,11.1129435066
2,1,    621 - Ambulatory Care,,,00,000,45460,Terre Haute MSA,2022,621910,Ambulance Services,2,2,1.92175492579,9.49905609572,0.0,7.04164779073,158.302597963,0.0,0.130254172494,5.24512707003
2,1,    621 - Ambulatory Care,,,00,000,45460,Terre Haute MSA,2022,621991,Blood and Organ Banks,2,2,1.24861810437,6.17180331187,0.0,4.5751561753,94.5541667539,0.0,0.140085603473,3.40790624834
2,1,    621 - Ambulatory Care,,,00,000,45460,Terre Haute MSA,2022,621999,All Other Miscellaneous Ambulatory Health Care Services,2,2,0.0,0.895757563715,0.0,0.664024846891,13.6749868189,0.0,0.102383067778,0.0
2,1,    621 - Ambulatory Care,,,00,000,45460,Terre Haute MSA,2023,621111,Offices of Physicians (except Mental Health Specialists),2,2,47.7512418823,26.9480408229,0.854686803265,24.0027655341,725.09899046,0.0,0.131878639147,10.5949930689
2,1,    621 - Ambulatory Care,,,00,000,45460,Terre Haute MSA,2023,621112,"Offices of Physicians, Mental Health Specialists",2,2,1.89838323009,1.02115252348,0.0,0.796810316354,27.3031393408,0.0,0.119806825314,0.0
2,1,    621 - Ambulatory Care,,,00,000,45460,Terre Haute MSA,2023,621210,Offices of Dentists,2,2,4.60450706494,3.27164446777,0.0,5.48099301406,270.259742811,0.0,0.0556389247362,2.56574965474
2,1,    621 - Ambulatory Care,,,00,000,45460,Terre Haute MSA,2023,621310,Offices of Chiropractors,2,2,2.37770173239,1.80060243016,0.0,0.771788655697,46.7816574851,0.0,0.0956877118833,0.0
2,1,    621 - Ambulatory Care,,,00,000,45460,Terre Haute MSA,2023,621320,Offices of Optometrists,2,2,2.79154250691,2.35916391149,0.0,1.00616619224,62.8464914229,0.0,0.0892256877166,0.0
2,1,    621 - Ambulatory Care,,,00,000,45460,Terre Haute MSA,2023,621330,Offices of Mental Health Practitioners (except Physicians),2,2,1.52404077043,1.08369916402,0.0,0.698397709909,24.9987223087,0.0,0.116804592916,0.0
2,1,    621 - Ambulatory Care,,,00,000,45460,Terre Haute MSA,2023,621340,"Offices of Physical, Occupational and Speech Therapists, and Audiologists",2,2,20.1719847464,15.1356867276,0.0,10.3326873192,309.289476328,0.0,0.138772263265,4.19640191877
2,1,    621 - Ambulatory Care,,,00,000,45460,Terre Haute MSA,2023,621391,Offices of Podiatrists,2,2,0.0,0.0,0.0,0.0,8.67453985759,0.0,0.0,0.0
2,1,    621 - Ambulatory Care,,,00,000,45460,Terre Haute MSA,2023,621399,Offices of All Other Miscellaneous Health Practitioners,2,2,1.42198927987,1.01113344455,0.0,0.651632210796,23.4245928154,0.0,0.116364799475,0.0
2,1,    621 - Ambulatory Care,,,00,000,45460,Terre Haute MSA,2023,621410,Family Planning Centers,2,2,0.692708066211,0.862977926422,0.0,0.0,10.4458375337,0.0,0.129624042249,0.0
2,1,    621 - Ambulatory Care,,,00,000,45460,Terre Haute MSA,2023,621420,Outpatient Mental Health and Substance Abuse Centers,2,2,6.54139759511,11.7635579474,0.0,2.88715295073,125.749756776,0.0,0.156032312388,2.05644191931
2,1,    621 - Ambulatory Care,,,00,000,45460,Terre Haute MSA,2023,621491,HMO Medical Centers,2,2,1.93704790194,2.41318047722,0.0,0.766383007157,28.9439082803,0.0,0.150221177962,0.0
2,1,    621 - Ambulatory Care,,,00,000,45460,Terre Haute MSA,2023,621492,Kidney Dialysis Centers,2,2,0.0,0.0,0.0,0.0,2.13815666385,0.0,0.0,0.0
2,1,    621 - Ambulatory Care,,,00,000,45460,Terre Haute MSA,2023,621493,Freestanding Ambulatory Surgical and Emergency Centers,2,2,1.37939520066,1.71845495678,0.0,0.545750593408,21.279274583,0.0,0.14619503978,0.0
2,1,    621 - Ambulatory Care,,,00,000,45460,Terre Haute MSA,2023,621498,All Other Outpatient Care Centers,2,2,11.8014753997,14.5812281579,0.0,4.87443929129,173.554256247,0.0,0.162369591152,2.38530056271
2,1,    621 - Ambulatory Care,,,00,000,45460,Terre Haute MSA,2023,621511,Medical Laboratories,2,2,3.5613434815,15.6727775003,0.0,3.8963899873,98.2779856389,0.0,0.201373650147,1.65028508246
2,1,    621 - Ambulatory Care,,,00,000,45460,Terre Haute MSA,2023,621512,Diagnostic Imaging Centers,2,2,0.8423976877,2.32350786484,0.0,0.703238900463,15.7719566723,0.0,0.196992237264,0.0
2,1,    621 - Ambulatory Care,,,00,000,45460,Terre Haute MSA,2023,621610,Home Health Care Services,2,2,9.77427988945,24.0742923918,0.546330806433,10.6198199157,627.481131294,0.0,0.0818538060529,10.9259530691
2,1,    621 - Ambulatory Care,,,00,000,45460,Terre Haute MSA,2023,621910,Ambulance Services,2,2,1.51952981077,11.9776480326,0.0,7.46211331945,145.033685531,0.767103833409,0.15277654214,4.42697075821
2,1,    621 - Ambulatory Care,,,00,000,45460,Terre Haute MSA,2023,621991,Blood and Organ Banks,2,2,0.832526311959,6.56236361531,0.0,3.64317685698,75.2422279595,0.0,0.151777445414,2.42546714936
2,1,    621 - Ambulatory Care,,,00,000,45460,Terre Haute MSA,2023,621999,All Other Miscellaneous Ambulatory Health Care Services,2,2,0.544541555481,4.29233243368,0.0,2.38294113242,48.9710852835,0.0,0.152417365286,1.58645755132
2,1,    621 - Ambulatory Care,,,00,000,45460,Terre Haute MSA,2024,621111,Offices of Physicians (except Mental Health Specialists),2,2,48.477252689,28.8401913583,2.67148052356,26.029326804,733.195538276,0.594582751527,0.136569003623,9.35680854746
2,1,    621 - Ambulatory Care,,,00,000,45460,Terre Haute MSA,2024,621112,"Offices of Physicians, Mental Health Specialists",2,2,2.10979699974,1.19607475103,0.0,0.988860052042,30.1085380886,0.0,0.124834988545,0.0
2,1,    621 - Ambulatory Care,,,00,000,45460,Terre Haute MSA,2024,621210,Offices of Dentists,2,2,3.51364704369,4.67627304884,0.0,5.45939640793,287.638793975,0.0,0.0582769425745,4.15072497296
2,1,    621 - Ambulatory Care,,,00,000,45460,Terre Haute MSA,2024,621310,Offices of Chiropractors,2,2,2.09324863186,1.61819976495,0.0,1.2183758302,46.0215986875,0.0,0.0967553788494,0.0
2,1,    621 - Ambulatory Care,,,00,000,45460,Terre Haute MSA,2024,621320,Offices of Optometrists,2,2,2.61138930798,2.21767345675,0.0,1.44162559919,64.1238875794,0.0,0.0956071784897,0.508118167329
2,1,    621 - Ambulatory Care,,,00,000,45460,Terre Haute MSA,2024,621330,Offices of Mental Health Practitioners (except Physicians),2,2,1.38552602318,1.00174208133,0.0,0.59180156439,25.1576297467,0.0,0.105878433888,0.0
2,1,    621 - Ambulatory Care,,,00,000,45460,Terre Haute MSA,2024,621340,"Offices of Physical, Occupational and Speech Therapists, and Audiologists",2,2,17.9050945469,13.5448880122,0.0,8.38572616107,293.608199669,0.0,0.131000119095,4.42518241353
2,1,    621 - Ambulatory Care,,,00,000,45460,Terre Haute MSA,2024,621391,Offices of Podiatrists,2,2,0.0,0.0,0.0,0.0,11.8568578871,0.0,0.0,0.0
2,1,    621 - Ambulatory Care,,,00,000,45460,Terre Haute MSA,2024,621399,Offices of All Other Miscellaneous Health Practitioners,2,2,1.34722516378,0.974050372927,0.0,0.575442067613,27.7256185489,0.0,0.0945949254111,0.0
2,1,    621 - Ambulatory Care,,,00,000,45460,Terre Haute MSA,2024,621410,Family Planning Centers,2,2,0.837099409892,1.01765389501,0.0,0.0,12.1670695524,0.0,0.132276190035,0.0
2,1,    621 - Ambulatory Care,,,00,000,45460,Terre Haute MSA,2024,621420,Outpatient Mental Health and Substance Abuse Centers,2,2,8.62281221977,13.9805880574,0.0,4.90242531531,149.355456787,0.0,0.162793736217,1.53616069754
2,1,    621 - Ambulatory Care,,,00,000,45460,Terre Haute MSA,2024,621491,HMO Medical Centers,2,2,4.79901813906,5.83412130477,0.0,2.5021770684,67.1694939881,0.0,0.169475621101,0.571194701537
2,1,    621 - Ambulatory Care,,,00,000,45460,Terre Haute MSA,2024,621492,Kidney Dialysis Centers,2,2,0.0,0.0,0.0,0.0,3.32545050973,0.0,0.0,0.0
2,1,    621 - Ambulatory Care,,,00,000,45460,Terre Haute MSA,2024,621493,Freestanding Ambulatory Surgical and Emergency Centers,2,2,3.34854949127,4.07080018475,0.0,1.74591208173,48.4803035737,0.0,0.158993353696,0.0
2,1,    621 - Ambulatory Care,,,00,000,45460,Terre Haute MSA,2024,621498,All Other Outpatient Care Centers,2,2,9.08050906564,11.1380662464,0.0,4.27921191442,127.778341151,0.0,0.166226074881,0.976854597201
2,1,    621 - Ambulatory Care,,,00,000,45460,Terre Haute MSA,2024,621511,Medical Laboratories,2,2,3.15577992832,11.6575497565,0.0,4.26048500411,76.4851216818,0.0,0.212320034516,1.54283723444
2,1,    621 - Ambulatory Care,,,00,000,45460,Terre Haute MSA,2024,621512,Diagnostic Imaging Centers,2,2,0.611659425504,1.89951760609,0.0,0.691304190637,11.5874476823,0.0,0.2165312114,0.0
2,1,    621 - Ambulatory Care,,,00,000,45460,Terre Haute MSA,2024,621610,Home Health Care Services,2,2,12.0829091084,44.420110922,0.620099637501,14.3058468276,819.545953493,0.0,0.0985830421046,18.2002916766
2,1,    621 - Ambulatory Care,,,00,000,45460,Terre Haute MSA,2024,621910,Ambulance Services,2,2,1.38824071868,13.6986912237,0.0,7.86004705434,164.420903848,1.07492604214,0.158866144149,7.03250423277
2,1,    621 - Ambulatory Care,,,00,000,45460,Terre Haute MSA,2024,621991,Blood and Organ Banks,2,2,0.616444337357,6.08286482339,0.0,3.49023150871,72.0912037326,0.0,0.155875378845,3.12276347567
2,1,    621 - Ambulatory Care,,,00,000,45460,Terre Haute MSA,2024,621999,All Other Miscellaneous Ambulatory Health Care Services,2,2,0.0,4.02508182204,0.0,2.30951497498,47.6151476396,0.0,0.149973931181,2.06635834683
2,1,    621 - Ambulatory Care,,,18,000,00000,Indiana,2020,621111,Offices of Physicians (except Mental Health Specialists),2,2,2264.36078077,4416.58247584,15.9165702675,2774.33416606,44461.5819152,79.8731402757,0.186214486613,622.855250729
2,1,    621 - Ambulatory Care,,,18,000,00000,Indiana,2020,621112,"Offices of Physicians, Mental Health Specialists",2,2,23.6288151817,41.3475826735,0.0,21.6220859298,560.335186823,0.0,0.140074887294,4.67561320522
2,1,    621 - Ambulatory Care,,,18,000,00000,Indiana,2020,621210,Offices of Dentists,2,2,349.441866121,588.615369126,10.1793512524,989.050463965,15842.1615841,28.0631841325,0.12005469925,196.06359741
2,1,    621 - Ambulatory Care,,,18,000,00000,Indiana,2020,621310,Offices of Chiropractors,2,2,62.3663799396,131.610448084,0.0,90.9974017,2470.14927823,1.30814532776,0.111415086883,23.4369240128
2,1,    621 - Ambulatory Care,,,18,000,00000,Indiana,2020,621320,Offices of Optometrists,2,2,97.6524665322,186.230661789,0.0,142.4711686,3519.65993723,1.3252758943,0.116893772952,38.2058631257
2,1,    621 - Ambulatory Care,,,18,000,00000,Indiana,2020,621330,Offices of Mental Health Practitioners (except Physicians),2,2,112.171438719,274.086672893,0.711648026197,162.765237328,3105.08630143,5.45658379327,0.162383182291,46.7707775088
2,1,    621 - Ambulatory Care,,,18,000,00000,Indiana,2020,621340,"Offices of Physical, Occupational and Speech Therapists, and Audiologists",2,2,320.166592055,702.36740311,3.36916584841,422.871097206,9061.17729189,16.2764955984,0.15313913239,173.495649719
2,1,    621 - Ambulatory Care,,,18,000,00000,Indiana,2020,621391,Offices of Podiatrists,2,2,16.553752504,43.507435985,0.0,22.6075008916,584.302532313,0.522650152935,0.132342399597,5.93137336708
2,1,    621 - Ambulatory Care,,,18,000,00000,Indiana,2020,621399,Offices of All Other Miscellaneous Health Practitioners,2,2,23.121886916,56.8118402469,0.0,27.0993015655,775.871086733,0.559651933674,0.129690705504,8.0251453856
2,1,    621 - Ambulatory Care,,,18,000,00000,Indiana,2020,621410,Family Planning Centers,2,2,6.81108533631,44.0526728962,0.0,11.71740505,337.406814558,0.0,0.164051802036,3.63370036853
2,1,    621 - Ambulatory Care,,,18,000,00000,Indiana,2020,621420,Outpatient Mental Health and Substance Abuse Centers,2,2,180.950470024,893.397575627,0.867701158787,368.779734453,7393.59295084,13.4104623853,0.176431280981,126.506904482
2,1,    621 - Ambulatory Care,,,18,000,00000,Indiana,2020,621491,HMO Medical Centers,2,2,16.4029524188,85.540520892,0.0,21.1577773381,423.470759509,0.909663813787,0.236106068154,6.87638786734
2,1,    621 - Ambulatory Care,,,18,000,00000,Indiana,2020,621492,Kidney Dialysis Centers,2,2,75.0092354183,354.902054763,0.0,134.451986936,2313.78638058,0.97538369608,0.20769734034,41.206415746
2,1,    621 - Ambulatory Care,,,18,000,00000,Indiana,2020,621493,Freestanding Ambulatory Surgical and Emergency Centers,2,2,88.3113169979,448.589389641,0.0,192.197277189,2889.91194527,3.9109919839,0.21175477183,43.3390726284
2,1,    621 - Ambulatory Care,,,18,000,00000,Indiana,2020,621498,All Other Outpatient Care Centers,2,2,66.729678768,268.230423975,0.0,98.7312943898,2361.09207583,0.730906717277,0.16488314233,31.7451279485
2,1,    621 - Ambulatory Care,,,18,000,00000,Indiana,2020,621511,Medical Laboratories,2,2,239.181051622,656.117465413,3.06385185805,304.097874485,3942.53725129,6.5631042651,0.244575831494,67.410961224
2,1,    621 - Ambulatory Care,,,18,000,00000,Indiana,2020,621512,Diagnostic Imaging Centers,2,2,27.8917961311,76.9395731535,0.0,30.8431316366,664.705174903,0.0,0.179289105998,9.53424119651
2,1,    621 - Ambulatory Care,,,18,000,00000,Indiana,2020,621610,Home Health Care Services,2,2,553.921717359,4438.30151745,12.8998107087,653.881274927,16025.1756013,42.2401423288,0.27399044072,346.53393009
2,1,    621 - Ambulatory Care,,,18,000,00000,Indiana,2020,621910,Ambulance Services,2,2,30.0467167373,278.609804373,1.54269287409,141.807930759,2426.76711659,8.20030396436,0.169258618534,34.2319265571
2,1,    621 - Ambulatory Care,,,18,000,00000,Indiana,2020,621991,Blood and Organ Banks,2,2,35.4683457551,376.422587638,2.51988683265,119.69573195,1774.39830761,5.50759733441,0.246839814566,41.9250206251
2,1,    621 - Ambulatory Care,,,18,000,00000,Indiana,2020,621999,All Other Miscellaneous Ambulatory Health Care Services,2,2,8.12922927921,86.6683152066,0.0,29.333909149,642.665740199,0.573707227371,0.171266020278,8.10802936078
2,1,    621 - Ambulatory Care,,,18,000,00000,Indiana,2021,621111,Offices of Physicians (except Mental Health Specialists),2,2,2428.77880871,4572.6781041,16.8109473254,3031.608682,45234.9900455,81.7280566117,0.192652771256,662.569060058
2,1,    621 - Ambulatory Care,,,18,000,00000,Indiana,2021,621112,"Offices of Physicians, Mental Health Specialists",2,2,27.230979691,47.6033729223,0.0,27.5424356161,605.718572452,0.0,0.150462607691,4.90276975448
2,1,    621 - Ambulatory Care,,,18,000,00000,Indiana,2021,621210,Offices of Dentists,2,2,419.935029232,706.631960962,10.9352700293,1187.96853539,16966.7624142,31.2485642753,0.132431510677,233.201788076
2,1,    621 - Ambulatory Care,,,18,000,00000,Indiana,2021,621310,Offices of Chiropractors,2,2,61.1973841194,146.093182678,0.543263204547,102.369131451,2550.11521178,1.19832028144,0.117182508631,27.0932550588
2,1,    621 - Ambulatory Care,,,18,000,00000,Indiana,2021,621320,Offices of Optometrists,2,2,101.555798737,209.348884909,0.597063194369,161.841650265,3727.96191981,2.34555573192,0.122775971276,46.075306459
2,1,    621 - Ambulatory Care,,,18,000,00000,Indiana,2021,621330,Offices of Mental Health Practitioners (except Physicians),2,2,126.518900299,338.622712172,1.24015104453,193.65108537,3544.99696632,4.45182168498,0.169765705896,60.3937362378
2,1,    621 - Ambulatory Care,,,18,000,00000,Indiana,2021,621340,"Offices of Physical, Occupational and Speech Therapists, and Audiologists",2,2,388.929007806,833.687266811,3.5806361609,506.705218389,10116.0221596,15.2252019064,0.158977589976,164.093798723
2,1,    621 - Ambulatory Care,,,18,000,00000,Indiana,2021,621391,Offices of Podiatrists,2,2,17.0634237923,43.2454162217,0.0,25.0677053417,580.069775365,0.0,0.135444627954,5.49945571002
2,1,    621 - Ambulatory Care,,,18,000,00000,Indiana,2021,621399,Offices of All Other Miscellaneous Health Practitioners,2,2,27.0601662105,67.8358445779,0.0,34.7158040363,870.193161467,0.0,0.138322521081,10.0777034308
2,1,    621 - Ambulatory Care,,,18,000,00000,Indiana,2021,621410,Family Planning Centers,2,2,5.35121591575,35.0442786436,0.0,9.18076992689,281.699073958,0.0,0.155345259735,2.23261519547
2,1,    621 - Ambulatory Care,,,18,000,00000,Indiana,2021,621420,Outpatient Mental Health and Substance Abuse Centers,2,2,187.749378045,907.997031251,2.27075308868,397.031408952,7494.8374928,16.5804574228,0.179369454722,126.556293547
2,1,    621 - Ambulatory Care,,,18,000,00000,Indiana,2021,621491,HMO Medical Centers,2,2,21.2290811646,98.2945166715,0.0,25.9176655939,529.442599294,0.984475133152,0.226405184001,8.52430328322
2,1,    621 - Ambulatory Care,,,18,000,00000,Indiana,2021,621492,Kidney Dialysis Centers,2,2,66.312371001,342.907464305,0.556739390726,135.630650769,2277.29654063,2.41921634586,0.204634237668,38.0836684889
2,1,    621 - Ambulatory Care,,,18,000,00000,Indiana,2021,621493,Freestanding Ambulatory Surgical and Emergency Centers,2,2,94.0286726328,464.951690192,0.0,203.217565012,2953.28730419,4.78064342674,0.216041717157,46.8826690842
2,1,    621 - Ambulatory Care,,,18,000,00000,Indiana,2021,621498,All Other Outpatient Care Centers,2,2,70.3594376112,266.397518566,0.0,104.666339585,2484.70413774,2.36272841876,0.160741531613,32.1044955447
2,1,    621 - Ambulatory Care,,,18,000,00000,Indiana,2021,621511,Medical Laboratories,2,2,269.170967189,759.747306287,3.00610625331,350.077190643,4151.23398529,10.3344389869,0.262207586975,82.9909620688
2,1,    621 - Ambulatory Care,,,18,000,00000,Indiana,2021,621512,Diagnostic Imaging Centers,2,2,37.3396102324,93.6900435568,0.0,39.9724114741,689.349913762,0.0,0.214223318774,16.9327893216
2,1,    621 - Ambulatory Care,,,18,000,00000,Indiana,2021,621610,Home Health Care Services,2,2,587.117533084,4796.45893223,15.4491793131,725.635042862,16221.8139309,44.9190701234,0.286705431245,350.702833021
2,1,    621 - Ambulatory Care,,,18,000,00000,Indiana,2021,621910,Ambulance Services,2,2,33.9742040721,273.091310084,2.59042953862,144.34045397,2362.82539727,7.81197534333,0.174083420373,36.2185912741
2,1,    621 - Ambulatory Care,,,18,000,00000,Indiana,2021,621991,Blood and Organ Banks,2,2,38.1079283949,349.392542564,2.34041919538,117.697412917,1799.65627741,5.37633995719,0.23590626229,42.7111458728
2,1,    621 - Ambulatory Care,,,18,000,00000,Indiana,2021,621999,All Other Miscellaneous Ambulatory Health Care Services,2,2,13.0979449259,99.221079891,0.0,35.0799732031,705.667164123,0.535024320304,0.18584879115,13.150783505
2,1,    621 - Ambulatory Care,,,18,000,00000,Indiana,2022,621111,Offices of Physicians (except Mental Health Specialists),2,2,2444.5776989,4883.99041985,17.7490789334,3129.16359709,45646.3714358,83.0883561822,0.197833688722,698.934325492
2,1,    621 - Ambulatory Care,,,18,000,00000,Indiana,2022,621112,"Offices of Physicians, Mental Health Specialists",2,2,28.7654207501,54.4190394459,0.0,29.626503951,643.752588745,0.0,0.156900314718,6.99098280881
2,1,    621 - Ambulatory Care,,,18,000,00000,Indiana,2022,621210,Offices of Dentists,2,2,455.212920407,789.734245285,10.3955079147,1314.06930816,17205.3505771,27.1688692679,0.142635246986,265.782478479
2,1,    621 - Ambulatory Care,,,18,000,00000,Indiana,2022,621310,Offices of Chiropractors,2,2,69.1642037695,159.23468416,0.0,110.615032749,2518.12945747,0.666455505262,0.128561888008,31.8152846616
2,1,    621 - Ambulatory Care,,,18,000,00000,Indiana,2022,621320,Offices of Optometrists,2,2,109.501949515,231.830131617,0.704873108956,171.3883872,3673.59909362,1.32138416235,0.13333454929,50.428312838
2,1,    621 - Ambulatory Care,,,18,000,00000,Indiana,2022,621330,Offices of Mental Health Practitioners (except Physicians),2,2,149.511871824,417.305619277,2.18006302477,228.255720695,4076.94384249,5.50133270087,0.177406837551,76.5108021414
2,1,    621 - Ambulatory Care,,,18,000,00000,Indiana,2022,621340,"Offices of Physical, Occupational and Speech Therapists, and Audiologists",2,2,397.656468051,906.643917462,5.38079476122,542.850864816,10948.3022545,18.4400462275,0.158178156663,186.211721292
2,1,    621 - Ambulatory Care,,,18,000,00000,Indiana,2022,621391,Offices of Podiatrists,2,2,17.0499952106,45.6388099617,0.0,23.5666817688,548.884589313,0.0,0.143244443755,5.51475850262
2,1,    621 - Ambulatory Care,,,18,000,00000,Indiana,2022,621399,Offices of All Other Miscellaneous Health Practitioners,2,2,29.0222887143,75.5124450483,0.0,40.4602777047,937.88194551,0.0,0.143807023954,12.532573058
2,1,    621 - Ambulatory Care,,,18,000,00000,Indiana,2022,621410,Family Planning Centers,2,2,8.12466945353,46.1392774899,0.0,15.2741276637,340.928938207,0.0,0.175639609482,3.10081762554
2,1,    621 - Ambulatory Care,,,18,000,00000,Indiana,2022,621420,Outpatient Mental Health and Substance Abuse Centers,2,2,190.272832079,915.072811726,4.13212106573,424.301556159,7474.56249962,18.4234680699,0.183275001632,125.106534178
2,1,    621 - Ambulatory Care,,,18,000,00000,Indiana,2022,621491,HMO Medical Centers,2,2,26.9903329603,122.915149689,0.0,36.053916079,559.467704909,1.16741770699,0.261916151959,11.4056793025
2,1,    621 - Ambulatory Care,,,18,000,00000,Indiana,2022,621492,Kidney Dialysis Centers,2,2,59.5790867515,336.917361276,0.0,139.148193646,2023.09973271,2.52262115742,0.220783554296,35.0587671711
2,1,    621 - Ambulatory Care,,,18,000,00000,Indiana,2022,621493,Freestanding Ambulatory Surgical and Emergency Centers,2,2,87.8794122385,454.608604811,0.0,191.232090029,2825.65069434,6.47390466768,0.217086352048,43.3026139679
2,1,    621 - Ambulatory Care,,,18,000,00000,Indiana,2022,621498,All Other Outpatient Care Centers,2,2,68.0604444236,253.867821785,0.0,106.924684083,2126.69390769,2.12078323353,0.177694696124,28.5906471181
2,1,    621 - Ambulatory Care,,,18,000,00000,Indiana,2022,621511,Medical Laboratories,2,2,241.751252963,740.863632099,3.66206937562,356.40588911,3898.89350865,10.4286599789,0.267904482356,73.65730194
2,1,    621 - Ambulatory Care,,,18,000,00000,Indiana,2022,621512,Diagnostic Imaging Centers,2,2,37.8155471558,88.0897567337,0.0,37.1616666493,705.11221821,0.0,0.199136379048,12.2606261745
2,1,    621 - Ambulatory Care,,,18,000,00000,Indiana,2022,621610,Home Health Care Services,2,2,635.182277905,4977.07884508,15.3120082272,790.463662694,16056.4151731,44.959547439,0.297619767387,340.592835854
2,1,    621 - Ambulatory Care,,,18,000,00000,Indiana,2022,621910,Ambulance Services,2,2,26.2985774107,256.515905651,2.02907602919,129.573285958,2067.9488682,4.93495719804,0.18104307557,37.8002310897
2,1,    621 - Ambulatory Care,,,18,000,00000,Indiana,2022,621991,Blood and Organ Banks,2,2,27.7067272883,346.461154098,1.65084103403,119.084863235,1740.96541132,4.76238432237,0.238195007467,44.6849770669
2,1,    621 - Ambulatory Care,,,18,000,00000,Indiana,2022,621999,All Other Miscellaneous Ambulatory Health Care Services,2,2,18.769002658,154.311338812,0.611852912105,56.9460336597,919.145480487,0.829070889091,0.211829410529,15.5630367898
2,1,    621 - Ambulatory Care,,,18,000,00000,Indiana,2023,621111,Offices of Physicians (except Mental Health Specialists),2,2,2532.22618961,5214.9203673600005,19.011252209,3370.10467532,46432.9368119,88.6663531841,0.205193412408,762.557050468
2,1,    621 - Ambulatory Care,,,18,000,00000,Indiana,2023,621112,"Offices of Physicians, Mental Health Specialists",2,2,38.8888314309,73.3690094633,0.0,49.8459224557,843.376520099,0.0,0.168586390732,8.90835620961
2,1,    621 - Ambulatory Care,,,18,000,00000,Indiana,2023,621210,Offices of Dentists,2,2,487.639919663,843.142756815,8.51698294098,1447.06236039,17412.0303269,29.380625165,0.151375889893,290.180877803
2,1,    621 - Ambulatory Care,,,18,000,00000,Indiana,2023,621310,Offices of Chiropractors,2,2,67.9485611255,166.61406524,0.0,119.45006464,2477.77039507,0.574933885499,0.135994757911,35.4143897076
2,1,    621 - Ambulatory Care,,,18,000,00000,Indiana,2023,621320,Offices of Optometrists,2,2,109.413154091,232.877123046,0.843971264716,182.855270299,3596.30464467,1.06811726346,0.139121307848,54.1190270767
2,1,    621 - Ambulatory Care,,,18,000,00000,Indiana,2023,621330,Offices of Mental Health Practitioners (except Physicians),2,2,174.600839894,501.132591947,2.51675003191,294.752013583,4735.81990777,7.57509806698,0.185477732969,97.8329302281
2,1,    621 - Ambulatory Care,,,18,000,00000,Indiana,2023,621340,"Offices of Physical, Occupational and Speech Therapists, and Audiologists",2,2,438.451220351,955.606519555,6.75312301393,665.994548426,11584.5873292,24.0197827965,0.166224520754,218.720390799
2,1,    621 - Ambulatory Care,,,18,000,00000,Indiana,2023,621391,Offices of Podiatrists,2,2,15.5064715721,44.1146867602,0.0,27.7724802097,521.691680596,0.0,0.150962223401,5.36517408469
2,1,    621 - Ambulatory Care,,,18,000,00000,Indiana,2023,621399,Offices of All Other Miscellaneous Health Practitioners,2,2,33.473022313,88.3089801033,0.0,56.1210805933,1071.12308929,0.0,0.152863100476,15.3775974952
2,1,    621 - Ambulatory Care,,,18,000,00000,Indiana,2023,621410,Family Planning Centers,2,2,9.32422813965,54.7364400565,0.0,17.7132402366,360.962694962,0.0,0.188334447385,1.98190634011
2,1,    621 - Ambulatory Care,,,18,000,00000,Indiana,2023,621420,Outpatient Mental Health and Substance Abuse Centers,2,2,208.670929726,977.235630408,3.3078782124,455.354822346,7787.2926092,16.1634716622,0.187490288,136.22023015
2,1,    621 - Ambulatory Care,,,18,000,00000,Indiana,2023,621491,HMO Medical Centers,2,2,27.4974538774,128.101549796,0.573781115024,36.7374984019,547.381961243,0.906492517304,0.272349258917,11.0604587567
2,1,    621 - Ambulatory Care,,,18,000,00000,Indiana,2023,621492,Kidney Dialysis Centers,2,2,64.5969945755,341.921355301,0.694491542438,138.118347743,1924.61306661,2.37892104256,0.23097532786,30.3443400214
2,1,    621 - Ambulatory Care,,,18,000,00000,Indiana,2023,621493,Freestanding Ambulatory Surgical and Emergency Centers,2,2,93.7566651068,480.078938488,0.0,200.257587317,2904.4957122,6.96817992157,0.221827973408,46.9025954785
2,1,    621 - Ambulatory Care,,,18,000,00000,Indiana,2023,621498,All Other Outpatient Care Centers,2,2,77.3706651952,294.619474485,0.0,118.49979258,2254.15972884,2.97158585605,0.18874394428,30.9832552185
2,1,    621 - Ambulatory Care,,,18,000,00000,Indiana,2023,621511,Medical Laboratories,2,2,220.220856323,741.843268073,3.68592518563,361.21356251,3886.49533606,11.3871541012,0.267601154846,81.6823853022
2,1,    621 - Ambulatory Care,,,18,000,00000,Indiana,2023,621512,Diagnostic Imaging Centers,2,2,36.1898263577,93.3580616934,0.0,44.9698618708,770.396769402,0.532644703898,0.200005806163,17.5557869149
2,1,    621 - Ambulatory Care,,,18,000,00000,Indiana,2023,621610,Home Health Care Services,2,2,871.895068025,6652.62957934,21.3858854239,1016.37756388,18715.2472206,59.3324464473,0.327905597133,509.290663997
2,1,    621 - Ambulatory Care,,,18,000,00000,Indiana,2023,621910,Ambulance Services,2,2,24.6392646473,250.052352981,0.0,129.614739693,1808.22199117,3.39821301818,0.196745874911,35.1941420054
2,1,    621 - Ambulatory Care,,,18,000,00000,Indiana,2023,621991,Blood and Organ Banks,2,2,30.3020951842,355.858428616,1.3408881133,122.885045245,1680.89294114,3.4354418731,0.249175388342,44.0143051459
2,1,    621 - Ambulatory Care,,,18,000,00000,Indiana,2023,621999,All Other Miscellaneous Ambulatory Health Care Services,2,2,15.3129590142,181.122877048,0.547845640782,65.9834649029,976.535435284,0.705743158807,0.234515171657,35.5000876149
2,1,    621 - Ambulatory Care,,,18,000,00000,Indiana,2024,621111,Offices of Physicians (except Mental Health Specialists),2,2,2572.28211639,5449.00720208,24.2037034682,3596.47089913,46861.6357296,92.7999326969,0.21142545664,829.353028368
2,1,    621 - Ambulatory Care,,,18,000,00000,Indiana,2024,621112,"Offices of Physicians, Mental Health Specialists",2,2,45.2045765365,83.6078624191,0.0,58.2323001124,1030.34365926,0.0,0.161890608057,11.9781606966
2,1,    621 - Ambulatory Care,,,18,000,00000,Indiana,2024,621210,Offices of Dentists,2,2,531.28964004,910.860777818,9.01676019463,1544.56878861,17538.5596105,32.0878392119,0.159801834743,307.929734664
2,1,    621 - Ambulatory Care,,,18,000,00000,Indiana,2024,621310,Offices of Chiropractors,2,2,68.3778602821,174.306418877,0.558409959479,130.145378971,2469.87187663,1.14696177452,0.143456242474,39.1257267536
2,1,    621 - Ambulatory Care,,,18,000,00000,Indiana,2024,621320,Offices of Optometrists,2,2,109.316194093,245.329744974,1.36155730492,195.487866031,3612.47243614,1.0569323444,0.144846977136,59.3331788149
2,1,    621 - Ambulatory Care,,,18,000,00000,Indiana,2024,621330,Offices of Mental Health Practitioners (except Physicians),2,2,193.236627872,566.338975531,2.23262031727,352.552328757,5355.78495223,8.1136375931,0.18790855242,116.792398
2,1,    621 - Ambulatory Care,,,18,000,00000,Indiana,2024,621340,"Offices of Physical, Occupational and Speech Therapists, and Audiologists",2,2,454.860288583,1052.48527028,7.80278695097,732.101330683,12036.81165,23.7720847869,0.173120622581,249.080183022
2,1,    621 - Ambulatory Care,,,18,000,00000,Indiana,2024,621391,Offices of Podiatrists,2,2,13.8246633855,43.4400093655,0.0,26.0664049839,487.682579168,0.0,0.154337566306,5.67339899193
2,1,    621 - Ambulatory Care,,,18,000,00000,Indiana,2024,621399,Offices of All Other Miscellaneous Health Practitioners,2,2,36.2997711828,102.947031997,0.0,68.5490911257,1178.90656822,0.509526423972,0.161625253581,18.968926275
2,1,    621 - Ambulatory Care,,,18,000,00000,Indiana,2024,621410,Family Planning Centers,2,2,10.9538481467,61.7863954081,0.0,19.7861589591,377.306196407,0.0,0.202392855524,3.21506498232
2,1,    621 - Ambulatory Care,,,18,000,00000,Indiana,2024,621420,Outpatient Mental Health and Substance Abuse Centers,2,2,217.846586076,1017.49858002,3.26539776177,489.88963036,7836.13531582,17.7609960812,0.19425036131,142.876630293
2,1,    621 - Ambulatory Care,,,18,000,00000,Indiana,2024,621491,HMO Medical Centers,2,2,37.6480537442,165.529258708,0.874255617493,51.041248366,719.602697105,1.38146563466,0.272983196211,13.7250355158
2,1,    621 - Ambulatory Care,,,18,000,00000,Indiana,2024,621492,Kidney Dialysis Centers,2,2,59.9799504527,313.127663031,0.552756518378,136.634695117,1897.25007154,2.24613650881,0.221463097234,27.1517475146
2,1,    621 - Ambulatory Care,,,18,000,00000,Indiana,2024,621493,Freestanding Ambulatory Surgical and Emergency Centers,2,2,99.6633620593,496.083877682,0.584349047627,214.510247316,2986.05559473,7.1249166411,0.225391443715,50.8996908868
2,1,    621 - Ambulatory Care,,,18,000,00000,Indiana,2024,621498,All Other Outpatient Care Centers,2,2,78.6165994407,285.295745446,0.573946690653,127.272379336,2001.59499061,3.65235422281,0.207951889527,30.1068756861
2,1,    621 - Ambulatory Care,,,18,000,00000,Indiana,2024,621511,Medical Laboratories,2,2,222.09860264,758.346236215,4.13167515255,369.511534117,3886.22288298,10.3503579988,0.271615255997,84.7372279207
2,1,    621 - Ambulatory Care,,,18,000,00000,Indiana,2024,621512,Diagnostic Imaging Centers,2,2,33.3059485485,94.3160580872,0.0,46.4323049089,732.649082038,0.0,0.205747293167,15.7348628246
2,1,    621 - Ambulatory Care,,,18,000,00000,Indiana,2024,621610,Home Health Care Services,2,2,1092.67481112,8481.21248384,26.1673693822,1303.76083864,22576.1235796,78.293474454,0.340463920635,672.076118917
2,1,    621 - Ambulatory Care,,,18,000,00000,Indiana,2024,621910,Ambulance Services,2,2,34.4377248036,271.443598826,0.0,138.591927382,1874.97958566,4.4745431556,0.209702014026,48.5696009778
2,1,    621 - Ambulatory Care,,,18,000,00000,Indiana,2024,621991,Blood and Organ Banks,2,2,34.0714098656,363.901065139,0.983800968384,122.063598662,1664.5514623,3.38738783372,0.257339211036,52.3760636498
2,1,    621 - Ambulatory Care,,,18,000,00000,Indiana,2024,621999,All Other Miscellaneous Ambulatory Health Care Services,2,2,20.1191671467,207.678660573,0.0,77.6432297651,1085.78012038,0.726385269577,0.238442318923,33.7883297071
2,2,    622 - Hospitals,,,0,000,00000,United States,2020,622110,General Medical and Surgical Hospitals,2,2,382065.361356,653269.911797,6592.36159226,515366.245611,3112507.33373,19545.1968633,0.346118785059,70703.6755315
2,2,    622 - Hospitals,,,0,000,00000,United States,2020,622210,Psychiatric and Substance Abuse Hospitals,2,2,6291.11823932,32230.8734826,217.936285374,12740.2986652,70425.4667661,456.378988138,0.434483200566,2170.86246852
2,2,    622 - Hospitals,,,0,000,00000,United States,2020,622310,Specialty (except Psychiatric and Substance Abuse) Hospitals,2,2,21513.3121152,43107.6046717,384.321618418,27255.9503722,141840.16806,634.298488567,0.405145992843,3709.68815892
2,2,    622 - Hospitals,,,0,000,00000,United States,2021,622110,General Medical and Surgical Hospitals,2,2,388619.936315,644703.993652,6788.8354148,530830.692881,3099337.23481,20261.5690229,0.349391713575,73210.8278629
2,2,    622 - Hospitals,,,0,000,00000,United States,2021,622210,Psychiatric and Substance Abuse Hospitals,2,2,6371.42759218,31825.883075,215.219468841,13525.4077236,68328.5891828,475.589547586,0.444334255512,2224.95464047
2,2,    622 - Hospitals,,,0,000,00000,United States,2021,622310,Specialty (except Psychiatric and Substance Abuse) Hospitals,2,2,22613.2250003,42599.3263629,409.039990132,28377.8700304,141068.421903,632.052964474,0.411111058309,3850.19267109
2,2,    622 - Hospitals,,,0,000,00000,United States,2022,622110,General Medical and Surgical Hospitals,2,2,399123.042351,657522.213953,7144.91043057,559062.002297,3064876.45532,21101.0676502,0.359509631842,76373.345691
2,2,    622 - Hospitals,,,0,000,00000,United States,2022,622210,Psychiatric and Substance Abuse Hospitals,2,2,6494.45865146,32879.865831,220.58536029,14024.4721963,67799.0048889,510.923175386,0.455037113315,2481.00580133
2,2,    622 - Hospitals,,,0,000,00000,United States,2022,622310,Specialty (except Psychiatric and Substance Abuse) Hospitals,2,2,23520.3729435,43913.0556721,409.670592623,30244.4843004,141972.186631,682.752417956,0.419958918248,4019.77290268
2,2,    622 - Hospitals,,,0,000,00000,United States,2023,622110,General Medical and Surgical Hospitals,2,2,416346.865653,702109.040294,7698.86224512,602859.260172,3122012.2963,22390.1194789,0.369950246362,81767.2985274
2,2,    622 - Hospitals,,,0,000,00000,United States,2023,622210,Psychiatric and Substance Abuse Hospitals,2,2,6680.38198623,34997.0417244,237.838925134,14594.9937734,68345.5024334,553.364832944,0.46566626042,2498.76865984
2,2,    622 - Hospitals,,,0,000,00000,United States,2023,622310,Specialty (except Psychiatric and Substance Abuse) Hospitals,2,2,26249.4182944,47020.5234187,473.57079988,34779.3531313,147337.479393,768.526270194,0.435619234839,4431.5483385
2,2,    622 - Hospitals,,,0,000,00000,United States,2024,622110,General Medical and Surgical Hospitals,2,2,432329.889584,738430.033937,8097.74574809,636214.531397,3195517.28678,23295.2471523,0.375906637699,86370.470488
2,2,    622 - Hospitals,,,0,000,00000,United States,2024,622210,Psychiatric and Substance Abuse Hospitals,2,2,7006.79749229,36969.5968739,246.946577817,15765.3206193,70549.2234483,558.119223401,0.472460149871,2636.4966009
2,2,    622 - Hospitals,,,0,000,00000,United States,2024,622310,Specialty (except Psychiatric and Substance Abuse) Hospitals,2,2,28567.3047004,49742.4362487,538.615914432,38230.1011578,153753.098695,850.364398243,0.444022242714,4863.49222285
2,2,    622 - Hospitals,,,00,000,14020,Bloomington MSA,2020,622110,General Medical and Surgical Hospitals,2,2,45.7094431494,96.8643779177,1.48483144055,61.9457801248,2665.99533039,5.43945472778,0.0820211013315,26.7618856269
2,2,    622 - Hospitals,,,00,000,14020,Bloomington MSA,2020,622210,Psychiatric and Substance Abuse Hospitals,2,2,2.00638044009,3.94982118916,0.0,1.41632107907,103.34960437,1.05453913338,0.0892918683826,1.70601916463
2,2,    622 - Hospitals,,,00,000,14020,Bloomington MSA,2020,622310,Specialty (except Psychiatric and Substance Abuse) Hospitals,2,2,8.06871187719,10.6260793349,0.0,5.04102063478,256.921129544,0.965966906093,0.0981842825091,3.27025175882
2,2,    622 - Hospitals,,,00,000,14020,Bloomington MSA,2021,622110,General Medical and Surgical Hospitals,2,2,48.3169576351,85.6029963472,0.984279340865,62.3839147428,2480.49444794,4.48203499826,0.0858282045082,31.11425486
2,2,    622 - Hospitals,,,00,000,14020,Bloomington MSA,2021,622210,Psychiatric and Substance Abuse Hospitals,2,2,2.4595671982,6.72059056302,0.0,2.893882645,96.8894232523,2.96833098302,0.174718367871,5.46985284499
2,2,    622 - Hospitals,,,00,000,14020,Bloomington MSA,2021,622310,Specialty (except Psychiatric and Substance Abuse) Hospitals,2,2,7.85348745792,9.06636924389,0.0,3.51592921391,256.219133519,0.749433142965,0.0791740077797,0.844888520785
2,2,    622 - Hospitals,,,00,000,14020,Bloomington MSA,2022,622110,General Medical and Surgical Hospitals,2,2,50.8791562606,93.1117625335,2.15958196249,71.8336098263,2504.76726349,5.77548130362,0.0929214231229,32.8295776174
2,2,    622 - Hospitals,,,00,000,14020,Bloomington MSA,2022,622210,Psychiatric and Substance Abuse Hospitals,2,2,3.46157268833,9.86214151401,0.0,3.7461673003,127.41563028,1.61564686336,0.149684366429,3.74394033784
2,2,    622 - Hospitals,,,00,000,14020,Bloomington MSA,2022,622310,Specialty (except Psychiatric and Substance Abuse) Hospitals,2,2,7.97691573723,8.47168766283,0.0,4.55535683032,219.319470358,0.875371843619,0.0978901377799,1.91955769575
2,2,    622 - Hospitals,,,00,000,14020,Bloomington MSA,2023,622110,General Medical and Surgical Hospitals,2,2,56.8879378525,126.317182184,3.11213832298,85.0143722869,2578.48584201,7.10650736807,0.108434806852,35.1649685211
2,2,    622 - Hospitals,,,00,000,14020,Bloomington MSA,2023,622210,Psychiatric and Substance Abuse Hospitals,2,2,8.58545151858,14.5942503038,0.0,4.1722309543,170.557813004,1.35849458292,0.156137945739,2.84751083374
2,2,    622 - Hospitals,,,00,000,14020,Bloomington MSA,2023,622310,Specialty (except Psychiatric and Substance Abuse) Hospitals,2,2,13.9959435106,9.59049292353,0.0,8.36643022385,299.851152871,0.521648413069,0.106888640551,3.41203116849
2,2,    622 - Hospitals,,,00,000,14020,Bloomington MSA,2024,622110,General Medical and Surgical Hospitals,2,2,63.2675998248,138.516841241,2.15622268003,84.5634351786,2543.2175997,7.63821626819,0.117378666819,42.0768962181
2,2,    622 - Hospitals,,,00,000,14020,Bloomington MSA,2024,622210,Psychiatric and Substance Abuse Hospitals,2,2,7.61400718618,13.5160415563,0.0,4.47304038721,195.341787851,0.754618756408,0.13914429449,5.21633533745
2,2,    622 - Hospitals,,,00,000,14020,Bloomington MSA,2024,622310,Specialty (except Psychiatric and Substance Abuse) Hospitals,2,2,14.0081245794,8.40986389914,0.0,8.42732482464,322.495575194,1.22627718025,0.0975504510246,2.7886284057
2,2,    622 - Hospitals,,,00,000,16980,Chicago-Naperville-Elgin MSA,2020,622110,General Medical and Surgical Hospitals,2,2,21074.232242,27767.5442184,106.707440022,23845.2614025,92307.9964265,145.636952515,0.447399366147,1795.49237457
2,2,    622 - Hospitals,,,00,000,16980,Chicago-Naperville-Elgin MSA,2020,622210,Psychiatric and Substance Abuse Hospitals,2,2,403.593103503,780.896192268,1.38097631895,475.554146354,1583.58712938,3.98039383162,0.519183657104,44.5465430046
2,2,    622 - Hospitals,,,00,000,16980,Chicago-Naperville-Elgin MSA,2020,622310,Specialty (except Psychiatric and Substance Abuse) Hospitals,2,2,426.106810875,1094.92328858,3.39846573012,528.746386426,2200.17993051,7.34065832771,0.489217027587,46.7697615341
2,2,    622 - Hospitals,,,00,000,16980,Chicago-Naperville-Elgin MSA,2021,622110,General Medical and Surgical Hospitals,2,2,20952.8826928,27099.5555122,111.835065712,25034.6337803,89688.9337561,149.573662081,0.456151643564,1877.92028308
2,2,    622 - Hospitals,,,00,000,16980,Chicago-Naperville-Elgin MSA,2021,622210,Psychiatric and Substance Abuse Hospitals,2,2,419.124225728,772.676972513,2.44972728039,496.479214465,1589.56780591,3.39451057757,0.521996964419,41.7420859643
2,2,    622 - Hospitals,,,00,000,16980,Chicago-Naperville-Elgin MSA,2021,622310,Specialty (except Psychiatric and Substance Abuse) Hospitals,2,2,441.636849702,1017.80536368,2.5498873217,554.521486644,2249.37893411,7.17905816084,0.480829383312,59.5675602147
2,2,    622 - Hospitals,,,00,000,16980,Chicago-Naperville-Elgin MSA,2022,622110,General Medical and Surgical Hospitals,2,2,21236.0685608,26793.4110951,124.564854063,26374.6530676,87611.2466269,156.270388532,0.466512269236,1927.33090728
2,2,    622 - Hospitals,,,00,000,16980,Chicago-Naperville-Elgin MSA,2022,622210,Psychiatric and Substance Abuse Hospitals,2,2,414.710487906,797.773844081,2.01485623927,527.331324615,1483.16850306,3.160041168,0.546259273339,40.5986627278
2,2,    622 - Hospitals,,,00,000,16980,Chicago-Naperville-Elgin MSA,2022,622310,Specialty (except Psychiatric and Substance Abuse) Hospitals,2,2,459.430123476,992.153474154,2.2613206107,560.336148719,2284.80939278,5.06408305944,0.476510439002,60.5203465713
2,2,    622 - Hospitals,,,00,000,16980,Chicago-Naperville-Elgin MSA,2023,622110,General Medical and Surgical Hospitals,2,2,22159.2524828,29364.975916,138.779779625,28939.9515514,90757.8492441,188.188912982,0.477475018498,2141.93069457
2,2,    622 - Hospitals,,,00,000,16980,Chicago-Naperville-Elgin MSA,2023,622210,Psychiatric and Substance Abuse Hospitals,2,2,431.160278111,873.619241482,1.65222704611,552.03942413,1420.27422394,2.29889867026,0.571968074486,37.1059175706
2,2,    622 - Hospitals,,,00,000,16980,Chicago-Naperville-Elgin MSA,2023,622310,Specialty (except Psychiatric and Substance Abuse) Hospitals,2,2,488.946185409,1037.1109405,3.55959783974,599.964509651,2441.39402713,7.09535279814,0.474817469966,70.5874960209
2,2,    622 - Hospitals,,,00,000,16980,Chicago-Naperville-Elgin MSA,2024,622110,General Medical and Surgical Hospitals,2,2,22586.9458897,30971.5587407,146.577390956,30728.858814,92523.7530536,210.75270159,0.484420050766,2287.23858699
2,2,    622 - Hospitals,,,00,000,16980,Chicago-Naperville-Elgin MSA,2024,622210,Psychiatric and Substance Abuse Hospitals,2,2,453.9567411,906.190972764,2.07648716908,595.798488705,1462.647902,2.01214664875,0.577948335996,42.8832734273
2,2,    622 - Hospitals,,,00,000,16980,Chicago-Naperville-Elgin MSA,2024,622310,Specialty (except Psychiatric and Substance Abuse) Hospitals,2,2,524.913648269,1129.1589195,4.65617324574,667.827466223,2584.56542971,6.590813141,0.483178637911,83.1749344098
2,2,    622 - Hospitals,,,00,000,17140,Cincinnati MSA,2020,622110,General Medical and Surgical Hospitals,2,2,1611.46491159,6154.30833362,22.9635856326,947.852133235,40679.5377031,44.5081702679,0.187381797435,599.205779849
2,2,    622 - Hospitals,,,00,000,17140,Cincinnati MSA,2020,622210,Psychiatric and Substance Abuse Hospitals,2,2,17.5628966258,159.814097584,1.11785597347,19.5676827311,640.271085842,0.906236327377,0.250972183903,15.5629600891
2,2,    622 - Hospitals,,,00,000,17140,Cincinnati MSA,2020,622310,Specialty (except Psychiatric and Substance Abuse) Hospitals,2,2,37.0978465867,315.115623009,0.768669467305,25.0484854153,1164.92893603,0.69153475828,0.253974289881,17.8620271756
2,2,    622 - Hospitals,,,00,000,17140,Cincinnati MSA,2021,622110,General Medical and Surgical Hospitals,2,2,1638.76347254,5853.56683033,21.3999262788,1047.8311163,41143.6644741,53.4958029539,0.183465495796,629.430087247
2,2,    622 - Hospitals,,,00,000,17140,Cincinnati MSA,2021,622210,Psychiatric and Substance Abuse Hospitals,2,2,16.5516096233,180.512003186,0.693585128656,22.6023762536,830.987133703,0.564561087756,0.222300725041,16.6086081211
2,2,    622 - Hospitals,,,00,000,17140,Cincinnati MSA,2021,622310,Specialty (except Psychiatric and Substance Abuse) Hospitals,2,2,39.7881271087,335.57624583,0.590991094754,17.9863589259,1137.79629317,0.0,0.264353123106,14.9229280104
2,2,    622 - Hospitals,,,00,000,17140,Cincinnati MSA,2022,622110,General Medical and Surgical Hospitals,2,2,1742.46535423,5548.88688609,25.1665712893,1134.27656685,41109.2249488,57.9672253707,0.181983462127,636.772645352
2,2,    622 - Hospitals,,,00,000,17140,Cincinnati MSA,2022,622210,Psychiatric and Substance Abuse Hospitals,2,2,17.0979846833,192.098350356,0.519658019263,21.1725566308,866.612421775,2.11725925826,0.225076996386,18.7024511172
2,2,    622 - Hospitals,,,00,000,17140,Cincinnati MSA,2022,622310,Specialty (except Psychiatric and Substance Abuse) Hospitals,2,2,41.5811276931,334.140768927,0.0,20.2886144443,1029.99220317,0.0,0.284153059864,12.8414651864
2,2,    622 - Hospitals,,,00,000,17140,Cincinnati MSA,2023,622110,General Medical and Surgical Hospitals,2,2,1935.26463893,6336.6079797,27.7499504145,1292.81105063,41223.0245095,64.5896176311,0.2013561085,736.229480426
2,2,    622 - Hospitals,,,00,000,17140,Cincinnati MSA,2023,622210,Psychiatric and Substance Abuse Hospitals,2,2,14.5981971421,214.4413863,0.0,12.8018425936,875.1641527,1.92339658253,0.231223366618,19.456499341
2,2,    622 - Hospitals,,,00,000,17140,Cincinnati MSA,2023,622310,Specialty (except Psychiatric and Substance Abuse) Hospitals,2,2,51.4330277101,285.68428105,1.32920874667,25.7323935895,981.936938082,0.51093320977,0.280774305551,18.6427646551
2,2,    622 - Hospitals,,,00,000,17140,Cincinnati MSA,2024,622110,General Medical and Surgical Hospitals,2,2,2074.06125535,6659.46389224,27.6953713913,1422.08207346,41888.8221022,71.9025566048,0.208343903519,768.8755716
2,2,    622 - Hospitals,,,00,000,17140,Cincinnati MSA,2024,622210,Psychiatric and Substance Abuse Hospitals,2,2,15.4837706741,200.932610942,0.0,20.7285553557,911.208054578,1.10194105448,0.221830967825,21.5092370066
2,2,    622 - Hospitals,,,00,000,17140,Cincinnati MSA,2024,622310,Specialty (except Psychiatric and Substance Abuse) Hospitals,2,2,64.0828071,387.382864381,0.777767591971,27.8619301676,1136.51730103,1.60178884446,0.307638965828,23.2851651077
2,2,    622 - Hospitals,,,00,000,18020,Columbus MSA,2020,622110,General Medical and Surgical Hospitals,2,2,0.0,0.0,0.0,0.0,32.5640675307,0.0,0.0,0.0
2,2,    622 - Hospitals,,,00,000,18020,Columbus MSA,2020,622210,Psychiatric and Substance Abuse Hospitals,2,2,1.37918500766,4.39514654788,0.0,2.02070573648,50.1645050469,0.0,0.134491008339,0.0
2,2,    622 - Hospitals,,,00,000,18020,Columbus MSA,2020,622310,Specialty (except Psychiatric and Substance Abuse) Hospitals,2,2,0.0,0.542065892832,0.0,0.0,18.297764607,0.0,0.0287723338507,0.0
2,2,    622 - Hospitals,,,00,000,18020,Columbus MSA,2021,622110,General Medical and Surgical Hospitals,2,2,0.0,0.0,0.0,0.0,62.3815510723,0.0,0.0,0.0
2,2,    622 - Hospitals,,,00,000,18020,Columbus MSA,2021,622210,Psychiatric and Substance Abuse Hospitals,2,2,1.93494076079,3.18613404256,0.0,2.33140709206,30.292723483,0.0,0.197441816005,0.0
2,2,    622 - Hospitals,,,00,000,18020,Columbus MSA,2021,622310,Specialty (except Psychiatric and Substance Abuse) Hospitals,2,2,0.0,0.701925979594,0.0,0.0,6.50446296184,0.0,0.0974032882902,0.0
2,2,    622 - Hospitals,,,00,000,18020,Columbus MSA,2022,622110,General Medical and Surgical Hospitals,2,2,0.0,0.0,0.0,0.0,38.7158586379,0.0,0.0,0.0
2,2,    622 - Hospitals,,,00,000,18020,Columbus MSA,2022,622210,Psychiatric and Substance Abuse Hospitals,2,2,2.29225612811,3.5552273075,0.0,3.27546804191,49.4272083537,0.0,0.170588691075,1.04296100258
2,2,    622 - Hospitals,,,00,000,18020,Columbus MSA,2022,622310,Specialty (except Psychiatric and Substance Abuse) Hospitals,2,2,0.0,0.0,0.0,0.0,7.21992255712,0.0,0.0,0.0
2,2,    622 - Hospitals,,,00,000,18020,Columbus MSA,2023,622110,General Medical and Surgical Hospitals,2,2,0.0,0.0,0.0,0.0,18.6081644439,0.0,0.0,0.0
2,2,    622 - Hospitals,,,00,000,18020,Columbus MSA,2023,622210,Psychiatric and Substance Abuse Hospitals,2,2,3.88245582903,3.90181999311,0.0,5.1473952535,47.0285401299,0.56420822924,0.24753503645,1.97488938096
2,2,    622 - Hospitals,,,00,000,18020,Columbus MSA,2023,622310,Specialty (except Psychiatric and Substance Abuse) Hospitals,2,2,0.0,0.0,0.0,0.0,29.777879446,0.0,0.0,0.0
2,2,    622 - Hospitals,,,00,000,18020,Columbus MSA,2024,622110,General Medical and Surgical Hospitals,2,2,0.0,0.0,0.0,0.0,10.087424336,0.0,0.0,0.0
2,2,    622 - Hospitals,,,00,000,18020,Columbus MSA,2024,622210,Psychiatric and Substance Abuse Hospitals,2,2,3.53112983196,5.45003278208,0.0,6.21043262511,59.5056728796,0.588311487687,0.232168298425,2.2127481619
2,2,    622 - Hospitals,,,00,000,18020,Columbus MSA,2024,622310,Specialty (except Psychiatric and Substance Abuse) Hospitals,2,2,0.633285889932,0.511815630302,0.0,0.0,37.9078730177,0.0,0.0293217490801,0.0
2,2,    622 - Hospitals,,,00,000,21140,Elkhart-Goshen MSA,2020,622110,General Medical and Surgical Hospitals,2,2,83.4315476333,156.575425554,0.547883266927,269.000646258,3005.70369682,1.73280079751,0.153622335156,34.2639243818
2,2,    622 - Hospitals,,,00,000,21140,Elkhart-Goshen MSA,2020,622210,Psychiatric and Substance Abuse Hospitals,2,2,6.83053220647,24.1193972211,0.0,15.7868619164,157.030867078,1.14677009009,0.25101272907,4.74316270825
2,2,    622 - Hospitals,,,00,000,21140,Elkhart-Goshen MSA,2020,622310,Specialty (except Psychiatric and Substance Abuse) Hospitals,2,2,0.0,0.0,0.0,0.0,0.0,0.0,0.0,0.0
2,2,    622 - Hospitals,,,00,000,21140,Elkhart-Goshen MSA,2021,622110,General Medical and Surgical Hospitals,2,2,91.6368883373,157.988611599,0.730163051936,290.958668006,2907.26890182,2.45082012348,0.1668803586,38.5834729842
2,2,    622 - Hospitals,,,00,000,21140,Elkhart-Goshen MSA,2021,622210,Psychiatric and Substance Abuse Hospitals,2,2,4.52614135287,14.6713197338,0.0,13.628298062,144.936453772,0.527679643984,0.201207694903,3.15458661617
2,2,    622 - Hospitals,,,00,000,21140,Elkhart-Goshen MSA,2021,622310,Specialty (except Psychiatric and Substance Abuse) Hospitals,2,2,0.0,0.0,0.0,0.0,0.0,0.0,0.0,0.0
2,2,    622 - Hospitals,,,00,000,21140,Elkhart-Goshen MSA,2022,622110,General Medical and Surgical Hospitals,2,2,92.7110059108,165.784163368,0.0,304.333824307,2873.316386,5.03666623275,0.176677651077,48.7224730598
2,2,    622 - Hospitals,,,00,000,21140,Elkhart-Goshen MSA,2022,622210,Psychiatric and Substance Abuse Hospitals,2,2,4.32560488772,17.5414218049,0.0,15.4693520571,140.574554883,0.680317288777,0.226296065716,3.099120103
2,2,    622 - Hospitals,,,00,000,21140,Elkhart-Goshen MSA,2022,622310,Specialty (except Psychiatric and Substance Abuse) Hospitals,2,2,0.0,0.0,0.0,0.0,0.0,0.0,0.0,0.0
2,2,    622 - Hospitals,,,00,000,21140,Elkhart-Goshen MSA,2023,622110,General Medical and Surgical Hospitals,2,2,92.8359867386,185.736120882,0.0,335.537956996,2834.30367951,5.83369927213,0.192435443342,55.4455664556
2,2,    622 - Hospitals,,,00,000,21140,Elkhart-Goshen MSA,2023,622210,Psychiatric and Substance Abuse Hospitals,2,2,5.07366296937,18.1291247553,0.0,18.8450711046,137.565220674,0.0,0.246686163868,3.00034676865
2,2,    622 - Hospitals,,,00,000,21140,Elkhart-Goshen MSA,2023,622310,Specialty (except Psychiatric and Substance Abuse) Hospitals,2,2,0.0,0.0,0.0,0.0,0.0,0.0,0.0,0.0
2,2,    622 - Hospitals,,,00,000,21140,Elkhart-Goshen MSA,2024,622110,General Medical and Surgical Hospitals,2,2,96.8525251648,186.835352036,0.0,362.728878255,2707.26784971,5.94954549436,0.20704331249,54.5092601389
2,2,    622 - Hospitals,,,00,000,21140,Elkhart-Goshen MSA,2024,622210,Psychiatric and Substance Abuse Hospitals,2,2,4.38409036931,20.0419639434,0.0,20.4206521806,147.63783606,0.0,0.252139839373,4.92915031691
2,2,    622 - Hospitals,,,00,000,21140,Elkhart-Goshen MSA,2024,622310,Specialty (except Psychiatric and Substance Abuse) Hospitals,2,2,0.0,0.0,0.0,0.0,0.0,0.0,0.0,0.0
2,2,    622 - Hospitals,,,00,000,21780,Evansville MSA,2020,622110,General Medical and Surgical Hospitals,2,2,138.139609934,340.079448538,2.75033753006,135.709030383,7433.35597523,6.51513155056,0.0863715858619,79.5327736033
2,2,    622 - Hospitals,,,00,000,21780,Evansville MSA,2020,622210,Psychiatric and Substance Abuse Hospitals,2,2,5.45974582771,17.9079150407,0.0,4.10132643161,184.424693221,0.0,0.141232063994,2.86130215656
2,2,    622 - Hospitals,,,00,000,21780,Evansville MSA,2020,622310,Specialty (except Psychiatric and Substance Abuse) Hospitals,2,2,4.38312369217,31.6079521369,0.0,2.47300086036,369.031615343,0.0,0.10426700066,4.49271926316
2,2,    622 - Hospitals,,,00,000,21780,Evansville MSA,2021,622110,General Medical and Surgical Hospitals,2,2,142.973608987,372.387987138,3.74224170993,145.940872879,7552.12081057,8.64458991696,0.0900772589687,73.9283940803
2,2,    622 - Hospitals,,,00,000,21780,Evansville MSA,2021,622210,Psychiatric and Substance Abuse Hospitals,2,2,4.33942326048,9.72165141496,0.0,4.63431466605,221.499661815,0.0,0.086037106502,2.1557744522
2,2,    622 - Hospitals,,,00,000,21780,Evansville MSA,2021,622310,Specialty (except Psychiatric and Substance Abuse) Hospitals,2,2,8.26593469421,27.4453900444,0.0,3.15690518159,312.531086352,1.00993276457,0.129809009313,6.74304016988
2,2,    622 - Hospitals,,,00,000,21780,Evansville MSA,2022,622110,General Medical and Surgical Hospitals,2,2,146.00491761,410.410224088,3.89386911024,164.980590671,7429.7557149,6.09154707752,0.0993955844538,88.60696041
2,2,    622 - Hospitals,,,00,000,21780,Evansville MSA,2022,622210,Psychiatric and Substance Abuse Hospitals,2,2,3.81416131686,14.3256401282,0.0,3.82211115485,244.831372939,0.0,0.0936944135899,3.34890116964
2,2,    622 - Hospitals,,,00,000,21780,Evansville MSA,2022,622310,Specialty (except Psychiatric and Substance Abuse) Hospitals,2,2,7.13117110647,20.2884826754,0.0,2.37491902047,288.852603014,0.633860331745,0.110997071929,5.63645725164
2,2,    622 - Hospitals,,,00,000,21780,Evansville MSA,2023,622110,General Medical and Surgical Hospitals,2,2,155.213768434,418.485466878,3.77864892382,176.899602741,7303.09017921,9.46237558476,0.105129729631,94.1301934685
2,2,    622 - Hospitals,,,00,000,21780,Evansville MSA,2023,622210,Psychiatric and Substance Abuse Hospitals,2,2,4.05990188575,17.189686713,0.0,7.58419097661,234.924011732,0.0,0.130191652443,6.32930591565
2,2,    622 - Hospitals,,,00,000,21780,Evansville MSA,2023,622310,Specialty (except Psychiatric and Substance Abuse) Hospitals,2,2,7.02200588264,9.28136948764,0.0,0.851775370376,202.814403402,0.0,0.0848415032131,1.64714298035
2,2,    622 - Hospitals,,,00,000,21780,Evansville MSA,2024,622110,General Medical and Surgical Hospitals,2,2,163.3051679,434.47035174,4.40055953774,186.839974031,7126.14624527,10.3689030517,0.112194663802,101.167844668
2,2,    622 - Hospitals,,,00,000,21780,Evansville MSA,2024,622210,Psychiatric and Substance Abuse Hospitals,2,2,5.61292324876,14.7975721456,0.0,6.46834567246,168.233164785,0.0,0.165520562091,6.49052279346
2,2,    622 - Hospitals,,,00,000,21780,Evansville MSA,2024,622310,Specialty (except Psychiatric and Substance Abuse) Hospitals,2,2,1.89413927776,6.21240074034,0.0,0.0,164.757174652,0.0,0.0468955560371,0.0
2,2,    622 - Hospitals,,,00,000,23060,Fort Wayne MSA,2020,622110,General Medical and Surgical Hospitals,2,2,358.188174043,873.757505754,8.88803163727,500.455736131,13611.6562787,25.724522014,0.126557193509,205.24226155
2,2,    622 - Hospitals,,,00,000,23060,Fort Wayne MSA,2020,622210,Psychiatric and Substance Abuse Hospitals,2,2,2.43414095645,20.9276784763,0.0,4.32852931474,102.705067162,0.0,0.230199693258,3.02238902317
2,2,    622 - Hospitals,,,00,000,23060,Fort Wayne MSA,2020,622310,Specialty (except Psychiatric and Substance Abuse) Hospitals,2,2,9.42740264582,18.0009305973,0.0,11.6794987192,117.897982171,0.0,0.273735058872,5.32885947467
2,2,    622 - Hospitals,,,00,000,23060,Fort Wayne MSA,2021,622110,General Medical and Surgical Hospitals,2,2,417.416093849,902.931425808,9.93826579066,571.474396405,13861.3260605,31.7277175408,0.134558551663,221.666516196
2,2,    622 - Hospitals,,,00,000,23060,Fort Wayne MSA,2021,622210,Psychiatric and Substance Abuse Hospitals,2,2,0.783676536479,4.34764989508,0.0,1.16268724354,24.7324454279,0.0,0.227041778116,0.970671825522
2,2,    622 - Hospitals,,,00,000,23060,Fort Wayne MSA,2021,622310,Specialty (except Psychiatric and Substance Abuse) Hospitals,2,2,2.84363983129,5.62571012102,0.0,4.60871424899,80.1241077312,0.0,0.152498398345,1.3393694342
2,2,    622 - Hospitals,,,00,000,23060,Fort Wayne MSA,2022,622110,General Medical and Surgical Hospitals,2,2,491.857702535,1025.89647384,10.3849905155,652.105852737,14472.6128762,37.9215868169,0.145061622802,237.473198721
2,2,    622 - Hospitals,,,00,000,23060,Fort Wayne MSA,2022,622210,Psychiatric and Substance Abuse Hospitals,2,2,0.0,3.55351637552,0.0,0.505737261391,34.2025666975,0.0,0.10609149281,0.0
2,2,    622 - Hospitals,,,00,000,23060,Fort Wayne MSA,2022,622310,Specialty (except Psychiatric and Substance Abuse) Hospitals,2,2,3.5955324997,5.93711695356,0.0,3.76198063687,70.6115000671,0.0,0.166432329364,0.80384907368
2,2,    622 - Hospitals,,,00,000,23060,Fort Wayne MSA,2023,622110,General Medical and Surgical Hospitals,2,2,537.050747711,1083.90879066,13.6949821909,729.470128929,14841.8473771,36.2807531338,0.151895935107,257.778161622
2,2,    622 - Hospitals,,,00,000,23060,Fort Wayne MSA,2023,622210,Psychiatric and Substance Abuse Hospitals,2,2,0.0,9.64205413016,0.0,3.27677803329,36.5205671785,0.0,0.287850661771,1.84277592388
2,2,    622 - Hospitals,,,00,000,23060,Fort Wayne MSA,2023,622310,Specialty (except Psychiatric and Substance Abuse) Hospitals,2,2,5.17371477292,14.8615042052,0.0,5.85977153754,113.559109056,0.0,0.198950765035,2.30885843287
2,2,    622 - Hospitals,,,00,000,23060,Fort Wayne MSA,2024,622110,General Medical and Surgical Hospitals,2,2,564.30679913,1094.31897803,13.3578177832,765.30285631,14585.5835259,38.9144937253,0.15786950743,258.077064336
2,2,    622 - Hospitals,,,00,000,23060,Fort Wayne MSA,2024,622210,Psychiatric and Substance Abuse Hospitals,2,2,0.0,13.5539637675,0.0,3.827711701,50.9660229116,0.0,0.279503664225,2.38968136911
2,2,    622 - Hospitals,,,00,000,23060,Fort Wayne MSA,2024,622310,Specialty (except Psychiatric and Substance Abuse) Hospitals,2,2,5.43990357228,16.5894503632,0.0,7.97537331529,131.075226684,0.0,0.200156636001,2.79616554522
2,2,    622 - Hospitals,,,00,000,26900,Indianapolis-Carmel-Greenwood MSA,2020,622110,General Medical and Surgical Hospitals,2,2,947.504578169,5126.93251793,16.8303790622,1176.232375,30784.3764982,53.2659935175,0.20204248215,473.824344409
2,2,    622 - Hospitals,,,00,000,26900,Indianapolis-Carmel-Greenwood MSA,2020,622210,Psychiatric and Substance Abuse Hospitals,2,2,15.4575875652,233.401731627,0.592949035845,23.287950327,552.326211863,0.0,0.34171176363,13.9675691998
2,2,    622 - Hospitals,,,00,000,26900,Indianapolis-Carmel-Greenwood MSA,2020,622310,Specialty (except Psychiatric and Substance Abuse) Hospitals,2,2,73.0530712943,481.603591487,1.29159125277,66.5051291454,2061.18621875,2.72867516417,0.242323870183,34.0371014538
2,2,    622 - Hospitals,,,00,000,26900,Indianapolis-Carmel-Greenwood MSA,2021,622110,General Medical and Surgical Hospitals,2,2,1032.68367443,5470.24436271,13.7844418844,1283.13283305,31117.2377983,55.7156488731,0.212050818732,518.628528268
2,2,    622 - Hospitals,,,00,000,26900,Indianapolis-Carmel-Greenwood MSA,2021,622210,Psychiatric and Substance Abuse Hospitals,2,2,19.8615278427,256.315271631,1.04162152776,24.5342809257,619.399222969,0.544689545813,0.338441530473,14.576219329
2,2,    622 - Hospitals,,,00,000,26900,Indianapolis-Carmel-Greenwood MSA,2021,622310,Specialty (except Psychiatric and Substance Abuse) Hospitals,2,2,78.1186026092,456.014606162,0.536337538943,69.7928396535,2088.31384686,2.37682722724,0.235803535496,37.5393088101
2,2,    622 - Hospitals,,,00,000,26900,Indianapolis-Carmel-Greenwood MSA,2022,622110,General Medical and Surgical Hospitals,2,2,1102.59848823,5444.63594517,14.581776091,1405.23673266,31018.2360055,62.680697790400004,0.216148321371,523.593255052
2,2,    622 - Hospitals,,,00,000,26900,Indianapolis-Carmel-Greenwood MSA,2022,622210,Psychiatric and Substance Abuse Hospitals,2,2,30.7495240377,327.507285166,0.0,40.3059170872,757.257520378,4.80412687067,0.356354963439,15.8898188553
2,2,    622 - Hospitals,,,00,000,26900,Indianapolis-Carmel-Greenwood MSA,2022,622310,Specialty (except Psychiatric and Substance Abuse) Hospitals,2,2,102.051601914,524.417689822,0.0,93.5654969333,2403.40140072,3.93754744979,0.242328717185,44.7161327819
2,2,    622 - Hospitals,,,00,000,26900,Indianapolis-Carmel-Greenwood MSA,2023,622110,General Medical and Surgical Hospitals,2,2,1125.93434177,5479.58193819,16.077640976,1449.11697112,29787.4696001,70.6960892476,0.225334757585,523.177246708
2,2,    622 - Hospitals,,,00,000,26900,Indianapolis-Carmel-Greenwood MSA,2023,622210,Psychiatric and Substance Abuse Hospitals,2,2,22.0048151601,313.968321649,0.0,33.9495934171,569.433611465,1.34377316888,0.405597967755,17.2939372705
2,2,    622 - Hospitals,,,00,000,26900,Indianapolis-Carmel-Greenwood MSA,2023,622310,Specialty (except Psychiatric and Substance Abuse) Hospitals,2,2,110.357185636,607.542625076,0.568050154271,110.271085199,2493.94225315,5.44160084143,0.262389630496,52.987819124
2,2,    622 - Hospitals,,,00,000,26900,Indianapolis-Carmel-Greenwood MSA,2024,622110,General Medical and Surgical Hospitals,2,2,1155.01286593,5572.4582599,17.370101626,1510.1555259,29278.539119,72.9235029466,0.232474701117,540.216912248
2,2,    622 - Hospitals,,,00,000,26900,Indianapolis-Carmel-Greenwood MSA,2024,622210,Psychiatric and Substance Abuse Hospitals,2,2,22.6398171306,352.673965032,0.0,32.0124194125,584.093158065,3.1712072014,0.422873777874,17.4812047601
2,2,    622 - Hospitals,,,00,000,26900,Indianapolis-Carmel-Greenwood MSA,2024,622310,Specialty (except Psychiatric and Substance Abuse) Hospitals,2,2,123.954235714,676.405952472,2.05959785374,131.777089923,2623.56686414,6.06011022677,0.275439045412,57.0818133382
2,2,    622 - Hospitals,,,00,000,29020,Kokomo MSA,2020,622110,General Medical and Surgical Hospitals,2,2,41.4674484486,113.481195212,0.0,38.3464530567,1364.20335639,2.63476994161,0.138231078838,22.8936451637
2,2,    622 - Hospitals,,,00,000,29020,Kokomo MSA,2020,622210,Psychiatric and Substance Abuse Hospitals,2,2,0.0,0.0,0.0,0.0,2.6995363585,0.0,0.0,0.0
2,2,    622 - Hospitals,,,00,000,29020,Kokomo MSA,2020,622310,Specialty (except Psychiatric and Substance Abuse) Hospitals,2,2,0.0,0.0,0.0,0.0,0.0,0.0,0.0,0.0
2,2,    622 - Hospitals,,,00,000,29020,Kokomo MSA,2021,622110,General Medical and Surgical Hospitals,2,2,39.4560839336,109.554577545,0.0,36.721351499,1264.2836318,4.50190172474,0.144485347775,23.2872210874
2,2,    622 - Hospitals,,,00,000,29020,Kokomo MSA,2021,622210,Psychiatric and Substance Abuse Hospitals,2,2,0.0,0.0,0.0,0.0,0.0,0.0,0.0,0.0
2,2,    622 - Hospitals,,,00,000,29020,Kokomo MSA,2021,622310,Specialty (except Psychiatric and Substance Abuse) Hospitals,2,2,0.0,0.0,0.0,0.0,0.0,0.0,0.0,0.0
2,2,    622 - Hospitals,,,00,000,29020,Kokomo MSA,2022,622110,General Medical and Surgical Hospitals,2,2,40.5383674371,118.742467778,0.0,41.3067948621,1282.3054355,3.40674250934,0.151763343117,25.4309395708
2,2,    622 - Hospitals,,,00,000,29020,Kokomo MSA,2022,622210,Psychiatric and Substance Abuse Hospitals,2,2,0.0,0.0,0.0,0.0,0.0,0.0,0.0,0.0
2,2,    622 - Hospitals,,,00,000,29020,Kokomo MSA,2022,622310,Specialty (except Psychiatric and Substance Abuse) Hospitals,2,2,0.0,0.0,0.0,0.0,0.0,0.0,0.0,0.0
2,2,    622 - Hospitals,,,00,000,29020,Kokomo MSA,2023,622110,General Medical and Surgical Hospitals,2,2,33.2299417892,122.138067791,0.0,40.8413524372,1189.29591634,3.99580943779,0.157090970077,21.4411065814
2,2,    622 - Hospitals,,,00,000,29020,Kokomo MSA,2023,622210,Psychiatric and Substance Abuse Hospitals,2,2,0.0,0.0,0.0,0.0,0.0,0.0,0.0,0.0
2,2,    622 - Hospitals,,,00,000,29020,Kokomo MSA,2023,622310,Specialty (except Psychiatric and Substance Abuse) Hospitals,2,2,0.0,0.0,0.0,0.0,0.0,0.0,0.0,0.0
2,2,    622 - Hospitals,,,00,000,29020,Kokomo MSA,2024,622110,General Medical and Surgical Hospitals,2,2,34.1419002187,129.877555092,1.03879224319,44.5399101569,1210.74452883,3.998083267,0.164294012686,24.427753105
2,2,    622 - Hospitals,,,00,000,29020,Kokomo MSA,2024,622210,Psychiatric and Substance Abuse Hospitals,2,2,0.0,0.0,0.0,0.0,0.0,0.0,0.0,0.0
2,2,    622 - Hospitals,,,00,000,29020,Kokomo MSA,2024,622310,Specialty (except Psychiatric and Substance Abuse) Hospitals,2,2,0.0,0.0,0.0,0.0,0.0,0.0,0.0,0.0
2,2,    622 - Hospitals,,,00,000,29200,Lafayette-West Lafayette MSA,2020,622110,General Medical and Surgical Hospitals,2,2,152.55728756,229.732506881,3.75118965337,245.099072656,4390.3405934,3.1597083282,0.133766073246,43.6679330854
2,2,    622 - Hospitals,,,00,000,29200,Lafayette-West Lafayette MSA,2020,622210,Psychiatric and Substance Abuse Hospitals,2,2,4.07374370538,12.8608325127,0.0,13.0150067108,172.728642352,0.0,0.163638648744,3.84571570771
2,2,    622 - Hospitals,,,00,000,29200,Lafayette-West Lafayette MSA,2020,622310,Specialty (except Psychiatric and Substance Abuse) Hospitals,2,2,5.41764317866,5.94880712856,0.0,8.16761294201,154.711945872,0.0,0.118201562461,1.20445584407
2,2,    622 - Hospitals,,,00,000,29200,Lafayette-West Lafayette MSA,2021,622110,General Medical and Surgical Hospitals,2,2,182.863187265,213.987655475,5.29083158006,248.134180868,4233.99053113,4.76257538218,0.142541448484,48.8080027147
2,2,    622 - Hospitals,,,00,000,29200,Lafayette-West Lafayette MSA,2021,622210,Psychiatric and Substance Abuse Hospitals,2,2,6.36267882071,12.2376319072,0.0,10.9884178824,137.489344286,0.0,0.207309090627,6.36827631778
2,2,    622 - Hospitals,,,00,000,29200,Lafayette-West Lafayette MSA,2021,622310,Specialty (except Psychiatric and Substance Abuse) Hospitals,2,2,8.73609263814,5.53201873018,0.0,6.46459796247,162.197799188,0.0,0.126893036078,2.84031440473
2,2,    622 - Hospitals,,,00,000,29200,Lafayette-West Lafayette MSA,2022,622110,General Medical and Surgical Hospitals,2,2,174.645704064,235.260851968,3.44259717888,260.186169695,4140.54727655,4.63036105545,0.15126256147,59.7654576463
2,2,    622 - Hospitals,,,00,000,29200,Lafayette-West Lafayette MSA,2022,622210,Psychiatric and Substance Abuse Hospitals,2,2,5.16910162979,8.23136692788,0.0,3.93195914687,168.080619233,0.0,0.121410296793,5.89424771831
2,2,    622 - Hospitals,,,00,000,29200,Lafayette-West Lafayette MSA,2022,622310,Specialty (except Psychiatric and Substance Abuse) Hospitals,2,2,7.82063747713,12.0287276972,0.0,7.45251144959,135.427927363,0.0,0.191303558162,4.73467385249
2,2,    622 - Hospitals,,,00,000,29200,Lafayette-West Lafayette MSA,2023,622110,General Medical and Surgical Hospitals,2,2,159.045940261,232.059086316,3.46011229115,245.191173322,3734.54056561,5.04517256783,0.157826124094,55.063566398
2,2,    622 - Hospitals,,,00,000,29200,Lafayette-West Lafayette MSA,2023,622210,Psychiatric and Substance Abuse Hospitals,2,2,2.71368574031,10.9589299733,0.0,7.2051866838,173.417899997,0.0,0.120091767497,2.79064546687
2,2,    622 - Hospitals,,,00,000,29200,Lafayette-West Lafayette MSA,2023,622310,Specialty (except Psychiatric and Substance Abuse) Hospitals,2,2,9.97640164854,12.6994231139,0.0,9.89271880254,150.464984996,0.0,0.191307743517,3.02610511282
2,2,    622 - Hospitals,,,00,000,29200,Lafayette-West Lafayette MSA,2024,622110,General Medical and Surgical Hospitals,2,2,167.15127234,245.847502529,3.29874950086,262.262418566,3735.53489662,5.47785452647,0.164628184027,52.1305944335
2,2,    622 - Hospitals,,,00,000,29200,Lafayette-West Lafayette MSA,2024,622210,Psychiatric and Substance Abuse Hospitals,2,2,2.25900392922,7.44685234766,0.0,5.8696473421,160.389111495,0.0,0.101908754672,2.6242669505
2,2,    622 - Hospitals,,,00,000,29200,Lafayette-West Lafayette MSA,2024,622310,Specialty (except Psychiatric and Substance Abuse) Hospitals,2,2,7.85990941636,9.50820942422,0.0,9.53086104155,131.615529154,0.0,0.180333585289,2.05755636979
2,2,    622 - Hospitals,,,00,000,31140,Louisville/Jefferson County MSA,2020,622110,General Medical and Surgical Hospitals,2,2,546.526311164,3558.60405651,7.28240509511,599.190583461,19644.248646,42.3697429114,0.205482112766,326.518832291
2,2,    622 - Hospitals,,,00,000,31140,Louisville/Jefferson County MSA,2020,622210,Psychiatric and Substance Abuse Hospitals,2,2,24.6472447701,340.375068508,0.749764430346,41.9746233589,1158.62853011,2.43638604751,0.274070094552,27.2495471031
2,2,    622 - Hospitals,,,00,000,31140,Louisville/Jefferson County MSA,2020,622310,Specialty (except Psychiatric and Substance Abuse) Hospitals,2,2,64.5562264969,462.046908761,2.31993450384,71.8206334524,2337.8019439,4.16171662814,0.216598713515,41.4617769419
2,2,    622 - Hospitals,,,00,000,31140,Louisville/Jefferson County MSA,2021,622110,General Medical and Surgical Hospitals,2,2,580.572513087,3316.33289685,7.3598501638,621.750280798,20619.8359086,34.9942088068,0.19274933112,362.441827838
2,2,    622 - Hospitals,,,00,000,31140,Louisville/Jefferson County MSA,2021,622210,Psychiatric and Substance Abuse Hospitals,2,2,25.3307390401,376.416394701,0.97814437893,44.4212019056,1116.79702557,4.79108810631,0.304272131237,36.4864642909
2,2,    622 - Hospitals,,,00,000,31140,Louisville/Jefferson County MSA,2021,622310,Specialty (except Psychiatric and Substance Abuse) Hospitals,2,2,75.113809559,486.473335221,2.44559777603,81.2592322166,2329.4423226,5.12276785501,0.229989693226,45.3522106859
2,2,    622 - Hospitals,,,00,000,31140,Louisville/Jefferson County MSA,2022,622110,General Medical and Surgical Hospitals,2,2,661.309063731,3918.44166638,8.06556004006,711.383102155,20450.1994306,42.148405973,0.219191469759,399.508117655
2,2,    622 - Hospitals,,,00,000,31140,Louisville/Jefferson County MSA,2022,622210,Psychiatric and Substance Abuse Hospitals,2,2,36.5225390847,409.929588048,1.27796584992,50.621870321,1300.17009796,2.12114737012,0.293514324795,39.6914840452
2,2,    622 - Hospitals,,,00,000,31140,Louisville/Jefferson County MSA,2022,622310,Specialty (except Psychiatric and Substance Abuse) Hospitals,2,2,86.3014502745,543.548555375,2.30770721406,93.7976259156,2512.35666186,6.30257162841,0.237766288636,51.430491608
2,2,    622 - Hospitals,,,00,000,31140,Louisville/Jefferson County MSA,2023,622110,General Medical and Surgical Hospitals,2,2,854.139641699,4215.31443068,12.6644080995,837.107379157,20969.8198673,48.8750811639,0.234602749402,459.381508993
2,2,    622 - Hospitals,,,00,000,31140,Louisville/Jefferson County MSA,2023,622210,Psychiatric and Substance Abuse Hospitals,2,2,56.9137019861,457.779548619,1.53914983448,58.9323376112,1409.03753057,3.04569612481,0.305791568921,42.4558929007
2,2,    622 - Hospitals,,,00,000,31140,Louisville/Jefferson County MSA,2023,622310,Specialty (except Psychiatric and Substance Abuse) Hospitals,2,2,119.199266296,671.037985402,2.46418325244,123.334773868,2866.40226228,7.58497676597,0.257984117682,72.9696909394
2,2,    622 - Hospitals,,,00,000,31140,Louisville/Jefferson County MSA,2024,622110,General Medical and Surgical Hospitals,2,2,990.240414111,4473.56425979,16.7654642399,949.064567428,21612.6095326,46.5509507192,0.244340740907,512.203571509
2,2,    622 - Hospitals,,,00,000,31140,Louisville/Jefferson County MSA,2024,622210,Psychiatric and Substance Abuse Hospitals,2,2,59.9264039602,493.792200485,1.78171015316,62.9937155444,1347.54259566,3.1090069229,0.330564311104,43.8073932504
2,2,    622 - Hospitals,,,00,000,31140,Louisville/Jefferson County MSA,2024,622310,Specialty (except Psychiatric and Substance Abuse) Hospitals,2,2,154.580034314,773.107643514,1.85323126708,136.976453301,2977.02458666,8.49683442892,0.280562959441,85.9530334873
2,2,    622 - Hospitals,,,00,000,33140,Michigan City-La Porte MSA,2020,622110,General Medical and Surgical Hospitals,2,2,44.8568007075,127.586092891,0.665806565524,128.366267424,1490.35780357,1.7803384955,0.179261140472,22.2602174933
2,2,    622 - Hospitals,,,00,000,33140,Michigan City-La Porte MSA,2020,622210,Psychiatric and Substance Abuse Hospitals,2,2,0.0,0.0,0.0,0.0,0.0,0.0,0.0,0.0
2,2,    622 - Hospitals,,,00,000,33140,Michigan City-La Porte MSA,2020,622310,Specialty (except Psychiatric and Substance Abuse) Hospitals,2,2,0.0,0.0,0.0,0.0,0.0,0.0,0.0,0.0
2,2,    622 - Hospitals,,,00,000,33140,Michigan City-La Porte MSA,2021,622110,General Medical and Surgical Hospitals,2,2,48.6907017282,92.3282146361,0.0,123.885610831,1404.69435479,0.0,0.170149384493,23.1086108348
2,2,    622 - Hospitals,,,00,000,33140,Michigan City-La Porte MSA,2021,622210,Psychiatric and Substance Abuse Hospitals,2,2,0.0,0.0,0.0,0.0,0.0,0.0,0.0,0.0
2,2,    622 - Hospitals,,,00,000,33140,Michigan City-La Porte MSA,2021,622310,Specialty (except Psychiatric and Substance Abuse) Hospitals,2,2,0.0,0.0,0.0,0.0,0.0,0.0,0.0,0.0
2,2,    622 - Hospitals,,,00,000,33140,Michigan City-La Porte MSA,2022,622110,General Medical and Surgical Hospitals,2,2,43.8702477353,112.042190102,0.0,125.757789378,1394.79016551,1.64234876871,0.177773215332,18.254263067
2,2,    622 - Hospitals,,,00,000,33140,Michigan City-La Porte MSA,2022,622210,Psychiatric and Substance Abuse Hospitals,2,2,0.0,0.0,0.0,0.0,0.0,0.0,0.0,0.0
2,2,    622 - Hospitals,,,00,000,33140,Michigan City-La Porte MSA,2022,622310,Specialty (except Psychiatric and Substance Abuse) Hospitals,2,2,0.0,0.0,0.0,0.0,0.0,0.0,0.0,0.0
2,2,    622 - Hospitals,,,00,000,33140,Michigan City-La Porte MSA,2023,622110,General Medical and Surgical Hospitals,2,2,35.5838646094,124.020483258,0.0,130.720825812,1458.53488879,3.29729872067,0.176138994644,18.2078816218
2,2,    622 - Hospitals,,,00,000,33140,Michigan City-La Porte MSA,2023,622210,Psychiatric and Substance Abuse Hospitals,2,2,0.0,0.0,0.0,0.0,0.0,0.0,0.0,0.0
2,2,    622 - Hospitals,,,00,000,33140,Michigan City-La Porte MSA,2023,622310,Specialty (except Psychiatric and Substance Abuse) Hospitals,2,2,0.0,0.0,0.0,0.0,0.0,0.0,0.0,0.0
2,2,    622 - Hospitals,,,00,000,33140,Michigan City-La Porte MSA,2024,622110,General Medical and Surgical Hospitals,2,2,36.4664483187,126.156892463,0.523119714001,129.370664442,1434.3664049,2.63502171743,0.180041019112,19.7962780067
2,2,    622 - Hospitals,,,00,000,33140,Michigan City-La Porte MSA,2024,622210,Psychiatric and Substance Abuse Hospitals,2,2,0.0,0.0,0.0,0.0,0.0,0.0,0.0,0.0
2,2,    622 - Hospitals,,,00,000,33140,Michigan City-La Porte MSA,2024,622310,Specialty (except Psychiatric and Substance Abuse) Hospitals,2,2,0.0,0.0,0.0,0.0,0.0,0.0,0.0,0.0
2,2,    622 - Hospitals,,,00,000,34620,Muncie MSA,2020,622110,General Medical and Surgical Hospitals,2,2,37.6606252397,92.4743059099,2.66386078824,35.3808047269,2116.28998378,4.45932408536,0.0831145290271,19.2001375135
2,2,    622 - Hospitals,,,00,000,34620,Muncie MSA,2020,622210,Psychiatric and Substance Abuse Hospitals,2,2,0.0,0.0,0.0,0.0,0.0,0.0,0.0,0.0
2,2,    622 - Hospitals,,,00,000,34620,Muncie MSA,2020,622310,Specialty (except Psychiatric and Substance Abuse) Hospitals,2,2,0.0,3.53691552912,0.0,1.25246351509,77.7484645648,0.0,0.0580264619816,0.0
2,2,    622 - Hospitals,,,00,000,34620,Muncie MSA,2021,622110,General Medical and Surgical Hospitals,2,2,35.2311260359,95.0227815031,1.06668608774,38.129824538,2037.97930511,4.17603216723,0.0872966138094,21.2985330104
2,2,    622 - Hospitals,,,00,000,34620,Muncie MSA,2021,622210,Psychiatric and Substance Abuse Hospitals,2,2,0.0,0.0,0.0,0.0,0.0,0.0,0.0,0.0
2,2,    622 - Hospitals,,,00,000,34620,Muncie MSA,2021,622310,Specialty (except Psychiatric and Substance Abuse) Hospitals,2,2,1.22795534382,5.59814503487,1.59623829587,2.29670655374,98.8350932978,0.0,0.112670735196,1.83077485177
2,2,    622 - Hospitals,,,00,000,34620,Muncie MSA,2022,622110,General Medical and Surgical Hospitals,2,2,30.7839168928,84.579180293,1.6743664948,43.2859014081,1997.56922892,2.70918214611,0.0878153639139,29.2720168209
2,2,    622 - Hospitals,,,00,000,34620,Muncie MSA,2022,622210,Psychiatric and Substance Abuse Hospitals,2,2,0.0,0.0,0.0,0.0,0.0,0.0,0.0,0.0
2,2,    622 - Hospitals,,,00,000,34620,Muncie MSA,2022,622310,Specialty (except Psychiatric and Substance Abuse) Hospitals,2,2,1.11487089867,4.93966184526,0.0,1.19218911278,95.8755555478,0.0,0.0903272302055,2.27337555041
2,2,    622 - Hospitals,,,00,000,34620,Muncie MSA,2023,622110,General Medical and Surgical Hospitals,2,2,19.7416021086,74.2314281602,0.0,41.6523682483,1721.06476576,2.09719204922,0.0866257446788,25.5056985014
2,2,    622 - Hospitals,,,00,000,34620,Muncie MSA,2023,622210,Psychiatric and Substance Abuse Hospitals,2,2,0.0,0.0,0.0,0.0,0.0,0.0,0.0,0.0
2,2,    622 - Hospitals,,,00,000,34620,Muncie MSA,2023,622310,Specialty (except Psychiatric and Substance Abuse) Hospitals,2,2,3.14823275465,10.2863297423,0.0,0.0,105.99215673,0.0,0.131598012939,2.62753480435
2,2,    622 - Hospitals,,,00,000,34620,Muncie MSA,2024,622110,General Medical and Surgical Hospitals,2,2,24.6478173383,74.1238716175,0.0,44.7255879517,1670.99572124,1.59929423291,0.0922188457694,24.6550214991
2,2,    622 - Hospitals,,,00,000,34620,Muncie MSA,2024,622210,Psychiatric and Substance Abuse Hospitals,2,2,0.0,0.0,0.0,0.0,0.0,0.0,0.0,0.0
2,2,    622 - Hospitals,,,00,000,34620,Muncie MSA,2024,622310,Specialty (except Psychiatric and Substance Abuse) Hospitals,2,2,6.49077202814,11.9869986981,0.0,0.0,117.486677826,0.0,0.156315905931,3.28989872278
2,2,    622 - Hospitals,,,00,000,43780,South Bend-Mishawaka MSA,2020,622110,General Medical and Surgical Hospitals,2,2,135.473386752,622.851625995,0.794342009837,300.032604868,4674.96811841,10.0736583562,0.197404047445,80.6152519036
2,2,    622 - Hospitals,,,00,000,43780,South Bend-Mishawaka MSA,2020,622210,Psychiatric and Substance Abuse Hospitals,2,2,0.0,0.0,0.0,0.0,0.0,0.0,0.0,0.0
2,2,    622 - Hospitals,,,00,000,43780,South Bend-Mishawaka MSA,2020,622310,Specialty (except Psychiatric and Substance Abuse) Hospitals,2,2,4.14311200072,186.770665841,0.0,24.4027678299,241.218553091,1.91760425819,0.48206907819,7.28228775364
2,2,    622 - Hospitals,,,00,000,43780,South Bend-Mishawaka MSA,2021,622110,General Medical and Surgical Hospitals,2,2,151.601439779,582.876735645,0.785758619921,307.434467306,4546.0884881,12.0220528587,0.199477060372,78.0895165075
2,2,    622 - Hospitals,,,00,000,43780,South Bend-Mishawaka MSA,2021,622210,Psychiatric and Substance Abuse Hospitals,2,2,0.0,0.0,0.0,0.0,0.0,0.0,0.0,0.0
2,2,    622 - Hospitals,,,00,000,43780,South Bend-Mishawaka MSA,2021,622310,Specialty (except Psychiatric and Substance Abuse) Hospitals,2,2,8.37253913565,171.052421273,0.0,28.4044378031,316.026042854,2.50037818267,0.41031518359,9.56783701582
2,2,    622 - Hospitals,,,00,000,43780,South Bend-Mishawaka MSA,2022,622110,General Medical and Surgical Hospitals,2,2,177.39155829,617.243162509,1.85058381114,349.526909521,4746.38879669,9.32867626208,0.208255087438,93.1162808315
2,2,    622 - Hospitals,,,00,000,43780,South Bend-Mishawaka MSA,2022,622210,Psychiatric and Substance Abuse Hospitals,2,2,0.0,0.0,0.0,0.0,0.0,0.0,0.0,0.0
2,2,    622 - Hospitals,,,00,000,43780,South Bend-Mishawaka MSA,2022,622310,Specialty (except Psychiatric and Substance Abuse) Hospitals,2,2,13.7878935619,196.001025595,0.0,35.4575583227,333.21592673,1.40011392263,0.433466686548,8.30400061992
2,2,    622 - Hospitals,,,00,000,43780,South Bend-Mishawaka MSA,2023,622110,General Medical and Surgical Hospitals,2,2,197.164070044,680.884653554,0.542405754659,439.784177894,5439.03022426,11.9532819814,0.209002198901,106.804706445
2,2,    622 - Hospitals,,,00,000,43780,South Bend-Mishawaka MSA,2023,622210,Psychiatric and Substance Abuse Hospitals,2,2,0.0,0.0,0.0,0.0,0.0,0.0,0.0,0.0
2,2,    622 - Hospitals,,,00,000,43780,South Bend-Mishawaka MSA,2023,622310,Specialty (except Psychiatric and Substance Abuse) Hospitals,2,2,23.0000430855,249.162972544,1.89960493396,47.4146574452,350.955983548,1.64761843905,0.486235361986,9.02565864219
2,2,    622 - Hospitals,,,00,000,43780,South Bend-Mishawaka MSA,2024,622110,General Medical and Surgical Hospitals,2,2,204.288537082,670.246352448,1.43944488946,465.746653374,5327.21963985,12.6307626086,0.214944999674,104.220226435
2,2,    622 - Hospitals,,,00,000,43780,South Bend-Mishawaka MSA,2024,622210,Psychiatric and Substance Abuse Hospitals,2,2,0.0,0.0,0.0,0.0,0.0,0.0,0.0,0.0
2,2,    622 - Hospitals,,,00,000,43780,South Bend-Mishawaka MSA,2024,622310,Specialty (except Psychiatric and Substance Abuse) Hospitals,2,2,22.8539121902,253.335613022,1.42659070797,49.7452992124,353.333136807,2.65938356994,0.491193989629,11.0819194234
2,2,    622 - Hospitals,,,00,000,45460,Terre Haute MSA,2020,622110,General Medical and Surgical Hospitals,2,2,56.1239065211,73.6762786658,4.19467553558,37.9618911322,2626.79970627,4.54267783796,0.0734291369858,31.6698999994
2,2,    622 - Hospitals,,,00,000,45460,Terre Haute MSA,2020,622210,Psychiatric and Substance Abuse Hospitals,2,2,2.52666048167,13.1443666856,0.0,4.527511729,160.340453815,0.0,0.124058888029,2.51036029157
2,2,    622 - Hospitals,,,00,000,45460,Terre Haute MSA,2020,622310,Specialty (except Psychiatric and Substance Abuse) Hospitals,2,2,0.0,0.0,0.0,0.0,0.0,0.0,0.0,0.0
2,2,    622 - Hospitals,,,00,000,45460,Terre Haute MSA,2021,622110,General Medical and Surgical Hospitals,2,2,60.7793431368,80.9362468125,3.2214212729,37.6607212884,2645.94814665,6.53196557593,0.077054296024,31.7735152639
2,2,    622 - Hospitals,,,00,000,45460,Terre Haute MSA,2021,622210,Psychiatric and Substance Abuse Hospitals,2,2,2.37175995908,10.4742289735,0.0,2.8191512013,151.563658923,0.0,0.113365296474,3.71382062656
2,2,    622 - Hospitals,,,00,000,45460,Terre Haute MSA,2021,622310,Specialty (except Psychiatric and Substance Abuse) Hospitals,2,2,0.0,0.0,0.0,0.0,0.0,0.0,0.0,0.0
2,2,    622 - Hospitals,,,00,000,45460,Terre Haute MSA,2022,622110,General Medical and Surgical Hospitals,2,2,61.5296415954,88.8075324658,3.99940169884,36.9344563571,2890.48076608,6.62102795521,0.0751161630583,36.8637177558
2,2,    622 - Hospitals,,,00,000,45460,Terre Haute MSA,2022,622210,Psychiatric and Substance Abuse Hospitals,2,2,2.81299020766,6.42792090308,0.0,4.01294097255,155.490583913,0.0,0.110717568824,6.10505890191
2,2,    622 - Hospitals,,,00,000,45460,Terre Haute MSA,2022,622310,Specialty (except Psychiatric and Substance Abuse) Hospitals,2,2,0.0,0.0,0.0,0.0,0.0,0.0,0.0,0.0
2,2,    622 - Hospitals,,,00,000,45460,Terre Haute MSA,2023,622110,General Medical and Surgical Hospitals,2,2,55.5717354654,84.346123394,2.53668421114,34.6901207034,2743.07180216,5.70869639173,0.0755100365397,41.1939093546
2,2,    622 - Hospitals,,,00,000,45460,Terre Haute MSA,2023,622210,Psychiatric and Substance Abuse Hospitals,2,2,3.66631439067,11.1344478754,0.0,3.44432755092,135.507986053,0.0,0.148793085366,5.44204311157
2,2,    622 - Hospitals,,,00,000,45460,Terre Haute MSA,2023,622310,Specialty (except Psychiatric and Substance Abuse) Hospitals,2,2,0.0,0.0,0.0,0.0,0.0,0.0,0.0,0.0
2,2,    622 - Hospitals,,,00,000,45460,Terre Haute MSA,2024,622110,General Medical and Surgical Hospitals,2,2,62.0039824984,94.6141980465,3.70511748827,42.7825710313,2882.53796343,6.22109406296,0.0800770126288,41.5908115875
2,2,    622 - Hospitals,,,00,000,45460,Terre Haute MSA,2024,622210,Psychiatric and Substance Abuse Hospitals,2,2,3.95178441898,17.799512234,0.0,4.55758759798,156.042302537,0.0,0.163096633057,4.10080838925
2,2,    622 - Hospitals,,,00,000,45460,Terre Haute MSA,2024,622310,Specialty (except Psychiatric and Substance Abuse) Hospitals,2,2,0.0,0.0,0.0,0.0,0.0,0.0,0.0,0.0
2,2,    622 - Hospitals,,,18,000,00000,Indiana,2020,622110,General Medical and Surgical Hospitals,2,2,2758.80056639,10588.9028368,49.4766618569,5000.27905544,97804.8800389,153.884714712,0.168817735443,1313.3706414
2,2,    622 - Hospitals,,,18,000,00000,Indiana,2020,622210,Psychiatric and Substance Abuse Hospitals,2,2,50.5271955439,476.032843795,0.592949035845,106.631888758,2101.38455233,2.97017273539,0.24339640555,39.252109581
2,2,    622 - Hospitals,,,18,000,00000,Indiana,2020,622310,Specialty (except Psychiatric and Substance Abuse) Hospitals,2,2,115.185171271,863.570159814,1.29159125277,174.1455083,3645.26095404,7.55587187321,0.250872572181,58.9999411798
2,2,    622 - Hospitals,,,18,000,00000,Indiana,2021,622110,General Medical and Surgical Hospitals,2,2,2974.82099532,10818.487955,46.7813272381,5285.61397463,97784.120496,164.273559943,0.174580282544,1391.83899392
2,2,    622 - Hospitals,,,18,000,00000,Indiana,2021,622210,Psychiatric and Substance Abuse Hospitals,2,2,57.0900096581,502.006161616,1.04162152776,87.4256968477,2181.60856072,5.38145068074,0.244439049673,52.8489775654
2,2,    622 - Hospitals,,,18,000,00000,Indiana,2021,622310,Specialty (except Psychiatric and Substance Abuse) Hospitals,2,2,129.177480528,803.264876394,2.13257583482,173.132570338,3691.89328777,9.32222026689,0.243221868877,69.5124720551
2,2,    622 - Hospitals,,,18,000,00000,Indiana,2022,622110,General Medical and Surgical Hospitals,2,2,3159.25463003,10871.0026667,51.0717513957,5586.30852421,98025.2399192,172.070938235,0.178584518198,1472.0279128
2,2,    622 - Hospitals,,,18,000,00000,Indiana,2022,622210,Psychiatric and Substance Abuse Hospitals,2,2,62.7835616895,458.855753871,0.0,97.9274368317,2373.06934214,8.34655057563,0.222192999068,49.9918759477
2,2,    622 - Hospitals,,,18,000,00000,Indiana,2022,622310,Specialty (except Psychiatric and Substance Abuse) Hospitals,2,2,162.475936977,887.827587255,0.0,206.383771739,4031.53706348,8.66089489049,0.249580477599,75.4923866055
2,2,    622 - Hospitals,,,18,000,00000,Indiana,2023,622110,General Medical and Surgical Hospitals,2,2,3271.31909178,11180.9684182,54.9585033737,5939.22906165,96570.2503694,182.572844461,0.186729747548,1543.8256337
2,2,    622 - Hospitals,,,18,000,00000,Indiana,2023,622210,Psychiatric and Substance Abuse Hospitals,2,2,60.9285986435,472.085946986,0.0,101.044361218,2265.54293094,4.99233117382,0.233109075143,49.5976952374
2,2,    622 - Hospitals,,,18,000,00000,Indiana,2023,622310,Specialty (except Psychiatric and Substance Abuse) Hospitals,2,2,196.56682954,1028.17053166,2.46765508823,240.943440339,4316.10000323,9.95834809473,0.265604168196,82.8690363158
2,2,    622 - Hospitals,,,18,000,00000,Indiana,2024,622110,General Medical and Surgical Hospitals,2,2,3387.57115724,11472.4635547,59.9368114635,6264.84046059,95381.3524845,191.213536606,0.194113510579,1598.4372823
2,2,    622 - Hospitals,,,18,000,00000,Indiana,2024,622210,Psychiatric and Substance Abuse Hospitals,2,2,63.0722781558,512.299397341,0.0,108.327951837,2275.08919723,6.11215665749,0.246302218757,53.6686017724
2,2,    622 - Hospitals,,,18,000,00000,Indiana,2024,622310,Specialty (except Psychiatric and Substance Abuse) Hospitals,2,2,201.109669292,1090.70653062,3.48618856171,274.746821492,4409.27707781,11.8750114127,0.274600778252,87.2131043795
2,3,    623 - Nursing and Residential Care,,,0,000,00000,United States,2020,623110,Nursing Care Facilities (Skilled Nursing Facilities),2,2,95581.0655264,421718.990228,3129.10761329,176375.512218,758236.245109,9592.97793061,0.490487538676,23526.455959
2,3,    623 - Nursing and Residential Care,,,0,000,00000,United States,2020,623210,Residential Intellectual and Developmental Disability Facilities,2,2,11639.8069924,125364.89555,893.878805128,37760.240593,208768.167406,2285.76289516,0.47030849194,7418.85876123
2,3,    623 - Nursing and Residential Care,,,0,000,00000,United States,2020,623220,Residential Mental Health and Substance Abuse Facilities,2,2,9188.99013594,71472.1234,795.651655757,28455.9168044,118343.62836,1386.00311176,0.494502403339,4470.82404558
2,3,    623 - Nursing and Residential Care,,,0,000,00000,United States,2020,623311,Continuing Care Retirement Communities,2,2,29210.7516845,123069.469338,1322.87156782,63047.4472418,258011.521185,2728.1802757,0.468965567454,8475.65623096
2,3,    623 - Nursing and Residential Care,,,0,000,00000,United States,2020,623312,Assisted Living Facilities for the Elderly,2,2,31554.9446887,106660.002938,1648.6902132,68367.1306232,230255.975758,2771.1555108,0.487643901443,8148.23870668
2,3,    623 - Nursing and Residential Care,,,0,000,00000,United States,2020,623990,Other Residential Care Facilities,2,2,3974.72977673,48384.1031831,374.901547826,24412.833838,79215.7260713,1067.94660833,0.506082328096,2952.20847461
2,3,    623 - Nursing and Residential Care,,,0,000,00000,United States,2021,623110,Nursing Care Facilities (Skilled Nursing Facilities),2,2,93450.804813,384730.721868,2998.1337944,171933.852915,715522.419153,8790.67457951,0.488970473682,22732.0575017
2,3,    623 - Nursing and Residential Care,,,0,000,00000,United States,2021,623210,Residential Intellectual and Developmental Disability Facilities,2,2,11660.2185951,119236.799105,865.71784449,37025.660863,203030.111194,2194.17596984,0.467490173062,7257.48445837
2,3,    623 - Nursing and Residential Care,,,0,000,00000,United States,2021,623220,Residential Mental Health and Substance Abuse Facilities,2,2,9481.6717822,70823.5322667,756.833351626,29526.8427456,119836.179155,1432.46579327,0.493165285729,4582.82869485
2,3,    623 - Nursing and Residential Care,,,0,000,00000,United States,2021,623311,Continuing Care Retirement Communities,2,2,28120.8764221,113364.122935,1250.17310123,60221.9206276,247469.926958,2521.01803895,0.46338140207,8217.35557418
2,3,    623 - Nursing and Residential Care,,,0,000,00000,United States,2021,623312,Assisted Living Facilities for the Elderly,2,2,31822.1450687,101428.141667,1656.74368564,68279.7531992,226423.942761,2748.0471686,0.486059474383,8205.71100597
2,3,    623 - Nursing and Residential Care,,,0,000,00000,United States,2021,623990,Other Residential Care Facilities,2,2,4163.35064725,46761.1746731,369.231927601,24895.8145614,76963.8979266,1000.84309573,0.509925148047,2890.87653029
2,3,    623 - Nursing and Residential Care,,,0,000,00000,United States,2022,623110,Nursing Care Facilities (Skilled Nursing Facilities),2,2,91322.557278,380803.600608,2999.58445183,173070.631051,681269.319826,8796.42264956,0.499341570771,22484.6129499
2,3,    623 - Nursing and Residential Care,,,0,000,00000,United States,2022,623210,Residential Intellectual and Developmental Disability Facilities,2,2,11689.1845272,117608.829085,882.70140346,36739.4688047,194756.393118,2157.70565815,0.474957386809,7100.16772208
2,3,    623 - Nursing and Residential Care,,,0,000,00000,United States,2022,623220,Residential Mental Health and Substance Abuse Facilities,2,2,9639.88266999,71098.4657901,773.657913664,30555.1682794,119682.390974,1489.57673256,0.496877757152,4640.20540389
2,3,    623 - Nursing and Residential Care,,,0,000,00000,United States,2022,623311,Continuing Care Retirement Communities,2,2,27409.7929993,113560.448522,1256.23921866,60364.5678059,237789.510289,2494.14471998,0.472941612785,8288.80329225
2,3,    623 - Nursing and Residential Care,,,0,000,00000,United States,2022,623312,Assisted Living Facilities for the Elderly,2,2,32073.8011559,106511.254563,1714.32379953,70924.9347986,228592.550395,2852.05230075,0.493385093733,8546.68593804
2,3,    623 - Nursing and Residential Care,,,0,000,00000,United States,2022,623990,Other Residential Care Facilities,2,2,4385.68481707,45953.5191684,343.025708375,26469.7741809,73682.0080876,922.241787289,0.523426676117,2851.66153869
2,3,    623 - Nursing and Residential Care,,,0,000,00000,United States,2023,623110,Nursing Care Facilities (Skilled Nursing Facilities),2,2,94966.5820371,413478.521381,3247.04653095,187664.933078,701413.91931,9351.99196051,0.511221516384,24911.3675296
2,3,    623 - Nursing and Residential Care,,,0,000,00000,United States,2023,623210,Residential Intellectual and Developmental Disability Facilities,2,2,12541.7767879,123938.871979,1040.20009882,39254.7546286,200765.286749,2331.86817528,0.482037218088,7732.86453286
2,3,    623 - Nursing and Residential Care,,,0,000,00000,United States,2023,623220,Residential Mental Health and Substance Abuse Facilities,2,2,10218.8678116,75963.6015063,851.487972503,33272.434897,125254.591693,1557.0377624,0.503282834733,5046.79256406
2,3,    623 - Nursing and Residential Care,,,0,000,00000,United States,2023,623311,Continuing Care Retirement Communities,2,2,27767.3891795,122366.708111,1331.78189172,65420.1029157,245589.93645,2724.77290899,0.48235806332,9239.10765352
2,3,    623 - Nursing and Residential Care,,,0,000,00000,United States,2023,623312,Assisted Living Facilities for the Elderly,2,2,33415.0156847,115531.399959,1843.68916865,78218.5711298,239533.218631,3096.57750807,0.502254548683,9597.90686903
2,3,    623 - Nursing and Residential Care,,,0,000,00000,United States,2023,623990,Other Residential Care Facilities,2,2,5123.32565092,48071.4341381,375.63280148,28205.2884565,75129.4357312,908.59170799,0.533143628645,3112.52137989
2,3,    623 - Nursing and Residential Care,,,0,000,00000,United States,2024,623110,Nursing Care Facilities (Skilled Nursing Facilities),2,2,99948.2269363,444124.200096,3506.6943019,200943.269242,729029.116683,10027.131546,0.518670038659,27035.3998734
2,3,    623 - Nursing and Residential Care,,,0,000,00000,United States,2024,623210,Residential Intellectual and Developmental Disability Facilities,2,2,13469.4947761,132040.859327,1163.08107092,42070.1089404,209920.522393,2486.38388467,0.487364894397,8342.6180664
2,3,    623 - Nursing and Residential Care,,,0,000,00000,United States,2024,623220,Residential Mental Health and Substance Abuse Facilities,2,2,10860.6215947,80451.2491801,922.460833343,35019.5425863,131260.546368,1593.07691189,0.505687700649,5434.23907594
2,3,    623 - Nursing and Residential Care,,,0,000,00000,United States,2024,623311,Continuing Care Retirement Communities,2,2,28760.3785086,127793.864563,1413.83834091,69032.2692729,251919.056646,2760.0586483,0.487361483042,9737.094252
2,3,    623 - Nursing and Residential Care,,,0,000,00000,United States,2024,623312,Assisted Living Facilities for the Elderly,2,2,35614.9009057,121979.545344,1971.36525184,83924.7220417,247698.37539,3312.00334601,0.509262370807,10246.1473602
2,3,    623 - Nursing and Residential Care,,,0,000,00000,United States,2024,623990,Other Residential Care Facilities,2,2,5446.33048785,50781.2416711,371.286695642,29369.030936,76931.3465016,941.594405555,0.539787512595,3324.0086038
2,3,    623 - Nursing and Residential Care,,,00,000,14020,Bloomington MSA,2020,623110,Nursing Care Facilities (Skilled Nursing Facilities),2,2,14.7310994579,55.7696888339,0.0,19.8836097208,777.599989279,1.47226990432,0.117570369176,11.7467409185
2,3,    623 - Nursing and Residential Care,,,00,000,14020,Bloomington MSA,2020,623210,Residential Intellectual and Developmental Disability Facilities,2,2,2.23073712488,15.0807725766,0.0,4.14430795659,139.279503012,0.0,0.145858638023,2.32844044972
2,3,    623 - Nursing and Residential Care,,,00,000,14020,Bloomington MSA,2020,623220,Residential Mental Health and Substance Abuse Facilities,2,2,1.49446586075,9.49801731089,0.0,2.23988985865,72.3831573835,0.0,0.169684173586,1.55992148159
2,3,    623 - Nursing and Residential Care,,,00,000,14020,Bloomington MSA,2020,623311,Continuing Care Retirement Communities,2,2,3.73303653544,27.8811818702,0.0,12.7543981007,282.436331953,1.42771065144,0.161963872365,8.78900694806
2,3,    623 - Nursing and Residential Care,,,00,000,14020,Bloomington MSA,2020,623312,Assisted Living Facilities for the Elderly,2,2,1.59614723492,11.9212525583,0.0,4.97841386219,120.774257294,0.610451139957,0.159178881321,3.75794584507
2,3,    623 - Nursing and Residential Care,,,00,000,14020,Bloomington MSA,2020,623990,Other Residential Care Facilities,2,2,0.0,0.0,0.0,0.0,0.0,0.0,0.0,0.0
2,3,    623 - Nursing and Residential Care,,,00,000,14020,Bloomington MSA,2021,623110,Nursing Care Facilities (Skilled Nursing Facilities),2,2,12.9508880319,43.5337606435,0.0,19.7696947145,662.895622782,2.0336125227,0.115650443729,8.40194219072
2,3,    623 - Nursing and Residential Care,,,00,000,14020,Bloomington MSA,2021,623210,Residential Intellectual and Developmental Disability Facilities,2,2,3.13376576132,14.7521988366,0.0,5.10413274682,149.617273745,0.0,0.147452833579,2.887052724
2,3,    623 - Nursing and Residential Care,,,00,000,14020,Bloomington MSA,2021,623220,Residential Mental Health and Substance Abuse Facilities,2,2,1.7317488384,11.1639423705,0.0,3.60126882067,94.986759403,0.0,0.165366348038,2.32281015049
2,3,    623 - Nursing and Residential Care,,,00,000,14020,Bloomington MSA,2021,623311,Continuing Care Retirement Communities,2,2,4.51396641628,21.4319877044,0.0,12.5356154514,232.867074595,0.0,0.162735453413,6.77978673843
2,3,    623 - Nursing and Residential Care,,,00,000,14020,Bloomington MSA,2021,623312,Assisted Living Facilities for the Elderly,2,2,2.43566865556,11.562150403,0.0,5.77207798107,125.645792919,0.0,0.15715801868,3.65827135767
2,3,    623 - Nursing and Residential Care,,,00,000,14020,Bloomington MSA,2021,623990,Other Residential Care Facilities,2,2,0.0,0.0,0.0,0.0,0.0,0.0,0.0,0.0
2,3,    623 - Nursing and Residential Care,,,00,000,14020,Bloomington MSA,2022,623110,Nursing Care Facilities (Skilled Nursing Facilities),2,2,11.8730923353,49.4039363017,0.0,22.8300798539,638.240693018,1.68582283697,0.128955060568,8.69630051205
2,3,    623 - Nursing and Residential Care,,,00,000,14020,Bloomington MSA,2022,623210,Residential Intellectual and Developmental Disability Facilities,2,2,2.81596624622,15.1919083807,0.0,5.31972374352,176.456662779,0.0,0.13636293345,4.53381366875
2,3,    623 - Nursing and Residential Care,,,00,000,14020,Bloomington MSA,2022,623220,Residential Mental Health and Substance Abuse Facilities,2,2,0.702315385862,15.1466094945,0.0,4.00018755058,120.91990329,0.0,0.159250042741,3.05484325873
2,3,    623 - Nursing and Residential Care,,,00,000,14020,Bloomington MSA,2022,623311,Continuing Care Retirement Communities,2,2,4.56458838787,17.6535248038,0.0,12.1613831343,196.105804424,0.0,0.162654380713,3.71405481722
2,3,    623 - Nursing and Residential Care,,,00,000,14020,Bloomington MSA,2022,623312,Assisted Living Facilities for the Elderly,2,2,2.88860561047,11.1745485862,0.0,7.69608047159,124.107952516,0.0,0.162663582178,2.35036298368
2,3,    623 - Nursing and Residential Care,,,00,000,14020,Bloomington MSA,2022,623990,Other Residential Care Facilities,2,2,0.0,0.0,0.0,0.0,0.0,0.0,0.0,0.0
2,3,    623 - Nursing and Residential Care,,,00,000,14020,Bloomington MSA,2023,623110,Nursing Care Facilities (Skilled Nursing Facilities),2,2,15.571241952,49.2112786365,0.0,17.5552701829,606.780982326,1.3775356088,0.137561843649,13.0683212416
2,3,    623 - Nursing and Residential Care,,,00,000,14020,Bloomington MSA,2023,623210,Residential Intellectual and Developmental Disability Facilities,2,2,3.38784360011,21.4512862092,0.0,6.10733235732,203.132734258,0.0,0.144675750754,3.4128826752
2,3,    623 - Nursing and Residential Care,,,00,000,14020,Bloomington MSA,2023,623220,Residential Mental Health and Substance Abuse Facilities,2,2,1.51921869304,18.4860114124,0.0,4.53548935163,127.914461697,0.0,0.177347904188,3.03516810568
2,3,    623 - Nursing and Residential Care,,,00,000,14020,Bloomington MSA,2023,623311,Continuing Care Retirement Communities,2,2,4.88929723106,22.1597070409,0.0,13.8539074493,199.042296791,0.0,0.187522312284,5.03665351326
2,3,    623 - Nursing and Residential Care,,,00,000,14020,Bloomington MSA,2023,623312,Assisted Living Facilities for the Elderly,2,2,4.37109229398,19.1630496568,0.0,12.3855648841,177.983814802,0.0,0.1850794954,4.50283063574
2,3,    623 - Nursing and Residential Care,,,00,000,14020,Bloomington MSA,2023,623990,Other Residential Care Facilities,2,2,0.0,0.0,0.0,0.0,0.0,0.0,0.0,0.0
2,3,    623 - Nursing and Residential Care,,,00,000,14020,Bloomington MSA,2024,623110,Nursing Care Facilities (Skilled Nursing Facilities),2,2,21.7875113607,51.7859316312,0.0,16.7414407627,588.183976703,1.69444993576,0.154406351585,15.3937222265
2,3,    623 - Nursing and Residential Care,,,00,000,14020,Bloomington MSA,2024,623210,Residential Intellectual and Developmental Disability Facilities,2,2,4.27483088772,24.8145510025,0.0,8.19588816927,238.804980959,0.0,0.150344136217,4.97057741575
2,3,    623 - Nursing and Residential Care,,,00,000,14020,Bloomington MSA,2024,623220,Residential Mental Health and Substance Abuse Facilities,2,2,2.92246682824,23.5265559084,0.0,6.85125231726,173.878368456,0.0,0.180566025997,5.01461912328
2,3,    623 - Nursing and Residential Care,,,00,000,14020,Bloomington MSA,2024,623311,Continuing Care Retirement Communities,2,2,5.02662872402,28.4872903482,0.0,17.8901847199,222.313922641,0.620359304376,0.212989802931,8.14070216872
2,3,    623 - Nursing and Residential Care,,,00,000,14020,Bloomington MSA,2024,623312,Assisted Living Facilities for the Elderly,2,2,3.63532955799,20.5906447191,0.0,12.9384366503,160.747368529,0.0,0.211246520867,5.88747187062
2,3,    623 - Nursing and Residential Care,,,00,000,14020,Bloomington MSA,2024,623990,Other Residential Care Facilities,2,2,0.0,0.0,0.0,0.0,0.0,0.0,0.0,0.0
2,3,    623 - Nursing and Residential Care,,,00,000,16980,Chicago-Naperville-Elgin MSA,2020,623110,Nursing Care Facilities (Skilled Nursing Facilities),2,2,6661.87731378,17127.6733774,74.6283048851,7385.56793031,14553.324121,67.8456885756,0.686187267025,504.907415847
2,3,    623 - Nursing and Residential Care,,,00,000,16980,Chicago-Naperville-Elgin MSA,2020,623210,Residential Intellectual and Developmental Disability Facilities,2,2,284.431566877,2983.88120321,4.25531372375,800.014762086,2935.50466871,11.2232184374,0.587471574483,96.5738633559
2,3,    623 - Nursing and Residential Care,,,00,000,16980,Chicago-Naperville-Elgin MSA,2020,623220,Residential Mental Health and Substance Abuse Facilities,2,2,172.986373216,1800.84111553,2.39419686617,457.942856818,1865.50664969,7.10290671465,0.572461865525,56.5949184768
2,3,    623 - Nursing and Residential Care,,,00,000,16980,Chicago-Naperville-Elgin MSA,2020,623311,Continuing Care Retirement Communities,2,2,1777.05432922,3825.40864264,13.9508198203,3035.66908655,5809.43480374,28.0762363659,0.603758552711,171.756739163
2,3,    623 - Nursing and Residential Care,,,00,000,16980,Chicago-Naperville-Elgin MSA,2020,623312,Assisted Living Facilities for the Elderly,2,2,1032.62166855,2463.02397574,9.11695970114,1838.36215311,3784.03070066,18.8699780102,0.591170204064,109.735123449
2,3,    623 - Nursing and Residential Care,,,00,000,16980,Chicago-Naperville-Elgin MSA,2020,623990,Other Residential Care Facilities,2,2,136.557467998,1612.4056684,4.73778783578,635.266484358,1641.79924844,6.99548562817,0.599313587037,59.7045927319
2,3,    623 - Nursing and Residential Care,,,00,000,16980,Chicago-Naperville-Elgin MSA,2021,623110,Nursing Care Facilities (Skilled Nursing Facilities),2,2,6460.8138615,15310.3765673,74.8320024682,7270.63313799,14054.9335698,66.0199410798,0.678526522753,482.742876085
2,3,    623 - Nursing and Residential Care,,,00,000,16980,Chicago-Naperville-Elgin MSA,2021,623210,Residential Intellectual and Developmental Disability Facilities,2,2,258.484480598,2663.83511642,5.00978504659,741.309308236,2591.71030889,9.62784834455,0.59228916873,86.7596188905
2,3,    623 - Nursing and Residential Care,,,00,000,16980,Chicago-Naperville-Elgin MSA,2021,623220,Residential Mental Health and Substance Abuse Facilities,2,2,173.711888285,1682.70591462,2.62449592763,442.784060099,1775.36665253,7.05995229505,0.570652587105,50.7822063907
2,3,    623 - Nursing and Residential Care,,,00,000,16980,Chicago-Naperville-Elgin MSA,2021,623311,Continuing Care Retirement Communities,2,2,1785.87033044,3410.00503471,14.6393174269,2944.10968901,6073.48309203,29.6409104667,0.57919968588,175.423104735
2,3,    623 - Nursing and Residential Care,,,00,000,16980,Chicago-Naperville-Elgin MSA,2021,623312,Assisted Living Facilities for the Elderly,2,2,1059.44680828,2345.39373642,9.42064714542,1849.76200574,4257.82725984,21.0796459332,0.559423835735,121.295075368
2,3,    623 - Nursing and Residential Care,,,00,000,16980,Chicago-Naperville-Elgin MSA,2021,623990,Other Residential Care Facilities,2,2,119.323954188,1582.99218602,6.06541920337,646.135681131,1623.01696729,7.04010206817,0.598323341452,56.0313184187
2,3,    623 - Nursing and Residential Care,,,00,000,16980,Chicago-Naperville-Elgin MSA,2022,623110,Nursing Care Facilities (Skilled Nursing Facilities),2,2,6230.51218684,14971.0564287,65.0190056508,7114.15271218,13290.8372819,61.6076767759,0.685041815969,465.550780845
2,3,    623 - Nursing and Residential Care,,,00,000,16980,Chicago-Naperville-Elgin MSA,2022,623210,Residential Intellectual and Developmental Disability Facilities,2,2,258.891616927,2725.43061375,4.22851651395,759.916853193,2553.71274824,12.0141492401,0.600666185901,80.7379072557
2,3,    623 - Nursing and Residential Care,,,00,000,16980,Chicago-Naperville-Elgin MSA,2022,623220,Residential Mental Health and Substance Abuse Facilities,2,2,149.36604669,1541.17237883,2.07199422897,418.458971784,1532.33289839,6.75384457456,0.585001015209,42.221327978
2,3,    623 - Nursing and Residential Care,,,00,000,16980,Chicago-Naperville-Elgin MSA,2022,623311,Continuing Care Retirement Communities,2,2,1752.03230669,3607.14274892,17.0564507841,2887.10448643,5986.59822482,26.4253061638,0.5863159528,195.066834891
2,3,    623 - Nursing and Residential Care,,,00,000,16980,Chicago-Naperville-Elgin MSA,2022,623312,Assisted Living Facilities for the Elderly,2,2,1091.33718203,2520.88839677,11.6628544703,1872.09607273,4227.28178032,19.1859376016,0.572158674976,138.037418083
2,3,    623 - Nursing and Residential Care,,,00,000,16980,Chicago-Naperville-Elgin MSA,2022,623990,Other Residential Care Facilities,2,2,122.469837551,1637.57188724,4.70962355857,621.800227869,1562.05448501,9.39747279617,0.610925885888,56.7957763197
2,3,    623 - Nursing and Residential Care,,,00,000,16980,Chicago-Naperville-Elgin MSA,2023,623110,Nursing Care Facilities (Skilled Nursing Facilities),2,2,6203.63110866,16523.0573843,70.683861931,7548.80487703,13511.8436474,76.1921678378,0.696029251898,516.918292985
2,3,    623 - Nursing and Residential Care,,,00,000,16980,Chicago-Naperville-Elgin MSA,2023,623210,Residential Intellectual and Developmental Disability Facilities,2,2,258.515292802,2859.50932993,6.52460355299,835.488591629,2666.85312526,13.0537673677,0.60312959843,79.7630699037
2,3,    623 - Nursing and Residential Care,,,00,000,16980,Chicago-Naperville-Elgin MSA,2023,623220,Residential Mental Health and Substance Abuse Facilities,2,2,143.956901139,1575.81985503,2.81827828301,446.663519177,1590.2568477,6.71657134644,0.582353820216,41.4332824474
2,3,    623 - Nursing and Residential Care,,,00,000,16980,Chicago-Naperville-Elgin MSA,2023,623311,Continuing Care Retirement Communities,2,2,1825.25579663,4203.92864273,20.5519674506,3230.96808519,6199.29040057,30.8125065328,0.60587220427,218.330377369
2,3,    623 - Nursing and Residential Care,,,00,000,16980,Chicago-Naperville-Elgin MSA,2023,623312,Assisted Living Facilities for the Elderly,2,2,1120.67029647,2813.92082954,12.8999718361,2103.48520019,4356.4992866,21.2091145973,0.588229191443,151.228194227
2,3,    623 - Nursing and Residential Care,,,00,000,16980,Chicago-Naperville-Elgin MSA,2023,623990,Other Residential Care Facilities,2,2,130.823304391,1797.25996003,3.20840973516,677.896632186,1658.04795791,5.48784756762,0.617788329091,65.3118094009
2,3,    623 - Nursing and Residential Care,,,00,000,16980,Chicago-Naperville-Elgin MSA,2024,623110,Nursing Care Facilities (Skilled Nursing Facilities),2,2,6169.1343342,17211.523706,72.9017557671,7939.74932584,13569.4580758,80.144263011,0.702412991656,555.376419424
2,3,    623 - Nursing and Residential Care,,,00,000,16980,Chicago-Naperville-Elgin MSA,2024,623210,Residential Intellectual and Developmental Disability Facilities,2,2,307.710038977,3299.72865376,8.85701950333,979.773201808,2994.85789216,11.2189014226,0.61120179445,100.713640518
2,3,    623 - Nursing and Residential Care,,,00,000,16980,Chicago-Naperville-Elgin MSA,2024,623220,Residential Mental Health and Substance Abuse Facilities,2,2,160.186777468,1637.7712473,3.84838764808,477.335727646,1603.82733002,5.21679084075,0.592517756506,47.7578338881
2,3,    623 - Nursing and Residential Care,,,00,000,16980,Chicago-Naperville-Elgin MSA,2024,623311,Continuing Care Retirement Communities,2,2,1936.04110555,4601.49810796,25.5380329966,3581.41534198,6287.36322233,36.2901613726,0.623288433133,221.979246451
2,3,    623 - Nursing and Residential Care,,,00,000,16980,Chicago-Naperville-Elgin MSA,2024,623312,Assisted Living Facilities for the Elderly,2,2,1117.59764501,2820.98419434,16.2792932645,2221.18538448,4126.63693388,22.7881015928,0.605769498587,142.102415174
2,3,    623 - Nursing and Residential Care,,,00,000,16980,Chicago-Naperville-Elgin MSA,2024,623990,Other Residential Care Facilities,2,2,137.136628721,1874.80940938,3.56110943648,729.905222847,1742.18129764,5.91259533336,0.617927303037,66.310000639
2,3,    623 - Nursing and Residential Care,,,00,000,17140,Cincinnati MSA,2020,623110,Nursing Care Facilities (Skilled Nursing Facilities),2,2,184.409297179,4788.02323187,41.0559818913,240.393890126,9678.25060316,26.0177769617,0.362476295815,222.854316543
2,3,    623 - Nursing and Residential Care,,,00,000,17140,Cincinnati MSA,2020,623210,Residential Intellectual and Developmental Disability Facilities,2,2,21.5029413441,1051.25203254,1.71664932828,35.978519512,1467.52903756,2.41039666708,0.440000233165,40.1990812438
2,3,    623 - Nursing and Residential Care,,,00,000,17140,Cincinnati MSA,2020,623220,Residential Mental Health and Substance Abuse Facilities,2,2,9.38885220962,467.967214403,0.0,18.2212130982,642.453506122,0.53820115988,0.445066954565,19.1445631496
2,3,    623 - Nursing and Residential Care,,,00,000,17140,Cincinnati MSA,2020,623311,Continuing Care Retirement Communities,2,2,76.2653796444,1255.54497309,12.2934336656,81.3745290293,2807.47843894,4.21897564773,0.34968491806,79.9291886748
2,3,    623 - Nursing and Residential Care,,,00,000,17140,Cincinnati MSA,2020,623312,Assisted Living Facilities for the Elderly,2,2,29.0433804116,439.622682272,3.11916319657,30.0076638024,1214.53792949,1.7716156616,0.30561042476,30.9703807684
2,3,    623 - Nursing and Residential Care,,,00,000,17140,Cincinnati MSA,2020,623990,Other Residential Care Facilities,2,2,8.22476271283,357.228843098,0.0,12.1500302234,543.235850561,1.21509402101,0.420780768769,15.8214795537
2,3,    623 - Nursing and Residential Care,,,00,000,17140,Cincinnati MSA,2021,623110,Nursing Care Facilities (Skilled Nursing Facilities),2,2,184.883163981,4278.30346518,42.8268435787,252.056853948,9208.32309433,24.5702181793,0.352504038449,230.473467947
2,3,    623 - Nursing and Residential Care,,,00,000,17140,Cincinnati MSA,2021,623210,Residential Intellectual and Developmental Disability Facilities,2,2,22.1830074998,1153.022061,3.53320569305,36.252452998,1353.40077755,3.81151407081,0.481569314389,38.3692623272
2,3,    623 - Nursing and Residential Care,,,00,000,17140,Cincinnati MSA,2021,623220,Residential Mental Health and Substance Abuse Facilities,2,2,9.1746151364,489.486126672,0.891459988436,17.366758505,604.118407821,0.678405639462,0.469473180858,16.9983986857
2,3,    623 - Nursing and Residential Care,,,00,000,17140,Cincinnati MSA,2021,623311,Continuing Care Retirement Communities,2,2,76.0954631094,1080.87468144,11.121228517,84.8241250398,2612.37176481,6.30934053426,0.337203274105,69.8407373638
2,3,    623 - Nursing and Residential Care,,,00,000,17140,Cincinnati MSA,2021,623312,Assisted Living Facilities for the Elderly,2,2,29.9862678007,421.112471365,3.41722044793,34.4255213885,1237.06648543,3.70025814043,0.295984818335,27.4505947939
2,3,    623 - Nursing and Residential Care,,,00,000,17140,Cincinnati MSA,2021,623990,Other Residential Care Facilities,2,2,4.95254362827,323.762357109,0.0,14.2747340689,564.770644507,4.4582629732,0.392428839546,17.3361852367
2,3,    623 - Nursing and Residential Care,,,00,000,17140,Cincinnati MSA,2022,623110,Nursing Care Facilities (Skilled Nursing Facilities),2,2,208.719656293,4214.879719,45.9906684648,247.026902064,8933.5648149,23.839918847,0.357749164057,235.753621516
2,3,    623 - Nursing and Residential Care,,,00,000,17140,Cincinnati MSA,2022,623210,Residential Intellectual and Developmental Disability Facilities,2,2,33.6868090047,1149.45521975,5.0006267115,32.5334853078,1314.15834613,5.03310288209,0.491229929871,43.1427390135
2,3,    623 - Nursing and Residential Care,,,00,000,17140,Cincinnati MSA,2022,623220,Residential Mental Health and Substance Abuse Facilities,2,2,15.2863951715,511.650122779,1.99531515438,19.9598347765,629.186516421,1.80854602164,0.475953782608,20.7449993576
2,3,    623 - Nursing and Residential Care,,,00,000,17140,Cincinnati MSA,2022,623311,Continuing Care Retirement Communities,2,2,72.0745704748,1128.04210713,11.2906790832,80.3265596092,2426.21243237,5.77650862084,0.360283980151,68.916934568
2,3,    623 - Nursing and Residential Care,,,00,000,17140,Cincinnati MSA,2022,623312,Assisted Living Facilities for the Elderly,2,2,34.9459013179,484.269013405,4.34289256669,38.7350602976,1318.38683418,2.74647606125,0.313516685849,37.067455451
2,3,    623 - Nursing and Residential Care,,,00,000,17140,Cincinnati MSA,2022,623990,Other Residential Care Facilities,2,2,6.51914780021,338.421217038,0.0,19.1163276635,553.614830508,3.75282268475,0.408469072687,14.4774050768
2,3,    623 - Nursing and Residential Care,,,00,000,17140,Cincinnati MSA,2023,623110,Nursing Care Facilities (Skilled Nursing Facilities),2,2,242.236259255,4818.68009784,48.4419175453,297.275394324,9150.70895651,29.1616435797,0.384181835377,272.929054271
2,3,    623 - Nursing and Residential Care,,,00,000,17140,Cincinnati MSA,2023,623210,Residential Intellectual and Developmental Disability Facilities,2,2,71.4271299913,1166.5419823,7.73636132566,46.2027927156,1396.85987885,5.9907213801,0.492022286538,55.0859432234
2,3,    623 - Nursing and Residential Care,,,00,000,17140,Cincinnati MSA,2023,623220,Residential Mental Health and Substance Abuse Facilities,2,2,34.3031298681,565.916328804,5.38852788946,27.7071768661,860.262291233,3.22652030947,0.436915806384,30.9645203756
2,3,    623 - Nursing and Residential Care,,,00,000,17140,Cincinnati MSA,2023,623311,Continuing Care Retirement Communities,2,2,79.3316855328,1429.71524369,10.6462936621,87.4424148699,2557.63866399,6.4104174388,0.398261890714,79.2335683101
2,3,    623 - Nursing and Residential Care,,,00,000,17140,Cincinnati MSA,2023,623312,Assisted Living Facilities for the Elderly,2,2,40.7013889421,618.124317358,4.48834908582,45.6387938032,1475.37364268,3.88902130051,0.338803783641,43.1548519025
2,3,    623 - Nursing and Residential Care,,,00,000,17140,Cincinnati MSA,2023,623990,Other Residential Care Facilities,2,2,6.17226204047,362.739742841,0.0,23.3101804037,546.567101194,2.20094455579,0.427360426204,13.4794322664
2,3,    623 - Nursing and Residential Care,,,00,000,17140,Cincinnati MSA,2024,623110,Nursing Care Facilities (Skilled Nursing Facilities),2,2,264.104468313,5505.53870468,55.766902648,352.058335757,9379.78966307,31.5405260954,0.409972000718,308.395557145
2,3,    623 - Nursing and Residential Care,,,00,000,17140,Cincinnati MSA,2024,623210,Residential Intellectual and Developmental Disability Facilities,2,2,51.9950555386,1001.32727402,8.84099100623,53.5820861469,1341.00124665,5.51736779262,0.465734705014,47.7272869755
2,3,    623 - Nursing and Residential Care,,,00,000,17140,Cincinnati MSA,2024,623220,Residential Mental Health and Substance Abuse Facilities,2,2,31.3009439661,593.76184655,7.1615128823,36.2778511328,897.214189313,3.60784521346,0.439509411627,31.4416541616
2,3,    623 - Nursing and Residential Care,,,00,000,17140,Cincinnati MSA,2024,623311,Continuing Care Retirement Communities,2,2,86.6725984038,1547.47588781,12.1591812912,109.686546941,2722.87022375,7.3221908097,0.404837109358,88.8133694246
2,3,    623 - Nursing and Residential Care,,,00,000,17140,Cincinnati MSA,2024,623312,Assisted Living Facilities for the Elderly,2,2,44.5092557349,690.292983123,4.99036742841,62.3332874947,1670.9844676,3.81906719542,0.338340488098,48.5152110639
2,3,    623 - Nursing and Residential Care,,,00,000,17140,Cincinnati MSA,2024,623990,Other Residential Care Facilities,2,2,11.7272105056,440.812523725,0.0,26.8694071009,486.134459714,2.29437770634,0.506517300964,17.2714499349
2,3,    623 - Nursing and Residential Care,,,00,000,18020,Columbus MSA,2020,623110,Nursing Care Facilities (Skilled Nursing Facilities),2,2,6.59827845238,34.9879671521,0.0,16.7089325199,369.432755736,1.63190967517,0.150401075512,5.47210491432
2,3,    623 - Nursing and Residential Care,,,00,000,18020,Columbus MSA,2020,623210,Residential Intellectual and Developmental Disability Facilities,2,2,0.0,0.0,0.0,0.0,0.0,0.0,0.0,0.0
2,3,    623 - Nursing and Residential Care,,,00,000,18020,Columbus MSA,2020,623220,Residential Mental Health and Substance Abuse Facilities,2,2,0.0,4.88512883174,0.0,0.729537874579,27.8940198404,0.0,0.189513300289,0.907695425158
2,3,    623 - Nursing and Residential Care,,,00,000,18020,Columbus MSA,2020,623311,Continuing Care Retirement Communities,2,2,0.0,0.0,0.0,0.0,0.0,0.0,0.0,0.0
2,3,    623 - Nursing and Residential Care,,,00,000,18020,Columbus MSA,2020,623312,Assisted Living Facilities for the Elderly,2,2,0.0,5.16797861114,0.0,0.0,16.8102736645,0.0,0.235140562877,0.0
2,3,    623 - Nursing and Residential Care,,,00,000,18020,Columbus MSA,2020,623990,Other Residential Care Facilities,2,2,0.0,0.0,0.0,0.0,0.0,0.0,0.0,0.0
2,3,    623 - Nursing and Residential Care,,,00,000,18020,Columbus MSA,2021,623110,Nursing Care Facilities (Skilled Nursing Facilities),2,2,5.64141458218,32.9822076737,0.0,18.4867386962,320.052146511,0.935217271972,0.164571687172,5.00174842969
2,3,    623 - Nursing and Residential Care,,,00,000,18020,Columbus MSA,2021,623210,Residential Intellectual and Developmental Disability Facilities,2,2,0.0,0.0,0.0,0.0,0.0,0.0,0.0,0.0
2,3,    623 - Nursing and Residential Care,,,00,000,18020,Columbus MSA,2021,623220,Residential Mental Health and Substance Abuse Facilities,2,2,0.68030170098,4.58905190915,0.0,0.868467569827,30.9563238476,0.0,0.189943045147,1.12085166144
2,3,    623 - Nursing and Residential Care,,,00,000,18020,Columbus MSA,2021,623311,Continuing Care Retirement Communities,2,2,0.0,0.0,0.0,0.0,0.0,0.0,0.0,0.0
2,3,    623 - Nursing and Residential Care,,,00,000,18020,Columbus MSA,2021,623312,Assisted Living Facilities for the Elderly,2,2,0.0,3.65919635875,0.0,0.0,13.0013586013,0.0,0.219632321224,0.0
2,3,    623 - Nursing and Residential Care,,,00,000,18020,Columbus MSA,2021,623990,Other Residential Care Facilities,2,2,0.0,0.0,0.0,0.0,0.0,0.0,0.0,0.0
2,3,    623 - Nursing and Residential Care,,,00,000,18020,Columbus MSA,2022,623110,Nursing Care Facilities (Skilled Nursing Facilities),2,2,6.84067248983,37.5922669313,0.0,18.2478128573,308.787750329,0.0,0.183771373099,6.84186308181
2,3,    623 - Nursing and Residential Care,,,00,000,18020,Columbus MSA,2022,623210,Residential Intellectual and Developmental Disability Facilities,2,2,0.0,0.0,0.0,0.0,0.0,0.0,0.0,0.0
2,3,    623 - Nursing and Residential Care,,,00,000,18020,Columbus MSA,2022,623220,Residential Mental Health and Substance Abuse Facilities,2,2,0.0,4.64777550096,0.0,1.96540294824,29.0382143225,0.0,0.213884095187,1.28745319837
2,3,    623 - Nursing and Residential Care,,,00,000,18020,Columbus MSA,2022,623311,Continuing Care Retirement Communities,2,2,0.0,0.0,0.0,0.0,0.0,0.0,0.0,0.0
2,3,    623 - Nursing and Residential Care,,,00,000,18020,Columbus MSA,2022,623312,Assisted Living Facilities for the Elderly,2,2,0.0,5.30633846562,0.0,1.06750561194,13.090618156,0.0,0.327460579239,0.0
2,3,    623 - Nursing and Residential Care,,,00,000,18020,Columbus MSA,2022,623990,Other Residential Care Facilities,2,2,0.0,0.0,0.0,0.0,0.0,0.0,0.0,0.0
2,3,    623 - Nursing and Residential Care,,,00,000,18020,Columbus MSA,2023,623110,Nursing Care Facilities (Skilled Nursing Facilities),2,2,8.01056180548,48.1218330864,0.0,21.4462732369,359.649175579,1.81945842714,0.193850377275,7.08473767598
2,3,    623 - Nursing and Residential Care,,,00,000,18020,Columbus MSA,2023,623210,Residential Intellectual and Developmental Disability Facilities,2,2,0.0,0.0,0.0,0.0,0.0,0.0,0.0,0.0
2,3,    623 - Nursing and Residential Care,,,00,000,18020,Columbus MSA,2023,623220,Residential Mental Health and Substance Abuse Facilities,2,2,0.0,4.46515204286,0.0,1.71365445432,26.2563045219,0.0,0.215562066768,1.03637653855
2,3,    623 - Nursing and Residential Care,,,00,000,18020,Columbus MSA,2023,623311,Continuing Care Retirement Communities,2,2,0.0,0.0,0.0,0.0,0.0,0.0,0.0,0.0
2,3,    623 - Nursing and Residential Care,,,00,000,18020,Columbus MSA,2023,623312,Assisted Living Facilities for the Elderly,2,2,0.0,5.91873403904,0.0,1.18526630408,14.8221162796,0.0,0.323997197742,0.0
2,3,    623 - Nursing and Residential Care,,,00,000,18020,Columbus MSA,2023,623990,Other Residential Care Facilities,2,2,0.0,0.0,0.0,0.0,0.0,0.0,0.0,0.0
2,3,    623 - Nursing and Residential Care,,,00,000,18020,Columbus MSA,2024,623110,Nursing Care Facilities (Skilled Nursing Facilities),2,2,6.91054916178,49.0122648949,0.0,23.1031413604,348.805893978,2.17211235045,0.202495597783,7.36778568078
2,3,    623 - Nursing and Residential Care,,,00,000,18020,Columbus MSA,2024,623210,Residential Intellectual and Developmental Disability Facilities,2,2,0.0,0.0,0.0,0.0,0.0,0.0,0.0,0.0
2,3,    623 - Nursing and Residential Care,,,00,000,18020,Columbus MSA,2024,623220,Residential Mental Health and Substance Abuse Facilities,2,2,0.0,3.36675865664,0.0,1.46423139976,29.6574690764,0.0,0.158718710007,0.764279076384
2,3,    623 - Nursing and Residential Care,,,00,000,18020,Columbus MSA,2024,623311,Continuing Care Retirement Communities,2,2,0.0,0.0,0.0,0.0,0.0,0.0,0.0,0.0
2,3,    623 - Nursing and Residential Care,,,00,000,18020,Columbus MSA,2024,623312,Assisted Living Facilities for the Elderly,2,2,0.0,4.63599084239,0.0,0.767556532468,15.060043849,0.0,0.264056651433,0.0
2,3,    623 - Nursing and Residential Care,,,00,000,18020,Columbus MSA,2024,623990,Other Residential Care Facilities,2,2,0.0,0.0,0.0,0.0,0.0,0.0,0.0,0.0
2,3,    623 - Nursing and Residential Care,,,00,000,21140,Elkhart-Goshen MSA,2020,623110,Nursing Care Facilities (Skilled Nursing Facilities),2,2,18.6979354067,251.003706259,1.24166369981,107.441979317,864.144715767,3.49121075338,0.319725004943,24.2661314842
2,3,    623 - Nursing and Residential Care,,,00,000,21140,Elkhart-Goshen MSA,2020,623210,Residential Intellectual and Developmental Disability Facilities,2,2,0.0,0.0,0.0,0.0,0.0,0.0,0.0,0.0
2,3,    623 - Nursing and Residential Care,,,00,000,21140,Elkhart-Goshen MSA,2020,623220,Residential Mental Health and Substance Abuse Facilities,2,2,0.0,22.2104153198,0.0,9.43978128723,208.272095954,1.07491514241,0.148875036748,3.70492764252
2,3,    623 - Nursing and Residential Care,,,00,000,21140,Elkhart-Goshen MSA,2020,623311,Continuing Care Retirement Communities,2,2,12.2497627734,48.3767005226,1.20388425495,58.6026056143,403.078192969,2.32314622232,0.248278755968,10.3727074711
2,3,    623 - Nursing and Residential Care,,,00,000,21140,Elkhart-Goshen MSA,2020,623312,Assisted Living Facilities for the Elderly,2,2,3.75861962468,14.6106065914,0.0,17.4823649221,123.922087552,0.712815680088,0.242850165036,3.18267892881
2,3,    623 - Nursing and Residential Care,,,00,000,21140,Elkhart-Goshen MSA,2020,623990,Other Residential Care Facilities,2,2,0.0,0.0,0.0,0.0,0.0,0.0,0.0,0.0
2,3,    623 - Nursing and Residential Care,,,00,000,21140,Elkhart-Goshen MSA,2021,623110,Nursing Care Facilities (Skilled Nursing Facilities),2,2,21.7708270347,204.055799185,1.67945608398,85.811589147,779.24274279,2.72462400926,0.303784204485,23.9695776473
2,3,    623 - Nursing and Residential Care,,,00,000,21140,Elkhart-Goshen MSA,2021,623210,Residential Intellectual and Developmental Disability Facilities,2,2,0.0,0.0,0.0,0.0,0.0,0.0,0.0,0.0
2,3,    623 - Nursing and Residential Care,,,00,000,21140,Elkhart-Goshen MSA,2021,623220,Residential Mental Health and Substance Abuse Facilities,2,2,0.0,20.5047593754,0.0,8.20253731469,194.109566919,1.2127910597,0.151892232452,4.84405023807
2,3,    623 - Nursing and Residential Care,,,00,000,21140,Elkhart-Goshen MSA,2021,623311,Continuing Care Retirement Communities,2,2,9.9287985121,38.5855127974,1.14964875871,46.9617469399,369.227291376,2.42189086859,0.224230003774,7.67454572438
2,3,    623 - Nursing and Residential Care,,,00,000,21140,Elkhart-Goshen MSA,2021,623312,Assisted Living Facilities for the Elderly,2,2,3.05054939514,11.8537978261,0.0,13.9620365135,113.43892212,0.744107931616,0.219854335471,2.35794701534
2,3,    623 - Nursing and Residential Care,,,00,000,21140,Elkhart-Goshen MSA,2021,623990,Other Residential Care Facilities,2,2,0.0,0.0,0.0,0.0,0.0,0.0,0.0,0.0
2,3,    623 - Nursing and Residential Care,,,00,000,21140,Elkhart-Goshen MSA,2022,623110,Nursing Care Facilities (Skilled Nursing Facilities),2,2,22.6152639058,227.893808639,0.845861321994,79.9537085184,661.365455731,3.36583855341,0.351069607014,23.1224617615
2,3,    623 - Nursing and Residential Care,,,00,000,21140,Elkhart-Goshen MSA,2022,623210,Residential Intellectual and Developmental Disability Facilities,2,2,0.0,0.0,0.0,0.0,0.0,0.0,0.0,0.0
2,3,    623 - Nursing and Residential Care,,,00,000,21140,Elkhart-Goshen MSA,2022,623220,Residential Mental Health and Substance Abuse Facilities,2,2,2.26282236576,19.2811787959,0.0,11.794227798,181.313860885,0.0,0.176017069121,5.39356169761
2,3,    623 - Nursing and Residential Care,,,00,000,21140,Elkhart-Goshen MSA,2022,623311,Continuing Care Retirement Communities,2,2,10.5627317093,32.6022733175,1.68114631869,39.4294950481,354.191899718,2.1449404286,0.205963826753,5.45270752969
2,3,    623 - Nursing and Residential Care,,,00,000,21140,Elkhart-Goshen MSA,2022,623312,Assisted Living Facilities for the Elderly,2,2,4.02841800407,12.4359798595,0.641156121734,14.7085500125,135.086548394,0.818038067991,0.204429069607,2.07955534496
2,3,    623 - Nursing and Residential Care,,,00,000,21140,Elkhart-Goshen MSA,2022,623990,Other Residential Care Facilities,2,2,0.0,0.0,0.0,0.0,0.0,0.0,0.0,0.0
2,3,    623 - Nursing and Residential Care,,,00,000,21140,Elkhart-Goshen MSA,2023,623110,Nursing Care Facilities (Skilled Nursing Facilities),2,2,28.6048272994,284.949577877,2.24174376063,95.495195102,630.982921326,3.95245140854,0.409595422762,22.503007982
2,3,    623 - Nursing and Residential Care,,,00,000,21140,Elkhart-Goshen MSA,2023,623210,Residential Intellectual and Developmental Disability Facilities,2,2,0.0,0.0,0.0,0.0,0.0,0.0,0.0,0.0
2,3,    623 - Nursing and Residential Care,,,00,000,21140,Elkhart-Goshen MSA,2023,623220,Residential Mental Health and Substance Abuse Facilities,2,2,1.43715310812,27.0998077238,0.0,12.0823168593,198.853138873,0.0,0.193130792407,6.97785939344
2,3,    623 - Nursing and Residential Care,,,00,000,21140,Elkhart-Goshen MSA,2023,623311,Continuing Care Retirement Communities,2,2,14.678697597,63.6343675782,1.46501773122,49.025500117,384.452063416,2.30928428885,0.267125988942,9.01645381401
2,3,    623 - Nursing and Residential Care,,,00,000,21140,Elkhart-Goshen MSA,2023,623312,Assisted Living Facilities for the Elderly,2,2,5.90189103441,25.5606279846,0.589042383089,19.7117733155,154.505368037,0.928498196125,0.267130429515,3.62526222613
2,3,    623 - Nursing and Residential Care,,,00,000,21140,Elkhart-Goshen MSA,2023,623990,Other Residential Care Facilities,2,2,0.0,0.0,0.0,0.0,0.0,0.0,0.0,0.0
2,3,    623 - Nursing and Residential Care,,,00,000,21140,Elkhart-Goshen MSA,2024,623110,Nursing Care Facilities (Skilled Nursing Facilities),2,2,28.6178058403,318.690648618,2.16476250149,117.078586646,663.813984887,2.36749819555,0.430130000945,32.1183215518
2,3,    623 - Nursing and Residential Care,,,00,000,21140,Elkhart-Goshen MSA,2024,623210,Residential Intellectual and Developmental Disability Facilities,2,2,0.0,0.0,0.0,0.0,0.0,0.0,0.0,0.0
2,3,    623 - Nursing and Residential Care,,,00,000,21140,Elkhart-Goshen MSA,2024,623220,Residential Mental Health and Substance Abuse Facilities,2,2,0.0,30.0055916637,0.0,16.8429422462,210.12469638,0.0,0.210969955053,9.33436816656
2,3,    623 - Nursing and Residential Care,,,00,000,21140,Elkhart-Goshen MSA,2024,623311,Continuing Care Retirement Communities,2,2,17.6031600841,78.2701174446,1.74563568934,51.8061806555,395.446998792,2.65935384368,0.289119099589,8.745981346
2,3,    623 - Nursing and Residential Care,,,00,000,21140,Elkhart-Goshen MSA,2024,623312,Assisted Living Facilities for the Elderly,2,2,7.63815279513,33.8934012049,0.757445370949,22.4791186178,171.393863361,1.15391502987,0.289149099913,3.79495167599
2,3,    623 - Nursing and Residential Care,,,00,000,21140,Elkhart-Goshen MSA,2024,623990,Other Residential Care Facilities,2,2,0.0,0.0,0.0,0.0,0.0,0.0,0.0,0.0
2,3,    623 - Nursing and Residential Care,,,00,000,21780,Evansville MSA,2020,623110,Nursing Care Facilities (Skilled Nursing Facilities),2,2,23.9395644228,375.537910136,3.23718571839,43.3549421141,1916.09457402,6.38904371926,0.207202292765,48.3238173985
2,3,    623 - Nursing and Residential Care,,,00,000,21780,Evansville MSA,2020,623210,Residential Intellectual and Developmental Disability Facilities,2,2,1.89783276124,102.627892294,0.0,5.91661942427,188.707711188,0.51349460498,0.388939142196,9.15628130105
2,3,    623 - Nursing and Residential Care,,,00,000,21780,Evansville MSA,2020,623220,Residential Mental Health and Substance Abuse Facilities,2,2,2.06795718162,87.287333694,0.0,4.7256898441,188.280092553,0.0,0.352063166248,8.22295088663
2,3,    623 - Nursing and Residential Care,,,00,000,21780,Evansville MSA,2020,623311,Continuing Care Retirement Communities,2,2,4.17088436781,49.7982949733,0.0,5.89133666427,246.734760022,0.92188292129,0.214302396667,6.515566842
2,3,    623 - Nursing and Residential Care,,,00,000,21780,Evansville MSA,2020,623312,Assisted Living Facilities for the Elderly,2,2,6.42547978177,87.8943993622,0.0,10.2284206342,415.276563837,1.70830811529,0.218584662191,9.90835973681
2,3,    623 - Nursing and Residential Care,,,00,000,21780,Evansville MSA,2020,623990,Other Residential Care Facilities,2,2,0.0,25.5193132764,0.0,6.32788061304,129.533046016,0.0,0.197342586106,0.0
2,3,    623 - Nursing and Residential Care,,,00,000,21780,Evansville MSA,2021,623110,Nursing Care Facilities (Skilled Nursing Facilities),2,2,23.6960611201,302.593477953,4.671982582,39.0814180102,1731.96448065,6.90836789579,0.194702955598,41.7992711449
2,3,    623 - Nursing and Residential Care,,,00,000,21780,Evansville MSA,2021,623210,Residential Intellectual and Developmental Disability Facilities,2,2,2.23008782319,102.400893144,0.679534137755,5.98422888539,200.124673796,0.0,0.37522111423,8.89338143563
2,3,    623 - Nursing and Residential Care,,,00,000,21780,Evansville MSA,2021,623220,Residential Mental Health and Substance Abuse Facilities,2,2,1.89491821194,85.8775671079,0.567660031092,5.03635826359,169.155672936,0.0,0.373596779938,7.51061301136
2,3,    623 - Nursing and Residential Care,,,00,000,21780,Evansville MSA,2021,623311,Continuing Care Retirement Communities,2,2,3.51238042856,44.0212364158,0.0,5.66926716995,236.877983401,0.0,0.203691254399,7.38915876417
2,3,    623 - Nursing and Residential Care,,,00,000,21780,Evansville MSA,2021,623312,Assisted Living Facilities for the Elderly,2,2,5.4973079768,79.0849877044,0.0,10.3150855119,404.648808559,0.507359128161,0.209508656083,11.8417573403
2,3,    623 - Nursing and Residential Care,,,00,000,21780,Evansville MSA,2021,623990,Other Residential Care Facilities,2,2,0.0,29.4615344943,0.0,7.49590749527,138.82890238,0.0,0.221211700947,2.47635237201
2,3,    623 - Nursing and Residential Care,,,00,000,21780,Evansville MSA,2022,623110,Nursing Care Facilities (Skilled Nursing Facilities),2,2,25.7361191459,330.79757388,4.26192435942,44.0290802945,1643.69623086,3.77591145302,0.216282577207,45.0104075654
2,3,    623 - Nursing and Residential Care,,,00,000,21780,Evansville MSA,2022,623210,Residential Intellectual and Developmental Disability Facilities,2,2,4.06589866001,95.4750154844,0.790597817927,6.16638946783,189.604951085,0.0,0.376849854249,8.16563298232
2,3,    623 - Nursing and Residential Care,,,00,000,21780,Evansville MSA,2022,623220,Residential Mental Health and Substance Abuse Facilities,2,2,3.70785307881,80.2274940409,0.620997814744,5.41903176185,183.963258381,0.0,0.346611929899,7.61419209991
2,3,    623 - Nursing and Residential Care,,,00,000,21780,Evansville MSA,2022,623311,Continuing Care Retirement Communities,2,2,3.97685712873,49.5497242532,0.0,7.32515845218,224.098089576,0.807625420197,0.238345406602,8.46789550351
2,3,    623 - Nursing and Residential Care,,,00,000,21780,Evansville MSA,2022,623312,Assisted Living Facilities for the Elderly,2,2,6.54029234799,92.4571931406,0.0,13.8926443445,411.018736822,1.56043480804,0.238407339792,14.2138629066
2,3,    623 - Nursing and Residential Care,,,00,000,21780,Evansville MSA,2022,623990,Other Residential Care Facilities,2,2,0.918874977994,33.4423844539,0.0,8.80314826888,138.656258246,0.0,0.245739137238,2.00997553463
2,3,    623 - Nursing and Residential Care,,,00,000,21780,Evansville MSA,2023,623110,Nursing Care Facilities (Skilled Nursing Facilities),2,2,38.1409271156,390.94405136,6.82205842459,58.1653324396,1750.67133332,3.96253019548,0.241558069335,59.5407963988
2,3,    623 - Nursing and Residential Care,,,00,000,21780,Evansville MSA,2023,623210,Residential Intellectual and Developmental Disability Facilities,2,2,4.42410339338,94.6247988796,0.909120563017,6.79340043291,186.833044207,0.0,0.379940292619,7.73013494537
2,3,    623 - Nursing and Residential Care,,,00,000,21780,Evansville MSA,2023,623220,Residential Mental Health and Substance Abuse Facilities,2,2,4.27409874351,81.8271934339,0.708807272913,5.99719994703,192.211752021,0.0,0.342324665956,7.24027787586
2,3,    623 - Nursing and Residential Care,,,00,000,21780,Evansville MSA,2023,623311,Continuing Care Retirement Communities,2,2,3.80620909482,56.2273617488,0.0,7.81786826357,208.319964953,0.526863004504,0.263663243419,6.21571636914
2,3,    623 - Nursing and Residential Care,,,00,000,21780,Evansville MSA,2023,623312,Assisted Living Facilities for the Elderly,2,2,7.088367104,107.023663023,0.652727753869,15.7718144845,417.36168179,1.02104241448,0.255535640922,11.7008012237
2,3,    623 - Nursing and Residential Care,,,00,000,21780,Evansville MSA,2023,623990,Other Residential Care Facilities,2,2,0.0,30.9114900324,0.0,8.26330253079,127.079721225,0.0,0.244875672286,2.03528507157
2,3,    623 - Nursing and Residential Care,,,00,000,21780,Evansville MSA,2024,623110,Nursing Care Facilities (Skilled Nursing Facilities),2,2,38.3940416226,404.302656025,4.08540510104,60.899745189,1768.18837306,2.07664809279,0.243692661625,59.9761991402
2,3,    623 - Nursing and Residential Care,,,00,000,21780,Evansville MSA,2024,623210,Residential Intellectual and Developmental Disability Facilities,2,2,2.26747425835,78.7091075714,1.4848133425,6.35878565387,171.012422965,0.0,0.366177869396,9.9787749978
2,3,    623 - Nursing and Residential Care,,,00,000,21780,Evansville MSA,2024,623220,Residential Mental Health and Substance Abuse Facilities,2,2,2.94175099166,90.5249329434,1.5885909781,7.49887319682,221.265424317,0.0,0.341672376426,12.2827213152
2,3,    623 - Nursing and Residential Care,,,00,000,21780,Evansville MSA,2024,623311,Continuing Care Retirement Communities,2,2,5.22616424756,63.9504202703,0.0,8.57188264268,228.764125533,0.769173050494,0.272808697968,7.30412780773
2,3,    623 - Nursing and Residential Care,,,00,000,21780,Evansville MSA,2024,623312,Assisted Living Facilities for the Elderly,2,2,8.79603385104,112.890295208,0.908963952731,14.8911497823,426.863619383,1.41768539446,0.261974142192,12.6179754588
2,3,    623 - Nursing and Residential Care,,,00,000,21780,Evansville MSA,2024,623990,Other Residential Care Facilities,2,2,0.0,29.7843285923,0.0,6.69187647142,124.72454956,0.0,0.233520253061,1.52311389077
2,3,    623 - Nursing and Residential Care,,,00,000,23060,Fort Wayne MSA,2020,623110,Nursing Care Facilities (Skilled Nursing Facilities),2,2,75.3799085397,866.2691453,1.54769978076,168.370386019,2208.58387668,6.06198816436,0.351808282375,81.087361478
2,3,    623 - Nursing and Residential Care,,,00,000,23060,Fort Wayne MSA,2020,623210,Residential Intellectual and Developmental Disability Facilities,2,2,0.743225047266,64.5675959476,0.0,6.52697449686,163.993771195,0.552762921468,0.321647569494,5.36872355445
2,3,    623 - Nursing and Residential Care,,,00,000,23060,Fort Wayne MSA,2020,623220,Residential Mental Health and Substance Abuse Facilities,2,2,2.80412682311,161.989711177,0.0,17.5685153529,209.765589719,2.08552892642,0.477539209324,7.28190040598
2,3,    623 - Nursing and Residential Care,,,00,000,23060,Fort Wayne MSA,2020,623311,Continuing Care Retirement Communities,2,2,34.9289689859,353.203553427,0.0,59.0097142587,701.565460731,1.5923620917,0.40397700822,26.7777888541
2,3,    623 - Nursing and Residential Care,,,00,000,23060,Fort Wayne MSA,2020,623312,Assisted Living Facilities for the Elderly,2,2,7.78965767755,82.8394568964,0.0,15.9518144095,225.888381972,0.0,0.335426443185,7.43043325771
2,3,    623 - Nursing and Residential Care,,,00,000,23060,Fort Wayne MSA,2020,623990,Other Residential Care Facilities,2,2,5.03743788186,88.6417249868,0.0,7.6081407119,222.764721687,1.92330733681,0.329197887878,6.11175785266
2,3,    623 - Nursing and Residential Care,,,00,000,23060,Fort Wayne MSA,2021,623110,Nursing Care Facilities (Skilled Nursing Facilities),2,2,69.9887920953,739.681967795,0.0,158.150251461,2092.15834665,6.31029940461,0.334541883014,77.6472685223
2,3,    623 - Nursing and Residential Care,,,00,000,23060,Fort Wayne MSA,2021,623210,Residential Intellectual and Developmental Disability Facilities,2,2,1.21481191816,75.349513392,0.0,6.53422102866,147.907517944,0.53308638331,0.381839738347,7.7313542806
2,3,    623 - Nursing and Residential Care,,,00,000,23060,Fort Wayne MSA,2021,623220,Residential Mental Health and Substance Abuse Facilities,2,2,2.64547910468,158.498224803,0.527678978362,14.1346943044,200.589195262,2.21210405273,0.481029555317,7.90633986659
2,3,    623 - Nursing and Residential Care,,,00,000,23060,Fort Wayne MSA,2021,623311,Continuing Care Retirement Communities,2,2,28.8538456718,326.026447025,0.848174149142,57.7888028983,661.762251631,1.34236843322,0.400766320416,27.7256697117
2,3,    623 - Nursing and Residential Care,,,00,000,23060,Fort Wayne MSA,2021,623312,Assisted Living Facilities for the Elderly,2,2,6.70910185232,75.8935489842,0.0,13.3178726884,154.385061431,0.0,0.398282624506,6.26846079818
2,3,    623 - Nursing and Residential Care,,,00,000,23060,Fort Wayne MSA,2021,623990,Other Residential Care Facilities,2,2,2.9978657894,78.7952125171,0.0,7.30933175387,206.240914011,0.810253288732,0.32034234905,7.29465679517
2,3,    623 - Nursing and Residential Care,,,00,000,23060,Fort Wayne MSA,2022,623110,Nursing Care Facilities (Skilled Nursing Facilities),2,2,81.08568127,759.930549485,1.31983053702,169.226245752,1986.2759046,4.29336262323,0.355796149254,81.1717967106
2,3,    623 - Nursing and Residential Care,,,00,000,23060,Fort Wayne MSA,2022,623210,Residential Intellectual and Developmental Disability Facilities,2,2,1.65857936527,100.421573914,0.0,8.61718131359,161.031925145,0.704620728764,0.429595513866,9.8779334472
2,3,    623 - Nursing and Residential Care,,,00,000,23060,Fort Wayne MSA,2022,623220,Residential Mental Health and Substance Abuse Facilities,2,2,2.55562474653,147.243165665,0.93380021341,14.9007687718,182.076329412,1.8170537074,0.493750987448,10.1309059884
2,3,    623 - Nursing and Residential Care,,,00,000,23060,Fort Wayne MSA,2022,623311,Continuing Care Retirement Communities,2,2,35.3437543806,359.867537855,0.0,56.2755535298,622.210310916,1.80392502689,0.436954432072,29.5787668108
2,3,    623 - Nursing and Residential Care,,,00,000,23060,Fort Wayne MSA,2022,623312,Assisted Living Facilities for the Elderly,2,2,8.75956289211,89.1913328234,0.0,13.5048292995,159.880840302,0.0,0.426266311595,7.33077378709
2,3,    623 - Nursing and Residential Care,,,00,000,23060,Fort Wayne MSA,2022,623990,Other Residential Care Facilities,2,2,0.0,25.1792869912,0.0,3.00998572575,65.2242098017,0.0,0.316192563569,1.9704023687
2,3,    623 - Nursing and Residential Care,,,00,000,23060,Fort Wayne MSA,2023,623110,Nursing Care Facilities (Skilled Nursing Facilities),2,2,88.008368411,893.317411387,0.594810038557,200.852180727,2045.49816905,6.59733370204,0.386172418881,97.4977394992
2,3,    623 - Nursing and Residential Care,,,00,000,23060,Fort Wayne MSA,2023,623210,Residential Intellectual and Developmental Disability Facilities,2,2,1.84860706052,101.43055341,0.0,9.21234480189,153.235219454,0.81182904681,0.440237229741,7.21173401858
2,3,    623 - Nursing and Residential Care,,,00,000,23060,Fort Wayne MSA,2023,623220,Residential Mental Health and Substance Abuse Facilities,2,2,3.00054319908,166.174116814,0.831127722336,16.9916959212,189.751319369,2.13886430352,0.510621176074,8.85146254734
2,3,    623 - Nursing and Residential Care,,,00,000,23060,Fort Wayne MSA,2023,623311,Continuing Care Retirement Communities,2,2,43.0992484574,397.561843079,0.808100821218,76.1422636618,616.656830225,2.50440216539,0.474231456268,36.0947978189
2,3,    623 - Nursing and Residential Care,,,00,000,23060,Fort Wayne MSA,2023,623312,Assisted Living Facilities for the Elderly,2,2,13.639213428,125.594855914,0.0,23.4906869797,203.27166647,0.79254457713,0.462545056029,11.4225808735
2,3,    623 - Nursing and Residential Care,,,00,000,23060,Fort Wayne MSA,2023,623990,Other Residential Care Facilities,2,2,1.85809514872,6.76124799974,0.0,2.96233761438,76.7136290062,0.0,0.153828282257,2.36433696415
2,3,    623 - Nursing and Residential Care,,,00,000,23060,Fort Wayne MSA,2024,623110,Nursing Care Facilities (Skilled Nursing Facilities),2,2,97.1807709715,939.998024893,0.595942407563,211.929412127,2099.06214549,5.74690317943,0.391255901923,93.6715999662
2,3,    623 - Nursing and Residential Care,,,00,000,23060,Fort Wayne MSA,2024,623210,Residential Intellectual and Developmental Disability Facilities,2,2,0.895263144084,70.8782994493,0.0,7.86631628823,136.43452822,0.667343515379,0.382798912793,4.31185905417
2,3,    623 - Nursing and Residential Care,,,00,000,23060,Fort Wayne MSA,2024,623220,Residential Mental Health and Substance Abuse Facilities,2,2,3.07413851651,161.336762422,0.562464404451,17.4613761135,195.149626745,2.29151218603,0.499715914114,10.201742009
2,3,    623 - Nursing and Residential Care,,,00,000,23060,Fort Wayne MSA,2024,623311,Continuing Care Retirement Communities,2,2,43.0701721383,412.846758067,2.32073729225,75.7980515618,608.696135857,3.49143373205,0.486074555574,38.1822364316
2,3,    623 - Nursing and Residential Care,,,00,000,23060,Fort Wayne MSA,2024,623312,Assisted Living Facilities for the Elderly,2,2,12.8481235119,122.966255138,0.692291622928,21.9797195566,186.905457558,1.04151828506,0.477660026049,11.3900192471
2,3,    623 - Nursing and Residential Care,,,00,000,23060,Fort Wayne MSA,2024,623990,Other Residential Care Facilities,2,2,0.0,27.5887737932,0.0,5.37308991743,110.492452752,0.0,0.247505322681,3.38054640376
2,3,    623 - Nursing and Residential Care,,,00,000,26900,Indianapolis-Carmel-Greenwood MSA,2020,623110,Nursing Care Facilities (Skilled Nursing Facilities),2,2,257.785140581,3222.95603152,7.70327585207,357.451710027,7163.33879957,19.8473907109,0.360364891981,170.019623727
2,3,    623 - Nursing and Residential Care,,,00,000,26900,Indianapolis-Carmel-Greenwood MSA,2020,623210,Residential Intellectual and Developmental Disability Facilities,2,2,45.459875472,1085.19936071,5.95394630456,70.9437892224,1428.52342869,7.83001346,0.471173105216,57.3958978716
2,3,    623 - Nursing and Residential Care,,,00,000,26900,Indianapolis-Carmel-Greenwood MSA,2020,623220,Residential Mental Health and Substance Abuse Facilities,2,2,9.22114067849,230.055164458,0.951801751029,23.3929178967,447.70152073,1.09528208937,0.385270746539,15.8727461888
2,3,    623 - Nursing and Residential Care,,,00,000,26900,Indianapolis-Carmel-Greenwood MSA,2020,623311,Continuing Care Retirement Communities,2,2,60.0394004909,926.544710875,1.81302539932,114.066587359,1687.98588099,3.89184115346,0.405660426529,45.7620170299
2,3,    623 - Nursing and Residential Care,,,00,000,26900,Indianapolis-Carmel-Greenwood MSA,2020,623312,Assisted Living Facilities for the Elderly,2,2,58.9452241133,843.325271683,1.90684034007,109.944872742,1591.52772402,3.42038192746,0.399969551811,43.3412899928
2,3,    623 - Nursing and Residential Care,,,00,000,26900,Indianapolis-Carmel-Greenwood MSA,2020,623990,Other Residential Care Facilities,2,2,6.34494742746,401.464454651,2.04293226425,37.0565214257,622.018245486,1.7679080167,0.43007964248,20.7175666763
2,3,    623 - Nursing and Residential Care,,,00,000,26900,Indianapolis-Carmel-Greenwood MSA,2021,623110,Nursing Care Facilities (Skilled Nursing Facilities),2,2,276.989711553,2939.16601866,10.2077736598,360.846008691,6923.18499227,20.5716344224,0.352396025217,159.494793427
2,3,    623 - Nursing and Residential Care,,,00,000,26900,Indianapolis-Carmel-Greenwood MSA,2021,623210,Residential Intellectual and Developmental Disability Facilities,2,2,53.4923904744,1099.37438177,7.12829692524,75.0052915323,1474.66801774,7.28504569075,0.468063059947,55.3075464894
2,3,    623 - Nursing and Residential Care,,,00,000,26900,Indianapolis-Carmel-Greenwood MSA,2021,623220,Residential Mental Health and Substance Abuse Facilities,2,2,12.0639149367,271.221292103,1.54994319629,27.2031616532,503.101339587,1.45727681938,0.396932671829,17.6405043862
2,3,    623 - Nursing and Residential Care,,,00,000,26900,Indianapolis-Carmel-Greenwood MSA,2021,623311,Continuing Care Retirement Communities,2,2,57.2443432941,782.606407323,2.15903696867,110.627554164,1597.0882026,3.98913350602,0.386627262864,50.0661977971
2,3,    623 - Nursing and Residential Care,,,00,000,26900,Indianapolis-Carmel-Greenwood MSA,2021,623312,Assisted Living Facilities for the Elderly,2,2,57.1468221367,763.257917624,2.40743123993,109.611817176,1558.43443662,3.86906070152,0.387229250641,48.5310467527
2,3,    623 - Nursing and Residential Care,,,00,000,26900,Indianapolis-Carmel-Greenwood MSA,2021,623990,Other Residential Care Facilities,2,2,8.2924170309,348.016669834,1.76604488276,36.7299756592,658.02538526,2.58239442868,0.387116829965,18.2426111007
2,3,    623 - Nursing and Residential Care,,,00,000,26900,Indianapolis-Carmel-Greenwood MSA,2022,623110,Nursing Care Facilities (Skilled Nursing Facilities),2,2,297.925898115,3118.130301,9.06941348239,384.190332893,6755.1131078,18.1035764585,0.37221261752,177.659907282
2,3,    623 - Nursing and Residential Care,,,00,000,26900,Indianapolis-Carmel-Greenwood MSA,2022,623210,Residential Intellectual and Developmental Disability Facilities,2,2,58.6667917195,1206.64600303,6.84482310812,84.800011813,1522.45850542,8.02011565382,0.481521128074,48.9582444955
2,3,    623 - Nursing and Residential Care,,,00,000,26900,Indianapolis-Carmel-Greenwood MSA,2022,623220,Residential Mental Health and Substance Abuse Facilities,2,2,11.5933151265,293.080831013,0.845423390157,27.5051955775,511.530643983,2.14576624139,0.407475328245,16.6057355326
2,3,    623 - Nursing and Residential Care,,,00,000,26900,Indianapolis-Carmel-Greenwood MSA,2022,623311,Continuing Care Retirement Communities,2,2,67.2920592908,871.885997677,4.5829336724,120.126351898,1619.46950032,4.20867985901,0.409974419114,57.1790320659
2,3,    623 - Nursing and Residential Care,,,00,000,26900,Indianapolis-Carmel-Greenwood MSA,2022,623312,Assisted Living Facilities for the Elderly,2,2,66.496709595,812.435933162,4.01173855986,116.024683971,1633.91680507,3.47774623056,0.392504782563,53.2325451126
2,3,    623 - Nursing and Residential Care,,,00,000,26900,Indianapolis-Carmel-Greenwood MSA,2022,623990,Other Residential Care Facilities,2,2,10.2647787193,353.951562035,2.15158536594,46.0200923603,738.861610762,1.63377875028,0.371300684449,22.339138758
2,3,    623 - Nursing and Residential Care,,,00,000,26900,Indianapolis-Carmel-Greenwood MSA,2023,623110,Nursing Care Facilities (Skilled Nursing Facilities),2,2,334.058024859,3540.00332312,11.2320387404,435.236555583,7017.41526968,18.2869783762,0.393184301922,208.09498823
2,3,    623 - Nursing and Residential Care,,,00,000,26900,Indianapolis-Carmel-Greenwood MSA,2023,623210,Residential Intellectual and Developmental Disability Facilities,2,2,64.0003557161,1224.19368223,8.91839854783,92.1373185686,1452.66748362,7.01858500729,0.498859124956,49.7849870827
2,3,    623 - Nursing and Residential Care,,,00,000,26900,Indianapolis-Carmel-Greenwood MSA,2023,623220,Residential Mental Health and Substance Abuse Facilities,2,2,13.4780835814,293.640995767,1.93335564804,29.4781583184,522.300681395,0.729581802458,0.406557006683,18.5585269445
2,3,    623 - Nursing and Residential Care,,,00,000,26900,Indianapolis-Carmel-Greenwood MSA,2023,623311,Continuing Care Retirement Communities,2,2,73.0672645308,1023.14291362,3.41455699103,139.35026503,1720.36233579,5.10755237844,0.431370016637,61.0064352388
2,3,    623 - Nursing and Residential Care,,,00,000,26900,Indianapolis-Carmel-Greenwood MSA,2023,623312,Assisted Living Facilities for the Elderly,2,2,76.0801111584,974.281269887,2.98427020118,143.011067859,1829.56181539,4.27119251655,0.408186825201,61.2619224234
2,3,    623 - Nursing and Residential Care,,,00,000,26900,Indianapolis-Carmel-Greenwood MSA,2023,623990,Other Residential Care Facilities,2,2,11.5543451934,379.692203428,2.23840456091,57.9828701503,765.332544077,2.07288254107,0.384356623295,24.2694086673
2,3,    623 - Nursing and Residential Care,,,00,000,26900,Indianapolis-Carmel-Greenwood MSA,2024,623110,Nursing Care Facilities (Skilled Nursing Facilities),2,2,341.613996779,3724.2630536,13.0276178192,487.020310196,7342.93264717,17.3217330934,0.395923659611,229.457530616
2,3,    623 - Nursing and Residential Care,,,00,000,26900,Indianapolis-Carmel-Greenwood MSA,2024,623210,Residential Intellectual and Developmental Disability Facilities,2,2,63.0316834831,1202.10669966,10.0607918556,105.651135236,1469.35374419,5.73915605494,0.493499274065,45.0471908186
2,3,    623 - Nursing and Residential Care,,,00,000,26900,Indianapolis-Carmel-Greenwood MSA,2024,623220,Residential Mental Health and Substance Abuse Facilities,2,2,15.3508311568,237.251194173,1.31080873494,25.2852351518,433.435503076,0.99395705539,0.403463201278,12.9588338152
2,3,    623 - Nursing and Residential Care,,,00,000,26900,Indianapolis-Carmel-Greenwood MSA,2024,623311,Continuing Care Retirement Communities,2,2,75.6236678823,1086.40016567,4.04918233951,151.012451848,1675.02940592,6.31356067728,0.453080417142,64.232802193
2,3,    623 - Nursing and Residential Care,,,00,000,26900,Indianapolis-Carmel-Greenwood MSA,2024,623312,Assisted Living Facilities for the Elderly,2,2,75.6558036532,1049.03932987,4.39456446463,154.360337724,1786.11297161,5.57330022223,0.431087827915,64.3869075544
2,3,    623 - Nursing and Residential Care,,,00,000,26900,Indianapolis-Carmel-Greenwood MSA,2024,623990,Other Residential Care Facilities,2,2,14.9272595608,368.988723577,2.81616090024,60.4766014609,738.759662627,2.12422367135,0.390139368219,23.2655443649
2,3,    623 - Nursing and Residential Care,,,00,000,29020,Kokomo MSA,2020,623110,Nursing Care Facilities (Skilled Nursing Facilities),2,2,9.79342854526,110.344422866,0.0,22.7663104617,489.217350932,0.712604984919,0.241124250149,11.8265543002
2,3,    623 - Nursing and Residential Care,,,00,000,29020,Kokomo MSA,2020,623210,Residential Intellectual and Developmental Disability Facilities,2,2,0.0,0.0,0.0,0.0,0.0,0.0,0.0,0.0
2,3,    623 - Nursing and Residential Care,,,00,000,29020,Kokomo MSA,2020,623220,Residential Mental Health and Substance Abuse Facilities,2,2,0.0,0.161096271571,0.0,0.0,0.0,0.0,1.0,0.0
2,3,    623 - Nursing and Residential Care,,,00,000,29020,Kokomo MSA,2020,623311,Continuing Care Retirement Communities,2,2,4.72241935309,42.4947514613,0.0,9.37917179796,170.714970449,0.953412868681,0.265226292419,4.07207203619
2,3,    623 - Nursing and Residential Care,,,00,000,29020,Kokomo MSA,2020,623312,Assisted Living Facilities for the Elderly,2,2,0.906643281948,8.15844126701,0.0,1.56334071486,32.7772399267,0.0,0.258222871807,0.781785029913
2,3,    623 - Nursing and Residential Care,,,00,000,29020,Kokomo MSA,2020,623990,Other Residential Care Facilities,2,2,1.05175554041,18.7214719767,0.0,4.57631962786,47.7287034947,0.0,0.337821006043,0.0
2,3,    623 - Nursing and Residential Care,,,00,000,29020,Kokomo MSA,2021,623110,Nursing Care Facilities (Skilled Nursing Facilities),2,2,11.0426436623,102.167424997,0.0,23.9740874727,463.079049955,0.0,0.245545429179,13.5299470919
2,3,    623 - Nursing and Residential Care,,,00,000,29020,Kokomo MSA,2021,623210,Residential Intellectual and Developmental Disability Facilities,2,2,0.0,10.556466761,0.0,0.687926290713,32.9716949617,0.0,0.254305470178,0.0
2,3,    623 - Nursing and Residential Care,,,00,000,29020,Kokomo MSA,2021,623220,Residential Mental Health and Substance Abuse Facilities,2,2,0.0,1.59612494347,0.0,0.0,4.98413326147,0.0,0.242562661488,0.0
2,3,    623 - Nursing and Residential Care,,,00,000,29020,Kokomo MSA,2021,623311,Continuing Care Retirement Communities,2,2,3.78534088624,32.5612109129,0.0,6.58988488695,135.735178919,0.0,0.257768092772,4.20273619429
2,3,    623 - Nursing and Residential Care,,,00,000,29020,Kokomo MSA,2021,623312,Assisted Living Facilities for the Elderly,2,2,2.06427019107,17.7548981495,0.0,2.88098128025,74.0161681027,0.0,0.252423913378,2.29188950415
2,3,    623 - Nursing and Residential Care,,,00,000,29020,Kokomo MSA,2021,623990,Other Residential Care Facilities,2,2,1.15442455722,9.6963464296,0.0,2.31506411744,32.0852249468,0.0,0.290950865889,0.0
2,3,    623 - Nursing and Residential Care,,,00,000,29020,Kokomo MSA,2022,623110,Nursing Care Facilities (Skilled Nursing Facilities),2,2,12.8929766653,112.590996034,0.0,22.8360847852,471.554732536,0.0,0.253574687909,11.8759356013
2,3,    623 - Nursing and Residential Care,,,00,000,29020,Kokomo MSA,2022,623210,Residential Intellectual and Developmental Disability Facilities,2,2,0.637539779014,11.8163385223,0.0,0.728166143967,46.8159014768,0.0,0.237388356282,1.39096921245
2,3,    623 - Nursing and Residential Care,,,00,000,29020,Kokomo MSA,2022,623220,Residential Mental Health and Substance Abuse Facilities,2,2,0.0,4.25170535006,0.0,0.0,16.8334493212,0.0,0.201644494259,0.0
2,3,    623 - Nursing and Residential Care,,,00,000,29020,Kokomo MSA,2022,623311,Continuing Care Retirement Communities,2,2,3.45893161655,26.0075117884,0.0,5.5025066091,101.457311499,0.0,0.270150875277,2.58508763041
2,3,    623 - Nursing and Residential Care,,,00,000,29020,Kokomo MSA,2022,623312,Assisted Living Facilities for the Elderly,2,2,3.65444248378,28.0037661544,0.0,5.81352745551,106.675052448,0.0,0.273716577267,2.73120579073
2,3,    623 - Nursing and Residential Care,,,00,000,29020,Kokomo MSA,2022,623990,Other Residential Care Facilities,2,2,0.527091932568,9.20593058148,0.0,2.20875753171,29.5688671047,0.0,0.307857923042,1.21015843134
2,3,    623 - Nursing and Residential Care,,,00,000,29020,Kokomo MSA,2023,623110,Nursing Care Facilities (Skilled Nursing Facilities),2,2,12.3337052072,129.618989363,0.0,28.6703848298,507.113828601,0.94248934873,0.263206604978,9.592012284
2,3,    623 - Nursing and Residential Care,,,00,000,29020,Kokomo MSA,2023,623210,Residential Intellectual and Developmental Disability Facilities,2,2,0.981893406285,5.84985909042,0.0,1.0129127938,34.7254184664,0.0,0.201377489975,0.911558734394
2,3,    623 - Nursing and Residential Care,,,00,000,29020,Kokomo MSA,2023,623220,Residential Mental Health and Substance Abuse Facilities,2,2,0.878352802439,5.23299178205,0.0,0.906101197302,30.642019242,0.0,0.203584173355,0.815434917698
2,3,    623 - Nursing and Residential Care,,,00,000,29020,Kokomo MSA,2023,623311,Continuing Care Retirement Communities,2,2,2.59198891381,19.7107729989,0.0,4.38697030943,79.4950668755,0.0,0.264751917286,1.93526098059
2,3,    623 - Nursing and Residential Care,,,00,000,29020,Kokomo MSA,2023,623312,Assisted Living Facilities for the Elderly,2,2,4.73689741933,36.021724188,0.0,9.50247827118,143.999372755,0.0,0.271984740513,3.53671757461
2,3,    623 - Nursing and Residential Care,,,00,000,29020,Kokomo MSA,2023,623990,Other Residential Care Facilities,2,2,0.0,17.1011347604,0.0,4.12037067175,48.0172406462,0.0,0.329599234857,2.3859344751
2,3,    623 - Nursing and Residential Care,,,00,000,29020,Kokomo MSA,2024,623110,Nursing Care Facilities (Skilled Nursing Facilities),2,2,10.4390454195,129.543059495,0.0,32.6349149611,496.656145015,0.908459190664,0.271897898915,11.9426882573
2,3,    623 - Nursing and Residential Care,,,00,000,29020,Kokomo MSA,2024,623210,Residential Intellectual and Developmental Disability Facilities,2,2,0.0,1.9781234462,0.0,0.0,11.7733315768,0.0,0.143848301353,0.0
2,3,    623 - Nursing and Residential Care,,,00,000,29020,Kokomo MSA,2024,623220,Residential Mental Health and Substance Abuse Facilities,2,2,2.77857483435,14.5513231102,0.0,2.69390356672,80.4474568288,0.530026261518,0.219987958836,2.13488841029
2,3,    623 - Nursing and Residential Care,,,00,000,29020,Kokomo MSA,2024,623311,Continuing Care Retirement Communities,2,2,3.15065732285,22.0112604674,0.0,5.74785413207,100.013892664,0.50524005536,0.25826716608,3.40925822536
2,3,    623 - Nursing and Residential Care,,,00,000,29020,Kokomo MSA,2024,623312,Assisted Living Facilities for the Elderly,2,2,4.33195033204,30.7832394294,0.0,8.45992327559,136.495432571,0.694672444921,0.26398800331,4.68750987111
2,3,    623 - Nursing and Residential Care,,,00,000,29020,Kokomo MSA,2024,623990,Other Residential Care Facilities,2,2,0.0,16.5883811412,0.0,4.07584689518,45.376425454,0.0,0.335328536589,2.22830034896
2,3,    623 - Nursing and Residential Care,,,00,000,29200,Lafayette-West Lafayette MSA,2020,623110,Nursing Care Facilities (Skilled Nursing Facilities),2,2,26.1666692919,116.84209264,1.87312156531,39.1968034243,690.614499069,1.09767495055,0.223022472895,13.0565960018
2,3,    623 - Nursing and Residential Care,,,00,000,29200,Lafayette-West Lafayette MSA,2020,623210,Residential Intellectual and Developmental Disability Facilities,2,2,3.23139026031,39.8036669857,0.0,4.26129044298,156.21486817,0.0,0.253788555436,5.83275669463
2,3,    623 - Nursing and Residential Care,,,00,000,29200,Lafayette-West Lafayette MSA,2020,623220,Residential Mental Health and Substance Abuse Facilities,2,2,2.12334308878,24.3173183053,0.0,2.80008939884,85.2281983226,0.0,0.27956879502,3.8326981944
2,3,    623 - Nursing and Residential Care,,,00,000,29200,Lafayette-West Lafayette MSA,2020,623311,Continuing Care Retirement Communities,2,2,9.27187376839,63.7507106178,0.0,39.8486998584,455.491305528,1.13374483312,0.206334777614,4.41227658236
2,3,    623 - Nursing and Residential Care,,,00,000,29200,Lafayette-West Lafayette MSA,2020,623312,Assisted Living Facilities for the Elderly,2,2,2.92588642864,19.8616681395,0.0,11.99013481,161.267193564,0.0,0.183197718097,1.39236366825
2,3,    623 - Nursing and Residential Care,,,00,000,29200,Lafayette-West Lafayette MSA,2020,623990,Other Residential Care Facilities,2,2,1.44243119883,32.5275018589,0.0,4.10878583945,70.4751238694,0.0,0.367145156256,2.80680267386
2,3,    623 - Nursing and Residential Care,,,00,000,29200,Lafayette-West Lafayette MSA,2021,623110,Nursing Care Facilities (Skilled Nursing Facilities),2,2,25.1368120736,106.107447947,0.538990072575,35.1214220841,618.828134328,0.0,0.224801953648,12.5511123469
2,3,    623 - Nursing and Residential Care,,,00,000,29200,Lafayette-West Lafayette MSA,2021,623210,Residential Intellectual and Developmental Disability Facilities,2,2,3.63930856811,40.7633809237,0.0,3.77170001471,162.38861533,0.0,0.24585197507,4.76423857186
2,3,    623 - Nursing and Residential Care,,,00,000,29200,Lafayette-West Lafayette MSA,2021,623220,Residential Mental Health and Substance Abuse Facilities,2,2,2.24258097404,22.9721841836,0.0,1.92637417228,84.0093755958,0.0,0.263633029717,2.93577490809
2,3,    623 - Nursing and Residential Care,,,00,000,29200,Lafayette-West Lafayette MSA,2021,623311,Continuing Care Retirement Communities,2,2,10.8763863669,58.075704415,0.0,38.7259566482,438.958453049,1.25303755259,0.205645654134,4.7082482503
2,3,    623 - Nursing and Residential Care,,,00,000,29200,Lafayette-West Lafayette MSA,2021,623312,Assisted Living Facilities for the Elderly,2,2,3.20965859396,17.1326187999,0.0,10.1565553212,152.811708784,0.0,0.172648941075,1.38942006557
2,3,    623 - Nursing and Residential Care,,,00,000,29200,Lafayette-West Lafayette MSA,2021,623990,Other Residential Care Facilities,2,2,1.65695846549,34.3818298773,0.0,3.80238297408,69.6752750013,0.0,0.38072292696,2.99421818817
2,3,    623 - Nursing and Residential Care,,,00,000,29200,Lafayette-West Lafayette MSA,2022,623110,Nursing Care Facilities (Skilled Nursing Facilities),2,2,25.7461439441,115.609074251,0.0,33.8756537992,606.840317284,1.04069055988,0.235158837169,10.3081749059
2,3,    623 - Nursing and Residential Care,,,00,000,29200,Lafayette-West Lafayette MSA,2022,623210,Residential Intellectual and Developmental Disability Facilities,2,2,4.63678625586,57.477439756,0.0,6.72015579586,192.876715063,0.0,0.28211187731,6.96128948999
2,3,    623 - Nursing and Residential Care,,,00,000,29200,Lafayette-West Lafayette MSA,2022,623220,Residential Mental Health and Substance Abuse Facilities,2,2,0.626931155943,7.18995868054,0.0,0.835684050745,23.1180622359,0.0,0.293281918315,0.941222869893
2,3,    623 - Nursing and Residential Care,,,00,000,29200,Lafayette-West Lafayette MSA,2022,623311,Continuing Care Retirement Communities,2,2,9.28611343607,66.5660997292,0.0,43.0787945145,414.767357855,1.15041735753,0.234862592825,7.23340256342
2,3,    623 - Nursing and Residential Care,,,00,000,29200,Lafayette-West Lafayette MSA,2022,623312,Assisted Living Facilities for the Elderly,2,2,3.09080452453,23.5124351209,0.0,13.8737150801,162.139854647,0.0,0.209167955603,2.40757702613
2,3,    623 - Nursing and Residential Care,,,00,000,29200,Lafayette-West Lafayette MSA,2022,623990,Other Residential Care Facilities,2,2,1.80169111341,39.2959265012,0.0,3.84704889293,80.2449243446,0.0,0.374917064546,3.18525317765
2,3,    623 - Nursing and Residential Care,,,00,000,29200,Lafayette-West Lafayette MSA,2023,623110,Nursing Care Facilities (Skilled Nursing Facilities),2,2,32.4108231642,134.097963639,0.0,39.3112129831,623.50902261,1.83147844888,0.261238923586,12.8322899454
2,3,    623 - Nursing and Residential Care,,,00,000,29200,Lafayette-West Lafayette MSA,2023,623210,Residential Intellectual and Developmental Disability Facilities,2,2,4.18713224248,47.9011552457,0.0,8.67736378339,160.461069098,0.0,0.288325289054,4.24295928897
2,3,    623 - Nursing and Residential Care,,,00,000,29200,Lafayette-West Lafayette MSA,2023,623220,Residential Mental Health and Substance Abuse Facilities,2,2,0.970044833402,10.4147582672,0.0,1.75947784571,33.7734490804,0.0,0.294927984185,0.982978444016
2,3,    623 - Nursing and Residential Care,,,00,000,29200,Lafayette-West Lafayette MSA,2023,623311,Continuing Care Retirement Communities,2,2,12.6950705249,82.6975881356,0.0,51.8801935842,446.090816429,1.68430659766,0.261321966926,8.85629215703
2,3,    623 - Nursing and Residential Care,,,00,000,29200,Lafayette-West Lafayette MSA,2023,623312,Assisted Living Facilities for the Elderly,2,2,3.71701235687,28.1675757545,0.0,14.4454841148,149.736488514,0.0,0.246266071562,2.59304958717
2,3,    623 - Nursing and Residential Care,,,00,000,29200,Lafayette-West Lafayette MSA,2023,623990,Other Residential Care Facilities,2,2,2.2102915069,38.1992266427,0.0,2.94054917286,81.5706226819,0.0,0.362176215909,2.96827355664
2,3,    623 - Nursing and Residential Care,,,00,000,29200,Lafayette-West Lafayette MSA,2024,623110,Nursing Care Facilities (Skilled Nursing Facilities),2,2,34.3386462399,138.123995551,0.0,42.920848423,620.695481987,1.3077297122,0.271509230438,14.642600202
2,3,    623 - Nursing and Residential Care,,,00,000,29200,Lafayette-West Lafayette MSA,2024,623210,Residential Intellectual and Developmental Disability Facilities,2,2,2.11256462037,52.1412785532,0.0,9.62837743741,175.250975229,0.0,0.283859701837,5.58278464373
2,3,    623 - Nursing and Residential Care,,,00,000,29200,Lafayette-West Lafayette MSA,2024,623220,Residential Mental Health and Substance Abuse Facilities,2,2,0.535642932705,12.6810930669,0.0,2.05848376526,39.7375854917,0.0,0.29578656189,1.41552078947
2,3,    623 - Nursing and Residential Care,,,00,000,29200,Lafayette-West Lafayette MSA,2024,623311,Continuing Care Retirement Communities,2,2,14.1398648282,86.9501334109,0.0,54.1827390871,449.011275986,2.10970491326,0.274617601986,12.6056912112
2,3,    623 - Nursing and Residential Care,,,00,000,29200,Lafayette-West Lafayette MSA,2024,623312,Assisted Living Facilities for the Elderly,2,2,3.98497412133,25.8528673234,0.0,14.4466751939,135.543939497,0.594568589244,0.2632505742,3.55260491304
2,3,    623 - Nursing and Residential Care,,,00,000,29200,Lafayette-West Lafayette MSA,2024,623990,Other Residential Care Facilities,2,2,2.20438092211,34.7149798115,0.0,3.199526515,76.5616871707,0.0,0.358857380666,2.73386608406
2,3,    623 - Nursing and Residential Care,,,00,000,31140,Louisville/Jefferson County MSA,2020,623110,Nursing Care Facilities (Skilled Nursing Facilities),2,2,125.581564837,2098.70858519,9.35487970959,234.026842396,4623.48399931,16.6154699575,0.361386139676,132.102840101
2,3,    623 - Nursing and Residential Care,,,00,000,31140,Louisville/Jefferson County MSA,2020,623210,Residential Intellectual and Developmental Disability Facilities,2,2,16.3946557029,328.142661225,1.86068537381,67.744862965,803.824957828,0.909991352987,0.357333722141,31.8879181279
2,3,    623 - Nursing and Residential Care,,,00,000,31140,Louisville/Jefferson County MSA,2020,623220,Residential Mental Health and Substance Abuse Facilities,2,2,11.9805152192,226.507964813,1.59422854994,46.5441692483,435.081751746,0.779677325113,0.41094088038,16.1162529025
2,3,    623 - Nursing and Residential Care,,,00,000,31140,Louisville/Jefferson County MSA,2020,623311,Continuing Care Retirement Communities,2,2,26.1525419295,277.362458888,2.15508348986,48.1180739538,866.940401765,1.60448376418,0.30200727748,19.7148655838
2,3,    623 - Nursing and Residential Care,,,00,000,31140,Louisville/Jefferson County MSA,2020,623312,Assisted Living Facilities for the Elderly,2,2,32.1239749197,376.483236722,3.35137444116,65.5674014783,1174.24767427,2.17479182057,0.301460008101,27.0543348629
2,3,    623 - Nursing and Residential Care,,,00,000,31140,Louisville/Jefferson County MSA,2020,623990,Other Residential Care Facilities,2,2,14.1143353399,456.322471892,2.32557039748,48.1386989882,805.092962446,3.34373011296,0.407325096709,29.0679233471
2,3,    623 - Nursing and Residential Care,,,00,000,31140,Louisville/Jefferson County MSA,2021,623110,Nursing Care Facilities (Skilled Nursing Facilities),2,2,124.883345186,1888.1921829,11.0954519953,229.184530931,4455.98785356,20.0140543465,0.349561363468,121.385454101
2,3,    623 - Nursing and Residential Care,,,00,000,31140,Louisville/Jefferson County MSA,2021,623210,Residential Intellectual and Developmental Disability Facilities,2,2,17.7478970293,289.782089788,2.04816747543,64.068366384,838.196648647,0.0,0.324878946905,29.7069864661
2,3,    623 - Nursing and Residential Care,,,00,000,31140,Louisville/Jefferson County MSA,2021,623220,Residential Mental Health and Substance Abuse Facilities,2,2,11.5806536138,202.761293277,1.77442860136,44.7014415509,493.811511378,0.0,0.359978591089,16.925348505
2,3,    623 - Nursing and Residential Care,,,00,000,31140,Louisville/Jefferson County MSA,2021,623311,Continuing Care Retirement Communities,2,2,21.1573726085,240.873745353,1.56108419423,85.7646530945,777.971158353,1.92426333378,0.324963145983,23.2346631803
2,3,    623 - Nursing and Residential Care,,,00,000,31140,Louisville/Jefferson County MSA,2021,623312,Assisted Living Facilities for the Elderly,2,2,27.9520838784,348.643931387,2.74364416277,128.745789333,1156.32072717,2.8640838625,0.319875171949,32.8892983913
2,3,    623 - Nursing and Residential Care,,,00,000,31140,Louisville/Jefferson County MSA,2021,623990,Other Residential Care Facilities,2,2,17.7488789453,419.952418318,2.92486892596,38.5551926565,805.630497258,3.22572526304,0.386422815898,24.9683747422
2,3,    623 - Nursing and Residential Care,,,00,000,31140,Louisville/Jefferson County MSA,2022,623110,Nursing Care Facilities (Skilled Nursing Facilities),2,2,110.700342419,1829.14042109,15.1749686474,258.169912237,4295.84644876,17.7972127582,0.353239739907,115.270887673
2,3,    623 - Nursing and Residential Care,,,00,000,31140,Louisville/Jefferson County MSA,2022,623210,Residential Intellectual and Developmental Disability Facilities,2,2,17.371776015,283.83276187,1.56932170267,62.4394823076,824.946709804,1.17836500621,0.325977058648,32.576466888
2,3,    623 - Nursing and Residential Care,,,00,000,31140,Louisville/Jefferson County MSA,2022,623220,Residential Mental Health and Substance Abuse Facilities,2,2,9.89823584022,188.124443283,1.27143201852,42.3244451711,551.600560851,0.954686980913,0.32010584803,17.1297778215
2,3,    623 - Nursing and Residential Care,,,00,000,31140,Louisville/Jefferson County MSA,2022,623311,Continuing Care Retirement Communities,2,2,24.473721553,257.197452076,0.0,111.551385212,744.461525049,2.58388106464,0.358716722557,20.6254361916
2,3,    623 - Nursing and Residential Care,,,00,000,31140,Louisville/Jefferson County MSA,2022,623312,Assisted Living Facilities for the Elderly,2,2,36.2621087452,419.108480051,0.0,176.473308872,1192.31087791,5.71402314847,0.360741417806,35.2776554929
2,3,    623 - Nursing and Residential Care,,,00,000,31140,Louisville/Jefferson County MSA,2022,623990,Other Residential Care Facilities,2,2,21.3636615057,420.598184888,2.32253347059,41.0594601706,751.065463065,1.58512749456,0.40560486587,25.5849965227
2,3,    623 - Nursing and Residential Care,,,00,000,31140,Louisville/Jefferson County MSA,2023,623110,Nursing Care Facilities (Skilled Nursing Facilities),2,2,119.020702522,2069.76624212,12.6232279939,302.4205229,4691.63552597,13.1467069877,0.36104621763,134.070776369
2,3,    623 - Nursing and Residential Care,,,00,000,31140,Louisville/Jefferson County MSA,2023,623210,Residential Intellectual and Developmental Disability Facilities,2,2,20.1956081684,289.480865906,2.25504524385,77.4429307744,807.356689919,1.21113406575,0.345489715386,35.5856152442
2,3,    623 - Nursing and Residential Care,,,00,000,31140,Louisville/Jefferson County MSA,2023,623220,Residential Mental Health and Substance Abuse Facilities,2,2,9.68890409763,162.338825695,0.988200599531,45.9183864249,542.522922725,0.759758228492,0.301819904127,14.8359802963
2,3,    623 - Nursing and Residential Care,,,00,000,31140,Louisville/Jefferson County MSA,2023,623311,Continuing Care Retirement Communities,2,2,19.1658068081,264.443059342,0.984843685147,133.195165557,631.571099801,3.05885146442,0.412541867108,22.672425704
2,3,    623 - Nursing and Residential Care,,,00,000,31140,Louisville/Jefferson County MSA,2023,623312,Assisted Living Facilities for the Elderly,2,2,39.3067887397,520.18427679,1.9317093708,264.731119501,1247.94682439,5.255687268,0.41195072773,42.8243077667
2,3,    623 - Nursing and Residential Care,,,00,000,31140,Louisville/Jefferson County MSA,2023,623990,Other Residential Care Facilities,2,2,25.7892006876,462.971213735,1.3593651541,47.6535501784,768.555552695,1.00255795081,0.426119333883,31.8939387969
2,3,    623 - Nursing and Residential Care,,,00,000,31140,Louisville/Jefferson County MSA,2024,623110,Nursing Care Facilities (Skilled Nursing Facilities),2,2,133.909575435,2061.1008184,14.7323862202,343.069936033,4765.3768425,13.0096023283,0.362529502504,144.247720498
2,3,    623 - Nursing and Residential Care,,,00,000,31140,Louisville/Jefferson County MSA,2024,623210,Residential Intellectual and Developmental Disability Facilities,2,2,19.5974280847,312.265382987,4.10405532897,80.799136226,815.512380372,2.11965786931,0.358516910677,36.8940538814
2,3,    623 - Nursing and Residential Care,,,00,000,31140,Louisville/Jefferson County MSA,2024,623220,Residential Mental Health and Substance Abuse Facilities,2,2,11.4310352472,207.498534202,0.956729433683,56.3842025586,654.398978725,1.58052801519,0.310836153154,17.3049949137
2,3,    623 - Nursing and Residential Care,,,00,000,31140,Louisville/Jefferson County MSA,2024,623311,Continuing Care Retirement Communities,2,2,24.3430511149,295.656687407,1.30020482982,153.750580261,708.768200859,3.86979786433,0.413945222111,21.7004760984
2,3,    623 - Nursing and Residential Care,,,00,000,31140,Louisville/Jefferson County MSA,2024,623312,Assisted Living Facilities for the Elderly,2,2,50.0676431373,626.738780117,2.87789755362,337.428359334,1433.5398751,7.34691112426,0.426645798664,42.2697769069
2,3,    623 - Nursing and Residential Care,,,00,000,31140,Louisville/Jefferson County MSA,2024,623990,Other Residential Care Facilities,2,2,28.7563051769,531.466644627,0.50436952399,54.3283558516,814.67003533,2.19159979196,0.442958896924,30.5780618197
2,3,    623 - Nursing and Residential Care,,,00,000,33140,Michigan City-La Porte MSA,2020,623110,Nursing Care Facilities (Skilled Nursing Facilities),2,2,4.12868966109,145.21698983,0.0,24.3214027879,314.635377696,0.770310498593,0.374322054497,13.7983630828
2,3,    623 - Nursing and Residential Care,,,00,000,33140,Michigan City-La Porte MSA,2020,623210,Residential Intellectual and Developmental Disability Facilities,2,2,0.0,11.3301011731,0.0,2.45611528069,21.4425749025,0.0,0.407556956182,0.964687706841
2,3,    623 - Nursing and Residential Care,,,00,000,33140,Michigan City-La Porte MSA,2020,623220,Residential Mental Health and Substance Abuse Facilities,2,2,0.0,5.08306116868,0.0,1.10189520979,9.61826283848,0.0,0.391373193876,0.0
2,3,    623 - Nursing and Residential Care,,,00,000,33140,Michigan City-La Porte MSA,2020,623311,Continuing Care Retirement Communities,2,2,0.825771918525,24.0702363864,0.0,3.96204850556,60.6037855393,0.0,0.331559141982,1.20255198274
2,3,    623 - Nursing and Residential Care,,,00,000,33140,Michigan City-La Porte MSA,2020,623312,Assisted Living Facilities for the Elderly,2,2,1.53181157237,44.6504244322,0.0,7.92327980822,112.440659469,0.0,0.333791242707,2.23074071934
2,3,    623 - Nursing and Residential Care,,,00,000,33140,Michigan City-La Porte MSA,2020,623990,Other Residential Care Facilities,2,2,0.0,5.66964291151,0.0,0.0,12.3024298258,0.0,0.315469617466,0.0
2,3,    623 - Nursing and Residential Care,,,00,000,33140,Michigan City-La Porte MSA,2021,623110,Nursing Care Facilities (Skilled Nursing Facilities),2,2,4.19482454271,122.4973175,0.0,19.6775834243,283.074575031,1.39593605691,0.358051228626,10.1210794469
2,3,    623 - Nursing and Residential Care,,,00,000,33140,Michigan City-La Porte MSA,2021,623210,Residential Intellectual and Developmental Disability Facilities,2,2,1.50966088684,78.5971543297,0.0,11.9623796836,68.0941270921,0.0,0.580940940518,2.32959052536
2,3,    623 - Nursing and Residential Care,,,00,000,33140,Michigan City-La Porte MSA,2021,623220,Residential Mental Health and Substance Abuse Facilities,2,2,0.0,18.7785880881,0.0,2.29436758855,16.741040687,0.0,0.563788970845,0.564310391793
2,3,    623 - Nursing and Residential Care,,,00,000,33140,Michigan City-La Porte MSA,2021,623311,Continuing Care Retirement Communities,2,2,0.552304203368,21.4279206805,0.0,4.32661991937,58.3940700602,0.0,0.321802971567,1.40101070103
2,3,    623 - Nursing and Residential Care,,,00,000,33140,Michigan City-La Porte MSA,2021,623312,Assisted Living Facilities for the Elderly,2,2,1.06048079046,42.0948188217,0.0,8.30755457615,111.197806875,0.571339218449,0.329819131245,2.69008442559
2,3,    623 - Nursing and Residential Care,,,00,000,33140,Michigan City-La Porte MSA,2021,623990,Other Residential Care Facilities,2,2,0.0,8.08104461123,0.0,0.573274799511,24.007992571,0.0,0.264963466627,0.0
2,3,    623 - Nursing and Residential Care,,,00,000,33140,Michigan City-La Porte MSA,2022,623110,Nursing Care Facilities (Skilled Nursing Facilities),2,2,5.95415564207,132.414112895,0.0,27.4341599236,278.160178404,0.647015787012,0.3902794523,11.5996677416
2,3,    623 - Nursing and Residential Care,,,00,000,33140,Michigan City-La Porte MSA,2022,623210,Residential Intellectual and Developmental Disability Facilities,2,2,1.98679360955,84.2667829144,0.0,12.9774227305,61.3379274047,0.573593862563,0.625601528867,2.68808279013
2,3,    623 - Nursing and Residential Care,,,00,000,33140,Michigan City-La Porte MSA,2022,623220,Residential Mental Health and Substance Abuse Facilities,2,2,0.551113727444,23.1921704816,0.0,3.19940167008,17.1902408699,0.0,0.616961038321,0.745643291295
2,3,    623 - Nursing and Residential Care,,,00,000,33140,Michigan City-La Porte MSA,2022,623311,Continuing Care Retirement Communities,2,2,0.752329508907,26.7130853408,0.0,5.57690102979,53.9161983122,0.0,0.394375209871,2.06723110632
2,3,    623 - Nursing and Residential Care,,,00,000,33140,Michigan City-La Porte MSA,2022,623312,Assisted Living Facilities for the Elderly,2,2,1.52472257167,54.7868195088,0.0,11.9556956902,108.641011068,0.0,0.400097702016,4.18959231474
2,3,    623 - Nursing and Residential Care,,,00,000,33140,Michigan City-La Porte MSA,2022,623990,Other Residential Care Facilities,2,2,0.0,5.07022235836,0.0,0.0,16.2169179502,0.0,0.258416857355,0.580829737741
2,3,    623 - Nursing and Residential Care,,,00,000,33140,Michigan City-La Porte MSA,2023,623110,Nursing Care Facilities (Skilled Nursing Facilities),2,2,10.7498714703,140.968800866,0.0,27.8371511517,314.546143996,1.00194270378,0.378602218938,11.0873791638
2,3,    623 - Nursing and Residential Care,,,00,000,33140,Michigan City-La Porte MSA,2023,623210,Residential Intellectual and Developmental Disability Facilities,2,2,3.27760083695,79.325331244,0.0,10.5666383849,66.6956815265,0.0,0.588393304619,2.17215477241
2,3,    623 - Nursing and Residential Care,,,00,000,33140,Michigan City-La Porte MSA,2023,623220,Residential Mental Health and Substance Abuse Facilities,2,2,0.968518017016,23.2673246963,0.0,2.30761144417,19.7841340583,0.0,0.578787200953,0.641863099712
2,3,    623 - Nursing and Residential Care,,,00,000,33140,Michigan City-La Porte MSA,2023,623311,Continuing Care Retirement Communities,2,2,1.04407313616,25.0426711104,0.0,7.02637684523,54.4781198521,0.0,0.395332538337,2.50475942999
2,3,    623 - Nursing and Residential Care,,,00,000,33140,Michigan City-La Porte MSA,2023,623312,Assisted Living Facilities for the Elderly,2,2,1.87429965042,45.5187032322,0.0,12.6136141316,97.3859813079,0.0,0.398440134175,4.49649508391
2,3,    623 - Nursing and Residential Care,,,00,000,33140,Michigan City-La Porte MSA,2023,623990,Other Residential Care Facilities,2,2,0.0,3.4280968162,0.0,0.0,11.6865540864,0.0,0.226806218568,0.0
2,3,    623 - Nursing and Residential Care,,,00,000,33140,Michigan City-La Porte MSA,2024,623110,Nursing Care Facilities (Skilled Nursing Facilities),2,2,12.8156168637,127.585830725,0.0,26.9579638361,317.390807093,1.44729503507,0.359847869178,9.60776742829
2,3,    623 - Nursing and Residential Care,,,00,000,33140,Michigan City-La Porte MSA,2024,623210,Residential Intellectual and Developmental Disability Facilities,2,2,3.25625348936,69.1798465146,0.0,9.60146825259,58.9572349987,0.0,0.590920636379,3.12694973856
2,3,    623 - Nursing and Residential Care,,,00,000,33140,Michigan City-La Porte MSA,2024,623220,Residential Mental Health and Substance Abuse Facilities,2,2,1.07865044399,22.7150489897,0.0,2.8890439702,19.5114571058,0.0,0.586884406282,1.0358179223
2,3,    623 - Nursing and Residential Care,,,00,000,33140,Michigan City-La Porte MSA,2024,623311,Continuing Care Retirement Communities,2,2,1.00133020148,25.976979157,0.0,6.03232724327,60.8844378756,0.0,0.36774918149,2.40284415418
2,3,    623 - Nursing and Residential Care,,,00,000,33140,Michigan City-La Porte MSA,2024,623312,Assisted Living Facilities for the Elderly,2,2,1.69945161637,44.6752827825,0.0,10.9464995346,102.929475456,0.0,0.373637036543,4.07809269676
2,3,    623 - Nursing and Residential Care,,,00,000,33140,Michigan City-La Porte MSA,2024,623990,Other Residential Care Facilities,2,2,0.0,1.92173325068,0.0,0.0,6.8441369697,0.0,0.21922903287,0.0
2,3,    623 - Nursing and Residential Care,,,00,000,34620,Muncie MSA,2020,623110,Nursing Care Facilities (Skilled Nursing Facilities),2,2,7.71946502595,95.512619368,1.31016134683,21.604046223,786.4244062,2.64046352373,0.155430118015,15.9425805605
2,3,    623 - Nursing and Residential Care,,,00,000,34620,Muncie MSA,2020,623210,Residential Intellectual and Developmental Disability Facilities,2,2,0.826898645063,15.3907959817,0.0,2.69693368221,49.3354049347,0.0,0.294741486353,1.70361351143
2,3,    623 - Nursing and Residential Care,,,00,000,34620,Muncie MSA,2020,623220,Residential Mental Health and Substance Abuse Facilities,2,2,0.637441256204,11.8644871208,0.0,2.07901754895,38.0346058546,0.0,0.294726009904,1.31328493921
2,3,    623 - Nursing and Residential Care,,,00,000,34620,Muncie MSA,2020,623311,Continuing Care Retirement Communities,2,2,1.31896380263,30.6395912285,0.0,4.88431573843,252.122871754,1.13108181894,0.142041791055,3.76698991475
2,3,    623 - Nursing and Residential Care,,,00,000,34620,Muncie MSA,2020,623312,Assisted Living Facilities for the Elderly,2,2,1.27909777381,29.7135015022,0.0,4.73668600696,244.531326036,1.09689457263,0.142027370822,3.653131651
2,3,    623 - Nursing and Residential Care,,,00,000,34620,Muncie MSA,2020,623990,Other Residential Care Facilities,2,2,5.04845147153,87.1246817499,0.0,8.03827592891,334.246551408,0.570157138336,0.253964824545,13.0024342193
2,3,    623 - Nursing and Residential Care,,,00,000,34620,Muncie MSA,2021,623110,Nursing Care Facilities (Skilled Nursing Facilities),2,2,7.28927909827,112.005027611,0.0,21.9028404646,755.257156034,2.42775678132,0.175221408571,16.8269119484
2,3,    623 - Nursing and Residential Care,,,00,000,34620,Muncie MSA,2021,623210,Residential Intellectual and Developmental Disability Facilities,2,2,0.842055417234,13.8506245265,0.0,0.945315309234,41.697343521,0.0,0.290237071456,1.41293032272
2,3,    623 - Nursing and Residential Care,,,00,000,34620,Muncie MSA,2021,623220,Residential Mental Health and Substance Abuse Facilities,2,2,0.684261548067,11.2551378285,0.0,0.768171433458,33.89107835,0.0,0.290191756639,1.14815945619
2,3,    623 - Nursing and Residential Care,,,00,000,34620,Muncie MSA,2021,623311,Continuing Care Retirement Communities,2,2,1.46927714259,36.0604058079,0.513735723161,7.78578941674,248.994112221,1.37652316094,0.17024397205,3.88126932905
2,3,    623 - Nursing and Residential Care,,,00,000,34620,Muncie MSA,2021,623312,Assisted Living Facilities for the Elderly,2,2,1.43095179609,35.126752421,0.500335188279,7.58270106224,242.517322412,1.34061725484,0.170253202387,3.7800283939
2,3,    623 - Nursing and Residential Care,,,00,000,34620,Muncie MSA,2021,623990,Other Residential Care Facilities,2,2,5.22654586735,68.3682187858,0.0,7.57493381492,245.820909626,0.0,0.276595903745,12.8207240487
2,3,    623 - Nursing and Residential Care,,,00,000,34620,Muncie MSA,2022,623110,Nursing Care Facilities (Skilled Nursing Facilities),2,2,9.13280813086,134.936346261,0.0,25.5449324886,801.521425952,2.01627976665,0.198226114476,26.5333311291
2,3,    623 - Nursing and Residential Care,,,00,000,34620,Muncie MSA,2022,623210,Residential Intellectual and Developmental Disability Facilities,2,2,0.0,12.7420152948,0.0,0.812514209082,41.4488073749,0.0,0.259244848031,0.95146446782
2,3,    623 - Nursing and Residential Care,,,00,000,34620,Muncie MSA,2022,623220,Residential Mental Health and Substance Abuse Facilities,2,2,0.0,10.7410326649,0.0,0.684918473137,34.9396260261,0.0,0.259245600611,0.802048238983
2,3,    623 - Nursing and Residential Care,,,00,000,34620,Muncie MSA,2022,623311,Continuing Care Retirement Communities,2,2,1.49599582642,34.210870866,0.0,7.57950847619,238.485987115,0.777079421899,0.173095945204,5.858851532
2,3,    623 - Nursing and Residential Care,,,00,000,34620,Muncie MSA,2022,623312,Assisted Living Facilities for the Elderly,2,2,1.47150714876,33.6563697006,0.0,7.45543584402,234.59442308,0.764359033817,0.173104492243,5.76294516375
2,3,    623 - Nursing and Residential Care,,,00,000,34620,Muncie MSA,2022,623990,Other Residential Care Facilities,2,2,6.53125586336,55.652165178,0.0,5.4069023424,202.207917914,0.0,0.294512001642,16.8231022043
2,3,    623 - Nursing and Residential Care,,,00,000,34620,Muncie MSA,2023,623110,Nursing Care Facilities (Skilled Nursing Facilities),2,2,11.5681471044,149.724824791,0.0,29.2678242049,864.514734878,2.3187980598,0.208419107189,34.7426120244
2,3,    623 - Nursing and Residential Care,,,00,000,34620,Muncie MSA,2023,623210,Residential Intellectual and Developmental Disability Facilities,2,2,0.0,12.3116344524,0.0,1.33842112414,21.5221907711,0.0,0.40547401738,1.02834269357
2,3,    623 - Nursing and Residential Care,,,00,000,34620,Muncie MSA,2023,623220,Residential Mental Health and Substance Abuse Facilities,2,2,0.542022965637,13.5416713996,0.0,1.47214077282,23.5674419053,0.0,0.414536910897,1.13108287095
2,3,    623 - Nursing and Residential Care,,,00,000,34620,Muncie MSA,2023,623311,Continuing Care Retirement Communities,2,2,1.80764727515,41.2200236559,0.0,8.53424490097,267.692141341,1.45548592714,0.189176560083,9.43895552766
2,3,    623 - Nursing and Residential Care,,,00,000,34620,Muncie MSA,2023,623312,Assisted Living Facilities for the Elderly,2,2,1.60894899013,36.8319139383,0.0,7.59615269176,238.679097813,1.295497548,0.189305243347,8.40141667726
2,3,    623 - Nursing and Residential Care,,,00,000,34620,Muncie MSA,2023,623990,Other Residential Care Facilities,2,2,4.14223555423,49.2904764613,0.0,6.92808696096,160.314052439,0.97146562442,0.32019994383,14.1789833321
2,3,    623 - Nursing and Residential Care,,,00,000,34620,Muncie MSA,2024,623110,Nursing Care Facilities (Skilled Nursing Facilities),2,2,15.9383904756,172.211485937,0.0,29.2768497067,877.086861114,2.95078908571,0.224903025413,34.1190124315
2,3,    623 - Nursing and Residential Care,,,00,000,34620,Muncie MSA,2024,623210,Residential Intellectual and Developmental Disability Facilities,2,2,0.0,2.06808189486,0.0,0.0,7.08228604984,0.0,0.226010790752,0.0
2,3,    623 - Nursing and Residential Care,,,00,000,34620,Muncie MSA,2024,623220,Residential Mental Health and Substance Abuse Facilities,2,2,0.0,15.4687595314,0.0,4.00232228182,48.8006875821,0.0,0.298458902475,1.29035284422
2,3,    623 - Nursing and Residential Care,,,00,000,34620,Muncie MSA,2024,623311,Continuing Care Retirement Communities,2,2,3.08423864049,42.371536542,0.592093833801,9.99720509672,275.969695682,1.60404521419,0.198211587389,10.5738564507
2,3,    623 - Nursing and Residential Care,,,00,000,34620,Muncie MSA,2024,623312,Assisted Living Facilities for the Elderly,2,2,2.76517947079,38.174210706,0.530842747546,8.96301146603,247.946063875,1.43810950238,0.19835717264,9.48000923164
2,3,    623 - Nursing and Residential Care,,,00,000,34620,Muncie MSA,2024,623990,Other Residential Care Facilities,2,2,2.09976196609,44.8548262454,0.0,7.19497951404,140.606035481,0.850384898137,0.317772354461,10.4924255267
2,3,    623 - Nursing and Residential Care,,,00,000,43780,South Bend-Mishawaka MSA,2020,623110,Nursing Care Facilities (Skilled Nursing Facilities),2,2,35.8564996971,625.762513388,0.767994623819,103.042355044,1160.41606496,1.88515842389,0.408715227793,34.8027303026
2,3,    623 - Nursing and Residential Care,,,00,000,43780,South Bend-Mishawaka MSA,2020,623210,Residential Intellectual and Developmental Disability Facilities,2,2,3.43040129755,141.510474933,0.0,14.891482486,184.239630781,2.48838716602,0.481719742014,8.92225641456
2,3,    623 - Nursing and Residential Care,,,00,000,43780,South Bend-Mishawaka MSA,2020,623220,Residential Mental Health and Substance Abuse Facilities,2,2,1.68788961994,36.7503625146,0.0,3.88338694838,48.2033232421,0.648919290081,0.484459850841,2.32673772696
2,3,    623 - Nursing and Residential Care,,,00,000,43780,South Bend-Mishawaka MSA,2020,623311,Continuing Care Retirement Communities,2,2,22.4934467051,238.779452014,0.598470223187,39.4112956259,365.517370563,2.01489700025,0.464122087295,13.2758237975
2,3,    623 - Nursing and Residential Care,,,00,000,43780,South Bend-Mishawaka MSA,2020,623312,Assisted Living Facilities for the Elderly,2,2,8.69712039262,91.9514318959,0.0,14.8580299711,141.724127919,0.779062542958,0.461417599371,5.13311451961
2,3,    623 - Nursing and Residential Care,,,00,000,43780,South Bend-Mishawaka MSA,2020,623990,Other Residential Care Facilities,2,2,7.96049373977,62.8730347649,0.0,15.2854786598,175.876446254,2.21049411771,0.348322895147,5.67685936991
2,3,    623 - Nursing and Residential Care,,,00,000,43780,South Bend-Mishawaka MSA,2021,623110,Nursing Care Facilities (Skilled Nursing Facilities),2,2,37.6988955299,565.667129657,1.19144797233,92.7850834249,982.425444287,0.790840450705,0.427044890587,34.105061919
2,3,    623 - Nursing and Residential Care,,,00,000,43780,South Bend-Mishawaka MSA,2021,623210,Residential Intellectual and Developmental Disability Facilities,2,2,4.11852791151,163.471419549,0.0,15.8981921677,187.498279122,2.39732321222,0.504608138859,5.10103711819
2,3,    623 - Nursing and Residential Care,,,00,000,43780,South Bend-Mishawaka MSA,2021,623220,Residential Mental Health and Substance Abuse Facilities,2,2,5.35255497854,28.7478187057,1.57382324462,1.97094160764,33.9374015982,1.61315843544,0.551305506885,2.44017866686
2,3,    623 - Nursing and Residential Care,,,00,000,43780,South Bend-Mishawaka MSA,2021,623311,Continuing Care Retirement Communities,2,2,23.7876440113,199.813811004,0.0,38.3276900183,393.218904012,1.13441605809,0.414676234228,15.5147982341
2,3,    623 - Nursing and Residential Care,,,00,000,43780,South Bend-Mishawaka MSA,2021,623312,Assisted Living Facilities for the Elderly,2,2,8.64066086533,72.5761773899,0.0,12.5713318982,142.821747881,0.0,0.410425680707,5.63561947836
2,3,    623 - Nursing and Residential Care,,,00,000,43780,South Bend-Mishawaka MSA,2021,623990,Other Residential Care Facilities,2,2,11.9461746594,79.8161205787,0.0,19.7552543664,218.840393466,1.1861491546,0.354788298974,7.63201558252
2,3,    623 - Nursing and Residential Care,,,00,000,43780,South Bend-Mishawaka MSA,2022,623110,Nursing Care Facilities (Skilled Nursing Facilities),2,2,34.8468239777,543.797818606,1.56050670225,90.0190743283,870.875089954,1.23660102931,0.447308437897,33.3622680188
2,3,    623 - Nursing and Residential Care,,,00,000,43780,South Bend-Mishawaka MSA,2022,623210,Residential Intellectual and Developmental Disability Facilities,2,2,4.05270349084,139.484422682,0.540439645938,16.6231495723,173.667093263,1.04844419354,0.489838258055,4.9994996172
2,3,    623 - Nursing and Residential Care,,,00,000,43780,South Bend-Mishawaka MSA,2022,623220,Residential Mental Health and Substance Abuse Facilities,2,2,4.23205197847,88.8587004683,0.0,10.5899880031,110.633788977,1.23971052971,0.495509916024,3.74400294452
2,3,    623 - Nursing and Residential Care,,,00,000,43780,South Bend-Mishawaka MSA,2022,623311,Continuing Care Retirement Communities,2,2,27.0648297365,211.069846518,0.648864177767,38.6893952634,380.350317564,1.28774118063,0.435840345837,15.0781553117
2,3,    623 - Nursing and Residential Care,,,00,000,43780,South Bend-Mishawaka MSA,2022,623312,Assisted Living Facilities for the Elderly,2,2,10.6948782993,83.4101422649,0.0,15.2884159199,150.307890569,0.508860958739,0.435290331964,5.95825052682
2,3,    623 - Nursing and Residential Care,,,00,000,43780,South Bend-Mishawaka MSA,2022,623990,Other Residential Care Facilities,2,2,11.0319318497,62.0009403835,0.0,18.4191268597,187.652626312,1.63933879018,0.348445566934,7.26363239025
2,3,    623 - Nursing and Residential Care,,,00,000,43780,South Bend-Mishawaka MSA,2023,623110,Nursing Care Facilities (Skilled Nursing Facilities),2,2,40.9507086074,618.72621778,1.4933829746,93.3639676691,895.555616179,1.01531524742,0.471859662766,44.5721580341
2,3,    623 - Nursing and Residential Care,,,00,000,43780,South Bend-Mishawaka MSA,2023,623210,Residential Intellectual and Developmental Disability Facilities,2,2,5.83099852376,158.735690347,0.999298862143,20.3295137544,193.175603382,1.28799758584,0.502776802043,8.14972853904
2,3,    623 - Nursing and Residential Care,,,00,000,43780,South Bend-Mishawaka MSA,2023,623220,Residential Mental Health and Substance Abuse Facilities,2,2,5.61204352717,134.395621408,0.847387208606,17.2390568681,163.282909953,1.09219846065,0.50427199336,6.91082115593
2,3,    623 - Nursing and Residential Care,,,00,000,43780,South Bend-Mishawaka MSA,2023,623311,Continuing Care Retirement Communities,2,2,33.2828565034,226.999720662,1.16363845557,45.3529002171,353.755630393,1.73919255257,0.476930469267,14.0131477663
2,3,    623 - Nursing and Residential Care,,,00,000,43780,South Bend-Mishawaka MSA,2023,623312,Assisted Living Facilities for the Elderly,2,2,15.840082031,108.412513669,0.553802483534,21.5844953004,168.933154903,0.827722004499,0.476697054746,6.66918147812
2,3,    623 - Nursing and Residential Care,,,00,000,43780,South Bend-Mishawaka MSA,2023,623990,Other Residential Care Facilities,2,2,11.3225725129,54.902341715,0.0,23.3811788262,177.765216763,1.54240008949,0.353763718351,6.16403148798
2,3,    623 - Nursing and Residential Care,,,00,000,43780,South Bend-Mishawaka MSA,2024,623110,Nursing Care Facilities (Skilled Nursing Facilities),2,2,42.5674839968,673.189204183,1.55535342362,106.075503685,926.062242257,0.837796976339,0.484662767022,46.7148111836
2,3,    623 - Nursing and Residential Care,,,00,000,43780,South Bend-Mishawaka MSA,2024,623210,Residential Intellectual and Developmental Disability Facilities,2,2,6.59177824423,160.617623465,0.961429050548,22.5517750911,219.736944641,1.61504784209,0.478717723861,9.45698771625
2,3,    623 - Nursing and Residential Care,,,00,000,43780,South Bend-Mishawaka MSA,2024,623220,Residential Mental Health and Substance Abuse Facilities,2,2,8.12873532847,154.630580388,0.927482726756,21.7555126328,211.1602183,2.17120611858,0.483079231539,9.72255868413
2,3,    623 - Nursing and Residential Care,,,00,000,43780,South Bend-Mishawaka MSA,2024,623311,Continuing Care Retirement Communities,2,2,32.4018948716,224.662324413,1.09492146661,50.300147574,339.746433231,1.87935428286,0.489447927506,15.3640556695
2,3,    623 - Nursing and Residential Care,,,00,000,43780,South Bend-Mishawaka MSA,2024,623312,Assisted Living Facilities for the Elderly,2,2,15.5328459364,112.893968556,0.524884316818,24.1129244429,173.08658209,0.900926339379,0.482423461515,7.36523313276
2,3,    623 - Nursing and Residential Care,,,00,000,43780,South Bend-Mishawaka MSA,2024,623990,Other Residential Care Facilities,2,2,12.9332735517,39.1790361541,0.0,24.2032116215,162.019903468,1.50933971907,0.340342778411,5.76749919656
2,3,    623 - Nursing and Residential Care,,,00,000,45460,Terre Haute MSA,2020,623110,Nursing Care Facilities (Skilled Nursing Facilities),2,2,15.4139802049,110.485173291,0.0,37.9660036345,1253.96866459,0.713374039968,0.133597678322,28.7811795399
2,3,    623 - Nursing and Residential Care,,,00,000,45460,Terre Haute MSA,2020,623210,Residential Intellectual and Developmental Disability Facilities,2,2,2.22910189856,43.4631578106,0.0,3.82309181371,155.278312341,1.11670379625,0.275872715772,8.52474025966
2,3,    623 - Nursing and Residential Care,,,00,000,45460,Terre Haute MSA,2020,623220,Residential Mental Health and Substance Abuse Facilities,2,2,4.06731929451,81.1432747334,0.0,7.54083368227,276.053095444,2.03758782839,0.285570837213,15.554623394
2,3,    623 - Nursing and Residential Care,,,00,000,45460,Terre Haute MSA,2020,623311,Continuing Care Retirement Communities,2,2,1.64372847921,20.9419948658,0.0,6.92762390288,227.816967117,0.0,0.119995367022,1.55123986747
2,3,    623 - Nursing and Residential Care,,,00,000,45460,Terre Haute MSA,2020,623312,Assisted Living Facilities for the Elderly,2,2,0.768394777856,9.78976740762,0.0,2.93738298612,101.164992681,0.0,0.123244948203,0.725159068811
2,3,    623 - Nursing and Residential Care,,,00,000,45460,Terre Haute MSA,2020,623990,Other Residential Care Facilities,2,2,0.0,0.0,0.0,0.0,0.0,0.0,0.0,0.0
2,3,    623 - Nursing and Residential Care,,,00,000,45460,Terre Haute MSA,2021,623110,Nursing Care Facilities (Skilled Nursing Facilities),2,2,13.8768172199,91.0998280505,0.0,31.5345887086,1170.71435995,1.47156756349,0.126348440024,31.3271841199
2,3,    623 - Nursing and Residential Care,,,00,000,45460,Terre Haute MSA,2021,623210,Residential Intellectual and Developmental Disability Facilities,2,2,1.38044986308,37.0782983344,0.0,2.22090107774,151.61203184,1.13868353343,0.243008256448,6.8519146911
2,3,    623 - Nursing and Residential Care,,,00,000,45460,Terre Haute MSA,2021,623220,Residential Mental Health and Substance Abuse Facilities,2,2,2.96922468618,80.2613142421,0.0,4.77696038223,312.83575988,2.44920684744,0.251643381382,14.7378581378
2,3,    623 - Nursing and Residential Care,,,00,000,45460,Terre Haute MSA,2021,623311,Continuing Care Retirement Communities,2,2,2.15065242847,30.451411587,0.0,5.50445818066,193.652435312,0.0,0.180255105864,4.47604279182
2,3,    623 - Nursing and Residential Care,,,00,000,45460,Terre Haute MSA,2021,623312,Assisted Living Facilities for the Elderly,2,2,0.910706362819,12.0420012069,0.0,2.1093788305,78.082895068,0.0,0.178424070915,1.89540652725
2,3,    623 - Nursing and Residential Care,,,00,000,45460,Terre Haute MSA,2021,623990,Other Residential Care Facilities,2,2,0.0,0.0,0.0,0.0,0.0,0.0,0.0,0.0
2,3,    623 - Nursing and Residential Care,,,00,000,45460,Terre Haute MSA,2022,623110,Nursing Care Facilities (Skilled Nursing Facilities),2,2,13.7936004867,93.3886865826,0.0,32.2819201852,1131.246444,2.40414473822,0.13169220682,29.7025377748
2,3,    623 - Nursing and Residential Care,,,00,000,45460,Terre Haute MSA,2022,623210,Residential Intellectual and Developmental Disability Facilities,2,2,2.01193482556,31.3798416251,0.0,2.89407000841,138.428425203,0.759135621713,0.235211679233,5.52886673647
2,3,    623 - Nursing and Residential Care,,,00,000,45460,Terre Haute MSA,2022,623220,Residential Mental Health and Substance Abuse Facilities,2,2,4.81175178996,71.4608343421,0.0,8.84274812032,325.609983581,1.81555194542,0.235233158464,13.2228609385
2,3,    623 - Nursing and Residential Care,,,00,000,45460,Terre Haute MSA,2022,623311,Continuing Care Retirement Communities,2,2,1.88437461289,25.579967399,0.0,5.89433427489,174.959885372,0.0,0.182139854243,5.60540355657
2,3,    623 - Nursing and Residential Care,,,00,000,45460,Terre Haute MSA,2022,623312,Assisted Living Facilities for the Elderly,2,2,0.783429518972,9.3954227973,0.0,2.2186045258,70.1544697538,0.0,0.173509584271,2.33044883004
2,3,    623 - Nursing and Residential Care,,,00,000,45460,Terre Haute MSA,2022,623990,Other Residential Care Facilities,2,2,0.0,0.0,0.0,0.0,0.0,0.0,0.0,0.0
2,3,    623 - Nursing and Residential Care,,,00,000,45460,Terre Haute MSA,2023,623110,Nursing Care Facilities (Skilled Nursing Facilities),2,2,22.4677700063,110.439134773,0.0,37.4081799814,1155.03005345,3.30234129234,0.14957157953,29.5268543361
2,3,    623 - Nursing and Residential Care,,,00,000,45460,Terre Haute MSA,2023,623210,Residential Intellectual and Developmental Disability Facilities,2,2,1.22885556852,47.4813224505,0.0,9.17885146408,265.578050505,1.12621205102,0.209969646784,11.5685394953
2,3,    623 - Nursing and Residential Care,,,00,000,45460,Terre Haute MSA,2023,623220,Residential Mental Health and Substance Abuse Facilities,2,2,1.29985611248,52.9184530027,0.0,9.70918510423,301.689171808,1.19128208064,0.204080629789,12.2369439995
2,3,    623 - Nursing and Residential Care,,,00,000,45460,Terre Haute MSA,2023,623311,Continuing Care Retirement Communities,2,2,2.75163493339,21.5722410187,0.0,8.27759379923,183.604172477,0.0,0.170105214799,5.03224931053
2,3,    623 - Nursing and Residential Care,,,00,000,45460,Terre Haute MSA,2023,623312,Assisted Living Facilities for the Elderly,2,2,1.13291467189,8.24788123018,0.0,2.52461022567,73.6099625809,0.0,0.155671941761,1.66633970737
2,3,    623 - Nursing and Residential Care,,,00,000,45460,Terre Haute MSA,2023,623990,Other Residential Care Facilities,2,2,0.0,0.0,0.0,0.0,0.0,0.0,0.0,0.0
2,3,    623 - Nursing and Residential Care,,,00,000,45460,Terre Haute MSA,2024,623110,Nursing Care Facilities (Skilled Nursing Facilities),2,2,24.3552317727,127.962346109,0.0,40.8590880992,1170.53172211,3.57619171271,0.162619229146,30.564239816
2,3,    623 - Nursing and Residential Care,,,00,000,45460,Terre Haute MSA,2024,623210,Residential Intellectual and Developmental Disability Facilities,2,2,1.86424699696,44.7378262245,0.0,10.3416624158,273.164782313,1.64758677089,0.205466546105,12.049157315
2,3,    623 - Nursing and Residential Care,,,00,000,45460,Terre Haute MSA,2024,623220,Residential Mental Health and Substance Abuse Facilities,2,2,1.89439267479,49.6041492615,0.0,10.5088915565,305.092582486,1.67422895944,0.199270405989,12.2439973845
2,3,    623 - Nursing and Residential Care,,,00,000,45460,Terre Haute MSA,2024,623311,Continuing Care Retirement Communities,2,2,2.55540222041,24.699191385,0.0,8.87776767363,187.719884754,0.564888628934,0.181991975615,5.06702583304
2,3,    623 - Nursing and Residential Care,,,00,000,45460,Terre Haute MSA,2024,623312,Assisted Living Facilities for the Elderly,2,2,0.793772257265,7.18865130306,0.0,1.67871502733,56.9955550154,0.0,0.158758988576,1.09506153179
2,3,    623 - Nursing and Residential Care,,,00,000,45460,Terre Haute MSA,2024,623990,Other Residential Care Facilities,2,2,0.0,0.0,0.0,0.0,0.0,0.0,0.0,0.0
2,3,    623 - Nursing and Residential Care,,,18,000,00000,Indiana,2020,623110,Nursing Care Facilities (Skilled Nursing Facilities),2,2,709.17580591,8153.67271195,20.9808143365,1659.89226799,32814.4360522,117.663541606,0.257386195572,711.932732141
2,3,    623 - Nursing and Residential Care,,,18,000,00000,Indiana,2020,623210,Residential Intellectual and Developmental Disability Facilities,2,2,69.9898812701,1844.12701427,6.4921215502,178.491345529,3846.74869013,15.8550542445,0.367261977195,117.82415192
2,3,    623 - Nursing and Residential Care,,,18,000,00000,Indiana,2020,623220,Residential Mental Health and Substance Abuse Facilities,2,2,30.2190269877,906.585996485,0.951801751029,119.976077721,2410.53596107,8.52681128443,0.321189736594,74.3232323235
2,3,    623 - Nursing and Residential Care,,,18,000,00000,Indiana,2020,623311,Continuing Care Retirement Communities,2,2,201.373609938,2429.27809558,5.41276240326,545.850562686,7653.95770411,22.5296078053,0.306510938838,178.480764592
2,3,    623 - Nursing and Residential Care,,,18,000,00000,Indiana,2020,623312,Assisted Living Facilities for the Elderly,2,2,131.630180766,1686.54240103,4.27898021954,352.63744881,5644.54150535,13.11222323,0.290748455122,125.705213395
2,3,    623 - Nursing and Residential Care,,,18,000,00000,Indiana,2020,623990,Other Residential Care Facilities,2,2,32.4494830861,959.39214897,2.04293226425,180.176817674,2619.28651708,6.47186660955,0.323042194614,69.3822676488
2,3,    623 - Nursing and Residential Care,,,18,000,00000,Indiana,2021,623110,Nursing Care Facilities (Skilled Nursing Facilities),2,2,733.94593616,7346.02944673,21.244897758,1578.71277892,30260.9782426,103.73751946,0.256624712498,662.889821894
2,3,    623 - Nursing and Residential Care,,,18,000,00000,Indiana,2021,623210,Residential Intellectual and Developmental Disability Facilities,2,2,83.9860565596,1943.35312657,7.80783106299,186.914070806,3899.21050791,14.5169246318,0.37576293018,110.57315565
2,3,    623 - Nursing and Residential Care,,,18,000,00000,Indiana,2021,623220,Residential Mental Health and Substance Abuse Facilities,2,2,34.2697092197,958.231154065,2.64528220575,116.53661255,2593.29077921,8.74815381844,0.315677173888,75.8505404179
2,3,    623 - Nursing and Residential Care,,,18,000,00000,Indiana,2021,623311,Continuing Care Retirement Communities,2,2,190.789630813,2108.05140862,6.27881573068,503.416926122,7145.30959411,18.2148348901,0.295640316084,172.343356402
2,3,    623 - Nursing and Residential Care,,,18,000,00000,Indiana,2021,623312,Assisted Living Facilities for the Elderly,2,2,129.377780227,1578.20340248,4.83425555649,346.124586999,5498.62629585,13.9919375401,0.286124808505,131.345430168
2,3,    623 - Nursing and Residential Care,,,18,000,00000,Indiana,2021,623990,Other Residential Care Facilities,2,2,31.2743863697,839.439833421,1.76604488276,159.643409188,2429.57667326,7.12813196065,0.31302775147,67.8160920159
2,3,    623 - Nursing and Residential Care,,,18,000,00000,Indiana,2022,623110,Nursing Care Facilities (Skilled Nursing Facilities),2,2,789.60763363,7737.1820341,22.5204633201,1647.57821111,29291.5430798,93.4608118371,0.272765836785,696.115265651
2,3,    623 - Nursing and Residential Care,,,18,000,00000,Indiana,2022,623210,Residential Intellectual and Developmental Disability Facilities,2,2,91.3733352208,2074.24178618,8.17586057198,205.203781303,3844.34464306,15.0858035343,0.394550783948,111.148860317
2,3,    623 - Nursing and Residential Care,,,18,000,00000,Indiana,2022,623220,Residential Mental Health and Substance Abuse Facilities,2,2,39.7758680479,1017.15083712,2.40022141831,144.851169668,2795.88960775,8.49653033935,0.316453312182,81.7044445543
2,3,    623 - Nursing and Residential Care,,,18,000,00000,Indiana,2022,623311,Continuing Care Retirement Communities,2,2,215.861348009,2272.90491072,7.82230650611,521.563220879,6913.15516636,18.2850375886,0.318545090847,195.107348812
2,3,    623 - Nursing and Residential Care,,,18,000,00000,Indiana,2022,623312,Assisted Living Facilities for the Elderly,2,2,149.264743658,1727.45487789,6.28877394369,385.270465118,5657.7259055,13.9807952787,0.301161407239,155.912352814
2,3,    623 - Nursing and Residential Care,,,18,000,00000,Indiana,2022,623990,Other Residential Care Facilities,2,2,31.0756244563,712.562365965,2.15158536594,140.513526033,2213.30769938,6.9257644171,0.302672445354,67.4491526219
2,3,    623 - Nursing and Residential Care,,,18,000,00000,Indiana,2023,623110,Nursing Care Facilities (Skilled Nursing Facilities),2,2,907.834314436,8924.10069634,27.0022651349,1883.10042713,30944.4359187,116.622283532,0.290654163927,820.809875328
2,3,    623 - Nursing and Residential Care,,,18,000,00000,Indiana,2023,623210,Residential Intellectual and Developmental Disability Facilities,2,2,99.9458224517,2121.67161091,11.5012970989,229.55405082,3865.76820455,14.1708599332,0.401131641389,112.50996684
2,3,    623 - Nursing and Residential Care,,,18,000,00000,Indiana,2023,623220,Residential Mental Health and Substance Abuse Facilities,2,2,47.1050603243,1118.34807352,4.3206778519,171.545519409,3063.12299199,7.37717135199,0.319266671569,87.920512483
2,3,    623 - Nursing and Residential Care,,,18,000,00000,Indiana,2023,623311,Continuing Care Retirement Communities,2,2,244.651419295,2603.21719133,8.86042669201,618.925974979,7129.5751003,20.9967376448,0.342900479099,223.842086846
2,3,    623 - Nursing and Residential Care,,,18,000,00000,Indiana,2023,623312,Assisted Living Facilities for the Elderly,2,2,182.434688301,2050.31330423,6.68819513902,480.839430987,6067.39051091,17.1403760378,0.324491048515,177.14776395
2,3,    623 - Nursing and Residential Care,,,18,000,00000,Indiana,2023,623990,Other Residential Care Facilities,2,2,33.2301587275,694.794537768,2.23840456091,152.781985842,2128.1352438,5.54071622954,0.309312733597,64.4639514357
2,3,    623 - Nursing and Residential Care,,,18,000,00000,Indiana,2024,623110,Nursing Care Facilities (Skilled Nursing Facilities),2,2,978.354976762,9462.25239458,28.1280005237,2098.15098487,32050.64024,119.341577041,0.297468181988,884.752681355
2,3,    623 - Nursing and Residential Care,,,18,000,00000,Indiana,2024,623210,Residential Intellectual and Developmental Disability Facilities,2,2,96.1142407877,2038.25659029,13.1806653601,249.003919218,3882.87603256,13.9866338373,0.393573770737,109.464651561
2,3,    623 - Nursing and Residential Care,,,18,000,00000,Indiana,2024,623220,Residential Mental Health and Substance Abuse Facilities,2,2,51.5640462573,1105.14667681,4.38934684425,194.124213284,3360.86713457,9.45471048198,0.303284282564,98.325431501
2,3,    623 - Nursing and Residential Care,,,18,000,00000,Indiana,2024,623311,Continuing Care Retirement Communities,2,2,256.781912953,2788.61656046,12.0675544782,677.255172748,7414.7538225,27.9070521584,0.350999157798,247.49342616
2,3,    623 - Nursing and Residential Care,,,18,000,00000,Indiana,2024,623312,Assisted Living Facilities for the Elderly,2,2,183.580489089,2148.39480589,10.133226529,498.413769256,6021.31514362,17.0686932157,0.335383837162,180.932438328
2,3,    623 - Nursing and Residential Care,,,18,000,00000,Indiana,2024,623990,Other Residential Care Facilities,2,2,35.1767810093,677.280929496,2.81616090024,149.08049873,2115.21427974,5.00851398847,0.305610473879,61.5722957265
